quarantined_image,kept_representative,reason
/home/z/my-project/Factory-AI/datasets/production/dfire/test/images/AoF06743.jpg,/home/z/my-project/Factory-AI/datasets/production/dfire/test/images/AoF06742.jpg,exact_duplicate_dhash_d0
/home/z/my-project/Factory-AI/datasets/production/dfire/test/images/AoF06748.jpg,/home/z/my-project/Factory-AI/datasets/production/dfire/test/images/AoF06747.jpg,exact_duplicate_dhash_d0
/home/z/my-project/Factory-AI/datasets/production/dfire/test/images/AoF06749.jpg,/home/z/my-project/Factory-AI/datasets/production/dfire/test/images/AoF06741.jpg,exact_duplicate_dhash_d0
/home/z/my-project/Factory-AI/datasets/production/dfire/test/images/AoF06752.jpg,/home/z/my-project/Factory-AI/datasets/production/dfire/test/images/AoF06751.jpg,exact_duplicate_dhash_d0
/home/z/my-project/Factory-AI/datasets/production/dfire/test/images/AoF06754.jpg,/home/z/my-project/Factory-AI/datasets/production/dfire/test/images/AoF06753.jpg,exact_duplicate_dhash_d0
/home/z/my-project/Factory-AI/datasets/production/dfire/test/images/AoF06758.jpg,/home/z/my-project/Factory-AI/datasets/production/dfire/test/images/AoF06753.jpg,exact_duplicate_dhash_d0
/home/z/my-project/Factory-AI/datasets/production/dfire/test/images/AoF06762.jpg,/home/z/my-project/Factory-AI/datasets/production/dfire/test/images/AoF06760.jpg,exact_duplicate_dhash_d0
/home/z/my-project/Factory-AI/datasets/production/dfire/test/images/AoF06775.jpg,/home/z/my-project/Factory-AI/datasets/production/dfire/test/images/AoF06760.jpg,exact_duplicate_dhash_d0
/home/z/my-project/Factory-AI/datasets/production/dfire/test/images/AoF06777.jpg,/home/z/my-project/Factory-AI/datasets/production/dfire/test/images/AoF06753.jpg,exact_duplicate_dhash_d0
/home/z/my-project/Factory-AI/datasets/production/dfire/test/images/AoF06779.jpg,/home/z/my-project/Factory-AI/datasets/production/dfire/test/images/AoF06753.jpg,exact_duplicate_dhash_d0
/home/z/my-project/Factory-AI/datasets/production/dfire/test/images/AoF06783.jpg,/home/z/my-project/Factory-AI/datasets/production/dfire/test/images/AoF06753.jpg,exact_duplicate_dhash_d0
/home/z/my-project/Factory-AI/datasets/production/dfire/test/images/AoF06785.jpg,/home/z/my-project/Factory-AI/datasets/production/dfire/test/images/AoF06753.jpg,exact_duplicate_dhash_d0
/home/z/my-project/Factory-AI/datasets/production/dfire/test/images/AoF06790.jpg,/home/z/my-project/Factory-AI/datasets/production/dfire/test/images/AoF06753.jpg,exact_duplicate_dhash_d0
/home/z/my-project/Factory-AI/datasets/production/dfire/test/images/AoF06794.jpg,/home/z/my-project/Factory-AI/datasets/production/dfire/test/images/AoF06792.jpg,exact_duplicate_dhash_d0
/home/z/my-project/Factory-AI/datasets/production/dfire/test/images/AoF06800.jpg,/home/z/my-project/Factory-AI/datasets/production/dfire/test/images/AoF06799.jpg,exact_duplicate_dhash_d0
/home/z/my-project/Factory-AI/datasets/production/dfire/test/images/AoF06810.jpg,/home/z/my-project/Factory-AI/datasets/production/dfire/test/images/AoF06791.jpg,exact_duplicate_dhash_d0
/home/z/my-project/Factory-AI/datasets/production/dfire/test/images/AoF06812.jpg,/home/z/my-project/Factory-AI/datasets/production/dfire/test/images/AoF06811.jpg,exact_duplicate_dhash_d0
/home/z/my-project/Factory-AI/datasets/production/dfire/test/images/AoF06816.jpg,/home/z/my-project/Factory-AI/datasets/production/dfire/test/images/AoF06815.jpg,exact_duplicate_dhash_d0
/home/z/my-project/Factory-AI/datasets/production/dfire/test/images/AoF06820.jpg,/home/z/my-project/Factory-AI/datasets/production/dfire/test/images/AoF06774.jpg,exact_duplicate_dhash_d0
/home/z/my-project/Factory-AI/datasets/production/dfire/test/images/AoF06823.jpg,/home/z/my-project/Factory-AI/datasets/production/dfire/test/images/AoF06822.jpg,exact_duplicate_dhash_d0
/home/z/my-project/Factory-AI/datasets/production/dfire/test/images/AoF06837.jpg,/home/z/my-project/Factory-AI/datasets/production/dfire/test/images/AoF06824.jpg,exact_duplicate_dhash_d0
/home/z/my-project/Factory-AI/datasets/production/dfire/test/images/AoF06838.jpg,/home/z/my-project/Factory-AI/datasets/production/dfire/test/images/AoF06824.jpg,exact_duplicate_dhash_d0
/home/z/my-project/Factory-AI/datasets/production/dfire/test/images/AoF06839.jpg,/home/z/my-project/Factory-AI/datasets/production/dfire/test/images/AoF06822.jpg,exact_duplicate_dhash_d0
/home/z/my-project/Factory-AI/datasets/production/dfire/test/images/AoF06845.jpg,/home/z/my-project/Factory-AI/datasets/production/dfire/test/images/AoF06824.jpg,exact_duplicate_dhash_d0
/home/z/my-project/Factory-AI/datasets/production/dfire/test/images/AoF06846.jpg,/home/z/my-project/Factory-AI/datasets/production/dfire/test/images/AoF06793.jpg,exact_duplicate_dhash_d0
/home/z/my-project/Factory-AI/datasets/production/dfire/test/images/AoF06848.jpg,/home/z/my-project/Factory-AI/datasets/production/dfire/test/images/AoF06847.jpg,exact_duplicate_dhash_d0
/home/z/my-project/Factory-AI/datasets/production/dfire/test/images/AoF06849.jpg,/home/z/my-project/Factory-AI/datasets/production/dfire/test/images/AoF06844.jpg,exact_duplicate_dhash_d0
/home/z/my-project/Factory-AI/datasets/production/dfire/test/images/AoF06850.jpg,/home/z/my-project/Factory-AI/datasets/production/dfire/test/images/AoF06844.jpg,exact_duplicate_dhash_d0
/home/z/my-project/Factory-AI/datasets/production/dfire/test/images/AoF06852.jpg,/home/z/my-project/Factory-AI/datasets/production/dfire/test/images/AoF06817.jpg,exact_duplicate_dhash_d0
/home/z/my-project/Factory-AI/datasets/production/dfire/test/images/AoF06857.jpg,/home/z/my-project/Factory-AI/datasets/production/dfire/test/images/AoF06834.jpg,exact_duplicate_dhash_d0
/home/z/my-project/Factory-AI/datasets/production/dfire/test/images/AoF06859.jpg,/home/z/my-project/Factory-AI/datasets/production/dfire/test/images/AoF06817.jpg,exact_duplicate_dhash_d0
/home/z/my-project/Factory-AI/datasets/production/dfire/test/images/AoF06860.jpg,/home/z/my-project/Factory-AI/datasets/production/dfire/test/images/AoF06824.jpg,exact_duplicate_dhash_d0
/home/z/my-project/Factory-AI/datasets/production/dfire/test/images/AoF06863.jpg,/home/z/my-project/Factory-AI/datasets/production/dfire/test/images/AoF06862.jpg,exact_duplicate_dhash_d0
/home/z/my-project/Factory-AI/datasets/production/dfire/test/images/AoF06868.jpg,/home/z/my-project/Factory-AI/datasets/production/dfire/test/images/AoF06855.jpg,exact_duplicate_dhash_d0
/home/z/my-project/Factory-AI/datasets/production/dfire/test/images/AoF06869.jpg,/home/z/my-project/Factory-AI/datasets/production/dfire/test/images/AoF06817.jpg,exact_duplicate_dhash_d0
/home/z/my-project/Factory-AI/datasets/production/dfire/test/images/AoF06870.jpg,/home/z/my-project/Factory-AI/datasets/production/dfire/test/images/AoF06855.jpg,exact_duplicate_dhash_d0
/home/z/my-project/Factory-AI/datasets/production/dfire/test/images/AoF06872.jpg,/home/z/my-project/Factory-AI/datasets/production/dfire/test/images/AoF06793.jpg,exact_duplicate_dhash_d0
/home/z/my-project/Factory-AI/datasets/production/dfire/test/images/AoF06873.jpg,/home/z/my-project/Factory-AI/datasets/production/dfire/test/images/AoF06793.jpg,exact_duplicate_dhash_d0
/home/z/my-project/Factory-AI/datasets/production/dfire/test/images/AoF06874.jpg,/home/z/my-project/Factory-AI/datasets/production/dfire/test/images/AoF06792.jpg,exact_duplicate_dhash_d0
/home/z/my-project/Factory-AI/datasets/production/dfire/test/images/AoF06876.jpg,/home/z/my-project/Factory-AI/datasets/production/dfire/test/images/AoF06853.jpg,exact_duplicate_dhash_d0
/home/z/my-project/Factory-AI/datasets/production/dfire/test/images/AoF06880.jpg,/home/z/my-project/Factory-AI/datasets/production/dfire/test/images/AoF06853.jpg,exact_duplicate_dhash_d0
/home/z/my-project/Factory-AI/datasets/production/dfire/test/images/AoF06881.jpg,/home/z/my-project/Factory-AI/datasets/production/dfire/test/images/AoF06793.jpg,exact_duplicate_dhash_d0
/home/z/my-project/Factory-AI/datasets/production/dfire/test/images/AoF06883.jpg,/home/z/my-project/Factory-AI/datasets/production/dfire/test/images/AoF06855.jpg,exact_duplicate_dhash_d0
/home/z/my-project/Factory-AI/datasets/production/dfire/test/images/AoF06887.jpg,/home/z/my-project/Factory-AI/datasets/production/dfire/test/images/AoF06824.jpg,exact_duplicate_dhash_d0
/home/z/my-project/Factory-AI/datasets/production/dfire/test/images/AoF06888.jpg,/home/z/my-project/Factory-AI/datasets/production/dfire/test/images/AoF06824.jpg,exact_duplicate_dhash_d0
/home/z/my-project/Factory-AI/datasets/production/dfire/test/images/AoF06889.jpg,/home/z/my-project/Factory-AI/datasets/production/dfire/test/images/AoF06884.jpg,exact_duplicate_dhash_d0
/home/z/my-project/Factory-AI/datasets/production/dfire/test/images/AoF06892.jpg,/home/z/my-project/Factory-AI/datasets/production/dfire/test/images/AoF06891.jpg,exact_duplicate_dhash_d0
/home/z/my-project/Factory-AI/datasets/production/dfire/test/images/AoF06895.jpg,/home/z/my-project/Factory-AI/datasets/production/dfire/test/images/AoF06894.jpg,exact_duplicate_dhash_d0
/home/z/my-project/Factory-AI/datasets/production/dfire/test/images/AoF06896.jpg,/home/z/my-project/Factory-AI/datasets/production/dfire/test/images/AoF06893.jpg,exact_duplicate_dhash_d0
/home/z/my-project/Factory-AI/datasets/production/dfire/test/images/AoF06900.jpg,/home/z/my-project/Factory-AI/datasets/production/dfire/test/images/AoF06899.jpg,exact_duplicate_dhash_d0
/home/z/my-project/Factory-AI/datasets/production/dfire/test/images/AoF06901.jpg,/home/z/my-project/Factory-AI/datasets/production/dfire/test/images/AoF06899.jpg,exact_duplicate_dhash_d0
/home/z/my-project/Factory-AI/datasets/production/dfire/test/images/AoF06902.jpg,/home/z/my-project/Factory-AI/datasets/production/dfire/test/images/AoF06899.jpg,exact_duplicate_dhash_d0
/home/z/my-project/Factory-AI/datasets/production/dfire/test/images/AoF06903.jpg,/home/z/my-project/Factory-AI/datasets/production/dfire/test/images/AoF06891.jpg,exact_duplicate_dhash_d0
/home/z/my-project/Factory-AI/datasets/production/dfire/test/images/AoF06904.jpg,/home/z/my-project/Factory-AI/datasets/production/dfire/test/images/AoF06884.jpg,exact_duplicate_dhash_d0
/home/z/my-project/Factory-AI/datasets/production/dfire/test/images/AoF06905.jpg,/home/z/my-project/Factory-AI/datasets/production/dfire/test/images/AoF06898.jpg,exact_duplicate_dhash_d0
/home/z/my-project/Factory-AI/datasets/production/dfire/test/images/AoF06906.jpg,/home/z/my-project/Factory-AI/datasets/production/dfire/test/images/AoF06899.jpg,exact_duplicate_dhash_d0
/home/z/my-project/Factory-AI/datasets/production/dfire/test/images/AoF06909.jpg,/home/z/my-project/Factory-AI/datasets/production/dfire/test/images/AoF06891.jpg,exact_duplicate_dhash_d0
/home/z/my-project/Factory-AI/datasets/production/dfire/test/images/AoF06912.jpg,/home/z/my-project/Factory-AI/datasets/production/dfire/test/images/AoF06893.jpg,exact_duplicate_dhash_d0
/home/z/my-project/Factory-AI/datasets/production/dfire/test/images/AoF06913.jpg,/home/z/my-project/Factory-AI/datasets/production/dfire/test/images/AoF06893.jpg,exact_duplicate_dhash_d0
/home/z/my-project/Factory-AI/datasets/production/dfire/test/images/AoF06914.jpg,/home/z/my-project/Factory-AI/datasets/production/dfire/test/images/AoF06898.jpg,exact_duplicate_dhash_d0
/home/z/my-project/Factory-AI/datasets/production/dfire/test/images/AoF06916.jpg,/home/z/my-project/Factory-AI/datasets/production/dfire/test/images/AoF06890.jpg,exact_duplicate_dhash_d0
/home/z/my-project/Factory-AI/datasets/production/dfire/test/images/AoF06918.jpg,/home/z/my-project/Factory-AI/datasets/production/dfire/test/images/AoF06899.jpg,exact_duplicate_dhash_d0
/home/z/my-project/Factory-AI/datasets/production/dfire/test/images/AoF06920.jpg,/home/z/my-project/Factory-AI/datasets/production/dfire/test/images/AoF06893.jpg,exact_duplicate_dhash_d0
/home/z/my-project/Factory-AI/datasets/production/dfire/test/images/AoF06922.jpg,/home/z/my-project/Factory-AI/datasets/production/dfire/test/images/AoF06898.jpg,exact_duplicate_dhash_d0
/home/z/my-project/Factory-AI/datasets/production/dfire/test/images/AoF06924.jpg,/home/z/my-project/Factory-AI/datasets/production/dfire/test/images/AoF06897.jpg,exact_duplicate_dhash_d0
/home/z/my-project/Factory-AI/datasets/production/dfire/test/images/AoF06933.jpg,/home/z/my-project/Factory-AI/datasets/production/dfire/test/images/AoF06932.jpg,exact_duplicate_dhash_d0
/home/z/my-project/Factory-AI/datasets/production/dfire/test/images/AoF06934.jpg,/home/z/my-project/Factory-AI/datasets/production/dfire/test/images/AoF06932.jpg,exact_duplicate_dhash_d0
/home/z/my-project/Factory-AI/datasets/production/dfire/test/images/AoF06946.jpg,/home/z/my-project/Factory-AI/datasets/production/dfire/test/images/AoF06927.jpg,exact_duplicate_dhash_d0
/home/z/my-project/Factory-AI/datasets/production/dfire/test/images/AoF06947.jpg,/home/z/my-project/Factory-AI/datasets/production/dfire/test/images/AoF06927.jpg,exact_duplicate_dhash_d0
/home/z/my-project/Factory-AI/datasets/production/dfire/test/images/AoF06951.jpg,/home/z/my-project/Factory-AI/datasets/production/dfire/test/images/AoF06942.jpg,exact_duplicate_dhash_d0
/home/z/my-project/Factory-AI/datasets/production/dfire/test/images/AoF06954.jpg,/home/z/my-project/Factory-AI/datasets/production/dfire/test/images/AoF06953.jpg,exact_duplicate_dhash_d0
/home/z/my-project/Factory-AI/datasets/production/dfire/test/images/AoF06959.jpg,/home/z/my-project/Factory-AI/datasets/production/dfire/test/images/AoF06956.jpg,exact_duplicate_dhash_d0
/home/z/my-project/Factory-AI/datasets/production/dfire/test/images/AoF06960.jpg,/home/z/my-project/Factory-AI/datasets/production/dfire/test/images/AoF06956.jpg,exact_duplicate_dhash_d0
/home/z/my-project/Factory-AI/datasets/production/dfire/test/images/AoF06962.jpg,/home/z/my-project/Factory-AI/datasets/production/dfire/test/images/AoF06956.jpg,exact_duplicate_dhash_d0
/home/z/my-project/Factory-AI/datasets/production/dfire/test/images/AoF06984.jpg,/home/z/my-project/Factory-AI/datasets/production/dfire/test/images/AoF06957.jpg,exact_duplicate_dhash_d0
/home/z/my-project/Factory-AI/datasets/production/dfire/test/images/AoF06985.jpg,/home/z/my-project/Factory-AI/datasets/production/dfire/test/images/AoF06956.jpg,exact_duplicate_dhash_d0
/home/z/my-project/Factory-AI/datasets/production/dfire/test/images/AoF06987.jpg,/home/z/my-project/Factory-AI/datasets/production/dfire/test/images/AoF06986.jpg,exact_duplicate_dhash_d0
/home/z/my-project/Factory-AI/datasets/production/dfire/test/images/AoF06992.jpg,/home/z/my-project/Factory-AI/datasets/production/dfire/test/images/AoF06991.jpg,exact_duplicate_dhash_d0
/home/z/my-project/Factory-AI/datasets/production/dfire/test/images/AoF06999.jpg,/home/z/my-project/Factory-AI/datasets/production/dfire/test/images/AoF06998.jpg,exact_duplicate_dhash_d0
/home/z/my-project/Factory-AI/datasets/production/dfire/test/images/AoF07001.jpg,/home/z/my-project/Factory-AI/datasets/production/dfire/test/images/AoF07000.jpg,exact_duplicate_dhash_d0
/home/z/my-project/Factory-AI/datasets/production/dfire/test/images/AoF07013.jpg,/home/z/my-project/Factory-AI/datasets/production/dfire/test/images/AoF07012.jpg,exact_duplicate_dhash_d0
/home/z/my-project/Factory-AI/datasets/production/dfire/test/images/AoF07097.jpg,/home/z/my-project/Factory-AI/datasets/production/dfire/test/images/AoF07096.jpg,exact_duplicate_dhash_d0
/home/z/my-project/Factory-AI/datasets/production/dfire/test/images/AoF07099.jpg,/home/z/my-project/Factory-AI/datasets/production/dfire/test/images/AoF07098.jpg,exact_duplicate_dhash_d0
/home/z/my-project/Factory-AI/datasets/production/dfire/test/images/AoF07102.jpg,/home/z/my-project/Factory-AI/datasets/production/dfire/test/images/AoF07101.jpg,exact_duplicate_dhash_d0
/home/z/my-project/Factory-AI/datasets/production/dfire/test/images/AoF07104.jpg,/home/z/my-project/Factory-AI/datasets/production/dfire/test/images/AoF07103.jpg,exact_duplicate_dhash_d0
/home/z/my-project/Factory-AI/datasets/production/dfire/test/images/AoF07105.jpg,/home/z/my-project/Factory-AI/datasets/production/dfire/test/images/AoF07103.jpg,exact_duplicate_dhash_d0
/home/z/my-project/Factory-AI/datasets/production/dfire/test/images/AoF07108.jpg,/home/z/my-project/Factory-AI/datasets/production/dfire/test/images/AoF07103.jpg,exact_duplicate_dhash_d0
/home/z/my-project/Factory-AI/datasets/production/dfire/test/images/AoF07116.jpg,/home/z/my-project/Factory-AI/datasets/production/dfire/test/images/AoF07115.jpg,exact_duplicate_dhash_d0
/home/z/my-project/Factory-AI/datasets/production/dfire/test/images/AoF07120.jpg,/home/z/my-project/Factory-AI/datasets/production/dfire/test/images/AoF07098.jpg,exact_duplicate_dhash_d0
/home/z/my-project/Factory-AI/datasets/production/dfire/test/images/AoF07121.jpg,/home/z/my-project/Factory-AI/datasets/production/dfire/test/images/AoF07098.jpg,exact_duplicate_dhash_d0
/home/z/my-project/Factory-AI/datasets/production/dfire/test/images/AoF07122.jpg,/home/z/my-project/Factory-AI/datasets/production/dfire/test/images/AoF07113.jpg,exact_duplicate_dhash_d0
/home/z/my-project/Factory-AI/datasets/production/dfire/test/images/AoF07123.jpg,/home/z/my-project/Factory-AI/datasets/production/dfire/test/images/AoF07103.jpg,exact_duplicate_dhash_d0
/home/z/my-project/Factory-AI/datasets/production/dfire/test/images/AoF07124.jpg,/home/z/my-project/Factory-AI/datasets/production/dfire/test/images/AoF07117.jpg,exact_duplicate_dhash_d0
/home/z/my-project/Factory-AI/datasets/production/dfire/test/images/AoF07125.jpg,/home/z/my-project/Factory-AI/datasets/production/dfire/test/images/AoF07098.jpg,exact_duplicate_dhash_d0
/home/z/my-project/Factory-AI/datasets/production/dfire/test/images/AoF07128.jpg,/home/z/my-project/Factory-AI/datasets/production/dfire/test/images/AoF07088.jpg,exact_duplicate_dhash_d0
/home/z/my-project/Factory-AI/datasets/production/dfire/test/images/AoF07134.jpg,/home/z/my-project/Factory-AI/datasets/production/dfire/test/images/AoF07107.jpg,exact_duplicate_dhash_d0
/home/z/my-project/Factory-AI/datasets/production/dfire/test/images/AoF07144.jpg,/home/z/my-project/Factory-AI/datasets/production/dfire/test/images/AoF07142.jpg,exact_duplicate_dhash_d0
/home/z/my-project/Factory-AI/datasets/production/dfire/test/images/AoF07162.jpg,/home/z/my-project/Factory-AI/datasets/production/dfire/test/images/AoF07161.jpg,exact_duplicate_dhash_d0
/home/z/my-project/Factory-AI/datasets/production/dfire/test/images/AoF07167.jpg,/home/z/my-project/Factory-AI/datasets/production/dfire/test/images/AoF07165.jpg,exact_duplicate_dhash_d0
/home/z/my-project/Factory-AI/datasets/production/dfire/test/images/AoF07170.jpg,/home/z/my-project/Factory-AI/datasets/production/dfire/test/images/AoF07169.jpg,exact_duplicate_dhash_d0
/home/z/my-project/Factory-AI/datasets/production/dfire/test/images/AoF07173.jpg,/home/z/my-project/Factory-AI/datasets/production/dfire/test/images/AoF07169.jpg,exact_duplicate_dhash_d0
/home/z/my-project/Factory-AI/datasets/production/dfire/test/images/AoF07175.jpg,/home/z/my-project/Factory-AI/datasets/production/dfire/test/images/AoF07174.jpg,exact_duplicate_dhash_d0
/home/z/my-project/Factory-AI/datasets/production/dfire/test/images/AoF07179.jpg,/home/z/my-project/Factory-AI/datasets/production/dfire/test/images/AoF07178.jpg,exact_duplicate_dhash_d0
/home/z/my-project/Factory-AI/datasets/production/dfire/test/images/AoF07193.jpg,/home/z/my-project/Factory-AI/datasets/production/dfire/test/images/AoF07192.jpg,exact_duplicate_dhash_d0
/home/z/my-project/Factory-AI/datasets/production/dfire/test/images/AoF07198.jpg,/home/z/my-project/Factory-AI/datasets/production/dfire/test/images/AoF07197.jpg,exact_duplicate_dhash_d0
/home/z/my-project/Factory-AI/datasets/production/dfire/test/images/AoF07199.jpg,/home/z/my-project/Factory-AI/datasets/production/dfire/test/images/AoF07197.jpg,exact_duplicate_dhash_d0
/home/z/my-project/Factory-AI/datasets/production/dfire/test/images/AoF07202.jpg,/home/z/my-project/Factory-AI/datasets/production/dfire/test/images/AoF07201.jpg,exact_duplicate_dhash_d0
/home/z/my-project/Factory-AI/datasets/production/dfire/test/images/AoF07203.jpg,/home/z/my-project/Factory-AI/datasets/production/dfire/test/images/AoF07201.jpg,exact_duplicate_dhash_d0
/home/z/my-project/Factory-AI/datasets/production/dfire/test/images/AoF07207.jpg,/home/z/my-project/Factory-AI/datasets/production/dfire/test/images/AoF07206.jpg,exact_duplicate_dhash_d0
/home/z/my-project/Factory-AI/datasets/production/dfire/test/images/AoF07208.jpg,/home/z/my-project/Factory-AI/datasets/production/dfire/test/images/AoF07206.jpg,exact_duplicate_dhash_d0
/home/z/my-project/Factory-AI/datasets/production/dfire/test/images/AoF07209.jpg,/home/z/my-project/Factory-AI/datasets/production/dfire/test/images/AoF07206.jpg,exact_duplicate_dhash_d0
/home/z/my-project/Factory-AI/datasets/production/dfire/test/images/AoF07221.jpg,/home/z/my-project/Factory-AI/datasets/production/dfire/test/images/AoF07220.jpg,exact_duplicate_dhash_d0
/home/z/my-project/Factory-AI/datasets/production/dfire/test/images/AoF07223.jpg,/home/z/my-project/Factory-AI/datasets/production/dfire/test/images/AoF07220.jpg,exact_duplicate_dhash_d0
/home/z/my-project/Factory-AI/datasets/production/dfire/test/images/AoF07225.jpg,/home/z/my-project/Factory-AI/datasets/production/dfire/test/images/AoF07220.jpg,exact_duplicate_dhash_d0
/home/z/my-project/Factory-AI/datasets/production/dfire/test/images/AoF07226.jpg,/home/z/my-project/Factory-AI/datasets/production/dfire/test/images/AoF07220.jpg,exact_duplicate_dhash_d0
/home/z/my-project/Factory-AI/datasets/production/dfire/test/images/AoF07227.jpg,/home/z/my-project/Factory-AI/datasets/production/dfire/test/images/AoF07222.jpg,exact_duplicate_dhash_d0
/home/z/my-project/Factory-AI/datasets/production/dfire/test/images/AoF07231.jpg,/home/z/my-project/Factory-AI/datasets/production/dfire/test/images/AoF07229.jpg,exact_duplicate_dhash_d0
/home/z/my-project/Factory-AI/datasets/production/dfire/test/images/AoF07232.jpg,/home/z/my-project/Factory-AI/datasets/production/dfire/test/images/AoF07228.jpg,exact_duplicate_dhash_d0
/home/z/my-project/Factory-AI/datasets/production/dfire/test/images/AoF07234.jpg,/home/z/my-project/Factory-AI/datasets/production/dfire/test/images/AoF07228.jpg,exact_duplicate_dhash_d0
/home/z/my-project/Factory-AI/datasets/production/dfire/test/images/AoF07235.jpg,/home/z/my-project/Factory-AI/datasets/production/dfire/test/images/AoF07229.jpg,exact_duplicate_dhash_d0
/home/z/my-project/Factory-AI/datasets/production/dfire/test/images/AoF07236.jpg,/home/z/my-project/Factory-AI/datasets/production/dfire/test/images/AoF07229.jpg,exact_duplicate_dhash_d0
/home/z/my-project/Factory-AI/datasets/production/dfire/test/images/AoF07237.jpg,/home/z/my-project/Factory-AI/datasets/production/dfire/test/images/AoF07229.jpg,exact_duplicate_dhash_d0
/home/z/my-project/Factory-AI/datasets/production/dfire/test/images/AoF07238.jpg,/home/z/my-project/Factory-AI/datasets/production/dfire/test/images/AoF07229.jpg,exact_duplicate_dhash_d0
/home/z/my-project/Factory-AI/datasets/production/dfire/test/images/AoF07243.jpg,/home/z/my-project/Factory-AI/datasets/production/dfire/test/images/AoF07242.jpg,exact_duplicate_dhash_d0
/home/z/my-project/Factory-AI/datasets/production/dfire/test/images/AoF07244.jpg,/home/z/my-project/Factory-AI/datasets/production/dfire/test/images/AoF07242.jpg,exact_duplicate_dhash_d0
/home/z/my-project/Factory-AI/datasets/production/dfire/test/images/AoF07257.jpg,/home/z/my-project/Factory-AI/datasets/production/dfire/test/images/AoF07256.jpg,exact_duplicate_dhash_d0
/home/z/my-project/Factory-AI/datasets/production/dfire/test/images/AoF07263.jpg,/home/z/my-project/Factory-AI/datasets/production/dfire/test/images/AoF07262.jpg,exact_duplicate_dhash_d0
/home/z/my-project/Factory-AI/datasets/production/dfire/test/images/AoF07266.jpg,/home/z/my-project/Factory-AI/datasets/production/dfire/test/images/AoF07264.jpg,exact_duplicate_dhash_d0
/home/z/my-project/Factory-AI/datasets/production/dfire/test/images/AoF07270.jpg,/home/z/my-project/Factory-AI/datasets/production/dfire/test/images/AoF07269.jpg,exact_duplicate_dhash_d0
/home/z/my-project/Factory-AI/datasets/production/dfire/test/images/AoF07271.jpg,/home/z/my-project/Factory-AI/datasets/production/dfire/test/images/AoF07269.jpg,exact_duplicate_dhash_d0
/home/z/my-project/Factory-AI/datasets/production/dfire/test/images/AoF07275.jpg,/home/z/my-project/Factory-AI/datasets/production/dfire/test/images/AoF07274.jpg,exact_duplicate_dhash_d0
/home/z/my-project/Factory-AI/datasets/production/dfire/test/images/AoF07276.jpg,/home/z/my-project/Factory-AI/datasets/production/dfire/test/images/AoF07274.jpg,exact_duplicate_dhash_d0
/home/z/my-project/Factory-AI/datasets/production/dfire/test/images/AoF07279.jpg,/home/z/my-project/Factory-AI/datasets/production/dfire/test/images/AoF07273.jpg,exact_duplicate_dhash_d0
/home/z/my-project/Factory-AI/datasets/production/dfire/test/images/AoF07290.jpg,/home/z/my-project/Factory-AI/datasets/production/dfire/test/images/AoF07289.jpg,exact_duplicate_dhash_d0
/home/z/my-project/Factory-AI/datasets/production/dfire/test/images/AoF07306.jpg,/home/z/my-project/Factory-AI/datasets/production/dfire/test/images/AoF07305.jpg,exact_duplicate_dhash_d0
/home/z/my-project/Factory-AI/datasets/production/dfire/test/images/AoF07329.jpg,/home/z/my-project/Factory-AI/datasets/production/dfire/test/images/AoF07328.jpg,exact_duplicate_dhash_d0
/home/z/my-project/Factory-AI/datasets/production/dfire/test/images/AoF07343.jpg,/home/z/my-project/Factory-AI/datasets/production/dfire/test/images/AoF07341.jpg,exact_duplicate_dhash_d0
/home/z/my-project/Factory-AI/datasets/production/dfire/test/images/AoF07344.jpg,/home/z/my-project/Factory-AI/datasets/production/dfire/test/images/AoF07342.jpg,exact_duplicate_dhash_d0
/home/z/my-project/Factory-AI/datasets/production/dfire/test/images/AoF07345.jpg,/home/z/my-project/Factory-AI/datasets/production/dfire/test/images/AoF07341.jpg,exact_duplicate_dhash_d0
/home/z/my-project/Factory-AI/datasets/production/dfire/test/images/AoF07346.jpg,/home/z/my-project/Factory-AI/datasets/production/dfire/test/images/AoF07342.jpg,exact_duplicate_dhash_d0
/home/z/my-project/Factory-AI/datasets/production/dfire/test/images/AoF07347.jpg,/home/z/my-project/Factory-AI/datasets/production/dfire/test/images/AoF07341.jpg,exact_duplicate_dhash_d0
/home/z/my-project/Factory-AI/datasets/production/dfire/test/images/AoF07359.jpg,/home/z/my-project/Factory-AI/datasets/production/dfire/test/images/AoF07358.jpg,exact_duplicate_dhash_d0
/home/z/my-project/Factory-AI/datasets/production/dfire/test/images/AoF07360.jpg,/home/z/my-project/Factory-AI/datasets/production/dfire/test/images/AoF07356.jpg,exact_duplicate_dhash_d0
/home/z/my-project/Factory-AI/datasets/production/dfire/test/images/AoF07362.jpg,/home/z/my-project/Factory-AI/datasets/production/dfire/test/images/AoF07361.jpg,exact_duplicate_dhash_d0
/home/z/my-project/Factory-AI/datasets/production/dfire/test/images/AoF07363.jpg,/home/z/my-project/Factory-AI/datasets/production/dfire/test/images/AoF07361.jpg,exact_duplicate_dhash_d0
/home/z/my-project/Factory-AI/datasets/production/dfire/test/images/AoF07365.jpg,/home/z/my-project/Factory-AI/datasets/production/dfire/test/images/AoF07356.jpg,exact_duplicate_dhash_d0
/home/z/my-project/Factory-AI/datasets/production/dfire/test/images/AoF07366.jpg,/home/z/my-project/Factory-AI/datasets/production/dfire/test/images/AoF07356.jpg,exact_duplicate_dhash_d0
/home/z/my-project/Factory-AI/datasets/production/dfire/test/images/AoF07370.jpg,/home/z/my-project/Factory-AI/datasets/production/dfire/test/images/AoF07369.jpg,exact_duplicate_dhash_d0
/home/z/my-project/Factory-AI/datasets/production/dfire/test/images/AoF07374.jpg,/home/z/my-project/Factory-AI/datasets/production/dfire/test/images/AoF07373.jpg,exact_duplicate_dhash_d0
/home/z/my-project/Factory-AI/datasets/production/dfire/test/images/AoF07375.jpg,/home/z/my-project/Factory-AI/datasets/production/dfire/test/images/AoF07373.jpg,exact_duplicate_dhash_d0
/home/z/my-project/Factory-AI/datasets/production/dfire/test/images/AoF07376.jpg,/home/z/my-project/Factory-AI/datasets/production/dfire/test/images/AoF07373.jpg,exact_duplicate_dhash_d0
/home/z/my-project/Factory-AI/datasets/production/dfire/test/images/AoF07377.jpg,/home/z/my-project/Factory-AI/datasets/production/dfire/test/images/AoF07373.jpg,exact_duplicate_dhash_d0
/home/z/my-project/Factory-AI/datasets/production/dfire/test/images/AoF07379.jpg,/home/z/my-project/Factory-AI/datasets/production/dfire/test/images/AoF07373.jpg,exact_duplicate_dhash_d0
/home/z/my-project/Factory-AI/datasets/production/dfire/test/images/AoF07380.jpg,/home/z/my-project/Factory-AI/datasets/production/dfire/test/images/AoF07378.jpg,exact_duplicate_dhash_d0
/home/z/my-project/Factory-AI/datasets/production/dfire/test/images/AoF07383.jpg,/home/z/my-project/Factory-AI/datasets/production/dfire/test/images/AoF07382.jpg,exact_duplicate_dhash_d0
/home/z/my-project/Factory-AI/datasets/production/dfire/test/images/AoF07384.jpg,/home/z/my-project/Factory-AI/datasets/production/dfire/test/images/AoF07382.jpg,exact_duplicate_dhash_d0
/home/z/my-project/Factory-AI/datasets/production/dfire/test/images/AoF07385.jpg,/home/z/my-project/Factory-AI/datasets/production/dfire/test/images/AoF07382.jpg,exact_duplicate_dhash_d0
/home/z/my-project/Factory-AI/datasets/production/dfire/test/images/AoF07394.jpg,/home/z/my-project/Factory-AI/datasets/production/dfire/test/images/AoF07391.jpg,exact_duplicate_dhash_d0
/home/z/my-project/Factory-AI/datasets/production/dfire/test/images/AoF07395.jpg,/home/z/my-project/Factory-AI/datasets/production/dfire/test/images/AoF07391.jpg,exact_duplicate_dhash_d0
/home/z/my-project/Factory-AI/datasets/production/dfire/test/images/AoF07399.jpg,/home/z/my-project/Factory-AI/datasets/production/dfire/test/images/AoF07389.jpg,exact_duplicate_dhash_d0
/home/z/my-project/Factory-AI/datasets/production/dfire/test/images/AoF07400.jpg,/home/z/my-project/Factory-AI/datasets/production/dfire/test/images/AoF07389.jpg,exact_duplicate_dhash_d0
/home/z/my-project/Factory-AI/datasets/production/dfire/test/images/AoF07401.jpg,/home/z/my-project/Factory-AI/datasets/production/dfire/test/images/AoF07398.jpg,exact_duplicate_dhash_d0
/home/z/my-project/Factory-AI/datasets/production/dfire/test/images/AoF07402.jpg,/home/z/my-project/Factory-AI/datasets/production/dfire/test/images/AoF07398.jpg,exact_duplicate_dhash_d0
/home/z/my-project/Factory-AI/datasets/production/dfire/test/images/AoF07403.jpg,/home/z/my-project/Factory-AI/datasets/production/dfire/test/images/AoF07398.jpg,exact_duplicate_dhash_d0
/home/z/my-project/Factory-AI/datasets/production/dfire/test/images/AoF07404.jpg,/home/z/my-project/Factory-AI/datasets/production/dfire/test/images/AoF07398.jpg,exact_duplicate_dhash_d0
/home/z/my-project/Factory-AI/datasets/production/dfire/test/images/AoF07407.jpg,/home/z/my-project/Factory-AI/datasets/production/dfire/test/images/AoF07406.jpg,exact_duplicate_dhash_d0
/home/z/my-project/Factory-AI/datasets/production/dfire/test/images/AoF07408.jpg,/home/z/my-project/Factory-AI/datasets/production/dfire/test/images/AoF07406.jpg,exact_duplicate_dhash_d0
/home/z/my-project/Factory-AI/datasets/production/dfire/test/images/AoF07410.jpg,/home/z/my-project/Factory-AI/datasets/production/dfire/test/images/AoF07406.jpg,exact_duplicate_dhash_d0
/home/z/my-project/Factory-AI/datasets/production/dfire/test/images/AoF07411.jpg,/home/z/my-project/Factory-AI/datasets/production/dfire/test/images/AoF07406.jpg,exact_duplicate_dhash_d0
/home/z/my-project/Factory-AI/datasets/production/dfire/test/images/AoF07413.jpg,/home/z/my-project/Factory-AI/datasets/production/dfire/test/images/AoF07406.jpg,exact_duplicate_dhash_d0
/home/z/my-project/Factory-AI/datasets/production/dfire/test/images/AoF07414.jpg,/home/z/my-project/Factory-AI/datasets/production/dfire/test/images/AoF07406.jpg,exact_duplicate_dhash_d0
/home/z/my-project/Factory-AI/datasets/production/dfire/test/images/AoF07415.jpg,/home/z/my-project/Factory-AI/datasets/production/dfire/test/images/AoF07406.jpg,exact_duplicate_dhash_d0
/home/z/my-project/Factory-AI/datasets/production/dfire/test/images/AoF07416.jpg,/home/z/my-project/Factory-AI/datasets/production/dfire/test/images/AoF07409.jpg,exact_duplicate_dhash_d0
/home/z/my-project/Factory-AI/datasets/production/dfire/test/images/AoF07419.jpg,/home/z/my-project/Factory-AI/datasets/production/dfire/test/images/AoF07418.jpg,exact_duplicate_dhash_d0
/home/z/my-project/Factory-AI/datasets/production/dfire/test/images/AoF07420.jpg,/home/z/my-project/Factory-AI/datasets/production/dfire/test/images/AoF07418.jpg,exact_duplicate_dhash_d0
/home/z/my-project/Factory-AI/datasets/production/dfire/test/images/AoF07422.jpg,/home/z/my-project/Factory-AI/datasets/production/dfire/test/images/AoF07418.jpg,exact_duplicate_dhash_d0
/home/z/my-project/Factory-AI/datasets/production/dfire/test/images/AoF07424.jpg,/home/z/my-project/Factory-AI/datasets/production/dfire/test/images/AoF07423.jpg,exact_duplicate_dhash_d0
/home/z/my-project/Factory-AI/datasets/production/dfire/test/images/AoF07425.jpg,/home/z/my-project/Factory-AI/datasets/production/dfire/test/images/AoF07418.jpg,exact_duplicate_dhash_d0
/home/z/my-project/Factory-AI/datasets/production/dfire/test/images/AoF07454.jpg,/home/z/my-project/Factory-AI/datasets/production/dfire/test/images/AoF07453.jpg,exact_duplicate_dhash_d0
/home/z/my-project/Factory-AI/datasets/production/dfire/test/images/AoF07470.jpg,/home/z/my-project/Factory-AI/datasets/production/dfire/test/images/AoF07469.jpg,exact_duplicate_dhash_d0
/home/z/my-project/Factory-AI/datasets/production/dfire/test/images/AoF07493.jpg,/home/z/my-project/Factory-AI/datasets/production/dfire/test/images/AoF07492.jpg,exact_duplicate_dhash_d0
/home/z/my-project/Factory-AI/datasets/production/dfire/test/images/AoF07495.jpg,/home/z/my-project/Factory-AI/datasets/production/dfire/test/images/AoF07494.jpg,exact_duplicate_dhash_d0
/home/z/my-project/Factory-AI/datasets/production/dfire/test/images/AoF07506.jpg,/home/z/my-project/Factory-AI/datasets/production/dfire/test/images/AoF07488.jpg,exact_duplicate_dhash_d0
/home/z/my-project/Factory-AI/datasets/production/dfire/test/images/AoF07508.jpg,/home/z/my-project/Factory-AI/datasets/production/dfire/test/images/AoF07507.jpg,exact_duplicate_dhash_d0
/home/z/my-project/Factory-AI/datasets/production/dfire/test/images/AoF07509.jpg,/home/z/my-project/Factory-AI/datasets/production/dfire/test/images/AoF07507.jpg,exact_duplicate_dhash_d0
/home/z/my-project/Factory-AI/datasets/production/dfire/test/images/AoF07520.jpg,/home/z/my-project/Factory-AI/datasets/production/dfire/test/images/AoF07519.jpg,exact_duplicate_dhash_d0
/home/z/my-project/Factory-AI/datasets/production/dfire/test/images/AoF07524.jpg,/home/z/my-project/Factory-AI/datasets/production/dfire/test/images/AoF07523.jpg,exact_duplicate_dhash_d0
/home/z/my-project/Factory-AI/datasets/production/dfire/test/images/AoF07526.jpg,/home/z/my-project/Factory-AI/datasets/production/dfire/test/images/AoF07525.jpg,exact_duplicate_dhash_d0
/home/z/my-project/Factory-AI/datasets/production/dfire/test/images/AoF07533.jpg,/home/z/my-project/Factory-AI/datasets/production/dfire/test/images/AoF07531.jpg,exact_duplicate_dhash_d0
/home/z/my-project/Factory-AI/datasets/production/dfire/test/images/AoF07536.jpg,/home/z/my-project/Factory-AI/datasets/production/dfire/test/images/AoF07532.jpg,exact_duplicate_dhash_d0
/home/z/my-project/Factory-AI/datasets/production/dfire/test/images/AoF07538.jpg,/home/z/my-project/Factory-AI/datasets/production/dfire/test/images/AoF07531.jpg,exact_duplicate_dhash_d0
/home/z/my-project/Factory-AI/datasets/production/dfire/test/images/AoF07539.jpg,/home/z/my-project/Factory-AI/datasets/production/dfire/test/images/AoF07535.jpg,exact_duplicate_dhash_d0
/home/z/my-project/Factory-AI/datasets/production/dfire/test/images/AoF07540.jpg,/home/z/my-project/Factory-AI/datasets/production/dfire/test/images/AoF07532.jpg,exact_duplicate_dhash_d0
/home/z/my-project/Factory-AI/datasets/production/dfire/test/images/AoF07541.jpg,/home/z/my-project/Factory-AI/datasets/production/dfire/test/images/AoF07532.jpg,exact_duplicate_dhash_d0
/home/z/my-project/Factory-AI/datasets/production/dfire/test/images/AoF07543.jpg,/home/z/my-project/Factory-AI/datasets/production/dfire/test/images/AoF07542.jpg,exact_duplicate_dhash_d0
/home/z/my-project/Factory-AI/datasets/production/dfire/test/images/AoF07546.jpg,/home/z/my-project/Factory-AI/datasets/production/dfire/test/images/AoF07545.jpg,exact_duplicate_dhash_d0
/home/z/my-project/Factory-AI/datasets/production/dfire/test/images/AoF07551.jpg,/home/z/my-project/Factory-AI/datasets/production/dfire/test/images/AoF07550.jpg,exact_duplicate_dhash_d0
/home/z/my-project/Factory-AI/datasets/production/dfire/test/images/AoF07556.jpg,/home/z/my-project/Factory-AI/datasets/production/dfire/test/images/AoF07554.jpg,exact_duplicate_dhash_d0
/home/z/my-project/Factory-AI/datasets/production/dfire/test/images/AoF07574.jpg,/home/z/my-project/Factory-AI/datasets/production/dfire/test/images/AoF07573.jpg,exact_duplicate_dhash_d0
/home/z/my-project/Factory-AI/datasets/production/dfire/test/images/AoF07575.jpg,/home/z/my-project/Factory-AI/datasets/production/dfire/test/images/AoF07573.jpg,exact_duplicate_dhash_d0
/home/z/my-project/Factory-AI/datasets/production/dfire/test/images/AoF07580.jpg,/home/z/my-project/Factory-AI/datasets/production/dfire/test/images/AoF07579.jpg,exact_duplicate_dhash_d0
/home/z/my-project/Factory-AI/datasets/production/dfire/test/images/AoF07581.jpg,/home/z/my-project/Factory-AI/datasets/production/dfire/test/images/AoF07579.jpg,exact_duplicate_dhash_d0
/home/z/my-project/Factory-AI/datasets/production/dfire/test/images/AoF07582.jpg,/home/z/my-project/Factory-AI/datasets/production/dfire/test/images/AoF07579.jpg,exact_duplicate_dhash_d0
/home/z/my-project/Factory-AI/datasets/production/dfire/test/images/AoF07583.jpg,/home/z/my-project/Factory-AI/datasets/production/dfire/test/images/AoF07579.jpg,exact_duplicate_dhash_d0
/home/z/my-project/Factory-AI/datasets/production/dfire/test/images/AoF07584.jpg,/home/z/my-project/Factory-AI/datasets/production/dfire/test/images/AoF07579.jpg,exact_duplicate_dhash_d0
/home/z/my-project/Factory-AI/datasets/production/dfire/test/images/AoF07586.jpg,/home/z/my-project/Factory-AI/datasets/production/dfire/test/images/AoF07585.jpg,exact_duplicate_dhash_d0
/home/z/my-project/Factory-AI/datasets/production/dfire/test/images/AoF07594.jpg,/home/z/my-project/Factory-AI/datasets/production/dfire/test/images/AoF07592.jpg,exact_duplicate_dhash_d0
/home/z/my-project/Factory-AI/datasets/production/dfire/test/images/AoF07595.jpg,/home/z/my-project/Factory-AI/datasets/production/dfire/test/images/AoF07591.jpg,exact_duplicate_dhash_d0
/home/z/my-project/Factory-AI/datasets/production/dfire/test/images/AoF07597.jpg,/home/z/my-project/Factory-AI/datasets/production/dfire/test/images/AoF07591.jpg,exact_duplicate_dhash_d0
/home/z/my-project/Factory-AI/datasets/production/dfire/test/images/AoF07598.jpg,/home/z/my-project/Factory-AI/datasets/production/dfire/test/images/AoF07591.jpg,exact_duplicate_dhash_d0
/home/z/my-project/Factory-AI/datasets/production/dfire/test/images/AoF07599.jpg,/home/z/my-project/Factory-AI/datasets/production/dfire/test/images/AoF07591.jpg,exact_duplicate_dhash_d0
/home/z/my-project/Factory-AI/datasets/production/dfire/test/images/AoF07600.jpg,/home/z/my-project/Factory-AI/datasets/production/dfire/test/images/AoF07591.jpg,exact_duplicate_dhash_d0
/home/z/my-project/Factory-AI/datasets/production/dfire/test/images/AoF07601.jpg,/home/z/my-project/Factory-AI/datasets/production/dfire/test/images/AoF07591.jpg,exact_duplicate_dhash_d0
/home/z/my-project/Factory-AI/datasets/production/dfire/test/images/AoF07602.jpg,/home/z/my-project/Factory-AI/datasets/production/dfire/test/images/AoF07591.jpg,exact_duplicate_dhash_d0
/home/z/my-project/Factory-AI/datasets/production/dfire/test/images/AoF07603.jpg,/home/z/my-project/Factory-AI/datasets/production/dfire/test/images/AoF07592.jpg,exact_duplicate_dhash_d0
/home/z/my-project/Factory-AI/datasets/production/dfire/test/images/AoF07606.jpg,/home/z/my-project/Factory-AI/datasets/production/dfire/test/images/AoF07605.jpg,exact_duplicate_dhash_d0
/home/z/my-project/Factory-AI/datasets/production/dfire/test/images/AoF07608.jpg,/home/z/my-project/Factory-AI/datasets/production/dfire/test/images/AoF07605.jpg,exact_duplicate_dhash_d0
/home/z/my-project/Factory-AI/datasets/production/dfire/test/images/AoF07623.jpg,/home/z/my-project/Factory-AI/datasets/production/dfire/test/images/AoF07622.jpg,exact_duplicate_dhash_d0
/home/z/my-project/Factory-AI/datasets/production/dfire/test/images/AoF07633.jpg,/home/z/my-project/Factory-AI/datasets/production/dfire/test/images/AoF07631.jpg,exact_duplicate_dhash_d0
/home/z/my-project/Factory-AI/datasets/production/dfire/test/images/AoF07656.jpg,/home/z/my-project/Factory-AI/datasets/production/dfire/test/images/AoF07655.jpg,exact_duplicate_dhash_d0
/home/z/my-project/Factory-AI/datasets/production/dfire/test/images/AoF07660.jpg,/home/z/my-project/Factory-AI/datasets/production/dfire/test/images/AoF07650.jpg,exact_duplicate_dhash_d0
/home/z/my-project/Factory-AI/datasets/production/dfire/test/images/AoF07662.jpg,/home/z/my-project/Factory-AI/datasets/production/dfire/test/images/AoF07661.jpg,exact_duplicate_dhash_d0
/home/z/my-project/Factory-AI/datasets/production/dfire/test/images/AoF07683.jpg,/home/z/my-project/Factory-AI/datasets/production/dfire/test/images/AoF07682.jpg,exact_duplicate_dhash_d0
/home/z/my-project/Factory-AI/datasets/production/dfire/test/images/AoF07684.jpg,/home/z/my-project/Factory-AI/datasets/production/dfire/test/images/AoF07674.jpg,exact_duplicate_dhash_d0
/home/z/my-project/Factory-AI/datasets/production/dfire/test/images/AoF07690.jpg,/home/z/my-project/Factory-AI/datasets/production/dfire/test/images/AoF07689.jpg,exact_duplicate_dhash_d0
/home/z/my-project/Factory-AI/datasets/production/dfire/test/images/AoF07699.jpg,/home/z/my-project/Factory-AI/datasets/production/dfire/test/images/AoF07698.jpg,exact_duplicate_dhash_d0
/home/z/my-project/Factory-AI/datasets/production/dfire/test/images/AoF07749.jpg,/home/z/my-project/Factory-AI/datasets/production/dfire/test/images/AoF07747.jpg,exact_duplicate_dhash_d0
/home/z/my-project/Factory-AI/datasets/production/dfire/test/images/AoF07753.jpg,/home/z/my-project/Factory-AI/datasets/production/dfire/test/images/AoF07743.jpg,exact_duplicate_dhash_d0
/home/z/my-project/Factory-AI/datasets/production/dfire/test/images/AoF07755.jpg,/home/z/my-project/Factory-AI/datasets/production/dfire/test/images/AoF07746.jpg,exact_duplicate_dhash_d0
/home/z/my-project/Factory-AI/datasets/production/dfire/test/images/AoF07756.jpg,/home/z/my-project/Factory-AI/datasets/production/dfire/test/images/AoF07747.jpg,exact_duplicate_dhash_d0
/home/z/my-project/Factory-AI/datasets/production/dfire/test/images/AoF07761.jpg,/home/z/my-project/Factory-AI/datasets/production/dfire/test/images/AoF07757.jpg,exact_duplicate_dhash_d0
/home/z/my-project/Factory-AI/datasets/production/dfire/test/images/AoF07764.jpg,/home/z/my-project/Factory-AI/datasets/production/dfire/test/images/AoF07763.jpg,exact_duplicate_dhash_d0
/home/z/my-project/Factory-AI/datasets/production/dfire/test/images/AoF07766.jpg,/home/z/my-project/Factory-AI/datasets/production/dfire/test/images/AoF07751.jpg,exact_duplicate_dhash_d0
/home/z/my-project/Factory-AI/datasets/production/dfire/test/images/AoF07767.jpg,/home/z/my-project/Factory-AI/datasets/production/dfire/test/images/AoF07763.jpg,exact_duplicate_dhash_d0
/home/z/my-project/Factory-AI/datasets/production/dfire/test/images/AoF07768.jpg,/home/z/my-project/Factory-AI/datasets/production/dfire/test/images/AoF07765.jpg,exact_duplicate_dhash_d0
/home/z/my-project/Factory-AI/datasets/production/dfire/test/images/AoF07773.jpg,/home/z/my-project/Factory-AI/datasets/production/dfire/test/images/AoF07772.jpg,exact_duplicate_dhash_d0
/home/z/my-project/Factory-AI/datasets/production/dfire/test/images/AoF07775.jpg,/home/z/my-project/Factory-AI/datasets/production/dfire/test/images/AoF07769.jpg,exact_duplicate_dhash_d0
/home/z/my-project/Factory-AI/datasets/production/dfire/test/images/AoF07794.jpg,/home/z/my-project/Factory-AI/datasets/production/dfire/test/images/AoF07790.jpg,exact_duplicate_dhash_d0
/home/z/my-project/Factory-AI/datasets/production/dfire/test/images/AoF07795.jpg,/home/z/my-project/Factory-AI/datasets/production/dfire/test/images/AoF07790.jpg,exact_duplicate_dhash_d0
/home/z/my-project/Factory-AI/datasets/production/dfire/test/images/AoF07797.jpg,/home/z/my-project/Factory-AI/datasets/production/dfire/test/images/AoF07796.jpg,exact_duplicate_dhash_d0
/home/z/my-project/Factory-AI/datasets/production/dfire/test/images/AoF07804.jpg,/home/z/my-project/Factory-AI/datasets/production/dfire/test/images/AoF07800.jpg,exact_duplicate_dhash_d0
/home/z/my-project/Factory-AI/datasets/production/dfire/test/images/AoF07808.jpg,/home/z/my-project/Factory-AI/datasets/production/dfire/test/images/AoF07806.jpg,exact_duplicate_dhash_d0
/home/z/my-project/Factory-AI/datasets/production/dfire/test/images/AoF07823.jpg,/home/z/my-project/Factory-AI/datasets/production/dfire/test/images/AoF07822.jpg,exact_duplicate_dhash_d0
/home/z/my-project/Factory-AI/datasets/production/dfire/test/images/AoF07863.jpg,/home/z/my-project/Factory-AI/datasets/production/dfire/test/images/AoF07854.jpg,exact_duplicate_dhash_d0
/home/z/my-project/Factory-AI/datasets/production/dfire/test/images/AoF07877.jpg,/home/z/my-project/Factory-AI/datasets/production/dfire/test/images/AoF07876.jpg,exact_duplicate_dhash_d0
/home/z/my-project/Factory-AI/datasets/production/dfire/test/images/AoF07882.jpg,/home/z/my-project/Factory-AI/datasets/production/dfire/test/images/AoF07881.jpg,exact_duplicate_dhash_d0
/home/z/my-project/Factory-AI/datasets/production/dfire/test/images/AoF07883.jpg,/home/z/my-project/Factory-AI/datasets/production/dfire/test/images/AoF07881.jpg,exact_duplicate_dhash_d0
/home/z/my-project/Factory-AI/datasets/production/dfire/test/images/AoF07884.jpg,/home/z/my-project/Factory-AI/datasets/production/dfire/test/images/AoF07878.jpg,exact_duplicate_dhash_d0
/home/z/my-project/Factory-AI/datasets/production/dfire/test/images/AoF07885.jpg,/home/z/my-project/Factory-AI/datasets/production/dfire/test/images/AoF07878.jpg,exact_duplicate_dhash_d0
/home/z/my-project/Factory-AI/datasets/production/dfire/test/images/AoF07886.jpg,/home/z/my-project/Factory-AI/datasets/production/dfire/test/images/AoF07879.jpg,exact_duplicate_dhash_d0
/home/z/my-project/Factory-AI/datasets/production/dfire/test/images/AoF07887.jpg,/home/z/my-project/Factory-AI/datasets/production/dfire/test/images/AoF07881.jpg,exact_duplicate_dhash_d0
/home/z/my-project/Factory-AI/datasets/production/dfire/test/images/AoF07888.jpg,/home/z/my-project/Factory-AI/datasets/production/dfire/test/images/AoF07881.jpg,exact_duplicate_dhash_d0
/home/z/my-project/Factory-AI/datasets/production/dfire/test/images/AoF07889.jpg,/home/z/my-project/Factory-AI/datasets/production/dfire/test/images/AoF07879.jpg,exact_duplicate_dhash_d0
/home/z/my-project/Factory-AI/datasets/production/dfire/test/images/AoF07890.jpg,/home/z/my-project/Factory-AI/datasets/production/dfire/test/images/AoF07881.jpg,exact_duplicate_dhash_d0
/home/z/my-project/Factory-AI/datasets/production/dfire/test/images/AoF07891.jpg,/home/z/my-project/Factory-AI/datasets/production/dfire/test/images/AoF07881.jpg,exact_duplicate_dhash_d0
/home/z/my-project/Factory-AI/datasets/production/dfire/test/images/AoF07892.jpg,/home/z/my-project/Factory-AI/datasets/production/dfire/test/images/AoF07881.jpg,exact_duplicate_dhash_d0
/home/z/my-project/Factory-AI/datasets/production/dfire/test/images/AoF07893.jpg,/home/z/my-project/Factory-AI/datasets/production/dfire/test/images/AoF07881.jpg,exact_duplicate_dhash_d0
/home/z/my-project/Factory-AI/datasets/production/dfire/test/images/AoF07894.jpg,/home/z/my-project/Factory-AI/datasets/production/dfire/test/images/AoF07881.jpg,exact_duplicate_dhash_d0
/home/z/my-project/Factory-AI/datasets/production/dfire/test/images/AoF07895.jpg,/home/z/my-project/Factory-AI/datasets/production/dfire/test/images/AoF07881.jpg,exact_duplicate_dhash_d0
/home/z/my-project/Factory-AI/datasets/production/dfire/test/images/AoF07898.jpg,/home/z/my-project/Factory-AI/datasets/production/dfire/test/images/AoF07881.jpg,exact_duplicate_dhash_d0
/home/z/my-project/Factory-AI/datasets/production/dfire/test/images/AoF07899.jpg,/home/z/my-project/Factory-AI/datasets/production/dfire/test/images/AoF07879.jpg,exact_duplicate_dhash_d0
/home/z/my-project/Factory-AI/datasets/production/dfire/test/images/AoF07900.jpg,/home/z/my-project/Factory-AI/datasets/production/dfire/test/images/AoF07881.jpg,exact_duplicate_dhash_d0
/home/z/my-project/Factory-AI/datasets/production/dfire/test/images/AoF07901.jpg,/home/z/my-project/Factory-AI/datasets/production/dfire/test/images/AoF07881.jpg,exact_duplicate_dhash_d0
/home/z/my-project/Factory-AI/datasets/production/dfire/test/images/AoF07903.jpg,/home/z/my-project/Factory-AI/datasets/production/dfire/test/images/AoF07878.jpg,exact_duplicate_dhash_d0
/home/z/my-project/Factory-AI/datasets/production/dfire/test/images/AoF07904.jpg,/home/z/my-project/Factory-AI/datasets/production/dfire/test/images/AoF07879.jpg,exact_duplicate_dhash_d0
/home/z/my-project/Factory-AI/datasets/production/dfire/test/images/AoF07905.jpg,/home/z/my-project/Factory-AI/datasets/production/dfire/test/images/AoF07878.jpg,exact_duplicate_dhash_d0
/home/z/my-project/Factory-AI/datasets/production/dfire/test/images/AoF07906.jpg,/home/z/my-project/Factory-AI/datasets/production/dfire/test/images/AoF07881.jpg,exact_duplicate_dhash_d0
/home/z/my-project/Factory-AI/datasets/production/dfire/test/images/AoF07907.jpg,/home/z/my-project/Factory-AI/datasets/production/dfire/test/images/AoF07879.jpg,exact_duplicate_dhash_d0
/home/z/my-project/Factory-AI/datasets/production/dfire/test/images/AoF07908.jpg,/home/z/my-project/Factory-AI/datasets/production/dfire/test/images/AoF07881.jpg,exact_duplicate_dhash_d0
/home/z/my-project/Factory-AI/datasets/production/dfire/test/images/AoF07909.jpg,/home/z/my-project/Factory-AI/datasets/production/dfire/test/images/AoF07879.jpg,exact_duplicate_dhash_d0
/home/z/my-project/Factory-AI/datasets/production/dfire/test/images/AoF07910.jpg,/home/z/my-project/Factory-AI/datasets/production/dfire/test/images/AoF07881.jpg,exact_duplicate_dhash_d0
/home/z/my-project/Factory-AI/datasets/production/dfire/test/images/AoF07911.jpg,/home/z/my-project/Factory-AI/datasets/production/dfire/test/images/AoF07881.jpg,exact_duplicate_dhash_d0
/home/z/my-project/Factory-AI/datasets/production/dfire/test/images/AoF07912.jpg,/home/z/my-project/Factory-AI/datasets/production/dfire/test/images/AoF07896.jpg,exact_duplicate_dhash_d0
/home/z/my-project/Factory-AI/datasets/production/dfire/test/images/AoF07914.jpg,/home/z/my-project/Factory-AI/datasets/production/dfire/test/images/AoF07896.jpg,exact_duplicate_dhash_d0
/home/z/my-project/Factory-AI/datasets/production/dfire/test/images/AoF07933.jpg,/home/z/my-project/Factory-AI/datasets/production/dfire/test/images/AoF07932.jpg,exact_duplicate_dhash_d0
/home/z/my-project/Factory-AI/datasets/production/dfire/test/images/AoF07935.jpg,/home/z/my-project/Factory-AI/datasets/production/dfire/test/images/AoF07932.jpg,exact_duplicate_dhash_d0
/home/z/my-project/Factory-AI/datasets/production/dfire/test/images/AoF07936.jpg,/home/z/my-project/Factory-AI/datasets/production/dfire/test/images/AoF07932.jpg,exact_duplicate_dhash_d0
/home/z/my-project/Factory-AI/datasets/production/dfire/test/images/AoF07940.jpg,/home/z/my-project/Factory-AI/datasets/production/dfire/test/images/AoF07939.jpg,exact_duplicate_dhash_d0
/home/z/my-project/Factory-AI/datasets/production/dfire/test/images/AoF07951.jpg,/home/z/my-project/Factory-AI/datasets/production/dfire/test/images/AoF07945.jpg,exact_duplicate_dhash_d0
/home/z/my-project/Factory-AI/datasets/production/dfire/test/images/AoF07954.jpg,/home/z/my-project/Factory-AI/datasets/production/dfire/test/images/AoF07953.jpg,exact_duplicate_dhash_d0
/home/z/my-project/Factory-AI/datasets/production/dfire/test/images/AoF07959.jpg,/home/z/my-project/Factory-AI/datasets/production/dfire/test/images/AoF07747.jpg,exact_duplicate_dhash_d0
/home/z/my-project/Factory-AI/datasets/production/dfire/test/images/AoF07961.jpg,/home/z/my-project/Factory-AI/datasets/production/dfire/test/images/AoF07743.jpg,exact_duplicate_dhash_d0
/home/z/my-project/Factory-AI/datasets/production/dfire/test/images/AoF07963.jpg,/home/z/my-project/Factory-AI/datasets/production/dfire/test/images/AoF07744.jpg,exact_duplicate_dhash_d0
/home/z/my-project/Factory-AI/datasets/production/dfire/test/images/AoF07987.jpg,/home/z/my-project/Factory-AI/datasets/production/dfire/test/images/AoF07986.jpg,exact_duplicate_dhash_d0
/home/z/my-project/Factory-AI/datasets/production/dfire/test/images/AoF08003.jpg,/home/z/my-project/Factory-AI/datasets/production/dfire/test/images/AoF08002.jpg,exact_duplicate_dhash_d0
/home/z/my-project/Factory-AI/datasets/production/dfire/test/images/AoF08007.jpg,/home/z/my-project/Factory-AI/datasets/production/dfire/test/images/AoF06921.jpg,exact_duplicate_dhash_d0
/home/z/my-project/Factory-AI/datasets/production/dfire/test/images/AoF08008.jpg,/home/z/my-project/Factory-AI/datasets/production/dfire/test/images/AoF06893.jpg,exact_duplicate_dhash_d0
/home/z/my-project/Factory-AI/datasets/production/dfire/test/images/AoF08009.jpg,/home/z/my-project/Factory-AI/datasets/production/dfire/test/images/AoF06898.jpg,exact_duplicate_dhash_d0
/home/z/my-project/Factory-AI/datasets/production/dfire/test/images/AoF08010.jpg,/home/z/my-project/Factory-AI/datasets/production/dfire/test/images/AoF06898.jpg,exact_duplicate_dhash_d0
/home/z/my-project/Factory-AI/datasets/production/dfire/test/images/AoF08016.jpg,/home/z/my-project/Factory-AI/datasets/production/dfire/test/images/AoF08012.jpg,exact_duplicate_dhash_d0
/home/z/my-project/Factory-AI/datasets/production/dfire/test/images/AoF08020.jpg,/home/z/my-project/Factory-AI/datasets/production/dfire/test/images/AoF08015.jpg,exact_duplicate_dhash_d0
/home/z/my-project/Factory-AI/datasets/production/dfire/test/images/AoF08028.jpg,/home/z/my-project/Factory-AI/datasets/production/dfire/test/images/AoF08027.jpg,exact_duplicate_dhash_d0
/home/z/my-project/Factory-AI/datasets/production/dfire/test/images/AoF08029.jpg,/home/z/my-project/Factory-AI/datasets/production/dfire/test/images/AoF08025.jpg,exact_duplicate_dhash_d0
/home/z/my-project/Factory-AI/datasets/production/dfire/test/images/AoF08030.jpg,/home/z/my-project/Factory-AI/datasets/production/dfire/test/images/AoF08025.jpg,exact_duplicate_dhash_d0
/home/z/my-project/Factory-AI/datasets/production/dfire/test/images/AoF08031.jpg,/home/z/my-project/Factory-AI/datasets/production/dfire/test/images/AoF08025.jpg,exact_duplicate_dhash_d0
/home/z/my-project/Factory-AI/datasets/production/dfire/test/images/AoF08034.jpg,/home/z/my-project/Factory-AI/datasets/production/dfire/test/images/AoF08032.jpg,exact_duplicate_dhash_d0
/home/z/my-project/Factory-AI/datasets/production/dfire/test/images/AoF08038.jpg,/home/z/my-project/Factory-AI/datasets/production/dfire/test/images/AoF08036.jpg,exact_duplicate_dhash_d0
/home/z/my-project/Factory-AI/datasets/production/dfire/test/images/AoF08041.jpg,/home/z/my-project/Factory-AI/datasets/production/dfire/test/images/AoF08036.jpg,exact_duplicate_dhash_d0
/home/z/my-project/Factory-AI/datasets/production/dfire/test/images/AoF08042.jpg,/home/z/my-project/Factory-AI/datasets/production/dfire/test/images/AoF08036.jpg,exact_duplicate_dhash_d0
/home/z/my-project/Factory-AI/datasets/production/dfire/test/images/AoF08043.jpg,/home/z/my-project/Factory-AI/datasets/production/dfire/test/images/AoF08036.jpg,exact_duplicate_dhash_d0
/home/z/my-project/Factory-AI/datasets/production/dfire/test/images/AoF08049.jpg,/home/z/my-project/Factory-AI/datasets/production/dfire/test/images/AoF08036.jpg,exact_duplicate_dhash_d0
/home/z/my-project/Factory-AI/datasets/production/dfire/test/images/AoF08050.jpg,/home/z/my-project/Factory-AI/datasets/production/dfire/test/images/AoF08036.jpg,exact_duplicate_dhash_d0
/home/z/my-project/Factory-AI/datasets/production/dfire/test/images/AoF08055.jpg,/home/z/my-project/Factory-AI/datasets/production/dfire/test/images/AoF08036.jpg,exact_duplicate_dhash_d0
/home/z/my-project/Factory-AI/datasets/production/dfire/test/images/AoF08059.jpg,/home/z/my-project/Factory-AI/datasets/production/dfire/test/images/AoF08036.jpg,exact_duplicate_dhash_d0
/home/z/my-project/Factory-AI/datasets/production/dfire/test/images/AoF08063.jpg,/home/z/my-project/Factory-AI/datasets/production/dfire/test/images/AoF08060.jpg,exact_duplicate_dhash_d0
/home/z/my-project/Factory-AI/datasets/production/dfire/test/images/AoF08066.jpg,/home/z/my-project/Factory-AI/datasets/production/dfire/test/images/AoF08065.jpg,exact_duplicate_dhash_d0
/home/z/my-project/Factory-AI/datasets/production/dfire/test/images/AoF08076.jpg,/home/z/my-project/Factory-AI/datasets/production/dfire/test/images/AoF08060.jpg,exact_duplicate_dhash_d0
/home/z/my-project/Factory-AI/datasets/production/dfire/test/images/AoF08085.jpg,/home/z/my-project/Factory-AI/datasets/production/dfire/test/images/AoF08084.jpg,exact_duplicate_dhash_d0
/home/z/my-project/Factory-AI/datasets/production/dfire/test/images/AoF08090.jpg,/home/z/my-project/Factory-AI/datasets/production/dfire/test/images/AoF08082.jpg,exact_duplicate_dhash_d0
/home/z/my-project/Factory-AI/datasets/production/dfire/test/images/AoF08102.jpg,/home/z/my-project/Factory-AI/datasets/production/dfire/test/images/AoF08060.jpg,exact_duplicate_dhash_d0
/home/z/my-project/Factory-AI/datasets/production/dfire/test/images/AoF08112.jpg,/home/z/my-project/Factory-AI/datasets/production/dfire/test/images/AoF08111.jpg,exact_duplicate_dhash_d0
/home/z/my-project/Factory-AI/datasets/production/dfire/test/images/AoF08114.jpg,/home/z/my-project/Factory-AI/datasets/production/dfire/test/images/AoF08060.jpg,exact_duplicate_dhash_d0
/home/z/my-project/Factory-AI/datasets/production/dfire/test/images/AoF08118.jpg,/home/z/my-project/Factory-AI/datasets/production/dfire/test/images/AoF08060.jpg,exact_duplicate_dhash_d0
/home/z/my-project/Factory-AI/datasets/production/dfire/test/images/AoF08119.jpg,/home/z/my-project/Factory-AI/datasets/production/dfire/test/images/AoF08117.jpg,exact_duplicate_dhash_d0
/home/z/my-project/Factory-AI/datasets/production/dfire/test/images/AoF08126.jpg,/home/z/my-project/Factory-AI/datasets/production/dfire/test/images/AoF08060.jpg,exact_duplicate_dhash_d0
/home/z/my-project/Factory-AI/datasets/production/dfire/test/images/AoF08130.jpg,/home/z/my-project/Factory-AI/datasets/production/dfire/test/images/AoF08129.jpg,exact_duplicate_dhash_d0
/home/z/my-project/Factory-AI/datasets/production/dfire/test/images/AoF08162.jpg,/home/z/my-project/Factory-AI/datasets/production/dfire/test/images/AoF08160.jpg,exact_duplicate_dhash_d0
/home/z/my-project/Factory-AI/datasets/production/dfire/test/images/AoF08166.jpg,/home/z/my-project/Factory-AI/datasets/production/dfire/test/images/AoF08165.jpg,exact_duplicate_dhash_d0
/home/z/my-project/Factory-AI/datasets/production/dfire/test/images/AoF08167.jpg,/home/z/my-project/Factory-AI/datasets/production/dfire/test/images/AoF08165.jpg,exact_duplicate_dhash_d0
/home/z/my-project/Factory-AI/datasets/production/dfire/test/images/AoF08181.jpg,/home/z/my-project/Factory-AI/datasets/production/dfire/test/images/AoF08180.jpg,exact_duplicate_dhash_d0
/home/z/my-project/Factory-AI/datasets/production/dfire/test/images/AoF08182.jpg,/home/z/my-project/Factory-AI/datasets/production/dfire/test/images/AoF08180.jpg,exact_duplicate_dhash_d0
/home/z/my-project/Factory-AI/datasets/production/dfire/test/images/AoF08189.jpg,/home/z/my-project/Factory-AI/datasets/production/dfire/test/images/AoF08188.jpg,exact_duplicate_dhash_d0
/home/z/my-project/Factory-AI/datasets/production/dfire/test/images/AoF08190.jpg,/home/z/my-project/Factory-AI/datasets/production/dfire/test/images/AoF08188.jpg,exact_duplicate_dhash_d0
/home/z/my-project/Factory-AI/datasets/production/dfire/test/images/AoF08205.jpg,/home/z/my-project/Factory-AI/datasets/production/dfire/test/images/AoF08204.jpg,exact_duplicate_dhash_d0
/home/z/my-project/Factory-AI/datasets/production/dfire/test/images/AoF08215.jpg,/home/z/my-project/Factory-AI/datasets/production/dfire/test/images/AoF08214.jpg,exact_duplicate_dhash_d0
/home/z/my-project/Factory-AI/datasets/production/dfire/test/images/AoF08222.jpg,/home/z/my-project/Factory-AI/datasets/production/dfire/test/images/AoF08221.jpg,exact_duplicate_dhash_d0
/home/z/my-project/Factory-AI/datasets/production/dfire/test/images/AoF08224.jpg,/home/z/my-project/Factory-AI/datasets/production/dfire/test/images/AoF08223.jpg,exact_duplicate_dhash_d0
/home/z/my-project/Factory-AI/datasets/production/dfire/test/images/AoF08228.jpg,/home/z/my-project/Factory-AI/datasets/production/dfire/test/images/AoF08227.jpg,exact_duplicate_dhash_d0
/home/z/my-project/Factory-AI/datasets/production/dfire/test/images/AoF08229.jpg,/home/z/my-project/Factory-AI/datasets/production/dfire/test/images/AoF08227.jpg,exact_duplicate_dhash_d0
/home/z/my-project/Factory-AI/datasets/production/dfire/test/images/AoF08236.jpg,/home/z/my-project/Factory-AI/datasets/production/dfire/test/images/AoF08235.jpg,exact_duplicate_dhash_d0
/home/z/my-project/Factory-AI/datasets/production/dfire/test/images/AoF08237.jpg,/home/z/my-project/Factory-AI/datasets/production/dfire/test/images/AoF08235.jpg,exact_duplicate_dhash_d0
/home/z/my-project/Factory-AI/datasets/production/dfire/test/images/AoF08268.jpg,/home/z/my-project/Factory-AI/datasets/production/dfire/test/images/AoF08263.jpg,exact_duplicate_dhash_d0
/home/z/my-project/Factory-AI/datasets/production/dfire/test/images/AoF08280.jpg,/home/z/my-project/Factory-AI/datasets/production/dfire/test/images/AoF07691.jpg,exact_duplicate_dhash_d0
/home/z/my-project/Factory-AI/datasets/production/dfire/test/images/AoF08281.jpg,/home/z/my-project/Factory-AI/datasets/production/dfire/test/images/AoF07691.jpg,exact_duplicate_dhash_d0
/home/z/my-project/Factory-AI/datasets/production/dfire/test/images/AoF08285.jpg,/home/z/my-project/Factory-AI/datasets/production/dfire/test/images/AoF08284.jpg,exact_duplicate_dhash_d0
/home/z/my-project/Factory-AI/datasets/production/dfire/test/images/AoF08287.jpg,/home/z/my-project/Factory-AI/datasets/production/dfire/test/images/AoF08284.jpg,exact_duplicate_dhash_d0
/home/z/my-project/Factory-AI/datasets/production/dfire/test/images/AoF08288.jpg,/home/z/my-project/Factory-AI/datasets/production/dfire/test/images/AoF08284.jpg,exact_duplicate_dhash_d0
/home/z/my-project/Factory-AI/datasets/production/dfire/test/images/AoF08290.jpg,/home/z/my-project/Factory-AI/datasets/production/dfire/test/images/AoF08289.jpg,exact_duplicate_dhash_d0
/home/z/my-project/Factory-AI/datasets/production/dfire/test/images/AoF08291.jpg,/home/z/my-project/Factory-AI/datasets/production/dfire/test/images/AoF07691.jpg,exact_duplicate_dhash_d0
/home/z/my-project/Factory-AI/datasets/production/dfire/test/images/AoF08293.jpg,/home/z/my-project/Factory-AI/datasets/production/dfire/test/images/AoF08292.jpg,exact_duplicate_dhash_d0
/home/z/my-project/Factory-AI/datasets/production/dfire/test/images/AoF08294.jpg,/home/z/my-project/Factory-AI/datasets/production/dfire/test/images/AoF07691.jpg,exact_duplicate_dhash_d0
/home/z/my-project/Factory-AI/datasets/production/dfire/test/images/AoF08298.jpg,/home/z/my-project/Factory-AI/datasets/production/dfire/test/images/AoF07691.jpg,exact_duplicate_dhash_d0
/home/z/my-project/Factory-AI/datasets/production/dfire/test/images/AoF08302.jpg,/home/z/my-project/Factory-AI/datasets/production/dfire/test/images/AoF07673.jpg,exact_duplicate_dhash_d0
/home/z/my-project/Factory-AI/datasets/production/dfire/test/images/AoF08305.jpg,/home/z/my-project/Factory-AI/datasets/production/dfire/test/images/AoF08284.jpg,exact_duplicate_dhash_d0
/home/z/my-project/Factory-AI/datasets/production/dfire/test/images/AoF08306.jpg,/home/z/my-project/Factory-AI/datasets/production/dfire/test/images/AoF08284.jpg,exact_duplicate_dhash_d0
/home/z/my-project/Factory-AI/datasets/production/dfire/test/images/AoF08308.jpg,/home/z/my-project/Factory-AI/datasets/production/dfire/test/images/AoF08292.jpg,exact_duplicate_dhash_d0
/home/z/my-project/Factory-AI/datasets/production/dfire/test/images/AoF08310.jpg,/home/z/my-project/Factory-AI/datasets/production/dfire/test/images/AoF08243.jpg,exact_duplicate_dhash_d0
/home/z/my-project/Factory-AI/datasets/production/dfire/test/images/AoF08311.jpg,/home/z/my-project/Factory-AI/datasets/production/dfire/test/images/AoF08304.jpg,exact_duplicate_dhash_d0
/home/z/my-project/Factory-AI/datasets/production/dfire/test/images/AoF08313.jpg,/home/z/my-project/Factory-AI/datasets/production/dfire/test/images/AoF08312.jpg,exact_duplicate_dhash_d0
/home/z/my-project/Factory-AI/datasets/production/dfire/test/images/AoF08316.jpg,/home/z/my-project/Factory-AI/datasets/production/dfire/test/images/AoF08284.jpg,exact_duplicate_dhash_d0
/home/z/my-project/Factory-AI/datasets/production/dfire/test/images/AoF08320.jpg,/home/z/my-project/Factory-AI/datasets/production/dfire/test/images/AoF08319.jpg,exact_duplicate_dhash_d0
/home/z/my-project/Factory-AI/datasets/production/dfire/test/images/AoF08327.jpg,/home/z/my-project/Factory-AI/datasets/production/dfire/test/images/AoF08326.jpg,exact_duplicate_dhash_d0
/home/z/my-project/Factory-AI/datasets/production/dfire/test/images/AoF08329.jpg,/home/z/my-project/Factory-AI/datasets/production/dfire/test/images/AoF08328.jpg,exact_duplicate_dhash_d0
/home/z/my-project/Factory-AI/datasets/production/dfire/test/images/AoF08334.jpg,/home/z/my-project/Factory-AI/datasets/production/dfire/test/images/AoF07698.jpg,exact_duplicate_dhash_d0
/home/z/my-project/Factory-AI/datasets/production/dfire/test/images/AoF08335.jpg,/home/z/my-project/Factory-AI/datasets/production/dfire/test/images/AoF08333.jpg,exact_duplicate_dhash_d0
/home/z/my-project/Factory-AI/datasets/production/dfire/test/images/AoF08339.jpg,/home/z/my-project/Factory-AI/datasets/production/dfire/test/images/AoF08338.jpg,exact_duplicate_dhash_d0
/home/z/my-project/Factory-AI/datasets/production/dfire/test/images/AoF08344.jpg,/home/z/my-project/Factory-AI/datasets/production/dfire/test/images/AoF08340.jpg,exact_duplicate_dhash_d0
/home/z/my-project/Factory-AI/datasets/production/dfire/test/images/AoF08350.jpg,/home/z/my-project/Factory-AI/datasets/production/dfire/test/images/AoF08342.jpg,exact_duplicate_dhash_d0
/home/z/my-project/Factory-AI/datasets/production/dfire/test/images/AoF08353.jpg,/home/z/my-project/Factory-AI/datasets/production/dfire/test/images/AoF08352.jpg,exact_duplicate_dhash_d0
/home/z/my-project/Factory-AI/datasets/production/dfire/test/images/AoF08369.jpg,/home/z/my-project/Factory-AI/datasets/production/dfire/test/images/AoF08355.jpg,exact_duplicate_dhash_d0
/home/z/my-project/Factory-AI/datasets/production/dfire/test/images/AoF08378.jpg,/home/z/my-project/Factory-AI/datasets/production/dfire/test/images/AoF08355.jpg,exact_duplicate_dhash_d0
/home/z/my-project/Factory-AI/datasets/production/dfire/test/images/PublicDataset01133.jpg,/home/z/my-project/Factory-AI/datasets/production/dfire/test/images/PublicDataset01132.jpg,exact_duplicate_dhash_d0
/home/z/my-project/Factory-AI/datasets/production/dfire/test/images/PublicDataset01184.jpg,/home/z/my-project/Factory-AI/datasets/production/dfire/test/images/PublicDataset01172.jpg,exact_duplicate_dhash_d0
/home/z/my-project/Factory-AI/datasets/production/dfire/test/images/PublicDataset01185.jpg,/home/z/my-project/Factory-AI/datasets/production/dfire/test/images/PublicDataset01180.jpg,exact_duplicate_dhash_d0
/home/z/my-project/Factory-AI/datasets/production/dfire/test/images/PublicDataset01264.jpg,/home/z/my-project/Factory-AI/datasets/production/dfire/test/images/PublicDataset01262.jpg,exact_duplicate_dhash_d0
/home/z/my-project/Factory-AI/datasets/production/dfire/test/images/WEB09662.jpg,/home/z/my-project/Factory-AI/datasets/production/dfire/test/images/WEB09661.jpg,exact_duplicate_dhash_d0
/home/z/my-project/Factory-AI/datasets/production/dfire/test/images/WEB09664.jpg,/home/z/my-project/Factory-AI/datasets/production/dfire/test/images/WEB09627.jpg,exact_duplicate_dhash_d0
/home/z/my-project/Factory-AI/datasets/production/dfire/test/images/WEB09764.jpg,/home/z/my-project/Factory-AI/datasets/production/dfire/test/images/WEB09763.jpg,exact_duplicate_dhash_d0
/home/z/my-project/Factory-AI/datasets/production/dfire/test/images/WEB09793.jpg,/home/z/my-project/Factory-AI/datasets/production/dfire/test/images/WEB09792.jpg,exact_duplicate_dhash_d0
/home/z/my-project/Factory-AI/datasets/production/dfire/test/images/WEB09869.jpg,/home/z/my-project/Factory-AI/datasets/production/dfire/test/images/WEB09865.jpg,exact_duplicate_dhash_d0
/home/z/my-project/Factory-AI/datasets/production/dfire/test/images/WEB09870.jpg,/home/z/my-project/Factory-AI/datasets/production/dfire/test/images/WEB09865.jpg,exact_duplicate_dhash_d0
/home/z/my-project/Factory-AI/datasets/production/dfire/test/images/WEB09871.jpg,/home/z/my-project/Factory-AI/datasets/production/dfire/test/images/WEB09865.jpg,exact_duplicate_dhash_d0
/home/z/my-project/Factory-AI/datasets/production/dfire/test/images/WEB09874.jpg,/home/z/my-project/Factory-AI/datasets/production/dfire/test/images/WEB09865.jpg,exact_duplicate_dhash_d0
/home/z/my-project/Factory-AI/datasets/production/dfire/test/images/WEB09908.jpg,/home/z/my-project/Factory-AI/datasets/production/dfire/test/images/WEB09907.jpg,exact_duplicate_dhash_d0
/home/z/my-project/Factory-AI/datasets/production/dfire/test/images/WEB10010.jpg,/home/z/my-project/Factory-AI/datasets/production/dfire/test/images/WEB10009.jpg,exact_duplicate_dhash_d0
/home/z/my-project/Factory-AI/datasets/production/dfire/test/images/WEB10014.jpg,/home/z/my-project/Factory-AI/datasets/production/dfire/test/images/WEB10013.jpg,exact_duplicate_dhash_d0
/home/z/my-project/Factory-AI/datasets/production/dfire/test/images/WEB10015.jpg,/home/z/my-project/Factory-AI/datasets/production/dfire/test/images/WEB10013.jpg,exact_duplicate_dhash_d0
/home/z/my-project/Factory-AI/datasets/production/dfire/test/images/WEB10033.jpg,/home/z/my-project/Factory-AI/datasets/production/dfire/test/images/WEB10031.jpg,exact_duplicate_dhash_d0
/home/z/my-project/Factory-AI/datasets/production/dfire/test/images/WEB10275.jpg,/home/z/my-project/Factory-AI/datasets/production/dfire/test/images/WEB10274.jpg,exact_duplicate_dhash_d0
/home/z/my-project/Factory-AI/datasets/production/dfire/test/images/WEB10843.jpg,/home/z/my-project/Factory-AI/datasets/production/dfire/test/images/WEB10840.jpg,exact_duplicate_dhash_d0
/home/z/my-project/Factory-AI/datasets/production/dfire/test/images/WEB11076.jpg,/home/z/my-project/Factory-AI/datasets/production/dfire/test/images/PublicDataset01267.jpg,exact_duplicate_dhash_d0
/home/z/my-project/Factory-AI/datasets/production/dfire/test/images/WEB11077.jpg,/home/z/my-project/Factory-AI/datasets/production/dfire/test/images/PublicDataset01267.jpg,exact_duplicate_dhash_d0
/home/z/my-project/Factory-AI/datasets/production/dfire/test/images/WEB11221.jpg,/home/z/my-project/Factory-AI/datasets/production/dfire/test/images/WEB11220.jpg,exact_duplicate_dhash_d0
/home/z/my-project/Factory-AI/datasets/production/dfire/train/images/AoF00003.jpg,/home/z/my-project/Factory-AI/datasets/production/dfire/test/images/AoF07964.jpg,exact_duplicate_dhash_d0
/home/z/my-project/Factory-AI/datasets/production/dfire/train/images/AoF00034.jpg,/home/z/my-project/Factory-AI/datasets/production/dfire/train/images/AoF00024.jpg,exact_duplicate_dhash_d0
/home/z/my-project/Factory-AI/datasets/production/dfire/train/images/AoF00036.jpg,/home/z/my-project/Factory-AI/datasets/production/dfire/train/images/AoF00035.jpg,exact_duplicate_dhash_d0
/home/z/my-project/Factory-AI/datasets/production/dfire/train/images/AoF00038.jpg,/home/z/my-project/Factory-AI/datasets/production/dfire/train/images/AoF00037.jpg,exact_duplicate_dhash_d0
/home/z/my-project/Factory-AI/datasets/production/dfire/train/images/AoF00042.jpg,/home/z/my-project/Factory-AI/datasets/production/dfire/train/images/AoF00040.jpg,exact_duplicate_dhash_d0
/home/z/my-project/Factory-AI/datasets/production/dfire/train/images/AoF00046.jpg,/home/z/my-project/Factory-AI/datasets/production/dfire/test/images/AoF06732.jpg,exact_duplicate_dhash_d0
/home/z/my-project/Factory-AI/datasets/production/dfire/train/images/AoF00048.jpg,/home/z/my-project/Factory-AI/datasets/production/dfire/train/images/AoF00045.jpg,exact_duplicate_dhash_d0
/home/z/my-project/Factory-AI/datasets/production/dfire/train/images/AoF00068.jpg,/home/z/my-project/Factory-AI/datasets/production/dfire/train/images/AoF00066.jpg,exact_duplicate_dhash_d0
/home/z/my-project/Factory-AI/datasets/production/dfire/train/images/AoF00069.jpg,/home/z/my-project/Factory-AI/datasets/production/dfire/train/images/AoF00067.jpg,exact_duplicate_dhash_d0
/home/z/my-project/Factory-AI/datasets/production/dfire/train/images/AoF00071.jpg,/home/z/my-project/Factory-AI/datasets/production/dfire/test/images/AoF06734.jpg,exact_duplicate_dhash_d0
/home/z/my-project/Factory-AI/datasets/production/dfire/train/images/AoF00077.jpg,/home/z/my-project/Factory-AI/datasets/production/dfire/train/images/AoF00076.jpg,exact_duplicate_dhash_d0
/home/z/my-project/Factory-AI/datasets/production/dfire/train/images/AoF00078.jpg,/home/z/my-project/Factory-AI/datasets/production/dfire/train/images/AoF00076.jpg,exact_duplicate_dhash_d0
/home/z/my-project/Factory-AI/datasets/production/dfire/train/images/AoF00080.jpg,/home/z/my-project/Factory-AI/datasets/production/dfire/train/images/AoF00064.jpg,exact_duplicate_dhash_d0
/home/z/my-project/Factory-AI/datasets/production/dfire/train/images/AoF00082.jpg,/home/z/my-project/Factory-AI/datasets/production/dfire/train/images/AoF00064.jpg,exact_duplicate_dhash_d0
/home/z/my-project/Factory-AI/datasets/production/dfire/train/images/AoF00083.jpg,/home/z/my-project/Factory-AI/datasets/production/dfire/test/images/AoF06734.jpg,exact_duplicate_dhash_d0
/home/z/my-project/Factory-AI/datasets/production/dfire/train/images/AoF00086.jpg,/home/z/my-project/Factory-AI/datasets/production/dfire/test/images/AoF06738.jpg,exact_duplicate_dhash_d0
/home/z/my-project/Factory-AI/datasets/production/dfire/train/images/AoF00087.jpg,/home/z/my-project/Factory-AI/datasets/production/dfire/test/images/AoF06738.jpg,exact_duplicate_dhash_d0
/home/z/my-project/Factory-AI/datasets/production/dfire/train/images/AoF00088.jpg,/home/z/my-project/Factory-AI/datasets/production/dfire/test/images/AoF06741.jpg,exact_duplicate_dhash_d0
/home/z/my-project/Factory-AI/datasets/production/dfire/train/images/AoF00093.jpg,/home/z/my-project/Factory-AI/datasets/production/dfire/test/images/AoF06734.jpg,exact_duplicate_dhash_d0
/home/z/my-project/Factory-AI/datasets/production/dfire/train/images/AoF00095.jpg,/home/z/my-project/Factory-AI/datasets/production/dfire/train/images/AoF00094.jpg,exact_duplicate_dhash_d0
/home/z/my-project/Factory-AI/datasets/production/dfire/train/images/AoF00096.jpg,/home/z/my-project/Factory-AI/datasets/production/dfire/train/images/AoF00094.jpg,exact_duplicate_dhash_d0
/home/z/my-project/Factory-AI/datasets/production/dfire/train/images/AoF00098.jpg,/home/z/my-project/Factory-AI/datasets/production/dfire/test/images/AoF06737.jpg,exact_duplicate_dhash_d0
/home/z/my-project/Factory-AI/datasets/production/dfire/train/images/AoF00099.jpg,/home/z/my-project/Factory-AI/datasets/production/dfire/test/images/AoF06737.jpg,exact_duplicate_dhash_d0
/home/z/my-project/Factory-AI/datasets/production/dfire/train/images/AoF00100.jpg,/home/z/my-project/Factory-AI/datasets/production/dfire/test/images/AoF06738.jpg,exact_duplicate_dhash_d0
/home/z/my-project/Factory-AI/datasets/production/dfire/train/images/AoF00101.jpg,/home/z/my-project/Factory-AI/datasets/production/dfire/train/images/AoF00072.jpg,exact_duplicate_dhash_d0
/home/z/my-project/Factory-AI/datasets/production/dfire/train/images/AoF00102.jpg,/home/z/my-project/Factory-AI/datasets/production/dfire/test/images/AoF06741.jpg,exact_duplicate_dhash_d0
/home/z/my-project/Factory-AI/datasets/production/dfire/train/images/AoF00103.jpg,/home/z/my-project/Factory-AI/datasets/production/dfire/test/images/AoF07706.jpg,exact_duplicate_dhash_d0
/home/z/my-project/Factory-AI/datasets/production/dfire/train/images/AoF00104.jpg,/home/z/my-project/Factory-AI/datasets/production/dfire/test/images/AoF06739.jpg,exact_duplicate_dhash_d0
/home/z/my-project/Factory-AI/datasets/production/dfire/train/images/AoF00107.jpg,/home/z/my-project/Factory-AI/datasets/production/dfire/train/images/AoF00106.jpg,exact_duplicate_dhash_d0
/home/z/my-project/Factory-AI/datasets/production/dfire/train/images/AoF00108.jpg,/home/z/my-project/Factory-AI/datasets/production/dfire/test/images/AoF06741.jpg,exact_duplicate_dhash_d0
/home/z/my-project/Factory-AI/datasets/production/dfire/train/images/AoF00109.jpg,/home/z/my-project/Factory-AI/datasets/production/dfire/train/images/AoF00072.jpg,exact_duplicate_dhash_d0
/home/z/my-project/Factory-AI/datasets/production/dfire/train/images/AoF00110.jpg,/home/z/my-project/Factory-AI/datasets/production/dfire/test/images/AoF06741.jpg,exact_duplicate_dhash_d0
/home/z/my-project/Factory-AI/datasets/production/dfire/train/images/AoF00111.jpg,/home/z/my-project/Factory-AI/datasets/production/dfire/test/images/AoF06742.jpg,exact_duplicate_dhash_d0
/home/z/my-project/Factory-AI/datasets/production/dfire/train/images/AoF00116.jpg,/home/z/my-project/Factory-AI/datasets/production/dfire/train/images/AoF00115.jpg,exact_duplicate_dhash_d0
/home/z/my-project/Factory-AI/datasets/production/dfire/train/images/AoF00117.jpg,/home/z/my-project/Factory-AI/datasets/production/dfire/train/images/AoF00115.jpg,exact_duplicate_dhash_d0
/home/z/my-project/Factory-AI/datasets/production/dfire/train/images/AoF00118.jpg,/home/z/my-project/Factory-AI/datasets/production/dfire/train/images/AoF00072.jpg,exact_duplicate_dhash_d0
/home/z/my-project/Factory-AI/datasets/production/dfire/train/images/AoF00120.jpg,/home/z/my-project/Factory-AI/datasets/production/dfire/train/images/AoF00119.jpg,exact_duplicate_dhash_d0
/home/z/my-project/Factory-AI/datasets/production/dfire/train/images/AoF00121.jpg,/home/z/my-project/Factory-AI/datasets/production/dfire/train/images/AoF00119.jpg,exact_duplicate_dhash_d0
/home/z/my-project/Factory-AI/datasets/production/dfire/train/images/AoF00123.jpg,/home/z/my-project/Factory-AI/datasets/production/dfire/test/images/AoF06744.jpg,exact_duplicate_dhash_d0
/home/z/my-project/Factory-AI/datasets/production/dfire/train/images/AoF00124.jpg,/home/z/my-project/Factory-AI/datasets/production/dfire/test/images/AoF06745.jpg,exact_duplicate_dhash_d0
/home/z/my-project/Factory-AI/datasets/production/dfire/train/images/AoF00125.jpg,/home/z/my-project/Factory-AI/datasets/production/dfire/test/images/AoF06745.jpg,exact_duplicate_dhash_d0
/home/z/my-project/Factory-AI/datasets/production/dfire/train/images/AoF00130.jpg,/home/z/my-project/Factory-AI/datasets/production/dfire/test/images/AoF07650.jpg,exact_duplicate_dhash_d0
/home/z/my-project/Factory-AI/datasets/production/dfire/train/images/AoF00131.jpg,/home/z/my-project/Factory-AI/datasets/production/dfire/test/images/AoF06741.jpg,exact_duplicate_dhash_d0
/home/z/my-project/Factory-AI/datasets/production/dfire/train/images/AoF00134.jpg,/home/z/my-project/Factory-AI/datasets/production/dfire/train/images/AoF00126.jpg,exact_duplicate_dhash_d0
/home/z/my-project/Factory-AI/datasets/production/dfire/train/images/AoF00136.jpg,/home/z/my-project/Factory-AI/datasets/production/dfire/test/images/AoF06751.jpg,exact_duplicate_dhash_d0
/home/z/my-project/Factory-AI/datasets/production/dfire/train/images/AoF00137.jpg,/home/z/my-project/Factory-AI/datasets/production/dfire/test/images/AoF06753.jpg,exact_duplicate_dhash_d0
/home/z/my-project/Factory-AI/datasets/production/dfire/train/images/AoF00142.jpg,/home/z/my-project/Factory-AI/datasets/production/dfire/test/images/AoF06753.jpg,exact_duplicate_dhash_d0
/home/z/my-project/Factory-AI/datasets/production/dfire/train/images/AoF00143.jpg,/home/z/my-project/Factory-AI/datasets/production/dfire/test/images/AoF06753.jpg,exact_duplicate_dhash_d0
/home/z/my-project/Factory-AI/datasets/production/dfire/train/images/AoF00144.jpg,/home/z/my-project/Factory-AI/datasets/production/dfire/test/images/AoF06753.jpg,exact_duplicate_dhash_d0
/home/z/my-project/Factory-AI/datasets/production/dfire/train/images/AoF00148.jpg,/home/z/my-project/Factory-AI/datasets/production/dfire/test/images/AoF06755.jpg,exact_duplicate_dhash_d0
/home/z/my-project/Factory-AI/datasets/production/dfire/train/images/AoF00149.jpg,/home/z/my-project/Factory-AI/datasets/production/dfire/test/images/AoF06755.jpg,exact_duplicate_dhash_d0
/home/z/my-project/Factory-AI/datasets/production/dfire/train/images/AoF00150.jpg,/home/z/my-project/Factory-AI/datasets/production/dfire/test/images/AoF06755.jpg,exact_duplicate_dhash_d0
/home/z/my-project/Factory-AI/datasets/production/dfire/train/images/AoF00151.jpg,/home/z/my-project/Factory-AI/datasets/production/dfire/train/images/AoF00140.jpg,exact_duplicate_dhash_d0
/home/z/my-project/Factory-AI/datasets/production/dfire/train/images/AoF00152.jpg,/home/z/my-project/Factory-AI/datasets/production/dfire/test/images/AoF06755.jpg,exact_duplicate_dhash_d0
/home/z/my-project/Factory-AI/datasets/production/dfire/train/images/AoF00153.jpg,/home/z/my-project/Factory-AI/datasets/production/dfire/test/images/AoF06755.jpg,exact_duplicate_dhash_d0
/home/z/my-project/Factory-AI/datasets/production/dfire/train/images/AoF00154.jpg,/home/z/my-project/Factory-AI/datasets/production/dfire/test/images/AoF06756.jpg,exact_duplicate_dhash_d0
/home/z/my-project/Factory-AI/datasets/production/dfire/train/images/AoF00155.jpg,/home/z/my-project/Factory-AI/datasets/production/dfire/test/images/AoF06756.jpg,exact_duplicate_dhash_d0
/home/z/my-project/Factory-AI/datasets/production/dfire/train/images/AoF00160.jpg,/home/z/my-project/Factory-AI/datasets/production/dfire/train/images/AoF00140.jpg,exact_duplicate_dhash_d0
/home/z/my-project/Factory-AI/datasets/production/dfire/train/images/AoF00161.jpg,/home/z/my-project/Factory-AI/datasets/production/dfire/train/images/AoF00159.jpg,exact_duplicate_dhash_d0
/home/z/my-project/Factory-AI/datasets/production/dfire/train/images/AoF00162.jpg,/home/z/my-project/Factory-AI/datasets/production/dfire/train/images/AoF00159.jpg,exact_duplicate_dhash_d0
/home/z/my-project/Factory-AI/datasets/production/dfire/train/images/AoF00165.jpg,/home/z/my-project/Factory-AI/datasets/production/dfire/test/images/AoF06753.jpg,exact_duplicate_dhash_d0
/home/z/my-project/Factory-AI/datasets/production/dfire/train/images/AoF00166.jpg,/home/z/my-project/Factory-AI/datasets/production/dfire/test/images/AoF06753.jpg,exact_duplicate_dhash_d0
/home/z/my-project/Factory-AI/datasets/production/dfire/train/images/AoF00169.jpg,/home/z/my-project/Factory-AI/datasets/production/dfire/train/images/AoF00140.jpg,exact_duplicate_dhash_d0
/home/z/my-project/Factory-AI/datasets/production/dfire/train/images/AoF00173.jpg,/home/z/my-project/Factory-AI/datasets/production/dfire/test/images/AoF06760.jpg,exact_duplicate_dhash_d0
/home/z/my-project/Factory-AI/datasets/production/dfire/train/images/AoF00177.jpg,/home/z/my-project/Factory-AI/datasets/production/dfire/train/images/AoF00057.jpg,exact_duplicate_dhash_d0
/home/z/my-project/Factory-AI/datasets/production/dfire/train/images/AoF00178.jpg,/home/z/my-project/Factory-AI/datasets/production/dfire/test/images/AoF08336.jpg,exact_duplicate_dhash_d0
/home/z/my-project/Factory-AI/datasets/production/dfire/train/images/AoF00179.jpg,/home/z/my-project/Factory-AI/datasets/production/dfire/test/images/AoF08336.jpg,exact_duplicate_dhash_d0
/home/z/my-project/Factory-AI/datasets/production/dfire/train/images/AoF00180.jpg,/home/z/my-project/Factory-AI/datasets/production/dfire/test/images/AoF08336.jpg,exact_duplicate_dhash_d0
/home/z/my-project/Factory-AI/datasets/production/dfire/train/images/AoF00181.jpg,/home/z/my-project/Factory-AI/datasets/production/dfire/test/images/AoF06760.jpg,exact_duplicate_dhash_d0
/home/z/my-project/Factory-AI/datasets/production/dfire/train/images/AoF00183.jpg,/home/z/my-project/Factory-AI/datasets/production/dfire/test/images/AoF06774.jpg,exact_duplicate_dhash_d0
/home/z/my-project/Factory-AI/datasets/production/dfire/train/images/AoF00184.jpg,/home/z/my-project/Factory-AI/datasets/production/dfire/test/images/AoF06760.jpg,exact_duplicate_dhash_d0
/home/z/my-project/Factory-AI/datasets/production/dfire/train/images/AoF00185.jpg,/home/z/my-project/Factory-AI/datasets/production/dfire/train/images/AoF00057.jpg,exact_duplicate_dhash_d0
/home/z/my-project/Factory-AI/datasets/production/dfire/train/images/AoF00186.jpg,/home/z/my-project/Factory-AI/datasets/production/dfire/test/images/AoF06760.jpg,exact_duplicate_dhash_d0
/home/z/my-project/Factory-AI/datasets/production/dfire/train/images/AoF00187.jpg,/home/z/my-project/Factory-AI/datasets/production/dfire/test/images/AoF06760.jpg,exact_duplicate_dhash_d0
/home/z/my-project/Factory-AI/datasets/production/dfire/train/images/AoF00189.jpg,/home/z/my-project/Factory-AI/datasets/production/dfire/train/images/AoF00188.jpg,exact_duplicate_dhash_d0
/home/z/my-project/Factory-AI/datasets/production/dfire/train/images/AoF00194.jpg,/home/z/my-project/Factory-AI/datasets/production/dfire/train/images/AoF00057.jpg,exact_duplicate_dhash_d0
/home/z/my-project/Factory-AI/datasets/production/dfire/train/images/AoF00195.jpg,/home/z/my-project/Factory-AI/datasets/production/dfire/train/images/AoF00157.jpg,exact_duplicate_dhash_d0
/home/z/my-project/Factory-AI/datasets/production/dfire/train/images/AoF00197.jpg,/home/z/my-project/Factory-AI/datasets/production/dfire/train/images/AoF00174.jpg,exact_duplicate_dhash_d0
/home/z/my-project/Factory-AI/datasets/production/dfire/train/images/AoF00198.jpg,/home/z/my-project/Factory-AI/datasets/production/dfire/train/images/AoF00196.jpg,exact_duplicate_dhash_d0
/home/z/my-project/Factory-AI/datasets/production/dfire/train/images/AoF00201.jpg,/home/z/my-project/Factory-AI/datasets/production/dfire/test/images/AoF06768.jpg,exact_duplicate_dhash_d0
/home/z/my-project/Factory-AI/datasets/production/dfire/train/images/AoF00205.jpg,/home/z/my-project/Factory-AI/datasets/production/dfire/test/images/AoF06769.jpg,exact_duplicate_dhash_d0
/home/z/my-project/Factory-AI/datasets/production/dfire/train/images/AoF00206.jpg,/home/z/my-project/Factory-AI/datasets/production/dfire/test/images/AoF06770.jpg,exact_duplicate_dhash_d0
/home/z/my-project/Factory-AI/datasets/production/dfire/train/images/AoF00208.jpg,/home/z/my-project/Factory-AI/datasets/production/dfire/train/images/AoF00207.jpg,exact_duplicate_dhash_d0
/home/z/my-project/Factory-AI/datasets/production/dfire/train/images/AoF00209.jpg,/home/z/my-project/Factory-AI/datasets/production/dfire/train/images/AoF00207.jpg,exact_duplicate_dhash_d0
/home/z/my-project/Factory-AI/datasets/production/dfire/train/images/AoF00211.jpg,/home/z/my-project/Factory-AI/datasets/production/dfire/train/images/AoF00203.jpg,exact_duplicate_dhash_d0
/home/z/my-project/Factory-AI/datasets/production/dfire/train/images/AoF00213.jpg,/home/z/my-project/Factory-AI/datasets/production/dfire/test/images/AoF08325.jpg,exact_duplicate_dhash_d0
/home/z/my-project/Factory-AI/datasets/production/dfire/train/images/AoF00218.jpg,/home/z/my-project/Factory-AI/datasets/production/dfire/test/images/AoF06774.jpg,exact_duplicate_dhash_d0
/home/z/my-project/Factory-AI/datasets/production/dfire/train/images/AoF00220.jpg,/home/z/my-project/Factory-AI/datasets/production/dfire/test/images/AoF06774.jpg,exact_duplicate_dhash_d0
/home/z/my-project/Factory-AI/datasets/production/dfire/train/images/AoF00221.jpg,/home/z/my-project/Factory-AI/datasets/production/dfire/test/images/AoF06755.jpg,exact_duplicate_dhash_d0
/home/z/my-project/Factory-AI/datasets/production/dfire/train/images/AoF00223.jpg,/home/z/my-project/Factory-AI/datasets/production/dfire/test/images/AoF06763.jpg,exact_duplicate_dhash_d0
/home/z/my-project/Factory-AI/datasets/production/dfire/train/images/AoF00230.jpg,/home/z/my-project/Factory-AI/datasets/production/dfire/train/images/AoF00228.jpg,exact_duplicate_dhash_d0
/home/z/my-project/Factory-AI/datasets/production/dfire/train/images/AoF00231.jpg,/home/z/my-project/Factory-AI/datasets/production/dfire/test/images/AoF06755.jpg,exact_duplicate_dhash_d0
/home/z/my-project/Factory-AI/datasets/production/dfire/train/images/AoF00234.jpg,/home/z/my-project/Factory-AI/datasets/production/dfire/train/images/AoF00175.jpg,exact_duplicate_dhash_d0
/home/z/my-project/Factory-AI/datasets/production/dfire/train/images/AoF00235.jpg,/home/z/my-project/Factory-AI/datasets/production/dfire/test/images/AoF06776.jpg,exact_duplicate_dhash_d0
/home/z/my-project/Factory-AI/datasets/production/dfire/train/images/AoF00236.jpg,/home/z/my-project/Factory-AI/datasets/production/dfire/test/images/AoF06755.jpg,exact_duplicate_dhash_d0
/home/z/my-project/Factory-AI/datasets/production/dfire/train/images/AoF00237.jpg,/home/z/my-project/Factory-AI/datasets/production/dfire/train/images/AoF00188.jpg,exact_duplicate_dhash_d0
/home/z/my-project/Factory-AI/datasets/production/dfire/train/images/AoF00239.jpg,/home/z/my-project/Factory-AI/datasets/production/dfire/train/images/AoF00222.jpg,exact_duplicate_dhash_d0
/home/z/my-project/Factory-AI/datasets/production/dfire/train/images/AoF00240.jpg,/home/z/my-project/Factory-AI/datasets/production/dfire/train/images/AoF00222.jpg,exact_duplicate_dhash_d0
/home/z/my-project/Factory-AI/datasets/production/dfire/train/images/AoF00244.jpg,/home/z/my-project/Factory-AI/datasets/production/dfire/test/images/AoF06776.jpg,exact_duplicate_dhash_d0
/home/z/my-project/Factory-AI/datasets/production/dfire/train/images/AoF00245.jpg,/home/z/my-project/Factory-AI/datasets/production/dfire/test/images/AoF06776.jpg,exact_duplicate_dhash_d0
/home/z/my-project/Factory-AI/datasets/production/dfire/train/images/AoF00246.jpg,/home/z/my-project/Factory-AI/datasets/production/dfire/test/images/AoF06776.jpg,exact_duplicate_dhash_d0
/home/z/my-project/Factory-AI/datasets/production/dfire/train/images/AoF00248.jpg,/home/z/my-project/Factory-AI/datasets/production/dfire/train/images/AoF00247.jpg,exact_duplicate_dhash_d0
/home/z/my-project/Factory-AI/datasets/production/dfire/train/images/AoF00251.jpg,/home/z/my-project/Factory-AI/datasets/production/dfire/test/images/AoF06753.jpg,exact_duplicate_dhash_d0
/home/z/my-project/Factory-AI/datasets/production/dfire/train/images/AoF00252.jpg,/home/z/my-project/Factory-AI/datasets/production/dfire/test/images/AoF06753.jpg,exact_duplicate_dhash_d0
/home/z/my-project/Factory-AI/datasets/production/dfire/train/images/AoF00253.jpg,/home/z/my-project/Factory-AI/datasets/production/dfire/test/images/AoF06753.jpg,exact_duplicate_dhash_d0
/home/z/my-project/Factory-AI/datasets/production/dfire/train/images/AoF00256.jpg,/home/z/my-project/Factory-AI/datasets/production/dfire/test/images/AoF06753.jpg,exact_duplicate_dhash_d0
/home/z/my-project/Factory-AI/datasets/production/dfire/train/images/AoF00257.jpg,/home/z/my-project/Factory-AI/datasets/production/dfire/test/images/AoF06753.jpg,exact_duplicate_dhash_d0
/home/z/my-project/Factory-AI/datasets/production/dfire/train/images/AoF00258.jpg,/home/z/my-project/Factory-AI/datasets/production/dfire/test/images/AoF06753.jpg,exact_duplicate_dhash_d0
/home/z/my-project/Factory-AI/datasets/production/dfire/train/images/AoF00260.jpg,/home/z/my-project/Factory-AI/datasets/production/dfire/test/images/AoF06753.jpg,exact_duplicate_dhash_d0
/home/z/my-project/Factory-AI/datasets/production/dfire/train/images/AoF00261.jpg,/home/z/my-project/Factory-AI/datasets/production/dfire/test/images/AoF06753.jpg,exact_duplicate_dhash_d0
/home/z/my-project/Factory-AI/datasets/production/dfire/train/images/AoF00264.jpg,/home/z/my-project/Factory-AI/datasets/production/dfire/train/images/AoF00263.jpg,exact_duplicate_dhash_d0
/home/z/my-project/Factory-AI/datasets/production/dfire/train/images/AoF00265.jpg,/home/z/my-project/Factory-AI/datasets/production/dfire/train/images/AoF00254.jpg,exact_duplicate_dhash_d0
/home/z/my-project/Factory-AI/datasets/production/dfire/train/images/AoF00267.jpg,/home/z/my-project/Factory-AI/datasets/production/dfire/test/images/AoF06778.jpg,exact_duplicate_dhash_d0
/home/z/my-project/Factory-AI/datasets/production/dfire/train/images/AoF00268.jpg,/home/z/my-project/Factory-AI/datasets/production/dfire/train/images/AoF00262.jpg,exact_duplicate_dhash_d0
/home/z/my-project/Factory-AI/datasets/production/dfire/train/images/AoF00271.jpg,/home/z/my-project/Factory-AI/datasets/production/dfire/train/images/AoF00247.jpg,exact_duplicate_dhash_d0
/home/z/my-project/Factory-AI/datasets/production/dfire/train/images/AoF00272.jpg,/home/z/my-project/Factory-AI/datasets/production/dfire/test/images/AoF06753.jpg,exact_duplicate_dhash_d0
/home/z/my-project/Factory-AI/datasets/production/dfire/train/images/AoF00273.jpg,/home/z/my-project/Factory-AI/datasets/production/dfire/test/images/AoF06753.jpg,exact_duplicate_dhash_d0
/home/z/my-project/Factory-AI/datasets/production/dfire/train/images/AoF00274.jpg,/home/z/my-project/Factory-AI/datasets/production/dfire/test/images/AoF06753.jpg,exact_duplicate_dhash_d0
/home/z/my-project/Factory-AI/datasets/production/dfire/train/images/AoF00275.jpg,/home/z/my-project/Factory-AI/datasets/production/dfire/test/images/AoF06753.jpg,exact_duplicate_dhash_d0
/home/z/my-project/Factory-AI/datasets/production/dfire/train/images/AoF00276.jpg,/home/z/my-project/Factory-AI/datasets/production/dfire/test/images/AoF06753.jpg,exact_duplicate_dhash_d0
/home/z/my-project/Factory-AI/datasets/production/dfire/train/images/AoF00277.jpg,/home/z/my-project/Factory-AI/datasets/production/dfire/test/images/AoF06781.jpg,exact_duplicate_dhash_d0
/home/z/my-project/Factory-AI/datasets/production/dfire/train/images/AoF00278.jpg,/home/z/my-project/Factory-AI/datasets/production/dfire/test/images/AoF06781.jpg,exact_duplicate_dhash_d0
/home/z/my-project/Factory-AI/datasets/production/dfire/train/images/AoF00281.jpg,/home/z/my-project/Factory-AI/datasets/production/dfire/test/images/AoF06782.jpg,exact_duplicate_dhash_d0
/home/z/my-project/Factory-AI/datasets/production/dfire/train/images/AoF00282.jpg,/home/z/my-project/Factory-AI/datasets/production/dfire/test/images/AoF06753.jpg,exact_duplicate_dhash_d0
/home/z/my-project/Factory-AI/datasets/production/dfire/train/images/AoF00283.jpg,/home/z/my-project/Factory-AI/datasets/production/dfire/test/images/AoF06755.jpg,exact_duplicate_dhash_d0
/home/z/my-project/Factory-AI/datasets/production/dfire/train/images/AoF00284.jpg,/home/z/my-project/Factory-AI/datasets/production/dfire/train/images/AoF00254.jpg,exact_duplicate_dhash_d0
/home/z/my-project/Factory-AI/datasets/production/dfire/train/images/AoF00286.jpg,/home/z/my-project/Factory-AI/datasets/production/dfire/train/images/AoF00254.jpg,exact_duplicate_dhash_d0
/home/z/my-project/Factory-AI/datasets/production/dfire/train/images/AoF00289.jpg,/home/z/my-project/Factory-AI/datasets/production/dfire/train/images/AoF00288.jpg,exact_duplicate_dhash_d0
/home/z/my-project/Factory-AI/datasets/production/dfire/train/images/AoF00293.jpg,/home/z/my-project/Factory-AI/datasets/production/dfire/train/images/AoF00291.jpg,exact_duplicate_dhash_d0
/home/z/my-project/Factory-AI/datasets/production/dfire/train/images/AoF00294.jpg,/home/z/my-project/Factory-AI/datasets/production/dfire/test/images/AoF06756.jpg,exact_duplicate_dhash_d0
/home/z/my-project/Factory-AI/datasets/production/dfire/train/images/AoF00296.jpg,/home/z/my-project/Factory-AI/datasets/production/dfire/test/images/AoF06756.jpg,exact_duplicate_dhash_d0
/home/z/my-project/Factory-AI/datasets/production/dfire/train/images/AoF00299.jpg,/home/z/my-project/Factory-AI/datasets/production/dfire/train/images/AoF00297.jpg,exact_duplicate_dhash_d0
/home/z/my-project/Factory-AI/datasets/production/dfire/train/images/AoF00304.jpg,/home/z/my-project/Factory-AI/datasets/production/dfire/train/images/AoF00303.jpg,exact_duplicate_dhash_d0
/home/z/my-project/Factory-AI/datasets/production/dfire/train/images/AoF00305.jpg,/home/z/my-project/Factory-AI/datasets/production/dfire/test/images/AoF06753.jpg,exact_duplicate_dhash_d0
/home/z/my-project/Factory-AI/datasets/production/dfire/train/images/AoF00306.jpg,/home/z/my-project/Factory-AI/datasets/production/dfire/test/images/AoF06753.jpg,exact_duplicate_dhash_d0
/home/z/my-project/Factory-AI/datasets/production/dfire/train/images/AoF00307.jpg,/home/z/my-project/Factory-AI/datasets/production/dfire/test/images/AoF06791.jpg,exact_duplicate_dhash_d0
/home/z/my-project/Factory-AI/datasets/production/dfire/train/images/AoF00308.jpg,/home/z/my-project/Factory-AI/datasets/production/dfire/test/images/AoF06791.jpg,exact_duplicate_dhash_d0
/home/z/my-project/Factory-AI/datasets/production/dfire/train/images/AoF00309.jpg,/home/z/my-project/Factory-AI/datasets/production/dfire/test/images/AoF06792.jpg,exact_duplicate_dhash_d0
/home/z/my-project/Factory-AI/datasets/production/dfire/train/images/AoF00313.jpg,/home/z/my-project/Factory-AI/datasets/production/dfire/train/images/AoF00311.jpg,exact_duplicate_dhash_d0
/home/z/my-project/Factory-AI/datasets/production/dfire/train/images/AoF00315.jpg,/home/z/my-project/Factory-AI/datasets/production/dfire/test/images/AoF06792.jpg,exact_duplicate_dhash_d0
/home/z/my-project/Factory-AI/datasets/production/dfire/train/images/AoF00317.jpg,/home/z/my-project/Factory-AI/datasets/production/dfire/test/images/AoF06805.jpg,exact_duplicate_dhash_d0
/home/z/my-project/Factory-AI/datasets/production/dfire/train/images/AoF00318.jpg,/home/z/my-project/Factory-AI/datasets/production/dfire/test/images/AoF06806.jpg,exact_duplicate_dhash_d0
/home/z/my-project/Factory-AI/datasets/production/dfire/train/images/AoF00321.jpg,/home/z/my-project/Factory-AI/datasets/production/dfire/train/images/AoF00319.jpg,exact_duplicate_dhash_d0
/home/z/my-project/Factory-AI/datasets/production/dfire/train/images/AoF00323.jpg,/home/z/my-project/Factory-AI/datasets/production/dfire/test/images/AoF06791.jpg,exact_duplicate_dhash_d0
/home/z/my-project/Factory-AI/datasets/production/dfire/train/images/AoF00324.jpg,/home/z/my-project/Factory-AI/datasets/production/dfire/test/images/AoF06792.jpg,exact_duplicate_dhash_d0
/home/z/my-project/Factory-AI/datasets/production/dfire/train/images/AoF00325.jpg,/home/z/my-project/Factory-AI/datasets/production/dfire/test/images/AoF06792.jpg,exact_duplicate_dhash_d0
/home/z/my-project/Factory-AI/datasets/production/dfire/train/images/AoF00326.jpg,/home/z/my-project/Factory-AI/datasets/production/dfire/test/images/AoF06792.jpg,exact_duplicate_dhash_d0
/home/z/my-project/Factory-AI/datasets/production/dfire/train/images/AoF00327.jpg,/home/z/my-project/Factory-AI/datasets/production/dfire/test/images/AoF06792.jpg,exact_duplicate_dhash_d0
/home/z/my-project/Factory-AI/datasets/production/dfire/train/images/AoF00328.jpg,/home/z/my-project/Factory-AI/datasets/production/dfire/test/images/AoF06792.jpg,exact_duplicate_dhash_d0
/home/z/my-project/Factory-AI/datasets/production/dfire/train/images/AoF00333.jpg,/home/z/my-project/Factory-AI/datasets/production/dfire/test/images/AoF06791.jpg,exact_duplicate_dhash_d0
/home/z/my-project/Factory-AI/datasets/production/dfire/train/images/AoF00334.jpg,/home/z/my-project/Factory-AI/datasets/production/dfire/test/images/AoF06791.jpg,exact_duplicate_dhash_d0
/home/z/my-project/Factory-AI/datasets/production/dfire/train/images/AoF00335.jpg,/home/z/my-project/Factory-AI/datasets/production/dfire/test/images/AoF06791.jpg,exact_duplicate_dhash_d0
/home/z/my-project/Factory-AI/datasets/production/dfire/train/images/AoF00336.jpg,/home/z/my-project/Factory-AI/datasets/production/dfire/test/images/AoF06792.jpg,exact_duplicate_dhash_d0
/home/z/my-project/Factory-AI/datasets/production/dfire/train/images/AoF00337.jpg,/home/z/my-project/Factory-AI/datasets/production/dfire/test/images/AoF06792.jpg,exact_duplicate_dhash_d0
/home/z/my-project/Factory-AI/datasets/production/dfire/train/images/AoF00338.jpg,/home/z/my-project/Factory-AI/datasets/production/dfire/test/images/AoF06792.jpg,exact_duplicate_dhash_d0
/home/z/my-project/Factory-AI/datasets/production/dfire/train/images/AoF00339.jpg,/home/z/my-project/Factory-AI/datasets/production/dfire/test/images/AoF06799.jpg,exact_duplicate_dhash_d0
/home/z/my-project/Factory-AI/datasets/production/dfire/train/images/AoF00340.jpg,/home/z/my-project/Factory-AI/datasets/production/dfire/test/images/AoF06795.jpg,exact_duplicate_dhash_d0
/home/z/my-project/Factory-AI/datasets/production/dfire/train/images/AoF00341.jpg,/home/z/my-project/Factory-AI/datasets/production/dfire/test/images/AoF06791.jpg,exact_duplicate_dhash_d0
/home/z/my-project/Factory-AI/datasets/production/dfire/train/images/AoF00342.jpg,/home/z/my-project/Factory-AI/datasets/production/dfire/test/images/AoF06791.jpg,exact_duplicate_dhash_d0
/home/z/my-project/Factory-AI/datasets/production/dfire/train/images/AoF00343.jpg,/home/z/my-project/Factory-AI/datasets/production/dfire/test/images/AoF06791.jpg,exact_duplicate_dhash_d0
/home/z/my-project/Factory-AI/datasets/production/dfire/train/images/AoF00344.jpg,/home/z/my-project/Factory-AI/datasets/production/dfire/test/images/AoF06791.jpg,exact_duplicate_dhash_d0
/home/z/my-project/Factory-AI/datasets/production/dfire/train/images/AoF00345.jpg,/home/z/my-project/Factory-AI/datasets/production/dfire/test/images/AoF06791.jpg,exact_duplicate_dhash_d0
/home/z/my-project/Factory-AI/datasets/production/dfire/train/images/AoF00346.jpg,/home/z/my-project/Factory-AI/datasets/production/dfire/test/images/AoF06792.jpg,exact_duplicate_dhash_d0
/home/z/my-project/Factory-AI/datasets/production/dfire/train/images/AoF00350.jpg,/home/z/my-project/Factory-AI/datasets/production/dfire/test/images/AoF06811.jpg,exact_duplicate_dhash_d0
/home/z/my-project/Factory-AI/datasets/production/dfire/train/images/AoF00352.jpg,/home/z/my-project/Factory-AI/datasets/production/dfire/test/images/AoF06791.jpg,exact_duplicate_dhash_d0
/home/z/my-project/Factory-AI/datasets/production/dfire/train/images/AoF00353.jpg,/home/z/my-project/Factory-AI/datasets/production/dfire/test/images/AoF06792.jpg,exact_duplicate_dhash_d0
/home/z/my-project/Factory-AI/datasets/production/dfire/train/images/AoF00354.jpg,/home/z/my-project/Factory-AI/datasets/production/dfire/test/images/AoF06799.jpg,exact_duplicate_dhash_d0
/home/z/my-project/Factory-AI/datasets/production/dfire/train/images/AoF00357.jpg,/home/z/my-project/Factory-AI/datasets/production/dfire/test/images/AoF08191.jpg,exact_duplicate_dhash_d0
/home/z/my-project/Factory-AI/datasets/production/dfire/train/images/AoF00358.jpg,/home/z/my-project/Factory-AI/datasets/production/dfire/test/images/AoF06792.jpg,exact_duplicate_dhash_d0
/home/z/my-project/Factory-AI/datasets/production/dfire/train/images/AoF00359.jpg,/home/z/my-project/Factory-AI/datasets/production/dfire/test/images/AoF06791.jpg,exact_duplicate_dhash_d0
/home/z/my-project/Factory-AI/datasets/production/dfire/train/images/AoF00360.jpg,/home/z/my-project/Factory-AI/datasets/production/dfire/test/images/AoF06799.jpg,exact_duplicate_dhash_d0
/home/z/my-project/Factory-AI/datasets/production/dfire/train/images/AoF00361.jpg,/home/z/my-project/Factory-AI/datasets/production/dfire/test/images/AoF06795.jpg,exact_duplicate_dhash_d0
/home/z/my-project/Factory-AI/datasets/production/dfire/train/images/AoF00362.jpg,/home/z/my-project/Factory-AI/datasets/production/dfire/test/images/AoF06799.jpg,exact_duplicate_dhash_d0
/home/z/my-project/Factory-AI/datasets/production/dfire/train/images/AoF00366.jpg,/home/z/my-project/Factory-AI/datasets/production/dfire/test/images/AoF06791.jpg,exact_duplicate_dhash_d0
/home/z/my-project/Factory-AI/datasets/production/dfire/train/images/AoF00367.jpg,/home/z/my-project/Factory-AI/datasets/production/dfire/test/images/AoF08191.jpg,exact_duplicate_dhash_d0
/home/z/my-project/Factory-AI/datasets/production/dfire/train/images/AoF00368.jpg,/home/z/my-project/Factory-AI/datasets/production/dfire/test/images/AoF06802.jpg,exact_duplicate_dhash_d0
/home/z/my-project/Factory-AI/datasets/production/dfire/train/images/AoF00369.jpg,/home/z/my-project/Factory-AI/datasets/production/dfire/test/images/AoF06802.jpg,exact_duplicate_dhash_d0
/home/z/my-project/Factory-AI/datasets/production/dfire/train/images/AoF00370.jpg,/home/z/my-project/Factory-AI/datasets/production/dfire/test/images/AoF06792.jpg,exact_duplicate_dhash_d0
/home/z/my-project/Factory-AI/datasets/production/dfire/train/images/AoF00373.jpg,/home/z/my-project/Factory-AI/datasets/production/dfire/train/images/AoF00371.jpg,exact_duplicate_dhash_d0
/home/z/my-project/Factory-AI/datasets/production/dfire/train/images/AoF00377.jpg,/home/z/my-project/Factory-AI/datasets/production/dfire/test/images/AoF06847.jpg,exact_duplicate_dhash_d0
/home/z/my-project/Factory-AI/datasets/production/dfire/train/images/AoF00378.jpg,/home/z/my-project/Factory-AI/datasets/production/dfire/test/images/AoF08191.jpg,exact_duplicate_dhash_d0
/home/z/my-project/Factory-AI/datasets/production/dfire/train/images/AoF00379.jpg,/home/z/my-project/Factory-AI/datasets/production/dfire/test/images/AoF06802.jpg,exact_duplicate_dhash_d0
/home/z/my-project/Factory-AI/datasets/production/dfire/train/images/AoF00380.jpg,/home/z/my-project/Factory-AI/datasets/production/dfire/test/images/AoF06802.jpg,exact_duplicate_dhash_d0
/home/z/my-project/Factory-AI/datasets/production/dfire/train/images/AoF00381.jpg,/home/z/my-project/Factory-AI/datasets/production/dfire/test/images/AoF06802.jpg,exact_duplicate_dhash_d0
/home/z/my-project/Factory-AI/datasets/production/dfire/train/images/AoF00388.jpg,/home/z/my-project/Factory-AI/datasets/production/dfire/test/images/AoF06792.jpg,exact_duplicate_dhash_d0
/home/z/my-project/Factory-AI/datasets/production/dfire/train/images/AoF00391.jpg,/home/z/my-project/Factory-AI/datasets/production/dfire/train/images/AoF00390.jpg,exact_duplicate_dhash_d0
/home/z/my-project/Factory-AI/datasets/production/dfire/train/images/AoF00392.jpg,/home/z/my-project/Factory-AI/datasets/production/dfire/test/images/AoF06804.jpg,exact_duplicate_dhash_d0
/home/z/my-project/Factory-AI/datasets/production/dfire/train/images/AoF00394.jpg,/home/z/my-project/Factory-AI/datasets/production/dfire/test/images/AoF06791.jpg,exact_duplicate_dhash_d0
/home/z/my-project/Factory-AI/datasets/production/dfire/train/images/AoF00395.jpg,/home/z/my-project/Factory-AI/datasets/production/dfire/test/images/AoF06806.jpg,exact_duplicate_dhash_d0
/home/z/my-project/Factory-AI/datasets/production/dfire/train/images/AoF00396.jpg,/home/z/my-project/Factory-AI/datasets/production/dfire/test/images/AoF06809.jpg,exact_duplicate_dhash_d0
/home/z/my-project/Factory-AI/datasets/production/dfire/train/images/AoF00397.jpg,/home/z/my-project/Factory-AI/datasets/production/dfire/test/images/AoF06806.jpg,exact_duplicate_dhash_d0
/home/z/my-project/Factory-AI/datasets/production/dfire/train/images/AoF00398.jpg,/home/z/my-project/Factory-AI/datasets/production/dfire/test/images/AoF06792.jpg,exact_duplicate_dhash_d0
/home/z/my-project/Factory-AI/datasets/production/dfire/train/images/AoF00399.jpg,/home/z/my-project/Factory-AI/datasets/production/dfire/test/images/AoF06791.jpg,exact_duplicate_dhash_d0
/home/z/my-project/Factory-AI/datasets/production/dfire/train/images/AoF00404.jpg,/home/z/my-project/Factory-AI/datasets/production/dfire/test/images/AoF06807.jpg,exact_duplicate_dhash_d0
/home/z/my-project/Factory-AI/datasets/production/dfire/train/images/AoF00405.jpg,/home/z/my-project/Factory-AI/datasets/production/dfire/test/images/AoF06808.jpg,exact_duplicate_dhash_d0
/home/z/my-project/Factory-AI/datasets/production/dfire/train/images/AoF00407.jpg,/home/z/my-project/Factory-AI/datasets/production/dfire/test/images/AoF06808.jpg,exact_duplicate_dhash_d0
/home/z/my-project/Factory-AI/datasets/production/dfire/train/images/AoF00408.jpg,/home/z/my-project/Factory-AI/datasets/production/dfire/test/images/AoF06805.jpg,exact_duplicate_dhash_d0
/home/z/my-project/Factory-AI/datasets/production/dfire/train/images/AoF00409.jpg,/home/z/my-project/Factory-AI/datasets/production/dfire/test/images/AoF06791.jpg,exact_duplicate_dhash_d0
/home/z/my-project/Factory-AI/datasets/production/dfire/train/images/AoF00410.jpg,/home/z/my-project/Factory-AI/datasets/production/dfire/test/images/AoF06847.jpg,exact_duplicate_dhash_d0
/home/z/my-project/Factory-AI/datasets/production/dfire/train/images/AoF00411.jpg,/home/z/my-project/Factory-AI/datasets/production/dfire/test/images/AoF06792.jpg,exact_duplicate_dhash_d0
/home/z/my-project/Factory-AI/datasets/production/dfire/train/images/AoF00412.jpg,/home/z/my-project/Factory-AI/datasets/production/dfire/test/images/AoF06847.jpg,exact_duplicate_dhash_d0
/home/z/my-project/Factory-AI/datasets/production/dfire/train/images/AoF00413.jpg,/home/z/my-project/Factory-AI/datasets/production/dfire/test/images/AoF06847.jpg,exact_duplicate_dhash_d0
/home/z/my-project/Factory-AI/datasets/production/dfire/train/images/AoF00414.jpg,/home/z/my-project/Factory-AI/datasets/production/dfire/test/images/AoF06847.jpg,exact_duplicate_dhash_d0
/home/z/my-project/Factory-AI/datasets/production/dfire/train/images/AoF00415.jpg,/home/z/my-project/Factory-AI/datasets/production/dfire/test/images/AoF06791.jpg,exact_duplicate_dhash_d0
/home/z/my-project/Factory-AI/datasets/production/dfire/train/images/AoF00416.jpg,/home/z/my-project/Factory-AI/datasets/production/dfire/test/images/AoF06791.jpg,exact_duplicate_dhash_d0
/home/z/my-project/Factory-AI/datasets/production/dfire/train/images/AoF00421.jpg,/home/z/my-project/Factory-AI/datasets/production/dfire/test/images/AoF06811.jpg,exact_duplicate_dhash_d0
/home/z/my-project/Factory-AI/datasets/production/dfire/train/images/AoF00425.jpg,/home/z/my-project/Factory-AI/datasets/production/dfire/train/images/AoF00389.jpg,exact_duplicate_dhash_d0
/home/z/my-project/Factory-AI/datasets/production/dfire/train/images/AoF00426.jpg,/home/z/my-project/Factory-AI/datasets/production/dfire/train/images/AoF00389.jpg,exact_duplicate_dhash_d0
/home/z/my-project/Factory-AI/datasets/production/dfire/train/images/AoF00427.jpg,/home/z/my-project/Factory-AI/datasets/production/dfire/train/images/AoF00389.jpg,exact_duplicate_dhash_d0
/home/z/my-project/Factory-AI/datasets/production/dfire/train/images/AoF00428.jpg,/home/z/my-project/Factory-AI/datasets/production/dfire/test/images/AoF06791.jpg,exact_duplicate_dhash_d0
/home/z/my-project/Factory-AI/datasets/production/dfire/train/images/AoF00431.jpg,/home/z/my-project/Factory-AI/datasets/production/dfire/train/images/AoF00430.jpg,exact_duplicate_dhash_d0
/home/z/my-project/Factory-AI/datasets/production/dfire/train/images/AoF00433.jpg,/home/z/my-project/Factory-AI/datasets/production/dfire/test/images/AoF06817.jpg,exact_duplicate_dhash_d0
/home/z/my-project/Factory-AI/datasets/production/dfire/train/images/AoF00434.jpg,/home/z/my-project/Factory-AI/datasets/production/dfire/test/images/AoF06864.jpg,exact_duplicate_dhash_d0
/home/z/my-project/Factory-AI/datasets/production/dfire/train/images/AoF00435.jpg,/home/z/my-project/Factory-AI/datasets/production/dfire/test/images/AoF06817.jpg,exact_duplicate_dhash_d0
/home/z/my-project/Factory-AI/datasets/production/dfire/train/images/AoF00436.jpg,/home/z/my-project/Factory-AI/datasets/production/dfire/test/images/AoF06817.jpg,exact_duplicate_dhash_d0
/home/z/my-project/Factory-AI/datasets/production/dfire/train/images/AoF00437.jpg,/home/z/my-project/Factory-AI/datasets/production/dfire/test/images/AoF06817.jpg,exact_duplicate_dhash_d0
/home/z/my-project/Factory-AI/datasets/production/dfire/train/images/AoF00441.jpg,/home/z/my-project/Factory-AI/datasets/production/dfire/test/images/AoF06885.jpg,exact_duplicate_dhash_d0
/home/z/my-project/Factory-AI/datasets/production/dfire/train/images/AoF00442.jpg,/home/z/my-project/Factory-AI/datasets/production/dfire/test/images/AoF06885.jpg,exact_duplicate_dhash_d0
/home/z/my-project/Factory-AI/datasets/production/dfire/train/images/AoF00443.jpg,/home/z/my-project/Factory-AI/datasets/production/dfire/test/images/AoF06885.jpg,exact_duplicate_dhash_d0
/home/z/my-project/Factory-AI/datasets/production/dfire/train/images/AoF00444.jpg,/home/z/my-project/Factory-AI/datasets/production/dfire/test/images/AoF06828.jpg,exact_duplicate_dhash_d0
/home/z/my-project/Factory-AI/datasets/production/dfire/train/images/AoF00449.jpg,/home/z/my-project/Factory-AI/datasets/production/dfire/test/images/AoF06885.jpg,exact_duplicate_dhash_d0
/home/z/my-project/Factory-AI/datasets/production/dfire/train/images/AoF00450.jpg,/home/z/my-project/Factory-AI/datasets/production/dfire/test/images/AoF06824.jpg,exact_duplicate_dhash_d0
/home/z/my-project/Factory-AI/datasets/production/dfire/train/images/AoF00451.jpg,/home/z/my-project/Factory-AI/datasets/production/dfire/test/images/AoF06824.jpg,exact_duplicate_dhash_d0
/home/z/my-project/Factory-AI/datasets/production/dfire/train/images/AoF00452.jpg,/home/z/my-project/Factory-AI/datasets/production/dfire/test/images/AoF06817.jpg,exact_duplicate_dhash_d0
/home/z/my-project/Factory-AI/datasets/production/dfire/train/images/AoF00455.jpg,/home/z/my-project/Factory-AI/datasets/production/dfire/train/images/AoF00453.jpg,exact_duplicate_dhash_d0
/home/z/my-project/Factory-AI/datasets/production/dfire/train/images/AoF00456.jpg,/home/z/my-project/Factory-AI/datasets/production/dfire/train/images/AoF00453.jpg,exact_duplicate_dhash_d0
/home/z/my-project/Factory-AI/datasets/production/dfire/train/images/AoF00457.jpg,/home/z/my-project/Factory-AI/datasets/production/dfire/test/images/AoF06819.jpg,exact_duplicate_dhash_d0
/home/z/my-project/Factory-AI/datasets/production/dfire/train/images/AoF00459.jpg,/home/z/my-project/Factory-AI/datasets/production/dfire/test/images/AoF06885.jpg,exact_duplicate_dhash_d0
/home/z/my-project/Factory-AI/datasets/production/dfire/train/images/AoF00465.jpg,/home/z/my-project/Factory-AI/datasets/production/dfire/train/images/AoF00458.jpg,exact_duplicate_dhash_d0
/home/z/my-project/Factory-AI/datasets/production/dfire/train/images/AoF00467.jpg,/home/z/my-project/Factory-AI/datasets/production/dfire/test/images/AoF06834.jpg,exact_duplicate_dhash_d0
/home/z/my-project/Factory-AI/datasets/production/dfire/train/images/AoF00469.jpg,/home/z/my-project/Factory-AI/datasets/production/dfire/train/images/AoF00468.jpg,exact_duplicate_dhash_d0
/home/z/my-project/Factory-AI/datasets/production/dfire/train/images/AoF00470.jpg,/home/z/my-project/Factory-AI/datasets/production/dfire/test/images/AoF06827.jpg,exact_duplicate_dhash_d0
/home/z/my-project/Factory-AI/datasets/production/dfire/train/images/AoF00471.jpg,/home/z/my-project/Factory-AI/datasets/production/dfire/test/images/AoF06827.jpg,exact_duplicate_dhash_d0
/home/z/my-project/Factory-AI/datasets/production/dfire/train/images/AoF00472.jpg,/home/z/my-project/Factory-AI/datasets/production/dfire/train/images/AoF00463.jpg,exact_duplicate_dhash_d0
/home/z/my-project/Factory-AI/datasets/production/dfire/train/images/AoF00473.jpg,/home/z/my-project/Factory-AI/datasets/production/dfire/test/images/AoF06827.jpg,exact_duplicate_dhash_d0
/home/z/my-project/Factory-AI/datasets/production/dfire/train/images/AoF00474.jpg,/home/z/my-project/Factory-AI/datasets/production/dfire/test/images/AoF06829.jpg,exact_duplicate_dhash_d0
/home/z/my-project/Factory-AI/datasets/production/dfire/train/images/AoF00475.jpg,/home/z/my-project/Factory-AI/datasets/production/dfire/test/images/AoF06827.jpg,exact_duplicate_dhash_d0
/home/z/my-project/Factory-AI/datasets/production/dfire/train/images/AoF00477.jpg,/home/z/my-project/Factory-AI/datasets/production/dfire/test/images/AoF06833.jpg,exact_duplicate_dhash_d0
/home/z/my-project/Factory-AI/datasets/production/dfire/train/images/AoF00478.jpg,/home/z/my-project/Factory-AI/datasets/production/dfire/test/images/AoF06885.jpg,exact_duplicate_dhash_d0
/home/z/my-project/Factory-AI/datasets/production/dfire/train/images/AoF00479.jpg,/home/z/my-project/Factory-AI/datasets/production/dfire/test/images/AoF06832.jpg,exact_duplicate_dhash_d0
/home/z/my-project/Factory-AI/datasets/production/dfire/train/images/AoF00480.jpg,/home/z/my-project/Factory-AI/datasets/production/dfire/train/images/AoF00458.jpg,exact_duplicate_dhash_d0
/home/z/my-project/Factory-AI/datasets/production/dfire/train/images/AoF00481.jpg,/home/z/my-project/Factory-AI/datasets/production/dfire/train/images/AoF00458.jpg,exact_duplicate_dhash_d0
/home/z/my-project/Factory-AI/datasets/production/dfire/train/images/AoF00482.jpg,/home/z/my-project/Factory-AI/datasets/production/dfire/test/images/AoF06822.jpg,exact_duplicate_dhash_d0
/home/z/my-project/Factory-AI/datasets/production/dfire/train/images/AoF00484.jpg,/home/z/my-project/Factory-AI/datasets/production/dfire/test/images/AoF06824.jpg,exact_duplicate_dhash_d0
/home/z/my-project/Factory-AI/datasets/production/dfire/train/images/AoF00485.jpg,/home/z/my-project/Factory-AI/datasets/production/dfire/test/images/AoF06824.jpg,exact_duplicate_dhash_d0
/home/z/my-project/Factory-AI/datasets/production/dfire/train/images/AoF00486.jpg,/home/z/my-project/Factory-AI/datasets/production/dfire/test/images/AoF06824.jpg,exact_duplicate_dhash_d0
/home/z/my-project/Factory-AI/datasets/production/dfire/train/images/AoF00487.jpg,/home/z/my-project/Factory-AI/datasets/production/dfire/test/images/AoF06855.jpg,exact_duplicate_dhash_d0
/home/z/my-project/Factory-AI/datasets/production/dfire/train/images/AoF00488.jpg,/home/z/my-project/Factory-AI/datasets/production/dfire/test/images/AoF06817.jpg,exact_duplicate_dhash_d0
/home/z/my-project/Factory-AI/datasets/production/dfire/train/images/AoF00489.jpg,/home/z/my-project/Factory-AI/datasets/production/dfire/test/images/AoF06817.jpg,exact_duplicate_dhash_d0
/home/z/my-project/Factory-AI/datasets/production/dfire/train/images/AoF00490.jpg,/home/z/my-project/Factory-AI/datasets/production/dfire/test/images/AoF06875.jpg,exact_duplicate_dhash_d0
/home/z/my-project/Factory-AI/datasets/production/dfire/train/images/AoF00493.jpg,/home/z/my-project/Factory-AI/datasets/production/dfire/test/images/AoF06834.jpg,exact_duplicate_dhash_d0
/home/z/my-project/Factory-AI/datasets/production/dfire/train/images/AoF00496.jpg,/home/z/my-project/Factory-AI/datasets/production/dfire/test/images/AoF06822.jpg,exact_duplicate_dhash_d0
/home/z/my-project/Factory-AI/datasets/production/dfire/train/images/AoF00497.jpg,/home/z/my-project/Factory-AI/datasets/production/dfire/train/images/AoF00468.jpg,exact_duplicate_dhash_d0
/home/z/my-project/Factory-AI/datasets/production/dfire/train/images/AoF00498.jpg,/home/z/my-project/Factory-AI/datasets/production/dfire/test/images/AoF06824.jpg,exact_duplicate_dhash_d0
/home/z/my-project/Factory-AI/datasets/production/dfire/train/images/AoF00499.jpg,/home/z/my-project/Factory-AI/datasets/production/dfire/test/images/AoF06832.jpg,exact_duplicate_dhash_d0
/home/z/my-project/Factory-AI/datasets/production/dfire/train/images/AoF00501.jpg,/home/z/my-project/Factory-AI/datasets/production/dfire/test/images/AoF06885.jpg,exact_duplicate_dhash_d0
/home/z/my-project/Factory-AI/datasets/production/dfire/train/images/AoF00502.jpg,/home/z/my-project/Factory-AI/datasets/production/dfire/test/images/AoF06827.jpg,exact_duplicate_dhash_d0
/home/z/my-project/Factory-AI/datasets/production/dfire/train/images/AoF00503.jpg,/home/z/my-project/Factory-AI/datasets/production/dfire/test/images/AoF06829.jpg,exact_duplicate_dhash_d0
/home/z/my-project/Factory-AI/datasets/production/dfire/train/images/AoF00504.jpg,/home/z/my-project/Factory-AI/datasets/production/dfire/test/images/AoF06885.jpg,exact_duplicate_dhash_d0
/home/z/my-project/Factory-AI/datasets/production/dfire/train/images/AoF00506.jpg,/home/z/my-project/Factory-AI/datasets/production/dfire/train/images/AoF00458.jpg,exact_duplicate_dhash_d0
/home/z/my-project/Factory-AI/datasets/production/dfire/train/images/AoF00509.jpg,/home/z/my-project/Factory-AI/datasets/production/dfire/test/images/AoF06834.jpg,exact_duplicate_dhash_d0
/home/z/my-project/Factory-AI/datasets/production/dfire/train/images/AoF00510.jpg,/home/z/my-project/Factory-AI/datasets/production/dfire/test/images/AoF06836.jpg,exact_duplicate_dhash_d0
/home/z/my-project/Factory-AI/datasets/production/dfire/train/images/AoF00511.jpg,/home/z/my-project/Factory-AI/datasets/production/dfire/test/images/AoF06862.jpg,exact_duplicate_dhash_d0
/home/z/my-project/Factory-AI/datasets/production/dfire/train/images/AoF00514.jpg,/home/z/my-project/Factory-AI/datasets/production/dfire/train/images/AoF00512.jpg,exact_duplicate_dhash_d0
/home/z/my-project/Factory-AI/datasets/production/dfire/train/images/AoF00515.jpg,/home/z/my-project/Factory-AI/datasets/production/dfire/test/images/AoF06817.jpg,exact_duplicate_dhash_d0
/home/z/my-project/Factory-AI/datasets/production/dfire/train/images/AoF00516.jpg,/home/z/my-project/Factory-AI/datasets/production/dfire/test/images/AoF06824.jpg,exact_duplicate_dhash_d0
/home/z/my-project/Factory-AI/datasets/production/dfire/train/images/AoF00520.jpg,/home/z/my-project/Factory-AI/datasets/production/dfire/train/images/AoF00519.jpg,exact_duplicate_dhash_d0
/home/z/my-project/Factory-AI/datasets/production/dfire/train/images/AoF00521.jpg,/home/z/my-project/Factory-AI/datasets/production/dfire/train/images/AoF00519.jpg,exact_duplicate_dhash_d0
/home/z/my-project/Factory-AI/datasets/production/dfire/train/images/AoF00524.jpg,/home/z/my-project/Factory-AI/datasets/production/dfire/train/images/AoF00438.jpg,exact_duplicate_dhash_d0
/home/z/my-project/Factory-AI/datasets/production/dfire/train/images/AoF00527.jpg,/home/z/my-project/Factory-AI/datasets/production/dfire/train/images/AoF00507.jpg,exact_duplicate_dhash_d0
/home/z/my-project/Factory-AI/datasets/production/dfire/train/images/AoF00530.jpg,/home/z/my-project/Factory-AI/datasets/production/dfire/train/images/AoF00529.jpg,exact_duplicate_dhash_d0
/home/z/my-project/Factory-AI/datasets/production/dfire/train/images/AoF00536.jpg,/home/z/my-project/Factory-AI/datasets/production/dfire/test/images/AoF06824.jpg,exact_duplicate_dhash_d0
/home/z/my-project/Factory-AI/datasets/production/dfire/train/images/AoF00537.jpg,/home/z/my-project/Factory-AI/datasets/production/dfire/test/images/AoF06792.jpg,exact_duplicate_dhash_d0
/home/z/my-project/Factory-AI/datasets/production/dfire/train/images/AoF00538.jpg,/home/z/my-project/Factory-AI/datasets/production/dfire/test/images/AoF06792.jpg,exact_duplicate_dhash_d0
/home/z/my-project/Factory-AI/datasets/production/dfire/train/images/AoF00540.jpg,/home/z/my-project/Factory-AI/datasets/production/dfire/test/images/AoF06824.jpg,exact_duplicate_dhash_d0
/home/z/my-project/Factory-AI/datasets/production/dfire/train/images/AoF00542.jpg,/home/z/my-project/Factory-AI/datasets/production/dfire/test/images/AoF06844.jpg,exact_duplicate_dhash_d0
/home/z/my-project/Factory-AI/datasets/production/dfire/train/images/AoF00543.jpg,/home/z/my-project/Factory-AI/datasets/production/dfire/test/images/AoF06842.jpg,exact_duplicate_dhash_d0
/home/z/my-project/Factory-AI/datasets/production/dfire/train/images/AoF00544.jpg,/home/z/my-project/Factory-AI/datasets/production/dfire/test/images/AoF06842.jpg,exact_duplicate_dhash_d0
/home/z/my-project/Factory-AI/datasets/production/dfire/train/images/AoF00545.jpg,/home/z/my-project/Factory-AI/datasets/production/dfire/test/images/AoF06844.jpg,exact_duplicate_dhash_d0
/home/z/my-project/Factory-AI/datasets/production/dfire/train/images/AoF00546.jpg,/home/z/my-project/Factory-AI/datasets/production/dfire/test/images/AoF06885.jpg,exact_duplicate_dhash_d0
/home/z/my-project/Factory-AI/datasets/production/dfire/train/images/AoF00547.jpg,/home/z/my-project/Factory-AI/datasets/production/dfire/test/images/AoF06844.jpg,exact_duplicate_dhash_d0
/home/z/my-project/Factory-AI/datasets/production/dfire/train/images/AoF00548.jpg,/home/z/my-project/Factory-AI/datasets/production/dfire/train/images/AoF00505.jpg,exact_duplicate_dhash_d0
/home/z/my-project/Factory-AI/datasets/production/dfire/train/images/AoF00549.jpg,/home/z/my-project/Factory-AI/datasets/production/dfire/test/images/AoF06826.jpg,exact_duplicate_dhash_d0
/home/z/my-project/Factory-AI/datasets/production/dfire/train/images/AoF00550.jpg,/home/z/my-project/Factory-AI/datasets/production/dfire/test/images/AoF06817.jpg,exact_duplicate_dhash_d0
/home/z/my-project/Factory-AI/datasets/production/dfire/train/images/AoF00551.jpg,/home/z/my-project/Factory-AI/datasets/production/dfire/test/images/AoF06817.jpg,exact_duplicate_dhash_d0
/home/z/my-project/Factory-AI/datasets/production/dfire/train/images/AoF00554.jpg,/home/z/my-project/Factory-AI/datasets/production/dfire/train/images/AoF00553.jpg,exact_duplicate_dhash_d0
/home/z/my-project/Factory-AI/datasets/production/dfire/train/images/AoF00556.jpg,/home/z/my-project/Factory-AI/datasets/production/dfire/test/images/AoF06817.jpg,exact_duplicate_dhash_d0
/home/z/my-project/Factory-AI/datasets/production/dfire/train/images/AoF00557.jpg,/home/z/my-project/Factory-AI/datasets/production/dfire/test/images/AoF06847.jpg,exact_duplicate_dhash_d0
/home/z/my-project/Factory-AI/datasets/production/dfire/train/images/AoF00558.jpg,/home/z/my-project/Factory-AI/datasets/production/dfire/test/images/AoF06817.jpg,exact_duplicate_dhash_d0
/home/z/my-project/Factory-AI/datasets/production/dfire/train/images/AoF00559.jpg,/home/z/my-project/Factory-AI/datasets/production/dfire/test/images/AoF06817.jpg,exact_duplicate_dhash_d0
/home/z/my-project/Factory-AI/datasets/production/dfire/train/images/AoF00561.jpg,/home/z/my-project/Factory-AI/datasets/production/dfire/test/images/AoF06844.jpg,exact_duplicate_dhash_d0
/home/z/my-project/Factory-AI/datasets/production/dfire/train/images/AoF00562.jpg,/home/z/my-project/Factory-AI/datasets/production/dfire/test/images/AoF06817.jpg,exact_duplicate_dhash_d0
/home/z/my-project/Factory-AI/datasets/production/dfire/train/images/AoF00563.jpg,/home/z/my-project/Factory-AI/datasets/production/dfire/test/images/AoF06817.jpg,exact_duplicate_dhash_d0
/home/z/my-project/Factory-AI/datasets/production/dfire/train/images/AoF00564.jpg,/home/z/my-project/Factory-AI/datasets/production/dfire/test/images/AoF06817.jpg,exact_duplicate_dhash_d0
/home/z/my-project/Factory-AI/datasets/production/dfire/train/images/AoF00565.jpg,/home/z/my-project/Factory-AI/datasets/production/dfire/train/images/AoF00438.jpg,exact_duplicate_dhash_d0
/home/z/my-project/Factory-AI/datasets/production/dfire/train/images/AoF00566.jpg,/home/z/my-project/Factory-AI/datasets/production/dfire/test/images/AoF06829.jpg,exact_duplicate_dhash_d0
/home/z/my-project/Factory-AI/datasets/production/dfire/train/images/AoF00568.jpg,/home/z/my-project/Factory-AI/datasets/production/dfire/test/images/AoF06827.jpg,exact_duplicate_dhash_d0
/home/z/my-project/Factory-AI/datasets/production/dfire/train/images/AoF00569.jpg,/home/z/my-project/Factory-AI/datasets/production/dfire/test/images/AoF06885.jpg,exact_duplicate_dhash_d0
/home/z/my-project/Factory-AI/datasets/production/dfire/train/images/AoF00570.jpg,/home/z/my-project/Factory-AI/datasets/production/dfire/test/images/AoF06875.jpg,exact_duplicate_dhash_d0
/home/z/my-project/Factory-AI/datasets/production/dfire/train/images/AoF00571.jpg,/home/z/my-project/Factory-AI/datasets/production/dfire/test/images/AoF06875.jpg,exact_duplicate_dhash_d0
/home/z/my-project/Factory-AI/datasets/production/dfire/train/images/AoF00574.jpg,/home/z/my-project/Factory-AI/datasets/production/dfire/train/images/AoF00572.jpg,exact_duplicate_dhash_d0
/home/z/my-project/Factory-AI/datasets/production/dfire/train/images/AoF00576.jpg,/home/z/my-project/Factory-AI/datasets/production/dfire/train/images/AoF00453.jpg,exact_duplicate_dhash_d0
/home/z/my-project/Factory-AI/datasets/production/dfire/train/images/AoF00578.jpg,/home/z/my-project/Factory-AI/datasets/production/dfire/train/images/AoF00458.jpg,exact_duplicate_dhash_d0
/home/z/my-project/Factory-AI/datasets/production/dfire/train/images/AoF00580.jpg,/home/z/my-project/Factory-AI/datasets/production/dfire/train/images/AoF00458.jpg,exact_duplicate_dhash_d0
/home/z/my-project/Factory-AI/datasets/production/dfire/train/images/AoF00581.jpg,/home/z/my-project/Factory-AI/datasets/production/dfire/test/images/AoF06855.jpg,exact_duplicate_dhash_d0
/home/z/my-project/Factory-AI/datasets/production/dfire/train/images/AoF00582.jpg,/home/z/my-project/Factory-AI/datasets/production/dfire/test/images/AoF06855.jpg,exact_duplicate_dhash_d0
/home/z/my-project/Factory-AI/datasets/production/dfire/train/images/AoF00584.jpg,/home/z/my-project/Factory-AI/datasets/production/dfire/test/images/AoF06844.jpg,exact_duplicate_dhash_d0
/home/z/my-project/Factory-AI/datasets/production/dfire/train/images/AoF00585.jpg,/home/z/my-project/Factory-AI/datasets/production/dfire/test/images/AoF06826.jpg,exact_duplicate_dhash_d0
/home/z/my-project/Factory-AI/datasets/production/dfire/train/images/AoF00586.jpg,/home/z/my-project/Factory-AI/datasets/production/dfire/test/images/AoF06824.jpg,exact_duplicate_dhash_d0
/home/z/my-project/Factory-AI/datasets/production/dfire/train/images/AoF00587.jpg,/home/z/my-project/Factory-AI/datasets/production/dfire/test/images/AoF06824.jpg,exact_duplicate_dhash_d0
/home/z/my-project/Factory-AI/datasets/production/dfire/train/images/AoF00588.jpg,/home/z/my-project/Factory-AI/datasets/production/dfire/test/images/AoF06824.jpg,exact_duplicate_dhash_d0
/home/z/my-project/Factory-AI/datasets/production/dfire/train/images/AoF00591.jpg,/home/z/my-project/Factory-AI/datasets/production/dfire/test/images/AoF06817.jpg,exact_duplicate_dhash_d0
/home/z/my-project/Factory-AI/datasets/production/dfire/train/images/AoF00592.jpg,/home/z/my-project/Factory-AI/datasets/production/dfire/test/images/AoF06817.jpg,exact_duplicate_dhash_d0
/home/z/my-project/Factory-AI/datasets/production/dfire/train/images/AoF00593.jpg,/home/z/my-project/Factory-AI/datasets/production/dfire/test/images/AoF06817.jpg,exact_duplicate_dhash_d0
/home/z/my-project/Factory-AI/datasets/production/dfire/train/images/AoF00596.jpg,/home/z/my-project/Factory-AI/datasets/production/dfire/test/images/AoF06817.jpg,exact_duplicate_dhash_d0
/home/z/my-project/Factory-AI/datasets/production/dfire/train/images/AoF00597.jpg,/home/z/my-project/Factory-AI/datasets/production/dfire/test/images/AoF06817.jpg,exact_duplicate_dhash_d0
/home/z/my-project/Factory-AI/datasets/production/dfire/train/images/AoF00598.jpg,/home/z/my-project/Factory-AI/datasets/production/dfire/test/images/AoF06834.jpg,exact_duplicate_dhash_d0
/home/z/my-project/Factory-AI/datasets/production/dfire/train/images/AoF00599.jpg,/home/z/my-project/Factory-AI/datasets/production/dfire/test/images/AoF06792.jpg,exact_duplicate_dhash_d0
/home/z/my-project/Factory-AI/datasets/production/dfire/train/images/AoF00600.jpg,/home/z/my-project/Factory-AI/datasets/production/dfire/test/images/AoF06793.jpg,exact_duplicate_dhash_d0
/home/z/my-project/Factory-AI/datasets/production/dfire/train/images/AoF00601.jpg,/home/z/my-project/Factory-AI/datasets/production/dfire/test/images/AoF06793.jpg,exact_duplicate_dhash_d0
/home/z/my-project/Factory-AI/datasets/production/dfire/train/images/AoF00602.jpg,/home/z/my-project/Factory-AI/datasets/production/dfire/test/images/AoF06824.jpg,exact_duplicate_dhash_d0
/home/z/my-project/Factory-AI/datasets/production/dfire/train/images/AoF00603.jpg,/home/z/my-project/Factory-AI/datasets/production/dfire/test/images/AoF06824.jpg,exact_duplicate_dhash_d0
/home/z/my-project/Factory-AI/datasets/production/dfire/train/images/AoF00608.jpg,/home/z/my-project/Factory-AI/datasets/production/dfire/train/images/AoF00518.jpg,exact_duplicate_dhash_d0
/home/z/my-project/Factory-AI/datasets/production/dfire/train/images/AoF00609.jpg,/home/z/my-project/Factory-AI/datasets/production/dfire/test/images/AoF06844.jpg,exact_duplicate_dhash_d0
/home/z/my-project/Factory-AI/datasets/production/dfire/train/images/AoF00610.jpg,/home/z/my-project/Factory-AI/datasets/production/dfire/test/images/AoF06824.jpg,exact_duplicate_dhash_d0
/home/z/my-project/Factory-AI/datasets/production/dfire/train/images/AoF00613.jpg,/home/z/my-project/Factory-AI/datasets/production/dfire/train/images/AoF00612.jpg,exact_duplicate_dhash_d0
/home/z/my-project/Factory-AI/datasets/production/dfire/train/images/AoF00617.jpg,/home/z/my-project/Factory-AI/datasets/production/dfire/train/images/AoF00615.jpg,exact_duplicate_dhash_d0
/home/z/my-project/Factory-AI/datasets/production/dfire/train/images/AoF00618.jpg,/home/z/my-project/Factory-AI/datasets/production/dfire/train/images/AoF00583.jpg,exact_duplicate_dhash_d0
/home/z/my-project/Factory-AI/datasets/production/dfire/train/images/AoF00619.jpg,/home/z/my-project/Factory-AI/datasets/production/dfire/test/images/AoF06844.jpg,exact_duplicate_dhash_d0
/home/z/my-project/Factory-AI/datasets/production/dfire/train/images/AoF00620.jpg,/home/z/my-project/Factory-AI/datasets/production/dfire/test/images/AoF06844.jpg,exact_duplicate_dhash_d0
/home/z/my-project/Factory-AI/datasets/production/dfire/train/images/AoF00621.jpg,/home/z/my-project/Factory-AI/datasets/production/dfire/test/images/AoF06824.jpg,exact_duplicate_dhash_d0
/home/z/my-project/Factory-AI/datasets/production/dfire/train/images/AoF00622.jpg,/home/z/my-project/Factory-AI/datasets/production/dfire/test/images/AoF06824.jpg,exact_duplicate_dhash_d0
/home/z/my-project/Factory-AI/datasets/production/dfire/train/images/AoF00623.jpg,/home/z/my-project/Factory-AI/datasets/production/dfire/test/images/AoF06824.jpg,exact_duplicate_dhash_d0
/home/z/my-project/Factory-AI/datasets/production/dfire/train/images/AoF00624.jpg,/home/z/my-project/Factory-AI/datasets/production/dfire/test/images/AoF06836.jpg,exact_duplicate_dhash_d0
/home/z/my-project/Factory-AI/datasets/production/dfire/train/images/AoF00626.jpg,/home/z/my-project/Factory-AI/datasets/production/dfire/test/images/AoF06817.jpg,exact_duplicate_dhash_d0
/home/z/my-project/Factory-AI/datasets/production/dfire/train/images/AoF00627.jpg,/home/z/my-project/Factory-AI/datasets/production/dfire/test/images/AoF06864.jpg,exact_duplicate_dhash_d0
/home/z/my-project/Factory-AI/datasets/production/dfire/train/images/AoF00628.jpg,/home/z/my-project/Factory-AI/datasets/production/dfire/test/images/AoF06864.jpg,exact_duplicate_dhash_d0
/home/z/my-project/Factory-AI/datasets/production/dfire/train/images/AoF00630.jpg,/home/z/my-project/Factory-AI/datasets/production/dfire/train/images/AoF00629.jpg,exact_duplicate_dhash_d0
/home/z/my-project/Factory-AI/datasets/production/dfire/train/images/AoF00633.jpg,/home/z/my-project/Factory-AI/datasets/production/dfire/test/images/AoF06866.jpg,exact_duplicate_dhash_d0
/home/z/my-project/Factory-AI/datasets/production/dfire/train/images/AoF00634.jpg,/home/z/my-project/Factory-AI/datasets/production/dfire/test/images/AoF06855.jpg,exact_duplicate_dhash_d0
/home/z/my-project/Factory-AI/datasets/production/dfire/train/images/AoF00636.jpg,/home/z/my-project/Factory-AI/datasets/production/dfire/test/images/AoF06885.jpg,exact_duplicate_dhash_d0
/home/z/my-project/Factory-AI/datasets/production/dfire/train/images/AoF00637.jpg,/home/z/my-project/Factory-AI/datasets/production/dfire/test/images/AoF06855.jpg,exact_duplicate_dhash_d0
/home/z/my-project/Factory-AI/datasets/production/dfire/train/images/AoF00639.jpg,/home/z/my-project/Factory-AI/datasets/production/dfire/train/images/AoF00629.jpg,exact_duplicate_dhash_d0
/home/z/my-project/Factory-AI/datasets/production/dfire/train/images/AoF00642.jpg,/home/z/my-project/Factory-AI/datasets/production/dfire/train/images/AoF00641.jpg,exact_duplicate_dhash_d0
/home/z/my-project/Factory-AI/datasets/production/dfire/train/images/AoF00649.jpg,/home/z/my-project/Factory-AI/datasets/production/dfire/test/images/AoF06855.jpg,exact_duplicate_dhash_d0
/home/z/my-project/Factory-AI/datasets/production/dfire/train/images/AoF00650.jpg,/home/z/my-project/Factory-AI/datasets/production/dfire/test/images/AoF06817.jpg,exact_duplicate_dhash_d0
/home/z/my-project/Factory-AI/datasets/production/dfire/train/images/AoF00654.jpg,/home/z/my-project/Factory-AI/datasets/production/dfire/test/images/AoF06826.jpg,exact_duplicate_dhash_d0
/home/z/my-project/Factory-AI/datasets/production/dfire/train/images/AoF00656.jpg,/home/z/my-project/Factory-AI/datasets/production/dfire/test/images/AoF06885.jpg,exact_duplicate_dhash_d0
/home/z/my-project/Factory-AI/datasets/production/dfire/train/images/AoF00657.jpg,/home/z/my-project/Factory-AI/datasets/production/dfire/test/images/AoF06885.jpg,exact_duplicate_dhash_d0
/home/z/my-project/Factory-AI/datasets/production/dfire/train/images/AoF00658.jpg,/home/z/my-project/Factory-AI/datasets/production/dfire/test/images/AoF06853.jpg,exact_duplicate_dhash_d0
/home/z/my-project/Factory-AI/datasets/production/dfire/train/images/AoF00659.jpg,/home/z/my-project/Factory-AI/datasets/production/dfire/test/images/AoF06853.jpg,exact_duplicate_dhash_d0
/home/z/my-project/Factory-AI/datasets/production/dfire/train/images/AoF00660.jpg,/home/z/my-project/Factory-AI/datasets/production/dfire/test/images/AoF06817.jpg,exact_duplicate_dhash_d0
/home/z/my-project/Factory-AI/datasets/production/dfire/train/images/AoF00661.jpg,/home/z/my-project/Factory-AI/datasets/production/dfire/train/images/AoF00629.jpg,exact_duplicate_dhash_d0
/home/z/my-project/Factory-AI/datasets/production/dfire/train/images/AoF00662.jpg,/home/z/my-project/Factory-AI/datasets/production/dfire/train/images/AoF00629.jpg,exact_duplicate_dhash_d0
/home/z/my-project/Factory-AI/datasets/production/dfire/train/images/AoF00663.jpg,/home/z/my-project/Factory-AI/datasets/production/dfire/train/images/AoF00629.jpg,exact_duplicate_dhash_d0
/home/z/my-project/Factory-AI/datasets/production/dfire/train/images/AoF00666.jpg,/home/z/my-project/Factory-AI/datasets/production/dfire/train/images/AoF00664.jpg,exact_duplicate_dhash_d0
/home/z/my-project/Factory-AI/datasets/production/dfire/train/images/AoF00667.jpg,/home/z/my-project/Factory-AI/datasets/production/dfire/test/images/AoF06817.jpg,exact_duplicate_dhash_d0
/home/z/my-project/Factory-AI/datasets/production/dfire/train/images/AoF00668.jpg,/home/z/my-project/Factory-AI/datasets/production/dfire/test/images/AoF06826.jpg,exact_duplicate_dhash_d0
/home/z/my-project/Factory-AI/datasets/production/dfire/train/images/AoF00671.jpg,/home/z/my-project/Factory-AI/datasets/production/dfire/test/images/AoF06861.jpg,exact_duplicate_dhash_d0
/home/z/my-project/Factory-AI/datasets/production/dfire/train/images/AoF00674.jpg,/home/z/my-project/Factory-AI/datasets/production/dfire/train/images/AoF00673.jpg,exact_duplicate_dhash_d0
/home/z/my-project/Factory-AI/datasets/production/dfire/train/images/AoF00675.jpg,/home/z/my-project/Factory-AI/datasets/production/dfire/train/images/AoF00458.jpg,exact_duplicate_dhash_d0
/home/z/my-project/Factory-AI/datasets/production/dfire/train/images/AoF00676.jpg,/home/z/my-project/Factory-AI/datasets/production/dfire/test/images/AoF06834.jpg,exact_duplicate_dhash_d0
/home/z/my-project/Factory-AI/datasets/production/dfire/train/images/AoF00680.jpg,/home/z/my-project/Factory-AI/datasets/production/dfire/test/images/AoF06822.jpg,exact_duplicate_dhash_d0
/home/z/my-project/Factory-AI/datasets/production/dfire/train/images/AoF00682.jpg,/home/z/my-project/Factory-AI/datasets/production/dfire/test/images/AoF06884.jpg,exact_duplicate_dhash_d0
/home/z/my-project/Factory-AI/datasets/production/dfire/train/images/AoF00683.jpg,/home/z/my-project/Factory-AI/datasets/production/dfire/test/images/AoF06855.jpg,exact_duplicate_dhash_d0
/home/z/my-project/Factory-AI/datasets/production/dfire/train/images/AoF00684.jpg,/home/z/my-project/Factory-AI/datasets/production/dfire/test/images/AoF06855.jpg,exact_duplicate_dhash_d0
/home/z/my-project/Factory-AI/datasets/production/dfire/train/images/AoF00685.jpg,/home/z/my-project/Factory-AI/datasets/production/dfire/test/images/AoF06834.jpg,exact_duplicate_dhash_d0
/home/z/my-project/Factory-AI/datasets/production/dfire/train/images/AoF00686.jpg,/home/z/my-project/Factory-AI/datasets/production/dfire/test/images/AoF06844.jpg,exact_duplicate_dhash_d0
/home/z/my-project/Factory-AI/datasets/production/dfire/train/images/AoF00687.jpg,/home/z/my-project/Factory-AI/datasets/production/dfire/test/images/AoF06822.jpg,exact_duplicate_dhash_d0
/home/z/my-project/Factory-AI/datasets/production/dfire/train/images/AoF00689.jpg,/home/z/my-project/Factory-AI/datasets/production/dfire/train/images/AoF00688.jpg,exact_duplicate_dhash_d0
/home/z/my-project/Factory-AI/datasets/production/dfire/train/images/AoF00690.jpg,/home/z/my-project/Factory-AI/datasets/production/dfire/train/images/AoF00645.jpg,exact_duplicate_dhash_d0
/home/z/my-project/Factory-AI/datasets/production/dfire/train/images/AoF00692.jpg,/home/z/my-project/Factory-AI/datasets/production/dfire/test/images/AoF06885.jpg,exact_duplicate_dhash_d0
/home/z/my-project/Factory-AI/datasets/production/dfire/train/images/AoF00693.jpg,/home/z/my-project/Factory-AI/datasets/production/dfire/train/images/AoF00644.jpg,exact_duplicate_dhash_d0
/home/z/my-project/Factory-AI/datasets/production/dfire/train/images/AoF00695.jpg,/home/z/my-project/Factory-AI/datasets/production/dfire/train/images/AoF00681.jpg,exact_duplicate_dhash_d0
/home/z/my-project/Factory-AI/datasets/production/dfire/train/images/AoF00696.jpg,/home/z/my-project/Factory-AI/datasets/production/dfire/train/images/AoF00681.jpg,exact_duplicate_dhash_d0
/home/z/my-project/Factory-AI/datasets/production/dfire/train/images/AoF00697.jpg,/home/z/my-project/Factory-AI/datasets/production/dfire/test/images/AoF06793.jpg,exact_duplicate_dhash_d0
/home/z/my-project/Factory-AI/datasets/production/dfire/train/images/AoF00698.jpg,/home/z/my-project/Factory-AI/datasets/production/dfire/train/images/AoF00691.jpg,exact_duplicate_dhash_d0
/home/z/my-project/Factory-AI/datasets/production/dfire/train/images/AoF00699.jpg,/home/z/my-project/Factory-AI/datasets/production/dfire/test/images/AoF06885.jpg,exact_duplicate_dhash_d0
/home/z/my-project/Factory-AI/datasets/production/dfire/train/images/AoF00701.jpg,/home/z/my-project/Factory-AI/datasets/production/dfire/test/images/AoF06825.jpg,exact_duplicate_dhash_d0
/home/z/my-project/Factory-AI/datasets/production/dfire/train/images/AoF00703.jpg,/home/z/my-project/Factory-AI/datasets/production/dfire/train/images/AoF00702.jpg,exact_duplicate_dhash_d0
/home/z/my-project/Factory-AI/datasets/production/dfire/train/images/AoF00704.jpg,/home/z/my-project/Factory-AI/datasets/production/dfire/test/images/AoF06834.jpg,exact_duplicate_dhash_d0
/home/z/my-project/Factory-AI/datasets/production/dfire/train/images/AoF00705.jpg,/home/z/my-project/Factory-AI/datasets/production/dfire/test/images/AoF06824.jpg,exact_duplicate_dhash_d0
/home/z/my-project/Factory-AI/datasets/production/dfire/train/images/AoF00706.jpg,/home/z/my-project/Factory-AI/datasets/production/dfire/test/images/AoF06793.jpg,exact_duplicate_dhash_d0
/home/z/my-project/Factory-AI/datasets/production/dfire/train/images/AoF00707.jpg,/home/z/my-project/Factory-AI/datasets/production/dfire/test/images/AoF06793.jpg,exact_duplicate_dhash_d0
/home/z/my-project/Factory-AI/datasets/production/dfire/train/images/AoF00709.jpg,/home/z/my-project/Factory-AI/datasets/production/dfire/test/images/AoF06817.jpg,exact_duplicate_dhash_d0
/home/z/my-project/Factory-AI/datasets/production/dfire/train/images/AoF00710.jpg,/home/z/my-project/Factory-AI/datasets/production/dfire/test/images/AoF06891.jpg,exact_duplicate_dhash_d0
/home/z/my-project/Factory-AI/datasets/production/dfire/train/images/AoF00711.jpg,/home/z/my-project/Factory-AI/datasets/production/dfire/test/images/AoF06891.jpg,exact_duplicate_dhash_d0
/home/z/my-project/Factory-AI/datasets/production/dfire/train/images/AoF00712.jpg,/home/z/my-project/Factory-AI/datasets/production/dfire/test/images/AoF06894.jpg,exact_duplicate_dhash_d0
/home/z/my-project/Factory-AI/datasets/production/dfire/train/images/AoF00713.jpg,/home/z/my-project/Factory-AI/datasets/production/dfire/test/images/AoF06907.jpg,exact_duplicate_dhash_d0
/home/z/my-project/Factory-AI/datasets/production/dfire/train/images/AoF00714.jpg,/home/z/my-project/Factory-AI/datasets/production/dfire/test/images/AoF06899.jpg,exact_duplicate_dhash_d0
/home/z/my-project/Factory-AI/datasets/production/dfire/train/images/AoF00715.jpg,/home/z/my-project/Factory-AI/datasets/production/dfire/test/images/AoF06923.jpg,exact_duplicate_dhash_d0
/home/z/my-project/Factory-AI/datasets/production/dfire/train/images/AoF00716.jpg,/home/z/my-project/Factory-AI/datasets/production/dfire/test/images/AoF06891.jpg,exact_duplicate_dhash_d0
/home/z/my-project/Factory-AI/datasets/production/dfire/train/images/AoF00717.jpg,/home/z/my-project/Factory-AI/datasets/production/dfire/test/images/AoF06891.jpg,exact_duplicate_dhash_d0
/home/z/my-project/Factory-AI/datasets/production/dfire/train/images/AoF00718.jpg,/home/z/my-project/Factory-AI/datasets/production/dfire/test/images/AoF06884.jpg,exact_duplicate_dhash_d0
/home/z/my-project/Factory-AI/datasets/production/dfire/train/images/AoF00719.jpg,/home/z/my-project/Factory-AI/datasets/production/dfire/test/images/AoF06891.jpg,exact_duplicate_dhash_d0
/home/z/my-project/Factory-AI/datasets/production/dfire/train/images/AoF00720.jpg,/home/z/my-project/Factory-AI/datasets/production/dfire/test/images/AoF06890.jpg,exact_duplicate_dhash_d0
/home/z/my-project/Factory-AI/datasets/production/dfire/train/images/AoF00721.jpg,/home/z/my-project/Factory-AI/datasets/production/dfire/test/images/AoF06891.jpg,exact_duplicate_dhash_d0
/home/z/my-project/Factory-AI/datasets/production/dfire/train/images/AoF00722.jpg,/home/z/my-project/Factory-AI/datasets/production/dfire/test/images/AoF06891.jpg,exact_duplicate_dhash_d0
/home/z/my-project/Factory-AI/datasets/production/dfire/train/images/AoF00723.jpg,/home/z/my-project/Factory-AI/datasets/production/dfire/test/images/AoF06894.jpg,exact_duplicate_dhash_d0
/home/z/my-project/Factory-AI/datasets/production/dfire/train/images/AoF00724.jpg,/home/z/my-project/Factory-AI/datasets/production/dfire/test/images/AoF06894.jpg,exact_duplicate_dhash_d0
/home/z/my-project/Factory-AI/datasets/production/dfire/train/images/AoF00725.jpg,/home/z/my-project/Factory-AI/datasets/production/dfire/test/images/AoF06894.jpg,exact_duplicate_dhash_d0
/home/z/my-project/Factory-AI/datasets/production/dfire/train/images/AoF00726.jpg,/home/z/my-project/Factory-AI/datasets/production/dfire/test/images/AoF06899.jpg,exact_duplicate_dhash_d0
/home/z/my-project/Factory-AI/datasets/production/dfire/train/images/AoF00727.jpg,/home/z/my-project/Factory-AI/datasets/production/dfire/test/images/AoF06884.jpg,exact_duplicate_dhash_d0
/home/z/my-project/Factory-AI/datasets/production/dfire/train/images/AoF00728.jpg,/home/z/my-project/Factory-AI/datasets/production/dfire/test/images/AoF06899.jpg,exact_duplicate_dhash_d0
/home/z/my-project/Factory-AI/datasets/production/dfire/train/images/AoF00729.jpg,/home/z/my-project/Factory-AI/datasets/production/dfire/test/images/AoF06899.jpg,exact_duplicate_dhash_d0
/home/z/my-project/Factory-AI/datasets/production/dfire/train/images/AoF00730.jpg,/home/z/my-project/Factory-AI/datasets/production/dfire/test/images/AoF06891.jpg,exact_duplicate_dhash_d0
/home/z/my-project/Factory-AI/datasets/production/dfire/train/images/AoF00731.jpg,/home/z/my-project/Factory-AI/datasets/production/dfire/test/images/AoF06891.jpg,exact_duplicate_dhash_d0
/home/z/my-project/Factory-AI/datasets/production/dfire/train/images/AoF00732.jpg,/home/z/my-project/Factory-AI/datasets/production/dfire/test/images/AoF06893.jpg,exact_duplicate_dhash_d0
/home/z/my-project/Factory-AI/datasets/production/dfire/train/images/AoF00733.jpg,/home/z/my-project/Factory-AI/datasets/production/dfire/test/images/AoF06893.jpg,exact_duplicate_dhash_d0
/home/z/my-project/Factory-AI/datasets/production/dfire/train/images/AoF00734.jpg,/home/z/my-project/Factory-AI/datasets/production/dfire/test/images/AoF06898.jpg,exact_duplicate_dhash_d0
/home/z/my-project/Factory-AI/datasets/production/dfire/train/images/AoF00735.jpg,/home/z/my-project/Factory-AI/datasets/production/dfire/test/images/AoF06898.jpg,exact_duplicate_dhash_d0
/home/z/my-project/Factory-AI/datasets/production/dfire/train/images/AoF00737.jpg,/home/z/my-project/Factory-AI/datasets/production/dfire/test/images/AoF06898.jpg,exact_duplicate_dhash_d0
/home/z/my-project/Factory-AI/datasets/production/dfire/train/images/AoF00738.jpg,/home/z/my-project/Factory-AI/datasets/production/dfire/test/images/AoF06894.jpg,exact_duplicate_dhash_d0
/home/z/my-project/Factory-AI/datasets/production/dfire/train/images/AoF00739.jpg,/home/z/my-project/Factory-AI/datasets/production/dfire/test/images/AoF06921.jpg,exact_duplicate_dhash_d0
/home/z/my-project/Factory-AI/datasets/production/dfire/train/images/AoF00740.jpg,/home/z/my-project/Factory-AI/datasets/production/dfire/test/images/AoF06898.jpg,exact_duplicate_dhash_d0
/home/z/my-project/Factory-AI/datasets/production/dfire/train/images/AoF00741.jpg,/home/z/my-project/Factory-AI/datasets/production/dfire/test/images/AoF06899.jpg,exact_duplicate_dhash_d0
/home/z/my-project/Factory-AI/datasets/production/dfire/train/images/AoF00742.jpg,/home/z/my-project/Factory-AI/datasets/production/dfire/test/images/AoF06899.jpg,exact_duplicate_dhash_d0
/home/z/my-project/Factory-AI/datasets/production/dfire/train/images/AoF00743.jpg,/home/z/my-project/Factory-AI/datasets/production/dfire/test/images/AoF06899.jpg,exact_duplicate_dhash_d0
/home/z/my-project/Factory-AI/datasets/production/dfire/train/images/AoF00745.jpg,/home/z/my-project/Factory-AI/datasets/production/dfire/test/images/AoF06898.jpg,exact_duplicate_dhash_d0
/home/z/my-project/Factory-AI/datasets/production/dfire/train/images/AoF00746.jpg,/home/z/my-project/Factory-AI/datasets/production/dfire/test/images/AoF06898.jpg,exact_duplicate_dhash_d0
/home/z/my-project/Factory-AI/datasets/production/dfire/train/images/AoF00747.jpg,/home/z/my-project/Factory-AI/datasets/production/dfire/test/images/AoF06910.jpg,exact_duplicate_dhash_d0
/home/z/my-project/Factory-AI/datasets/production/dfire/train/images/AoF00748.jpg,/home/z/my-project/Factory-AI/datasets/production/dfire/test/images/AoF06898.jpg,exact_duplicate_dhash_d0
/home/z/my-project/Factory-AI/datasets/production/dfire/train/images/AoF00749.jpg,/home/z/my-project/Factory-AI/datasets/production/dfire/test/images/AoF06899.jpg,exact_duplicate_dhash_d0
/home/z/my-project/Factory-AI/datasets/production/dfire/train/images/AoF00751.jpg,/home/z/my-project/Factory-AI/datasets/production/dfire/test/images/AoF06899.jpg,exact_duplicate_dhash_d0
/home/z/my-project/Factory-AI/datasets/production/dfire/train/images/AoF00752.jpg,/home/z/my-project/Factory-AI/datasets/production/dfire/test/images/AoF06884.jpg,exact_duplicate_dhash_d0
/home/z/my-project/Factory-AI/datasets/production/dfire/train/images/AoF00753.jpg,/home/z/my-project/Factory-AI/datasets/production/dfire/test/images/AoF06899.jpg,exact_duplicate_dhash_d0
/home/z/my-project/Factory-AI/datasets/production/dfire/train/images/AoF00755.jpg,/home/z/my-project/Factory-AI/datasets/production/dfire/test/images/AoF06894.jpg,exact_duplicate_dhash_d0
/home/z/my-project/Factory-AI/datasets/production/dfire/train/images/AoF00756.jpg,/home/z/my-project/Factory-AI/datasets/production/dfire/test/images/AoF06894.jpg,exact_duplicate_dhash_d0
/home/z/my-project/Factory-AI/datasets/production/dfire/train/images/AoF00757.jpg,/home/z/my-project/Factory-AI/datasets/production/dfire/test/images/AoF06897.jpg,exact_duplicate_dhash_d0
/home/z/my-project/Factory-AI/datasets/production/dfire/train/images/AoF00758.jpg,/home/z/my-project/Factory-AI/datasets/production/dfire/test/images/AoF06898.jpg,exact_duplicate_dhash_d0
/home/z/my-project/Factory-AI/datasets/production/dfire/train/images/AoF00760.jpg,/home/z/my-project/Factory-AI/datasets/production/dfire/test/images/AoF06893.jpg,exact_duplicate_dhash_d0
/home/z/my-project/Factory-AI/datasets/production/dfire/train/images/AoF00761.jpg,/home/z/my-project/Factory-AI/datasets/production/dfire/test/images/AoF06893.jpg,exact_duplicate_dhash_d0
/home/z/my-project/Factory-AI/datasets/production/dfire/train/images/AoF00762.jpg,/home/z/my-project/Factory-AI/datasets/production/dfire/test/images/AoF06891.jpg,exact_duplicate_dhash_d0
/home/z/my-project/Factory-AI/datasets/production/dfire/train/images/AoF00763.jpg,/home/z/my-project/Factory-AI/datasets/production/dfire/test/images/AoF06891.jpg,exact_duplicate_dhash_d0
/home/z/my-project/Factory-AI/datasets/production/dfire/train/images/AoF00764.jpg,/home/z/my-project/Factory-AI/datasets/production/dfire/test/images/AoF06891.jpg,exact_duplicate_dhash_d0
/home/z/my-project/Factory-AI/datasets/production/dfire/train/images/AoF00765.jpg,/home/z/my-project/Factory-AI/datasets/production/dfire/test/images/AoF06893.jpg,exact_duplicate_dhash_d0
/home/z/my-project/Factory-AI/datasets/production/dfire/train/images/AoF00766.jpg,/home/z/my-project/Factory-AI/datasets/production/dfire/test/images/AoF06898.jpg,exact_duplicate_dhash_d0
/home/z/my-project/Factory-AI/datasets/production/dfire/train/images/AoF00767.jpg,/home/z/my-project/Factory-AI/datasets/production/dfire/test/images/AoF06893.jpg,exact_duplicate_dhash_d0
/home/z/my-project/Factory-AI/datasets/production/dfire/train/images/AoF00769.jpg,/home/z/my-project/Factory-AI/datasets/production/dfire/test/images/AoF06893.jpg,exact_duplicate_dhash_d0
/home/z/my-project/Factory-AI/datasets/production/dfire/train/images/AoF00770.jpg,/home/z/my-project/Factory-AI/datasets/production/dfire/test/images/AoF06910.jpg,exact_duplicate_dhash_d0
/home/z/my-project/Factory-AI/datasets/production/dfire/train/images/AoF00771.jpg,/home/z/my-project/Factory-AI/datasets/production/dfire/test/images/AoF06898.jpg,exact_duplicate_dhash_d0
/home/z/my-project/Factory-AI/datasets/production/dfire/train/images/AoF00772.jpg,/home/z/my-project/Factory-AI/datasets/production/dfire/test/images/AoF06894.jpg,exact_duplicate_dhash_d0
/home/z/my-project/Factory-AI/datasets/production/dfire/train/images/AoF00773.jpg,/home/z/my-project/Factory-AI/datasets/production/dfire/test/images/AoF06910.jpg,exact_duplicate_dhash_d0
/home/z/my-project/Factory-AI/datasets/production/dfire/train/images/AoF00774.jpg,/home/z/my-project/Factory-AI/datasets/production/dfire/test/images/AoF06894.jpg,exact_duplicate_dhash_d0
/home/z/my-project/Factory-AI/datasets/production/dfire/train/images/AoF00775.jpg,/home/z/my-project/Factory-AI/datasets/production/dfire/test/images/AoF06907.jpg,exact_duplicate_dhash_d0
/home/z/my-project/Factory-AI/datasets/production/dfire/train/images/AoF00776.jpg,/home/z/my-project/Factory-AI/datasets/production/dfire/test/images/AoF06899.jpg,exact_duplicate_dhash_d0
/home/z/my-project/Factory-AI/datasets/production/dfire/train/images/AoF00778.jpg,/home/z/my-project/Factory-AI/datasets/production/dfire/test/images/AoF06899.jpg,exact_duplicate_dhash_d0
/home/z/my-project/Factory-AI/datasets/production/dfire/train/images/AoF00779.jpg,/home/z/my-project/Factory-AI/datasets/production/dfire/test/images/AoF06899.jpg,exact_duplicate_dhash_d0
/home/z/my-project/Factory-AI/datasets/production/dfire/train/images/AoF00782.jpg,/home/z/my-project/Factory-AI/datasets/production/dfire/test/images/AoF06891.jpg,exact_duplicate_dhash_d0
/home/z/my-project/Factory-AI/datasets/production/dfire/train/images/AoF00783.jpg,/home/z/my-project/Factory-AI/datasets/production/dfire/test/images/AoF06891.jpg,exact_duplicate_dhash_d0
/home/z/my-project/Factory-AI/datasets/production/dfire/train/images/AoF00784.jpg,/home/z/my-project/Factory-AI/datasets/production/dfire/test/images/AoF06898.jpg,exact_duplicate_dhash_d0
/home/z/my-project/Factory-AI/datasets/production/dfire/train/images/AoF00785.jpg,/home/z/my-project/Factory-AI/datasets/production/dfire/test/images/AoF06897.jpg,exact_duplicate_dhash_d0
/home/z/my-project/Factory-AI/datasets/production/dfire/train/images/AoF00787.jpg,/home/z/my-project/Factory-AI/datasets/production/dfire/test/images/AoF06897.jpg,exact_duplicate_dhash_d0
/home/z/my-project/Factory-AI/datasets/production/dfire/train/images/AoF00788.jpg,/home/z/my-project/Factory-AI/datasets/production/dfire/test/images/AoF06890.jpg,exact_duplicate_dhash_d0
/home/z/my-project/Factory-AI/datasets/production/dfire/train/images/AoF00789.jpg,/home/z/my-project/Factory-AI/datasets/production/dfire/test/images/AoF06921.jpg,exact_duplicate_dhash_d0
/home/z/my-project/Factory-AI/datasets/production/dfire/train/images/AoF00790.jpg,/home/z/my-project/Factory-AI/datasets/production/dfire/test/images/AoF06907.jpg,exact_duplicate_dhash_d0
/home/z/my-project/Factory-AI/datasets/production/dfire/train/images/AoF00791.jpg,/home/z/my-project/Factory-AI/datasets/production/dfire/test/images/AoF06907.jpg,exact_duplicate_dhash_d0
/home/z/my-project/Factory-AI/datasets/production/dfire/train/images/AoF00792.jpg,/home/z/my-project/Factory-AI/datasets/production/dfire/test/images/AoF06898.jpg,exact_duplicate_dhash_d0
/home/z/my-project/Factory-AI/datasets/production/dfire/train/images/AoF00793.jpg,/home/z/my-project/Factory-AI/datasets/production/dfire/test/images/AoF06898.jpg,exact_duplicate_dhash_d0
/home/z/my-project/Factory-AI/datasets/production/dfire/train/images/AoF00794.jpg,/home/z/my-project/Factory-AI/datasets/production/dfire/test/images/AoF06898.jpg,exact_duplicate_dhash_d0
/home/z/my-project/Factory-AI/datasets/production/dfire/train/images/AoF00796.jpg,/home/z/my-project/Factory-AI/datasets/production/dfire/test/images/AoF06897.jpg,exact_duplicate_dhash_d0
/home/z/my-project/Factory-AI/datasets/production/dfire/train/images/AoF00797.jpg,/home/z/my-project/Factory-AI/datasets/production/dfire/test/images/AoF06897.jpg,exact_duplicate_dhash_d0
/home/z/my-project/Factory-AI/datasets/production/dfire/train/images/AoF00798.jpg,/home/z/my-project/Factory-AI/datasets/production/dfire/test/images/AoF06897.jpg,exact_duplicate_dhash_d0
/home/z/my-project/Factory-AI/datasets/production/dfire/train/images/AoF00799.jpg,/home/z/my-project/Factory-AI/datasets/production/dfire/test/images/AoF06898.jpg,exact_duplicate_dhash_d0
/home/z/my-project/Factory-AI/datasets/production/dfire/train/images/AoF00800.jpg,/home/z/my-project/Factory-AI/datasets/production/dfire/test/images/AoF06898.jpg,exact_duplicate_dhash_d0
/home/z/my-project/Factory-AI/datasets/production/dfire/train/images/AoF00801.jpg,/home/z/my-project/Factory-AI/datasets/production/dfire/test/images/AoF06897.jpg,exact_duplicate_dhash_d0
/home/z/my-project/Factory-AI/datasets/production/dfire/train/images/AoF00802.jpg,/home/z/my-project/Factory-AI/datasets/production/dfire/test/images/AoF06898.jpg,exact_duplicate_dhash_d0
/home/z/my-project/Factory-AI/datasets/production/dfire/train/images/AoF00803.jpg,/home/z/my-project/Factory-AI/datasets/production/dfire/test/images/AoF06898.jpg,exact_duplicate_dhash_d0
/home/z/my-project/Factory-AI/datasets/production/dfire/train/images/AoF00805.jpg,/home/z/my-project/Factory-AI/datasets/production/dfire/test/images/AoF06898.jpg,exact_duplicate_dhash_d0
/home/z/my-project/Factory-AI/datasets/production/dfire/train/images/AoF00806.jpg,/home/z/my-project/Factory-AI/datasets/production/dfire/test/images/AoF06893.jpg,exact_duplicate_dhash_d0
/home/z/my-project/Factory-AI/datasets/production/dfire/train/images/AoF00807.jpg,/home/z/my-project/Factory-AI/datasets/production/dfire/test/images/AoF06893.jpg,exact_duplicate_dhash_d0
/home/z/my-project/Factory-AI/datasets/production/dfire/train/images/AoF00808.jpg,/home/z/my-project/Factory-AI/datasets/production/dfire/test/images/AoF06893.jpg,exact_duplicate_dhash_d0
/home/z/my-project/Factory-AI/datasets/production/dfire/train/images/AoF00809.jpg,/home/z/my-project/Factory-AI/datasets/production/dfire/train/images/AoF00750.jpg,exact_duplicate_dhash_d0
/home/z/my-project/Factory-AI/datasets/production/dfire/train/images/AoF00810.jpg,/home/z/my-project/Factory-AI/datasets/production/dfire/test/images/AoF06899.jpg,exact_duplicate_dhash_d0
/home/z/my-project/Factory-AI/datasets/production/dfire/train/images/AoF00811.jpg,/home/z/my-project/Factory-AI/datasets/production/dfire/test/images/AoF06899.jpg,exact_duplicate_dhash_d0
/home/z/my-project/Factory-AI/datasets/production/dfire/train/images/AoF00812.jpg,/home/z/my-project/Factory-AI/datasets/production/dfire/test/images/AoF06921.jpg,exact_duplicate_dhash_d0
/home/z/my-project/Factory-AI/datasets/production/dfire/train/images/AoF00813.jpg,/home/z/my-project/Factory-AI/datasets/production/dfire/test/images/AoF06921.jpg,exact_duplicate_dhash_d0
/home/z/my-project/Factory-AI/datasets/production/dfire/train/images/AoF00815.jpg,/home/z/my-project/Factory-AI/datasets/production/dfire/test/images/AoF06921.jpg,exact_duplicate_dhash_d0
/home/z/my-project/Factory-AI/datasets/production/dfire/train/images/AoF00816.jpg,/home/z/my-project/Factory-AI/datasets/production/dfire/test/images/AoF06899.jpg,exact_duplicate_dhash_d0
/home/z/my-project/Factory-AI/datasets/production/dfire/train/images/AoF00818.jpg,/home/z/my-project/Factory-AI/datasets/production/dfire/test/images/AoF06911.jpg,exact_duplicate_dhash_d0
/home/z/my-project/Factory-AI/datasets/production/dfire/train/images/AoF00819.jpg,/home/z/my-project/Factory-AI/datasets/production/dfire/train/images/AoF00780.jpg,exact_duplicate_dhash_d0
/home/z/my-project/Factory-AI/datasets/production/dfire/train/images/AoF00820.jpg,/home/z/my-project/Factory-AI/datasets/production/dfire/train/images/AoF00780.jpg,exact_duplicate_dhash_d0
/home/z/my-project/Factory-AI/datasets/production/dfire/train/images/AoF00822.jpg,/home/z/my-project/Factory-AI/datasets/production/dfire/test/images/AoF06893.jpg,exact_duplicate_dhash_d0
/home/z/my-project/Factory-AI/datasets/production/dfire/train/images/AoF00824.jpg,/home/z/my-project/Factory-AI/datasets/production/dfire/test/images/AoF06893.jpg,exact_duplicate_dhash_d0
/home/z/my-project/Factory-AI/datasets/production/dfire/train/images/AoF00825.jpg,/home/z/my-project/Factory-AI/datasets/production/dfire/test/images/AoF06890.jpg,exact_duplicate_dhash_d0
/home/z/my-project/Factory-AI/datasets/production/dfire/train/images/AoF00826.jpg,/home/z/my-project/Factory-AI/datasets/production/dfire/test/images/AoF06890.jpg,exact_duplicate_dhash_d0
/home/z/my-project/Factory-AI/datasets/production/dfire/train/images/AoF00827.jpg,/home/z/my-project/Factory-AI/datasets/production/dfire/test/images/AoF06899.jpg,exact_duplicate_dhash_d0
/home/z/my-project/Factory-AI/datasets/production/dfire/train/images/AoF00828.jpg,/home/z/my-project/Factory-AI/datasets/production/dfire/test/images/AoF06899.jpg,exact_duplicate_dhash_d0
/home/z/my-project/Factory-AI/datasets/production/dfire/train/images/AoF00829.jpg,/home/z/my-project/Factory-AI/datasets/production/dfire/test/images/AoF06899.jpg,exact_duplicate_dhash_d0
/home/z/my-project/Factory-AI/datasets/production/dfire/train/images/AoF00830.jpg,/home/z/my-project/Factory-AI/datasets/production/dfire/test/images/AoF06911.jpg,exact_duplicate_dhash_d0
/home/z/my-project/Factory-AI/datasets/production/dfire/train/images/AoF00831.jpg,/home/z/my-project/Factory-AI/datasets/production/dfire/test/images/AoF06899.jpg,exact_duplicate_dhash_d0
/home/z/my-project/Factory-AI/datasets/production/dfire/train/images/AoF00832.jpg,/home/z/my-project/Factory-AI/datasets/production/dfire/test/images/AoF06910.jpg,exact_duplicate_dhash_d0
/home/z/my-project/Factory-AI/datasets/production/dfire/train/images/AoF00834.jpg,/home/z/my-project/Factory-AI/datasets/production/dfire/test/images/AoF06893.jpg,exact_duplicate_dhash_d0
/home/z/my-project/Factory-AI/datasets/production/dfire/train/images/AoF00835.jpg,/home/z/my-project/Factory-AI/datasets/production/dfire/test/images/AoF06921.jpg,exact_duplicate_dhash_d0
/home/z/my-project/Factory-AI/datasets/production/dfire/train/images/AoF00836.jpg,/home/z/my-project/Factory-AI/datasets/production/dfire/test/images/AoF06891.jpg,exact_duplicate_dhash_d0
/home/z/my-project/Factory-AI/datasets/production/dfire/train/images/AoF00837.jpg,/home/z/my-project/Factory-AI/datasets/production/dfire/test/images/AoF06891.jpg,exact_duplicate_dhash_d0
/home/z/my-project/Factory-AI/datasets/production/dfire/train/images/AoF00838.jpg,/home/z/my-project/Factory-AI/datasets/production/dfire/test/images/AoF06891.jpg,exact_duplicate_dhash_d0
/home/z/my-project/Factory-AI/datasets/production/dfire/train/images/AoF00839.jpg,/home/z/my-project/Factory-AI/datasets/production/dfire/test/images/AoF06899.jpg,exact_duplicate_dhash_d0
/home/z/my-project/Factory-AI/datasets/production/dfire/train/images/AoF00840.jpg,/home/z/my-project/Factory-AI/datasets/production/dfire/test/images/AoF06899.jpg,exact_duplicate_dhash_d0
/home/z/my-project/Factory-AI/datasets/production/dfire/train/images/AoF00841.jpg,/home/z/my-project/Factory-AI/datasets/production/dfire/test/images/AoF06899.jpg,exact_duplicate_dhash_d0
/home/z/my-project/Factory-AI/datasets/production/dfire/train/images/AoF00842.jpg,/home/z/my-project/Factory-AI/datasets/production/dfire/test/images/AoF06899.jpg,exact_duplicate_dhash_d0
/home/z/my-project/Factory-AI/datasets/production/dfire/train/images/AoF00843.jpg,/home/z/my-project/Factory-AI/datasets/production/dfire/test/images/AoF06899.jpg,exact_duplicate_dhash_d0
/home/z/my-project/Factory-AI/datasets/production/dfire/train/images/AoF00844.jpg,/home/z/my-project/Factory-AI/datasets/production/dfire/test/images/AoF06894.jpg,exact_duplicate_dhash_d0
/home/z/my-project/Factory-AI/datasets/production/dfire/train/images/AoF00845.jpg,/home/z/my-project/Factory-AI/datasets/production/dfire/test/images/AoF06894.jpg,exact_duplicate_dhash_d0
/home/z/my-project/Factory-AI/datasets/production/dfire/train/images/AoF00846.jpg,/home/z/my-project/Factory-AI/datasets/production/dfire/test/images/AoF06894.jpg,exact_duplicate_dhash_d0
/home/z/my-project/Factory-AI/datasets/production/dfire/train/images/AoF00847.jpg,/home/z/my-project/Factory-AI/datasets/production/dfire/test/images/AoF06893.jpg,exact_duplicate_dhash_d0
/home/z/my-project/Factory-AI/datasets/production/dfire/train/images/AoF00848.jpg,/home/z/my-project/Factory-AI/datasets/production/dfire/test/images/AoF06893.jpg,exact_duplicate_dhash_d0
/home/z/my-project/Factory-AI/datasets/production/dfire/train/images/AoF00849.jpg,/home/z/my-project/Factory-AI/datasets/production/dfire/test/images/AoF06893.jpg,exact_duplicate_dhash_d0
/home/z/my-project/Factory-AI/datasets/production/dfire/train/images/AoF00850.jpg,/home/z/my-project/Factory-AI/datasets/production/dfire/test/images/AoF06899.jpg,exact_duplicate_dhash_d0
/home/z/my-project/Factory-AI/datasets/production/dfire/train/images/AoF00851.jpg,/home/z/my-project/Factory-AI/datasets/production/dfire/test/images/AoF06899.jpg,exact_duplicate_dhash_d0
/home/z/my-project/Factory-AI/datasets/production/dfire/train/images/AoF00852.jpg,/home/z/my-project/Factory-AI/datasets/production/dfire/test/images/AoF06899.jpg,exact_duplicate_dhash_d0
/home/z/my-project/Factory-AI/datasets/production/dfire/train/images/AoF00854.jpg,/home/z/my-project/Factory-AI/datasets/production/dfire/test/images/AoF06893.jpg,exact_duplicate_dhash_d0
/home/z/my-project/Factory-AI/datasets/production/dfire/train/images/AoF00855.jpg,/home/z/my-project/Factory-AI/datasets/production/dfire/test/images/AoF06910.jpg,exact_duplicate_dhash_d0
/home/z/my-project/Factory-AI/datasets/production/dfire/train/images/AoF00856.jpg,/home/z/my-project/Factory-AI/datasets/production/dfire/test/images/AoF06893.jpg,exact_duplicate_dhash_d0
/home/z/my-project/Factory-AI/datasets/production/dfire/train/images/AoF00857.jpg,/home/z/my-project/Factory-AI/datasets/production/dfire/test/images/AoF06898.jpg,exact_duplicate_dhash_d0
/home/z/my-project/Factory-AI/datasets/production/dfire/train/images/AoF00858.jpg,/home/z/my-project/Factory-AI/datasets/production/dfire/test/images/AoF06898.jpg,exact_duplicate_dhash_d0
/home/z/my-project/Factory-AI/datasets/production/dfire/train/images/AoF00859.jpg,/home/z/my-project/Factory-AI/datasets/production/dfire/test/images/AoF06898.jpg,exact_duplicate_dhash_d0
/home/z/my-project/Factory-AI/datasets/production/dfire/train/images/AoF00860.jpg,/home/z/my-project/Factory-AI/datasets/production/dfire/train/images/AoF00780.jpg,exact_duplicate_dhash_d0
/home/z/my-project/Factory-AI/datasets/production/dfire/train/images/AoF00862.jpg,/home/z/my-project/Factory-AI/datasets/production/dfire/train/images/AoF00780.jpg,exact_duplicate_dhash_d0
/home/z/my-project/Factory-AI/datasets/production/dfire/train/images/AoF00863.jpg,/home/z/my-project/Factory-AI/datasets/production/dfire/train/images/AoF00780.jpg,exact_duplicate_dhash_d0
/home/z/my-project/Factory-AI/datasets/production/dfire/train/images/AoF00864.jpg,/home/z/my-project/Factory-AI/datasets/production/dfire/test/images/AoF06897.jpg,exact_duplicate_dhash_d0
/home/z/my-project/Factory-AI/datasets/production/dfire/train/images/AoF00869.jpg,/home/z/my-project/Factory-AI/datasets/production/dfire/test/images/AoF06926.jpg,exact_duplicate_dhash_d0
/home/z/my-project/Factory-AI/datasets/production/dfire/train/images/AoF00874.jpg,/home/z/my-project/Factory-AI/datasets/production/dfire/train/images/AoF00873.jpg,exact_duplicate_dhash_d0
/home/z/my-project/Factory-AI/datasets/production/dfire/train/images/AoF00875.jpg,/home/z/my-project/Factory-AI/datasets/production/dfire/train/images/AoF00873.jpg,exact_duplicate_dhash_d0
/home/z/my-project/Factory-AI/datasets/production/dfire/train/images/AoF00880.jpg,/home/z/my-project/Factory-AI/datasets/production/dfire/test/images/AoF06942.jpg,exact_duplicate_dhash_d0
/home/z/my-project/Factory-AI/datasets/production/dfire/train/images/AoF00881.jpg,/home/z/my-project/Factory-AI/datasets/production/dfire/test/images/AoF06942.jpg,exact_duplicate_dhash_d0
/home/z/my-project/Factory-AI/datasets/production/dfire/train/images/AoF00882.jpg,/home/z/my-project/Factory-AI/datasets/production/dfire/test/images/AoF06942.jpg,exact_duplicate_dhash_d0
/home/z/my-project/Factory-AI/datasets/production/dfire/train/images/AoF00884.jpg,/home/z/my-project/Factory-AI/datasets/production/dfire/train/images/AoF00883.jpg,exact_duplicate_dhash_d0
/home/z/my-project/Factory-AI/datasets/production/dfire/train/images/AoF00885.jpg,/home/z/my-project/Factory-AI/datasets/production/dfire/train/images/AoF00883.jpg,exact_duplicate_dhash_d0
/home/z/my-project/Factory-AI/datasets/production/dfire/train/images/AoF00886.jpg,/home/z/my-project/Factory-AI/datasets/production/dfire/test/images/AoF06927.jpg,exact_duplicate_dhash_d0
/home/z/my-project/Factory-AI/datasets/production/dfire/train/images/AoF00887.jpg,/home/z/my-project/Factory-AI/datasets/production/dfire/test/images/AoF06927.jpg,exact_duplicate_dhash_d0
/home/z/my-project/Factory-AI/datasets/production/dfire/train/images/AoF00889.jpg,/home/z/my-project/Factory-AI/datasets/production/dfire/test/images/AoF06941.jpg,exact_duplicate_dhash_d0
/home/z/my-project/Factory-AI/datasets/production/dfire/train/images/AoF00890.jpg,/home/z/my-project/Factory-AI/datasets/production/dfire/train/images/AoF00888.jpg,exact_duplicate_dhash_d0
/home/z/my-project/Factory-AI/datasets/production/dfire/train/images/AoF00891.jpg,/home/z/my-project/Factory-AI/datasets/production/dfire/train/images/AoF00888.jpg,exact_duplicate_dhash_d0
/home/z/my-project/Factory-AI/datasets/production/dfire/train/images/AoF00896.jpg,/home/z/my-project/Factory-AI/datasets/production/dfire/test/images/AoF06961.jpg,exact_duplicate_dhash_d0
/home/z/my-project/Factory-AI/datasets/production/dfire/train/images/AoF00898.jpg,/home/z/my-project/Factory-AI/datasets/production/dfire/train/images/AoF00865.jpg,exact_duplicate_dhash_d0
/home/z/my-project/Factory-AI/datasets/production/dfire/train/images/AoF00902.jpg,/home/z/my-project/Factory-AI/datasets/production/dfire/test/images/AoF06935.jpg,exact_duplicate_dhash_d0
/home/z/my-project/Factory-AI/datasets/production/dfire/train/images/AoF00904.jpg,/home/z/my-project/Factory-AI/datasets/production/dfire/test/images/AoF06936.jpg,exact_duplicate_dhash_d0
/home/z/my-project/Factory-AI/datasets/production/dfire/train/images/AoF00905.jpg,/home/z/my-project/Factory-AI/datasets/production/dfire/test/images/AoF06937.jpg,exact_duplicate_dhash_d0
/home/z/my-project/Factory-AI/datasets/production/dfire/train/images/AoF00906.jpg,/home/z/my-project/Factory-AI/datasets/production/dfire/test/images/AoF06938.jpg,exact_duplicate_dhash_d0
/home/z/my-project/Factory-AI/datasets/production/dfire/train/images/AoF00910.jpg,/home/z/my-project/Factory-AI/datasets/production/dfire/test/images/AoF06941.jpg,exact_duplicate_dhash_d0
/home/z/my-project/Factory-AI/datasets/production/dfire/train/images/AoF00916.jpg,/home/z/my-project/Factory-AI/datasets/production/dfire/train/images/AoF00915.jpg,exact_duplicate_dhash_d0
/home/z/my-project/Factory-AI/datasets/production/dfire/train/images/AoF00917.jpg,/home/z/my-project/Factory-AI/datasets/production/dfire/train/images/AoF00915.jpg,exact_duplicate_dhash_d0
/home/z/my-project/Factory-AI/datasets/production/dfire/train/images/AoF00918.jpg,/home/z/my-project/Factory-AI/datasets/production/dfire/test/images/AoF06942.jpg,exact_duplicate_dhash_d0
/home/z/my-project/Factory-AI/datasets/production/dfire/train/images/AoF00919.jpg,/home/z/my-project/Factory-AI/datasets/production/dfire/test/images/AoF06942.jpg,exact_duplicate_dhash_d0
/home/z/my-project/Factory-AI/datasets/production/dfire/train/images/AoF00926.jpg,/home/z/my-project/Factory-AI/datasets/production/dfire/train/images/AoF00925.jpg,exact_duplicate_dhash_d0
/home/z/my-project/Factory-AI/datasets/production/dfire/train/images/AoF00930.jpg,/home/z/my-project/Factory-AI/datasets/production/dfire/train/images/AoF00873.jpg,exact_duplicate_dhash_d0
/home/z/my-project/Factory-AI/datasets/production/dfire/train/images/AoF00933.jpg,/home/z/my-project/Factory-AI/datasets/production/dfire/test/images/AoF06950.jpg,exact_duplicate_dhash_d0
/home/z/my-project/Factory-AI/datasets/production/dfire/train/images/AoF00934.jpg,/home/z/my-project/Factory-AI/datasets/production/dfire/test/images/AoF06942.jpg,exact_duplicate_dhash_d0
/home/z/my-project/Factory-AI/datasets/production/dfire/train/images/AoF00936.jpg,/home/z/my-project/Factory-AI/datasets/production/dfire/train/images/AoF00883.jpg,exact_duplicate_dhash_d0
/home/z/my-project/Factory-AI/datasets/production/dfire/train/images/AoF00937.jpg,/home/z/my-project/Factory-AI/datasets/production/dfire/train/images/AoF00883.jpg,exact_duplicate_dhash_d0
/home/z/my-project/Factory-AI/datasets/production/dfire/train/images/AoF00938.jpg,/home/z/my-project/Factory-AI/datasets/production/dfire/train/images/AoF00883.jpg,exact_duplicate_dhash_d0
/home/z/my-project/Factory-AI/datasets/production/dfire/train/images/AoF00944.jpg,/home/z/my-project/Factory-AI/datasets/production/dfire/test/images/AoF06952.jpg,exact_duplicate_dhash_d0
/home/z/my-project/Factory-AI/datasets/production/dfire/train/images/AoF00948.jpg,/home/z/my-project/Factory-AI/datasets/production/dfire/test/images/AoF06953.jpg,exact_duplicate_dhash_d0
/home/z/my-project/Factory-AI/datasets/production/dfire/train/images/AoF00950.jpg,/home/z/my-project/Factory-AI/datasets/production/dfire/test/images/AoF06953.jpg,exact_duplicate_dhash_d0
/home/z/my-project/Factory-AI/datasets/production/dfire/train/images/AoF00951.jpg,/home/z/my-project/Factory-AI/datasets/production/dfire/test/images/AoF06953.jpg,exact_duplicate_dhash_d0
/home/z/my-project/Factory-AI/datasets/production/dfire/train/images/AoF00952.jpg,/home/z/my-project/Factory-AI/datasets/production/dfire/test/images/AoF06983.jpg,exact_duplicate_dhash_d0
/home/z/my-project/Factory-AI/datasets/production/dfire/train/images/AoF00955.jpg,/home/z/my-project/Factory-AI/datasets/production/dfire/test/images/AoF06956.jpg,exact_duplicate_dhash_d0
/home/z/my-project/Factory-AI/datasets/production/dfire/train/images/AoF00956.jpg,/home/z/my-project/Factory-AI/datasets/production/dfire/test/images/AoF06956.jpg,exact_duplicate_dhash_d0
/home/z/my-project/Factory-AI/datasets/production/dfire/train/images/AoF00958.jpg,/home/z/my-project/Factory-AI/datasets/production/dfire/test/images/AoF06956.jpg,exact_duplicate_dhash_d0
/home/z/my-project/Factory-AI/datasets/production/dfire/train/images/AoF00960.jpg,/home/z/my-project/Factory-AI/datasets/production/dfire/test/images/AoF06958.jpg,exact_duplicate_dhash_d0
/home/z/my-project/Factory-AI/datasets/production/dfire/train/images/AoF00971.jpg,/home/z/my-project/Factory-AI/datasets/production/dfire/train/images/AoF00969.jpg,exact_duplicate_dhash_d0
/home/z/my-project/Factory-AI/datasets/production/dfire/train/images/AoF00972.jpg,/home/z/my-project/Factory-AI/datasets/production/dfire/test/images/AoF06956.jpg,exact_duplicate_dhash_d0
/home/z/my-project/Factory-AI/datasets/production/dfire/train/images/AoF00973.jpg,/home/z/my-project/Factory-AI/datasets/production/dfire/test/images/AoF06956.jpg,exact_duplicate_dhash_d0
/home/z/my-project/Factory-AI/datasets/production/dfire/train/images/AoF00974.jpg,/home/z/my-project/Factory-AI/datasets/production/dfire/test/images/AoF06970.jpg,exact_duplicate_dhash_d0
/home/z/my-project/Factory-AI/datasets/production/dfire/train/images/AoF00982.jpg,/home/z/my-project/Factory-AI/datasets/production/dfire/test/images/AoF06970.jpg,exact_duplicate_dhash_d0
/home/z/my-project/Factory-AI/datasets/production/dfire/train/images/AoF00983.jpg,/home/z/my-project/Factory-AI/datasets/production/dfire/train/images/AoF00981.jpg,exact_duplicate_dhash_d0
/home/z/my-project/Factory-AI/datasets/production/dfire/train/images/AoF00988.jpg,/home/z/my-project/Factory-AI/datasets/production/dfire/test/images/AoF06965.jpg,exact_duplicate_dhash_d0
/home/z/my-project/Factory-AI/datasets/production/dfire/train/images/AoF00991.jpg,/home/z/my-project/Factory-AI/datasets/production/dfire/train/images/AoF00990.jpg,exact_duplicate_dhash_d0
/home/z/my-project/Factory-AI/datasets/production/dfire/train/images/AoF00992.jpg,/home/z/my-project/Factory-AI/datasets/production/dfire/train/images/AoF00990.jpg,exact_duplicate_dhash_d0
/home/z/my-project/Factory-AI/datasets/production/dfire/train/images/AoF01008.jpg,/home/z/my-project/Factory-AI/datasets/production/dfire/train/images/AoF01007.jpg,exact_duplicate_dhash_d0
/home/z/my-project/Factory-AI/datasets/production/dfire/train/images/AoF01013.jpg,/home/z/my-project/Factory-AI/datasets/production/dfire/test/images/AoF06956.jpg,exact_duplicate_dhash_d0
/home/z/my-project/Factory-AI/datasets/production/dfire/train/images/AoF01014.jpg,/home/z/my-project/Factory-AI/datasets/production/dfire/test/images/AoF06956.jpg,exact_duplicate_dhash_d0
/home/z/my-project/Factory-AI/datasets/production/dfire/train/images/AoF01015.jpg,/home/z/my-project/Factory-AI/datasets/production/dfire/test/images/AoF06956.jpg,exact_duplicate_dhash_d0
/home/z/my-project/Factory-AI/datasets/production/dfire/train/images/AoF01022.jpg,/home/z/my-project/Factory-AI/datasets/production/dfire/train/images/AoF01021.jpg,exact_duplicate_dhash_d0
/home/z/my-project/Factory-AI/datasets/production/dfire/train/images/AoF01023.jpg,/home/z/my-project/Factory-AI/datasets/production/dfire/train/images/AoF00888.jpg,exact_duplicate_dhash_d0
/home/z/my-project/Factory-AI/datasets/production/dfire/train/images/AoF01024.jpg,/home/z/my-project/Factory-AI/datasets/production/dfire/train/images/AoF00888.jpg,exact_duplicate_dhash_d0
/home/z/my-project/Factory-AI/datasets/production/dfire/train/images/AoF01025.jpg,/home/z/my-project/Factory-AI/datasets/production/dfire/train/images/AoF00888.jpg,exact_duplicate_dhash_d0
/home/z/my-project/Factory-AI/datasets/production/dfire/train/images/AoF01027.jpg,/home/z/my-project/Factory-AI/datasets/production/dfire/test/images/AoF06991.jpg,exact_duplicate_dhash_d0
/home/z/my-project/Factory-AI/datasets/production/dfire/train/images/AoF01039.jpg,/home/z/my-project/Factory-AI/datasets/production/dfire/train/images/AoF01038.jpg,exact_duplicate_dhash_d0
/home/z/my-project/Factory-AI/datasets/production/dfire/train/images/AoF01040.jpg,/home/z/my-project/Factory-AI/datasets/production/dfire/test/images/AoF06953.jpg,exact_duplicate_dhash_d0
/home/z/my-project/Factory-AI/datasets/production/dfire/train/images/AoF01041.jpg,/home/z/my-project/Factory-AI/datasets/production/dfire/test/images/AoF06953.jpg,exact_duplicate_dhash_d0
/home/z/my-project/Factory-AI/datasets/production/dfire/train/images/AoF01048.jpg,/home/z/my-project/Factory-AI/datasets/production/dfire/train/images/AoF00993.jpg,exact_duplicate_dhash_d0
/home/z/my-project/Factory-AI/datasets/production/dfire/train/images/AoF01049.jpg,/home/z/my-project/Factory-AI/datasets/production/dfire/train/images/AoF00993.jpg,exact_duplicate_dhash_d0
/home/z/my-project/Factory-AI/datasets/production/dfire/train/images/AoF01053.jpg,/home/z/my-project/Factory-AI/datasets/production/dfire/test/images/AoF06983.jpg,exact_duplicate_dhash_d0
/home/z/my-project/Factory-AI/datasets/production/dfire/train/images/AoF01056.jpg,/home/z/my-project/Factory-AI/datasets/production/dfire/test/images/AoF06956.jpg,exact_duplicate_dhash_d0
/home/z/my-project/Factory-AI/datasets/production/dfire/train/images/AoF01057.jpg,/home/z/my-project/Factory-AI/datasets/production/dfire/test/images/AoF06956.jpg,exact_duplicate_dhash_d0
/home/z/my-project/Factory-AI/datasets/production/dfire/train/images/AoF01059.jpg,/home/z/my-project/Factory-AI/datasets/production/dfire/train/images/AoF01058.jpg,exact_duplicate_dhash_d0
/home/z/my-project/Factory-AI/datasets/production/dfire/train/images/AoF01065.jpg,/home/z/my-project/Factory-AI/datasets/production/dfire/train/images/AoF00998.jpg,exact_duplicate_dhash_d0
/home/z/my-project/Factory-AI/datasets/production/dfire/train/images/AoF01071.jpg,/home/z/my-project/Factory-AI/datasets/production/dfire/train/images/AoF01047.jpg,exact_duplicate_dhash_d0
/home/z/my-project/Factory-AI/datasets/production/dfire/train/images/AoF01072.jpg,/home/z/my-project/Factory-AI/datasets/production/dfire/train/images/AoF01047.jpg,exact_duplicate_dhash_d0
/home/z/my-project/Factory-AI/datasets/production/dfire/train/images/AoF01073.jpg,/home/z/my-project/Factory-AI/datasets/production/dfire/train/images/AoF01047.jpg,exact_duplicate_dhash_d0
/home/z/my-project/Factory-AI/datasets/production/dfire/train/images/AoF01075.jpg,/home/z/my-project/Factory-AI/datasets/production/dfire/test/images/AoF06956.jpg,exact_duplicate_dhash_d0
/home/z/my-project/Factory-AI/datasets/production/dfire/train/images/AoF01076.jpg,/home/z/my-project/Factory-AI/datasets/production/dfire/test/images/AoF06957.jpg,exact_duplicate_dhash_d0
/home/z/my-project/Factory-AI/datasets/production/dfire/train/images/AoF01081.jpg,/home/z/my-project/Factory-AI/datasets/production/dfire/train/images/AoF01080.jpg,exact_duplicate_dhash_d0
/home/z/my-project/Factory-AI/datasets/production/dfire/train/images/AoF01084.jpg,/home/z/my-project/Factory-AI/datasets/production/dfire/test/images/AoF06986.jpg,exact_duplicate_dhash_d0
/home/z/my-project/Factory-AI/datasets/production/dfire/train/images/AoF01085.jpg,/home/z/my-project/Factory-AI/datasets/production/dfire/test/images/AoF06988.jpg,exact_duplicate_dhash_d0
/home/z/my-project/Factory-AI/datasets/production/dfire/train/images/AoF01087.jpg,/home/z/my-project/Factory-AI/datasets/production/dfire/test/images/AoF06956.jpg,exact_duplicate_dhash_d0
/home/z/my-project/Factory-AI/datasets/production/dfire/train/images/AoF01089.jpg,/home/z/my-project/Factory-AI/datasets/production/dfire/train/images/AoF01088.jpg,exact_duplicate_dhash_d0
/home/z/my-project/Factory-AI/datasets/production/dfire/train/images/AoF01098.jpg,/home/z/my-project/Factory-AI/datasets/production/dfire/test/images/AoF06991.jpg,exact_duplicate_dhash_d0
/home/z/my-project/Factory-AI/datasets/production/dfire/train/images/AoF01101.jpg,/home/z/my-project/Factory-AI/datasets/production/dfire/test/images/AoF06993.jpg,exact_duplicate_dhash_d0
/home/z/my-project/Factory-AI/datasets/production/dfire/train/images/AoF01104.jpg,/home/z/my-project/Factory-AI/datasets/production/dfire/train/images/AoF01102.jpg,exact_duplicate_dhash_d0
/home/z/my-project/Factory-AI/datasets/production/dfire/train/images/AoF01114.jpg,/home/z/my-project/Factory-AI/datasets/production/dfire/test/images/AoF06998.jpg,exact_duplicate_dhash_d0
/home/z/my-project/Factory-AI/datasets/production/dfire/train/images/AoF01115.jpg,/home/z/my-project/Factory-AI/datasets/production/dfire/test/images/AoF06998.jpg,exact_duplicate_dhash_d0
/home/z/my-project/Factory-AI/datasets/production/dfire/train/images/AoF01118.jpg,/home/z/my-project/Factory-AI/datasets/production/dfire/test/images/AoF06998.jpg,exact_duplicate_dhash_d0
/home/z/my-project/Factory-AI/datasets/production/dfire/train/images/AoF01120.jpg,/home/z/my-project/Factory-AI/datasets/production/dfire/train/images/AoF01119.jpg,exact_duplicate_dhash_d0
/home/z/my-project/Factory-AI/datasets/production/dfire/train/images/AoF01123.jpg,/home/z/my-project/Factory-AI/datasets/production/dfire/train/images/AoF01119.jpg,exact_duplicate_dhash_d0
/home/z/my-project/Factory-AI/datasets/production/dfire/train/images/AoF01124.jpg,/home/z/my-project/Factory-AI/datasets/production/dfire/train/images/AoF01119.jpg,exact_duplicate_dhash_d0
/home/z/my-project/Factory-AI/datasets/production/dfire/train/images/AoF01128.jpg,/home/z/my-project/Factory-AI/datasets/production/dfire/train/images/AoF01127.jpg,exact_duplicate_dhash_d0
/home/z/my-project/Factory-AI/datasets/production/dfire/train/images/AoF01129.jpg,/home/z/my-project/Factory-AI/datasets/production/dfire/train/images/AoF01127.jpg,exact_duplicate_dhash_d0
/home/z/my-project/Factory-AI/datasets/production/dfire/train/images/AoF01131.jpg,/home/z/my-project/Factory-AI/datasets/production/dfire/train/images/AoF01127.jpg,exact_duplicate_dhash_d0
/home/z/my-project/Factory-AI/datasets/production/dfire/train/images/AoF01133.jpg,/home/z/my-project/Factory-AI/datasets/production/dfire/train/images/AoF01132.jpg,exact_duplicate_dhash_d0
/home/z/my-project/Factory-AI/datasets/production/dfire/train/images/AoF01134.jpg,/home/z/my-project/Factory-AI/datasets/production/dfire/train/images/AoF01132.jpg,exact_duplicate_dhash_d0
/home/z/my-project/Factory-AI/datasets/production/dfire/train/images/AoF01135.jpg,/home/z/my-project/Factory-AI/datasets/production/dfire/train/images/AoF01132.jpg,exact_duplicate_dhash_d0
/home/z/my-project/Factory-AI/datasets/production/dfire/train/images/AoF01137.jpg,/home/z/my-project/Factory-AI/datasets/production/dfire/train/images/AoF01132.jpg,exact_duplicate_dhash_d0
/home/z/my-project/Factory-AI/datasets/production/dfire/train/images/AoF01138.jpg,/home/z/my-project/Factory-AI/datasets/production/dfire/train/images/AoF01132.jpg,exact_duplicate_dhash_d0
/home/z/my-project/Factory-AI/datasets/production/dfire/train/images/AoF01141.jpg,/home/z/my-project/Factory-AI/datasets/production/dfire/test/images/AoF07002.jpg,exact_duplicate_dhash_d0
/home/z/my-project/Factory-AI/datasets/production/dfire/train/images/AoF01142.jpg,/home/z/my-project/Factory-AI/datasets/production/dfire/test/images/AoF07000.jpg,exact_duplicate_dhash_d0
/home/z/my-project/Factory-AI/datasets/production/dfire/train/images/AoF01150.jpg,/home/z/my-project/Factory-AI/datasets/production/dfire/train/images/AoF01149.jpg,exact_duplicate_dhash_d0
/home/z/my-project/Factory-AI/datasets/production/dfire/train/images/AoF01151.jpg,/home/z/my-project/Factory-AI/datasets/production/dfire/train/images/AoF01149.jpg,exact_duplicate_dhash_d0
/home/z/my-project/Factory-AI/datasets/production/dfire/train/images/AoF01152.jpg,/home/z/my-project/Factory-AI/datasets/production/dfire/train/images/AoF01149.jpg,exact_duplicate_dhash_d0
/home/z/my-project/Factory-AI/datasets/production/dfire/train/images/AoF01154.jpg,/home/z/my-project/Factory-AI/datasets/production/dfire/train/images/AoF01149.jpg,exact_duplicate_dhash_d0
/home/z/my-project/Factory-AI/datasets/production/dfire/train/images/AoF01157.jpg,/home/z/my-project/Factory-AI/datasets/production/dfire/train/images/AoF01155.jpg,exact_duplicate_dhash_d0
/home/z/my-project/Factory-AI/datasets/production/dfire/train/images/AoF01158.jpg,/home/z/my-project/Factory-AI/datasets/production/dfire/train/images/AoF01155.jpg,exact_duplicate_dhash_d0
/home/z/my-project/Factory-AI/datasets/production/dfire/train/images/AoF01159.jpg,/home/z/my-project/Factory-AI/datasets/production/dfire/train/images/AoF01155.jpg,exact_duplicate_dhash_d0
/home/z/my-project/Factory-AI/datasets/production/dfire/train/images/AoF01160.jpg,/home/z/my-project/Factory-AI/datasets/production/dfire/train/images/AoF01155.jpg,exact_duplicate_dhash_d0
/home/z/my-project/Factory-AI/datasets/production/dfire/train/images/AoF01162.jpg,/home/z/my-project/Factory-AI/datasets/production/dfire/train/images/AoF01161.jpg,exact_duplicate_dhash_d0
/home/z/my-project/Factory-AI/datasets/production/dfire/train/images/AoF01163.jpg,/home/z/my-project/Factory-AI/datasets/production/dfire/test/images/AoF07005.jpg,exact_duplicate_dhash_d0
/home/z/my-project/Factory-AI/datasets/production/dfire/train/images/AoF01165.jpg,/home/z/my-project/Factory-AI/datasets/production/dfire/test/images/AoF07005.jpg,exact_duplicate_dhash_d0
/home/z/my-project/Factory-AI/datasets/production/dfire/train/images/AoF01169.jpg,/home/z/my-project/Factory-AI/datasets/production/dfire/train/images/AoF01168.jpg,exact_duplicate_dhash_d0
/home/z/my-project/Factory-AI/datasets/production/dfire/train/images/AoF01183.jpg,/home/z/my-project/Factory-AI/datasets/production/dfire/test/images/AoF07012.jpg,exact_duplicate_dhash_d0
/home/z/my-project/Factory-AI/datasets/production/dfire/train/images/AoF01184.jpg,/home/z/my-project/Factory-AI/datasets/production/dfire/test/images/AoF07012.jpg,exact_duplicate_dhash_d0
/home/z/my-project/Factory-AI/datasets/production/dfire/train/images/AoF01185.jpg,/home/z/my-project/Factory-AI/datasets/production/dfire/test/images/AoF07012.jpg,exact_duplicate_dhash_d0
/home/z/my-project/Factory-AI/datasets/production/dfire/train/images/AoF01186.jpg,/home/z/my-project/Factory-AI/datasets/production/dfire/test/images/AoF07014.jpg,exact_duplicate_dhash_d0
/home/z/my-project/Factory-AI/datasets/production/dfire/train/images/AoF01190.jpg,/home/z/my-project/Factory-AI/datasets/production/dfire/test/images/AoF07014.jpg,exact_duplicate_dhash_d0
/home/z/my-project/Factory-AI/datasets/production/dfire/train/images/AoF01199.jpg,/home/z/my-project/Factory-AI/datasets/production/dfire/test/images/AoF07017.jpg,exact_duplicate_dhash_d0
/home/z/my-project/Factory-AI/datasets/production/dfire/train/images/AoF01200.jpg,/home/z/my-project/Factory-AI/datasets/production/dfire/test/images/AoF07017.jpg,exact_duplicate_dhash_d0
/home/z/my-project/Factory-AI/datasets/production/dfire/train/images/AoF01201.jpg,/home/z/my-project/Factory-AI/datasets/production/dfire/test/images/AoF07017.jpg,exact_duplicate_dhash_d0
/home/z/my-project/Factory-AI/datasets/production/dfire/train/images/AoF01202.jpg,/home/z/my-project/Factory-AI/datasets/production/dfire/test/images/AoF07017.jpg,exact_duplicate_dhash_d0
/home/z/my-project/Factory-AI/datasets/production/dfire/train/images/AoF01203.jpg,/home/z/my-project/Factory-AI/datasets/production/dfire/test/images/AoF07017.jpg,exact_duplicate_dhash_d0
/home/z/my-project/Factory-AI/datasets/production/dfire/train/images/AoF01204.jpg,/home/z/my-project/Factory-AI/datasets/production/dfire/test/images/AoF07017.jpg,exact_duplicate_dhash_d0
/home/z/my-project/Factory-AI/datasets/production/dfire/train/images/AoF01207.jpg,/home/z/my-project/Factory-AI/datasets/production/dfire/train/images/AoF01205.jpg,exact_duplicate_dhash_d0
/home/z/my-project/Factory-AI/datasets/production/dfire/train/images/AoF01209.jpg,/home/z/my-project/Factory-AI/datasets/production/dfire/train/images/AoF01208.jpg,exact_duplicate_dhash_d0
/home/z/my-project/Factory-AI/datasets/production/dfire/train/images/AoF01211.jpg,/home/z/my-project/Factory-AI/datasets/production/dfire/train/images/AoF01210.jpg,exact_duplicate_dhash_d0
/home/z/my-project/Factory-AI/datasets/production/dfire/train/images/AoF01252.jpg,/home/z/my-project/Factory-AI/datasets/production/dfire/test/images/AoF07049.jpg,exact_duplicate_dhash_d0
/home/z/my-project/Factory-AI/datasets/production/dfire/train/images/AoF01262.jpg,/home/z/my-project/Factory-AI/datasets/production/dfire/train/images/AoF01261.jpg,exact_duplicate_dhash_d0
/home/z/my-project/Factory-AI/datasets/production/dfire/train/images/AoF01263.jpg,/home/z/my-project/Factory-AI/datasets/production/dfire/train/images/AoF01261.jpg,exact_duplicate_dhash_d0
/home/z/my-project/Factory-AI/datasets/production/dfire/train/images/AoF01276.jpg,/home/z/my-project/Factory-AI/datasets/production/dfire/train/images/AoF01261.jpg,exact_duplicate_dhash_d0
/home/z/my-project/Factory-AI/datasets/production/dfire/train/images/AoF01277.jpg,/home/z/my-project/Factory-AI/datasets/production/dfire/train/images/AoF01261.jpg,exact_duplicate_dhash_d0
/home/z/my-project/Factory-AI/datasets/production/dfire/train/images/AoF01278.jpg,/home/z/my-project/Factory-AI/datasets/production/dfire/test/images/AoF07031.jpg,exact_duplicate_dhash_d0
/home/z/my-project/Factory-AI/datasets/production/dfire/train/images/AoF01279.jpg,/home/z/my-project/Factory-AI/datasets/production/dfire/train/images/AoF01261.jpg,exact_duplicate_dhash_d0
/home/z/my-project/Factory-AI/datasets/production/dfire/train/images/AoF01282.jpg,/home/z/my-project/Factory-AI/datasets/production/dfire/train/images/AoF01281.jpg,exact_duplicate_dhash_d0
/home/z/my-project/Factory-AI/datasets/production/dfire/train/images/AoF01298.jpg,/home/z/my-project/Factory-AI/datasets/production/dfire/train/images/AoF01297.jpg,exact_duplicate_dhash_d0
/home/z/my-project/Factory-AI/datasets/production/dfire/train/images/AoF01299.jpg,/home/z/my-project/Factory-AI/datasets/production/dfire/train/images/AoF01297.jpg,exact_duplicate_dhash_d0
/home/z/my-project/Factory-AI/datasets/production/dfire/train/images/AoF01300.jpg,/home/z/my-project/Factory-AI/datasets/production/dfire/train/images/AoF01295.jpg,exact_duplicate_dhash_d0
/home/z/my-project/Factory-AI/datasets/production/dfire/train/images/AoF01301.jpg,/home/z/my-project/Factory-AI/datasets/production/dfire/train/images/AoF01295.jpg,exact_duplicate_dhash_d0
/home/z/my-project/Factory-AI/datasets/production/dfire/train/images/AoF01310.jpg,/home/z/my-project/Factory-AI/datasets/production/dfire/test/images/AoF07040.jpg,exact_duplicate_dhash_d0
/home/z/my-project/Factory-AI/datasets/production/dfire/train/images/AoF01319.jpg,/home/z/my-project/Factory-AI/datasets/production/dfire/train/images/AoF01318.jpg,exact_duplicate_dhash_d0
/home/z/my-project/Factory-AI/datasets/production/dfire/train/images/AoF01327.jpg,/home/z/my-project/Factory-AI/datasets/production/dfire/train/images/AoF01326.jpg,exact_duplicate_dhash_d0
/home/z/my-project/Factory-AI/datasets/production/dfire/train/images/AoF01329.jpg,/home/z/my-project/Factory-AI/datasets/production/dfire/test/images/AoF07066.jpg,exact_duplicate_dhash_d0
/home/z/my-project/Factory-AI/datasets/production/dfire/train/images/AoF01331.jpg,/home/z/my-project/Factory-AI/datasets/production/dfire/test/images/AoF07050.jpg,exact_duplicate_dhash_d0
/home/z/my-project/Factory-AI/datasets/production/dfire/train/images/AoF01339.jpg,/home/z/my-project/Factory-AI/datasets/production/dfire/train/images/AoF01338.jpg,exact_duplicate_dhash_d0
/home/z/my-project/Factory-AI/datasets/production/dfire/train/images/AoF01340.jpg,/home/z/my-project/Factory-AI/datasets/production/dfire/train/images/AoF01338.jpg,exact_duplicate_dhash_d0
/home/z/my-project/Factory-AI/datasets/production/dfire/train/images/AoF01346.jpg,/home/z/my-project/Factory-AI/datasets/production/dfire/train/images/AoF01261.jpg,exact_duplicate_dhash_d0
/home/z/my-project/Factory-AI/datasets/production/dfire/train/images/AoF01353.jpg,/home/z/my-project/Factory-AI/datasets/production/dfire/train/images/AoF01352.jpg,exact_duplicate_dhash_d0
/home/z/my-project/Factory-AI/datasets/production/dfire/train/images/AoF01355.jpg,/home/z/my-project/Factory-AI/datasets/production/dfire/train/images/AoF01352.jpg,exact_duplicate_dhash_d0
/home/z/my-project/Factory-AI/datasets/production/dfire/train/images/AoF01367.jpg,/home/z/my-project/Factory-AI/datasets/production/dfire/train/images/AoF01295.jpg,exact_duplicate_dhash_d0
/home/z/my-project/Factory-AI/datasets/production/dfire/train/images/AoF01369.jpg,/home/z/my-project/Factory-AI/datasets/production/dfire/train/images/AoF01368.jpg,exact_duplicate_dhash_d0
/home/z/my-project/Factory-AI/datasets/production/dfire/train/images/AoF01374.jpg,/home/z/my-project/Factory-AI/datasets/production/dfire/test/images/AoF07058.jpg,exact_duplicate_dhash_d0
/home/z/my-project/Factory-AI/datasets/production/dfire/train/images/AoF01389.jpg,/home/z/my-project/Factory-AI/datasets/production/dfire/test/images/AoF07061.jpg,exact_duplicate_dhash_d0
/home/z/my-project/Factory-AI/datasets/production/dfire/train/images/AoF01399.jpg,/home/z/my-project/Factory-AI/datasets/production/dfire/test/images/AoF07066.jpg,exact_duplicate_dhash_d0
/home/z/my-project/Factory-AI/datasets/production/dfire/train/images/AoF01408.jpg,/home/z/my-project/Factory-AI/datasets/production/dfire/test/images/AoF07068.jpg,exact_duplicate_dhash_d0
/home/z/my-project/Factory-AI/datasets/production/dfire/train/images/AoF01411.jpg,/home/z/my-project/Factory-AI/datasets/production/dfire/test/images/AoF07069.jpg,exact_duplicate_dhash_d0
/home/z/my-project/Factory-AI/datasets/production/dfire/train/images/AoF01429.jpg,/home/z/my-project/Factory-AI/datasets/production/dfire/train/images/AoF01428.jpg,exact_duplicate_dhash_d0
/home/z/my-project/Factory-AI/datasets/production/dfire/train/images/AoF01440.jpg,/home/z/my-project/Factory-AI/datasets/production/dfire/train/images/AoF01439.jpg,exact_duplicate_dhash_d0
/home/z/my-project/Factory-AI/datasets/production/dfire/train/images/AoF01441.jpg,/home/z/my-project/Factory-AI/datasets/production/dfire/test/images/AoF07075.jpg,exact_duplicate_dhash_d0
/home/z/my-project/Factory-AI/datasets/production/dfire/train/images/AoF01442.jpg,/home/z/my-project/Factory-AI/datasets/production/dfire/test/images/AoF07075.jpg,exact_duplicate_dhash_d0
/home/z/my-project/Factory-AI/datasets/production/dfire/train/images/AoF01449.jpg,/home/z/my-project/Factory-AI/datasets/production/dfire/test/images/AoF07045.jpg,exact_duplicate_dhash_d0
/home/z/my-project/Factory-AI/datasets/production/dfire/train/images/AoF01451.jpg,/home/z/my-project/Factory-AI/datasets/production/dfire/train/images/AoF01450.jpg,exact_duplicate_dhash_d0
/home/z/my-project/Factory-AI/datasets/production/dfire/train/images/AoF01458.jpg,/home/z/my-project/Factory-AI/datasets/production/dfire/test/images/AoF07078.jpg,exact_duplicate_dhash_d0
/home/z/my-project/Factory-AI/datasets/production/dfire/train/images/AoF01461.jpg,/home/z/my-project/Factory-AI/datasets/production/dfire/train/images/AoF01460.jpg,exact_duplicate_dhash_d0
/home/z/my-project/Factory-AI/datasets/production/dfire/train/images/AoF01462.jpg,/home/z/my-project/Factory-AI/datasets/production/dfire/train/images/AoF01460.jpg,exact_duplicate_dhash_d0
/home/z/my-project/Factory-AI/datasets/production/dfire/train/images/AoF01466.jpg,/home/z/my-project/Factory-AI/datasets/production/dfire/test/images/AoF07080.jpg,exact_duplicate_dhash_d0
/home/z/my-project/Factory-AI/datasets/production/dfire/train/images/AoF01472.jpg,/home/z/my-project/Factory-AI/datasets/production/dfire/train/images/AoF01471.jpg,exact_duplicate_dhash_d0
/home/z/my-project/Factory-AI/datasets/production/dfire/train/images/AoF01474.jpg,/home/z/my-project/Factory-AI/datasets/production/dfire/test/images/AoF07110.jpg,exact_duplicate_dhash_d0
/home/z/my-project/Factory-AI/datasets/production/dfire/train/images/AoF01479.jpg,/home/z/my-project/Factory-AI/datasets/production/dfire/train/images/AoF01478.jpg,exact_duplicate_dhash_d0
/home/z/my-project/Factory-AI/datasets/production/dfire/train/images/AoF01480.jpg,/home/z/my-project/Factory-AI/datasets/production/dfire/train/images/AoF01478.jpg,exact_duplicate_dhash_d0
/home/z/my-project/Factory-AI/datasets/production/dfire/train/images/AoF01486.jpg,/home/z/my-project/Factory-AI/datasets/production/dfire/train/images/AoF01485.jpg,exact_duplicate_dhash_d0
/home/z/my-project/Factory-AI/datasets/production/dfire/train/images/AoF01487.jpg,/home/z/my-project/Factory-AI/datasets/production/dfire/train/images/AoF01485.jpg,exact_duplicate_dhash_d0
/home/z/my-project/Factory-AI/datasets/production/dfire/train/images/AoF01488.jpg,/home/z/my-project/Factory-AI/datasets/production/dfire/test/images/AoF07091.jpg,exact_duplicate_dhash_d0
/home/z/my-project/Factory-AI/datasets/production/dfire/train/images/AoF01489.jpg,/home/z/my-project/Factory-AI/datasets/production/dfire/train/images/AoF01476.jpg,exact_duplicate_dhash_d0
/home/z/my-project/Factory-AI/datasets/production/dfire/train/images/AoF01491.jpg,/home/z/my-project/Factory-AI/datasets/production/dfire/test/images/AoF07081.jpg,exact_duplicate_dhash_d0
/home/z/my-project/Factory-AI/datasets/production/dfire/train/images/AoF01492.jpg,/home/z/my-project/Factory-AI/datasets/production/dfire/test/images/AoF07081.jpg,exact_duplicate_dhash_d0
/home/z/my-project/Factory-AI/datasets/production/dfire/train/images/AoF01493.jpg,/home/z/my-project/Factory-AI/datasets/production/dfire/test/images/AoF07110.jpg,exact_duplicate_dhash_d0
/home/z/my-project/Factory-AI/datasets/production/dfire/train/images/AoF01495.jpg,/home/z/my-project/Factory-AI/datasets/production/dfire/test/images/AoF07110.jpg,exact_duplicate_dhash_d0
/home/z/my-project/Factory-AI/datasets/production/dfire/train/images/AoF01496.jpg,/home/z/my-project/Factory-AI/datasets/production/dfire/test/images/AoF07110.jpg,exact_duplicate_dhash_d0
/home/z/my-project/Factory-AI/datasets/production/dfire/train/images/AoF01497.jpg,/home/z/my-project/Factory-AI/datasets/production/dfire/train/images/AoF01485.jpg,exact_duplicate_dhash_d0
/home/z/my-project/Factory-AI/datasets/production/dfire/train/images/AoF01498.jpg,/home/z/my-project/Factory-AI/datasets/production/dfire/test/images/AoF07082.jpg,exact_duplicate_dhash_d0
/home/z/my-project/Factory-AI/datasets/production/dfire/train/images/AoF01499.jpg,/home/z/my-project/Factory-AI/datasets/production/dfire/test/images/AoF07083.jpg,exact_duplicate_dhash_d0
/home/z/my-project/Factory-AI/datasets/production/dfire/train/images/AoF01500.jpg,/home/z/my-project/Factory-AI/datasets/production/dfire/test/images/AoF07110.jpg,exact_duplicate_dhash_d0
/home/z/my-project/Factory-AI/datasets/production/dfire/train/images/AoF01501.jpg,/home/z/my-project/Factory-AI/datasets/production/dfire/test/images/AoF07110.jpg,exact_duplicate_dhash_d0
/home/z/my-project/Factory-AI/datasets/production/dfire/train/images/AoF01503.jpg,/home/z/my-project/Factory-AI/datasets/production/dfire/test/images/AoF07110.jpg,exact_duplicate_dhash_d0
/home/z/my-project/Factory-AI/datasets/production/dfire/train/images/AoF01505.jpg,/home/z/my-project/Factory-AI/datasets/production/dfire/train/images/AoF01504.jpg,exact_duplicate_dhash_d0
/home/z/my-project/Factory-AI/datasets/production/dfire/train/images/AoF01507.jpg,/home/z/my-project/Factory-AI/datasets/production/dfire/test/images/AoF07092.jpg,exact_duplicate_dhash_d0
/home/z/my-project/Factory-AI/datasets/production/dfire/train/images/AoF01508.jpg,/home/z/my-project/Factory-AI/datasets/production/dfire/test/images/AoF07092.jpg,exact_duplicate_dhash_d0
/home/z/my-project/Factory-AI/datasets/production/dfire/train/images/AoF01509.jpg,/home/z/my-project/Factory-AI/datasets/production/dfire/test/images/AoF07092.jpg,exact_duplicate_dhash_d0
/home/z/my-project/Factory-AI/datasets/production/dfire/train/images/AoF01515.jpg,/home/z/my-project/Factory-AI/datasets/production/dfire/train/images/AoF01514.jpg,exact_duplicate_dhash_d0
/home/z/my-project/Factory-AI/datasets/production/dfire/train/images/AoF01516.jpg,/home/z/my-project/Factory-AI/datasets/production/dfire/train/images/AoF01514.jpg,exact_duplicate_dhash_d0
/home/z/my-project/Factory-AI/datasets/production/dfire/train/images/AoF01517.jpg,/home/z/my-project/Factory-AI/datasets/production/dfire/test/images/AoF07098.jpg,exact_duplicate_dhash_d0
/home/z/my-project/Factory-AI/datasets/production/dfire/train/images/AoF01519.jpg,/home/z/my-project/Factory-AI/datasets/production/dfire/test/images/AoF07100.jpg,exact_duplicate_dhash_d0
/home/z/my-project/Factory-AI/datasets/production/dfire/train/images/AoF01522.jpg,/home/z/my-project/Factory-AI/datasets/production/dfire/train/images/AoF01521.jpg,exact_duplicate_dhash_d0
/home/z/my-project/Factory-AI/datasets/production/dfire/train/images/AoF01526.jpg,/home/z/my-project/Factory-AI/datasets/production/dfire/test/images/AoF07127.jpg,exact_duplicate_dhash_d0
/home/z/my-project/Factory-AI/datasets/production/dfire/train/images/AoF01527.jpg,/home/z/my-project/Factory-AI/datasets/production/dfire/test/images/AoF07127.jpg,exact_duplicate_dhash_d0
/home/z/my-project/Factory-AI/datasets/production/dfire/train/images/AoF01528.jpg,/home/z/my-project/Factory-AI/datasets/production/dfire/test/images/AoF07127.jpg,exact_duplicate_dhash_d0
/home/z/my-project/Factory-AI/datasets/production/dfire/train/images/AoF01532.jpg,/home/z/my-project/Factory-AI/datasets/production/dfire/test/images/AoF07086.jpg,exact_duplicate_dhash_d0
/home/z/my-project/Factory-AI/datasets/production/dfire/train/images/AoF01534.jpg,/home/z/my-project/Factory-AI/datasets/production/dfire/train/images/AoF01504.jpg,exact_duplicate_dhash_d0
/home/z/my-project/Factory-AI/datasets/production/dfire/train/images/AoF01535.jpg,/home/z/my-project/Factory-AI/datasets/production/dfire/train/images/AoF01504.jpg,exact_duplicate_dhash_d0
/home/z/my-project/Factory-AI/datasets/production/dfire/train/images/AoF01536.jpg,/home/z/my-project/Factory-AI/datasets/production/dfire/train/images/AoF01504.jpg,exact_duplicate_dhash_d0
/home/z/my-project/Factory-AI/datasets/production/dfire/train/images/AoF01539.jpg,/home/z/my-project/Factory-AI/datasets/production/dfire/train/images/AoF01504.jpg,exact_duplicate_dhash_d0
/home/z/my-project/Factory-AI/datasets/production/dfire/train/images/AoF01540.jpg,/home/z/my-project/Factory-AI/datasets/production/dfire/train/images/AoF01504.jpg,exact_duplicate_dhash_d0
/home/z/my-project/Factory-AI/datasets/production/dfire/train/images/AoF01541.jpg,/home/z/my-project/Factory-AI/datasets/production/dfire/train/images/AoF01504.jpg,exact_duplicate_dhash_d0
/home/z/my-project/Factory-AI/datasets/production/dfire/train/images/AoF01543.jpg,/home/z/my-project/Factory-AI/datasets/production/dfire/test/images/AoF07089.jpg,exact_duplicate_dhash_d0
/home/z/my-project/Factory-AI/datasets/production/dfire/train/images/AoF01544.jpg,/home/z/my-project/Factory-AI/datasets/production/dfire/test/images/AoF07089.jpg,exact_duplicate_dhash_d0
/home/z/my-project/Factory-AI/datasets/production/dfire/train/images/AoF01545.jpg,/home/z/my-project/Factory-AI/datasets/production/dfire/test/images/AoF07107.jpg,exact_duplicate_dhash_d0
/home/z/my-project/Factory-AI/datasets/production/dfire/train/images/AoF01546.jpg,/home/z/my-project/Factory-AI/datasets/production/dfire/test/images/AoF07090.jpg,exact_duplicate_dhash_d0
/home/z/my-project/Factory-AI/datasets/production/dfire/train/images/AoF01547.jpg,/home/z/my-project/Factory-AI/datasets/production/dfire/test/images/AoF07088.jpg,exact_duplicate_dhash_d0
/home/z/my-project/Factory-AI/datasets/production/dfire/train/images/AoF01548.jpg,/home/z/my-project/Factory-AI/datasets/production/dfire/test/images/AoF07088.jpg,exact_duplicate_dhash_d0
/home/z/my-project/Factory-AI/datasets/production/dfire/train/images/AoF01549.jpg,/home/z/my-project/Factory-AI/datasets/production/dfire/test/images/AoF07088.jpg,exact_duplicate_dhash_d0
/home/z/my-project/Factory-AI/datasets/production/dfire/train/images/AoF01553.jpg,/home/z/my-project/Factory-AI/datasets/production/dfire/train/images/AoF01552.jpg,exact_duplicate_dhash_d0
/home/z/my-project/Factory-AI/datasets/production/dfire/train/images/AoF01555.jpg,/home/z/my-project/Factory-AI/datasets/production/dfire/train/images/AoF01554.jpg,exact_duplicate_dhash_d0
/home/z/my-project/Factory-AI/datasets/production/dfire/train/images/AoF01556.jpg,/home/z/my-project/Factory-AI/datasets/production/dfire/train/images/AoF01554.jpg,exact_duplicate_dhash_d0
/home/z/my-project/Factory-AI/datasets/production/dfire/train/images/AoF01558.jpg,/home/z/my-project/Factory-AI/datasets/production/dfire/train/images/AoF01557.jpg,exact_duplicate_dhash_d0
/home/z/my-project/Factory-AI/datasets/production/dfire/train/images/AoF01559.jpg,/home/z/my-project/Factory-AI/datasets/production/dfire/train/images/AoF01557.jpg,exact_duplicate_dhash_d0
/home/z/my-project/Factory-AI/datasets/production/dfire/train/images/AoF01564.jpg,/home/z/my-project/Factory-AI/datasets/production/dfire/test/images/AoF07092.jpg,exact_duplicate_dhash_d0
/home/z/my-project/Factory-AI/datasets/production/dfire/train/images/AoF01565.jpg,/home/z/my-project/Factory-AI/datasets/production/dfire/test/images/AoF07092.jpg,exact_duplicate_dhash_d0
/home/z/my-project/Factory-AI/datasets/production/dfire/train/images/AoF01566.jpg,/home/z/my-project/Factory-AI/datasets/production/dfire/test/images/AoF07092.jpg,exact_duplicate_dhash_d0
/home/z/my-project/Factory-AI/datasets/production/dfire/train/images/AoF01569.jpg,/home/z/my-project/Factory-AI/datasets/production/dfire/train/images/AoF01568.jpg,exact_duplicate_dhash_d0
/home/z/my-project/Factory-AI/datasets/production/dfire/train/images/AoF01570.jpg,/home/z/my-project/Factory-AI/datasets/production/dfire/test/images/AoF07091.jpg,exact_duplicate_dhash_d0
/home/z/my-project/Factory-AI/datasets/production/dfire/train/images/AoF01571.jpg,/home/z/my-project/Factory-AI/datasets/production/dfire/test/images/AoF07091.jpg,exact_duplicate_dhash_d0
/home/z/my-project/Factory-AI/datasets/production/dfire/train/images/AoF01574.jpg,/home/z/my-project/Factory-AI/datasets/production/dfire/train/images/AoF01573.jpg,exact_duplicate_dhash_d0
/home/z/my-project/Factory-AI/datasets/production/dfire/train/images/AoF01577.jpg,/home/z/my-project/Factory-AI/datasets/production/dfire/train/images/AoF01576.jpg,exact_duplicate_dhash_d0
/home/z/my-project/Factory-AI/datasets/production/dfire/train/images/AoF01578.jpg,/home/z/my-project/Factory-AI/datasets/production/dfire/test/images/AoF07093.jpg,exact_duplicate_dhash_d0
/home/z/my-project/Factory-AI/datasets/production/dfire/train/images/AoF01580.jpg,/home/z/my-project/Factory-AI/datasets/production/dfire/test/images/AoF07088.jpg,exact_duplicate_dhash_d0
/home/z/my-project/Factory-AI/datasets/production/dfire/train/images/AoF01582.jpg,/home/z/my-project/Factory-AI/datasets/production/dfire/test/images/AoF07088.jpg,exact_duplicate_dhash_d0
/home/z/my-project/Factory-AI/datasets/production/dfire/train/images/AoF01583.jpg,/home/z/my-project/Factory-AI/datasets/production/dfire/test/images/AoF07088.jpg,exact_duplicate_dhash_d0
/home/z/my-project/Factory-AI/datasets/production/dfire/train/images/AoF01585.jpg,/home/z/my-project/Factory-AI/datasets/production/dfire/train/images/AoF01485.jpg,exact_duplicate_dhash_d0
/home/z/my-project/Factory-AI/datasets/production/dfire/train/images/AoF01586.jpg,/home/z/my-project/Factory-AI/datasets/production/dfire/train/images/AoF01485.jpg,exact_duplicate_dhash_d0
/home/z/my-project/Factory-AI/datasets/production/dfire/train/images/AoF01587.jpg,/home/z/my-project/Factory-AI/datasets/production/dfire/test/images/AoF07522.jpg,exact_duplicate_dhash_d0
/home/z/my-project/Factory-AI/datasets/production/dfire/train/images/AoF01588.jpg,/home/z/my-project/Factory-AI/datasets/production/dfire/test/images/AoF07522.jpg,exact_duplicate_dhash_d0
/home/z/my-project/Factory-AI/datasets/production/dfire/train/images/AoF01589.jpg,/home/z/my-project/Factory-AI/datasets/production/dfire/test/images/AoF07522.jpg,exact_duplicate_dhash_d0
/home/z/my-project/Factory-AI/datasets/production/dfire/train/images/AoF01592.jpg,/home/z/my-project/Factory-AI/datasets/production/dfire/train/images/AoF01590.jpg,exact_duplicate_dhash_d0
/home/z/my-project/Factory-AI/datasets/production/dfire/train/images/AoF01594.jpg,/home/z/my-project/Factory-AI/datasets/production/dfire/train/images/AoF01593.jpg,exact_duplicate_dhash_d0
/home/z/my-project/Factory-AI/datasets/production/dfire/train/images/AoF01596.jpg,/home/z/my-project/Factory-AI/datasets/production/dfire/test/images/AoF07095.jpg,exact_duplicate_dhash_d0
/home/z/my-project/Factory-AI/datasets/production/dfire/train/images/AoF01597.jpg,/home/z/my-project/Factory-AI/datasets/production/dfire/test/images/AoF07095.jpg,exact_duplicate_dhash_d0
/home/z/my-project/Factory-AI/datasets/production/dfire/train/images/AoF01599.jpg,/home/z/my-project/Factory-AI/datasets/production/dfire/test/images/AoF07088.jpg,exact_duplicate_dhash_d0
/home/z/my-project/Factory-AI/datasets/production/dfire/train/images/AoF01600.jpg,/home/z/my-project/Factory-AI/datasets/production/dfire/test/images/AoF07088.jpg,exact_duplicate_dhash_d0
/home/z/my-project/Factory-AI/datasets/production/dfire/train/images/AoF01602.jpg,/home/z/my-project/Factory-AI/datasets/production/dfire/test/images/AoF07098.jpg,exact_duplicate_dhash_d0
/home/z/my-project/Factory-AI/datasets/production/dfire/train/images/AoF01603.jpg,/home/z/my-project/Factory-AI/datasets/production/dfire/test/images/AoF07086.jpg,exact_duplicate_dhash_d0
/home/z/my-project/Factory-AI/datasets/production/dfire/train/images/AoF01604.jpg,/home/z/my-project/Factory-AI/datasets/production/dfire/test/images/AoF07098.jpg,exact_duplicate_dhash_d0
/home/z/my-project/Factory-AI/datasets/production/dfire/train/images/AoF01606.jpg,/home/z/my-project/Factory-AI/datasets/production/dfire/test/images/AoF07101.jpg,exact_duplicate_dhash_d0
/home/z/my-project/Factory-AI/datasets/production/dfire/train/images/AoF01608.jpg,/home/z/my-project/Factory-AI/datasets/production/dfire/train/images/AoF01579.jpg,exact_duplicate_dhash_d0
/home/z/my-project/Factory-AI/datasets/production/dfire/train/images/AoF01609.jpg,/home/z/my-project/Factory-AI/datasets/production/dfire/test/images/AoF07093.jpg,exact_duplicate_dhash_d0
/home/z/my-project/Factory-AI/datasets/production/dfire/train/images/AoF01610.jpg,/home/z/my-project/Factory-AI/datasets/production/dfire/test/images/AoF07093.jpg,exact_duplicate_dhash_d0
/home/z/my-project/Factory-AI/datasets/production/dfire/train/images/AoF01611.jpg,/home/z/my-project/Factory-AI/datasets/production/dfire/test/images/AoF07106.jpg,exact_duplicate_dhash_d0
/home/z/my-project/Factory-AI/datasets/production/dfire/train/images/AoF01614.jpg,/home/z/my-project/Factory-AI/datasets/production/dfire/test/images/AoF07107.jpg,exact_duplicate_dhash_d0
/home/z/my-project/Factory-AI/datasets/production/dfire/train/images/AoF01615.jpg,/home/z/my-project/Factory-AI/datasets/production/dfire/test/images/AoF07107.jpg,exact_duplicate_dhash_d0
/home/z/my-project/Factory-AI/datasets/production/dfire/train/images/AoF01617.jpg,/home/z/my-project/Factory-AI/datasets/production/dfire/test/images/AoF07088.jpg,exact_duplicate_dhash_d0
/home/z/my-project/Factory-AI/datasets/production/dfire/train/images/AoF01618.jpg,/home/z/my-project/Factory-AI/datasets/production/dfire/test/images/AoF07088.jpg,exact_duplicate_dhash_d0
/home/z/my-project/Factory-AI/datasets/production/dfire/train/images/AoF01619.jpg,/home/z/my-project/Factory-AI/datasets/production/dfire/test/images/AoF07103.jpg,exact_duplicate_dhash_d0
/home/z/my-project/Factory-AI/datasets/production/dfire/train/images/AoF01620.jpg,/home/z/my-project/Factory-AI/datasets/production/dfire/test/images/AoF07103.jpg,exact_duplicate_dhash_d0
/home/z/my-project/Factory-AI/datasets/production/dfire/train/images/AoF01622.jpg,/home/z/my-project/Factory-AI/datasets/production/dfire/test/images/AoF07086.jpg,exact_duplicate_dhash_d0
/home/z/my-project/Factory-AI/datasets/production/dfire/train/images/AoF01623.jpg,/home/z/my-project/Factory-AI/datasets/production/dfire/test/images/AoF07086.jpg,exact_duplicate_dhash_d0
/home/z/my-project/Factory-AI/datasets/production/dfire/train/images/AoF01624.jpg,/home/z/my-project/Factory-AI/datasets/production/dfire/test/images/AoF07086.jpg,exact_duplicate_dhash_d0
/home/z/my-project/Factory-AI/datasets/production/dfire/train/images/AoF01626.jpg,/home/z/my-project/Factory-AI/datasets/production/dfire/train/images/AoF01625.jpg,exact_duplicate_dhash_d0
/home/z/my-project/Factory-AI/datasets/production/dfire/train/images/AoF01628.jpg,/home/z/my-project/Factory-AI/datasets/production/dfire/test/images/AoF07109.jpg,exact_duplicate_dhash_d0
/home/z/my-project/Factory-AI/datasets/production/dfire/train/images/AoF01629.jpg,/home/z/my-project/Factory-AI/datasets/production/dfire/test/images/AoF07109.jpg,exact_duplicate_dhash_d0
/home/z/my-project/Factory-AI/datasets/production/dfire/train/images/AoF01631.jpg,/home/z/my-project/Factory-AI/datasets/production/dfire/test/images/AoF07110.jpg,exact_duplicate_dhash_d0
/home/z/my-project/Factory-AI/datasets/production/dfire/train/images/AoF01632.jpg,/home/z/my-project/Factory-AI/datasets/production/dfire/test/images/AoF07110.jpg,exact_duplicate_dhash_d0
/home/z/my-project/Factory-AI/datasets/production/dfire/train/images/AoF01634.jpg,/home/z/my-project/Factory-AI/datasets/production/dfire/test/images/AoF07086.jpg,exact_duplicate_dhash_d0
/home/z/my-project/Factory-AI/datasets/production/dfire/train/images/AoF01635.jpg,/home/z/my-project/Factory-AI/datasets/production/dfire/test/images/AoF07086.jpg,exact_duplicate_dhash_d0
/home/z/my-project/Factory-AI/datasets/production/dfire/train/images/AoF01637.jpg,/home/z/my-project/Factory-AI/datasets/production/dfire/train/images/AoF01593.jpg,exact_duplicate_dhash_d0
/home/z/my-project/Factory-AI/datasets/production/dfire/train/images/AoF01638.jpg,/home/z/my-project/Factory-AI/datasets/production/dfire/train/images/AoF01636.jpg,exact_duplicate_dhash_d0
/home/z/my-project/Factory-AI/datasets/production/dfire/train/images/AoF01640.jpg,/home/z/my-project/Factory-AI/datasets/production/dfire/test/images/AoF07192.jpg,exact_duplicate_dhash_d0
/home/z/my-project/Factory-AI/datasets/production/dfire/train/images/AoF01644.jpg,/home/z/my-project/Factory-AI/datasets/production/dfire/test/images/AoF07103.jpg,exact_duplicate_dhash_d0
/home/z/my-project/Factory-AI/datasets/production/dfire/train/images/AoF01645.jpg,/home/z/my-project/Factory-AI/datasets/production/dfire/test/images/AoF07103.jpg,exact_duplicate_dhash_d0
/home/z/my-project/Factory-AI/datasets/production/dfire/train/images/AoF01646.jpg,/home/z/my-project/Factory-AI/datasets/production/dfire/test/images/AoF07103.jpg,exact_duplicate_dhash_d0
/home/z/my-project/Factory-AI/datasets/production/dfire/train/images/AoF01648.jpg,/home/z/my-project/Factory-AI/datasets/production/dfire/train/images/AoF01647.jpg,exact_duplicate_dhash_d0
/home/z/my-project/Factory-AI/datasets/production/dfire/train/images/AoF01649.jpg,/home/z/my-project/Factory-AI/datasets/production/dfire/train/images/AoF01627.jpg,exact_duplicate_dhash_d0
/home/z/my-project/Factory-AI/datasets/production/dfire/train/images/AoF01651.jpg,/home/z/my-project/Factory-AI/datasets/production/dfire/train/images/AoF01650.jpg,exact_duplicate_dhash_d0
/home/z/my-project/Factory-AI/datasets/production/dfire/train/images/AoF01652.jpg,/home/z/my-project/Factory-AI/datasets/production/dfire/test/images/AoF07115.jpg,exact_duplicate_dhash_d0
/home/z/my-project/Factory-AI/datasets/production/dfire/train/images/AoF01655.jpg,/home/z/my-project/Factory-AI/datasets/production/dfire/train/images/AoF01654.jpg,exact_duplicate_dhash_d0
/home/z/my-project/Factory-AI/datasets/production/dfire/train/images/AoF01656.jpg,/home/z/my-project/Factory-AI/datasets/production/dfire/test/images/AoF07117.jpg,exact_duplicate_dhash_d0
/home/z/my-project/Factory-AI/datasets/production/dfire/train/images/AoF01658.jpg,/home/z/my-project/Factory-AI/datasets/production/dfire/test/images/AoF07117.jpg,exact_duplicate_dhash_d0
/home/z/my-project/Factory-AI/datasets/production/dfire/train/images/AoF01659.jpg,/home/z/my-project/Factory-AI/datasets/production/dfire/test/images/AoF07118.jpg,exact_duplicate_dhash_d0
/home/z/my-project/Factory-AI/datasets/production/dfire/train/images/AoF01663.jpg,/home/z/my-project/Factory-AI/datasets/production/dfire/test/images/AoF07086.jpg,exact_duplicate_dhash_d0
/home/z/my-project/Factory-AI/datasets/production/dfire/train/images/AoF01664.jpg,/home/z/my-project/Factory-AI/datasets/production/dfire/test/images/AoF07086.jpg,exact_duplicate_dhash_d0
/home/z/my-project/Factory-AI/datasets/production/dfire/train/images/AoF01669.jpg,/home/z/my-project/Factory-AI/datasets/production/dfire/test/images/AoF07098.jpg,exact_duplicate_dhash_d0
/home/z/my-project/Factory-AI/datasets/production/dfire/train/images/AoF01670.jpg,/home/z/my-project/Factory-AI/datasets/production/dfire/train/images/AoF01518.jpg,exact_duplicate_dhash_d0
/home/z/my-project/Factory-AI/datasets/production/dfire/train/images/AoF01672.jpg,/home/z/my-project/Factory-AI/datasets/production/dfire/test/images/AoF07103.jpg,exact_duplicate_dhash_d0
/home/z/my-project/Factory-AI/datasets/production/dfire/train/images/AoF01673.jpg,/home/z/my-project/Factory-AI/datasets/production/dfire/test/images/AoF07129.jpg,exact_duplicate_dhash_d0
/home/z/my-project/Factory-AI/datasets/production/dfire/train/images/AoF01676.jpg,/home/z/my-project/Factory-AI/datasets/production/dfire/test/images/AoF07113.jpg,exact_duplicate_dhash_d0
/home/z/my-project/Factory-AI/datasets/production/dfire/train/images/AoF01680.jpg,/home/z/my-project/Factory-AI/datasets/production/dfire/test/images/AoF07103.jpg,exact_duplicate_dhash_d0
/home/z/my-project/Factory-AI/datasets/production/dfire/train/images/AoF01681.jpg,/home/z/my-project/Factory-AI/datasets/production/dfire/test/images/AoF07103.jpg,exact_duplicate_dhash_d0
/home/z/my-project/Factory-AI/datasets/production/dfire/train/images/AoF01685.jpg,/home/z/my-project/Factory-AI/datasets/production/dfire/train/images/AoF01684.jpg,exact_duplicate_dhash_d0
/home/z/my-project/Factory-AI/datasets/production/dfire/train/images/AoF01686.jpg,/home/z/my-project/Factory-AI/datasets/production/dfire/train/images/AoF01660.jpg,exact_duplicate_dhash_d0
/home/z/my-project/Factory-AI/datasets/production/dfire/train/images/AoF01688.jpg,/home/z/my-project/Factory-AI/datasets/production/dfire/train/images/AoF01537.jpg,exact_duplicate_dhash_d0
/home/z/my-project/Factory-AI/datasets/production/dfire/train/images/AoF01692.jpg,/home/z/my-project/Factory-AI/datasets/production/dfire/test/images/AoF07117.jpg,exact_duplicate_dhash_d0
/home/z/my-project/Factory-AI/datasets/production/dfire/train/images/AoF01694.jpg,/home/z/my-project/Factory-AI/datasets/production/dfire/test/images/AoF07117.jpg,exact_duplicate_dhash_d0
/home/z/my-project/Factory-AI/datasets/production/dfire/train/images/AoF01695.jpg,/home/z/my-project/Factory-AI/datasets/production/dfire/train/images/AoF01476.jpg,exact_duplicate_dhash_d0
/home/z/my-project/Factory-AI/datasets/production/dfire/train/images/AoF01697.jpg,/home/z/my-project/Factory-AI/datasets/production/dfire/train/images/AoF01476.jpg,exact_duplicate_dhash_d0
/home/z/my-project/Factory-AI/datasets/production/dfire/train/images/AoF01704.jpg,/home/z/my-project/Factory-AI/datasets/production/dfire/train/images/AoF01703.jpg,exact_duplicate_dhash_d0
/home/z/my-project/Factory-AI/datasets/production/dfire/train/images/AoF01705.jpg,/home/z/my-project/Factory-AI/datasets/production/dfire/train/images/AoF01703.jpg,exact_duplicate_dhash_d0
/home/z/my-project/Factory-AI/datasets/production/dfire/train/images/AoF01706.jpg,/home/z/my-project/Factory-AI/datasets/production/dfire/test/images/AoF07088.jpg,exact_duplicate_dhash_d0
/home/z/my-project/Factory-AI/datasets/production/dfire/train/images/AoF01707.jpg,/home/z/my-project/Factory-AI/datasets/production/dfire/test/images/AoF07088.jpg,exact_duplicate_dhash_d0
/home/z/my-project/Factory-AI/datasets/production/dfire/train/images/AoF01708.jpg,/home/z/my-project/Factory-AI/datasets/production/dfire/test/images/AoF07088.jpg,exact_duplicate_dhash_d0
/home/z/my-project/Factory-AI/datasets/production/dfire/train/images/AoF01709.jpg,/home/z/my-project/Factory-AI/datasets/production/dfire/train/images/AoF01575.jpg,exact_duplicate_dhash_d0
/home/z/my-project/Factory-AI/datasets/production/dfire/train/images/AoF01710.jpg,/home/z/my-project/Factory-AI/datasets/production/dfire/test/images/AoF07088.jpg,exact_duplicate_dhash_d0
/home/z/my-project/Factory-AI/datasets/production/dfire/train/images/AoF01711.jpg,/home/z/my-project/Factory-AI/datasets/production/dfire/test/images/AoF07088.jpg,exact_duplicate_dhash_d0
/home/z/my-project/Factory-AI/datasets/production/dfire/train/images/AoF01713.jpg,/home/z/my-project/Factory-AI/datasets/production/dfire/train/images/AoF01575.jpg,exact_duplicate_dhash_d0
/home/z/my-project/Factory-AI/datasets/production/dfire/train/images/AoF01714.jpg,/home/z/my-project/Factory-AI/datasets/production/dfire/test/images/AoF07129.jpg,exact_duplicate_dhash_d0
/home/z/my-project/Factory-AI/datasets/production/dfire/train/images/AoF01715.jpg,/home/z/my-project/Factory-AI/datasets/production/dfire/test/images/AoF07129.jpg,exact_duplicate_dhash_d0
/home/z/my-project/Factory-AI/datasets/production/dfire/train/images/AoF01716.jpg,/home/z/my-project/Factory-AI/datasets/production/dfire/test/images/AoF07086.jpg,exact_duplicate_dhash_d0
/home/z/my-project/Factory-AI/datasets/production/dfire/train/images/AoF01717.jpg,/home/z/my-project/Factory-AI/datasets/production/dfire/test/images/AoF07086.jpg,exact_duplicate_dhash_d0
/home/z/my-project/Factory-AI/datasets/production/dfire/train/images/AoF01718.jpg,/home/z/my-project/Factory-AI/datasets/production/dfire/test/images/AoF07086.jpg,exact_duplicate_dhash_d0
/home/z/my-project/Factory-AI/datasets/production/dfire/train/images/AoF01722.jpg,/home/z/my-project/Factory-AI/datasets/production/dfire/test/images/AoF07132.jpg,exact_duplicate_dhash_d0
/home/z/my-project/Factory-AI/datasets/production/dfire/train/images/AoF01726.jpg,/home/z/my-project/Factory-AI/datasets/production/dfire/test/images/AoF07133.jpg,exact_duplicate_dhash_d0
/home/z/my-project/Factory-AI/datasets/production/dfire/train/images/AoF01733.jpg,/home/z/my-project/Factory-AI/datasets/production/dfire/test/images/AoF07132.jpg,exact_duplicate_dhash_d0
/home/z/my-project/Factory-AI/datasets/production/dfire/train/images/AoF01737.jpg,/home/z/my-project/Factory-AI/datasets/production/dfire/test/images/AoF07139.jpg,exact_duplicate_dhash_d0
/home/z/my-project/Factory-AI/datasets/production/dfire/train/images/AoF01738.jpg,/home/z/my-project/Factory-AI/datasets/production/dfire/test/images/AoF07139.jpg,exact_duplicate_dhash_d0
/home/z/my-project/Factory-AI/datasets/production/dfire/train/images/AoF01739.jpg,/home/z/my-project/Factory-AI/datasets/production/dfire/test/images/AoF07139.jpg,exact_duplicate_dhash_d0
/home/z/my-project/Factory-AI/datasets/production/dfire/train/images/AoF01740.jpg,/home/z/my-project/Factory-AI/datasets/production/dfire/test/images/AoF07139.jpg,exact_duplicate_dhash_d0
/home/z/my-project/Factory-AI/datasets/production/dfire/train/images/AoF01741.jpg,/home/z/my-project/Factory-AI/datasets/production/dfire/test/images/AoF07139.jpg,exact_duplicate_dhash_d0
/home/z/my-project/Factory-AI/datasets/production/dfire/train/images/AoF01742.jpg,/home/z/my-project/Factory-AI/datasets/production/dfire/test/images/AoF07139.jpg,exact_duplicate_dhash_d0
/home/z/my-project/Factory-AI/datasets/production/dfire/train/images/AoF01745.jpg,/home/z/my-project/Factory-AI/datasets/production/dfire/train/images/AoF01743.jpg,exact_duplicate_dhash_d0
/home/z/my-project/Factory-AI/datasets/production/dfire/train/images/AoF01746.jpg,/home/z/my-project/Factory-AI/datasets/production/dfire/test/images/AoF07140.jpg,exact_duplicate_dhash_d0
/home/z/my-project/Factory-AI/datasets/production/dfire/train/images/AoF01747.jpg,/home/z/my-project/Factory-AI/datasets/production/dfire/test/images/AoF07140.jpg,exact_duplicate_dhash_d0
/home/z/my-project/Factory-AI/datasets/production/dfire/train/images/AoF01748.jpg,/home/z/my-project/Factory-AI/datasets/production/dfire/test/images/AoF07142.jpg,exact_duplicate_dhash_d0
/home/z/my-project/Factory-AI/datasets/production/dfire/train/images/AoF01749.jpg,/home/z/my-project/Factory-AI/datasets/production/dfire/test/images/AoF07141.jpg,exact_duplicate_dhash_d0
/home/z/my-project/Factory-AI/datasets/production/dfire/train/images/AoF01750.jpg,/home/z/my-project/Factory-AI/datasets/production/dfire/test/images/AoF07141.jpg,exact_duplicate_dhash_d0
/home/z/my-project/Factory-AI/datasets/production/dfire/train/images/AoF01751.jpg,/home/z/my-project/Factory-AI/datasets/production/dfire/test/images/AoF07141.jpg,exact_duplicate_dhash_d0
/home/z/my-project/Factory-AI/datasets/production/dfire/train/images/AoF01752.jpg,/home/z/my-project/Factory-AI/datasets/production/dfire/test/images/AoF07142.jpg,exact_duplicate_dhash_d0
/home/z/my-project/Factory-AI/datasets/production/dfire/train/images/AoF01754.jpg,/home/z/my-project/Factory-AI/datasets/production/dfire/test/images/AoF07142.jpg,exact_duplicate_dhash_d0
/home/z/my-project/Factory-AI/datasets/production/dfire/train/images/AoF01755.jpg,/home/z/my-project/Factory-AI/datasets/production/dfire/test/images/AoF07142.jpg,exact_duplicate_dhash_d0
/home/z/my-project/Factory-AI/datasets/production/dfire/train/images/AoF01756.jpg,/home/z/my-project/Factory-AI/datasets/production/dfire/test/images/AoF07142.jpg,exact_duplicate_dhash_d0
/home/z/my-project/Factory-AI/datasets/production/dfire/train/images/AoF01757.jpg,/home/z/my-project/Factory-AI/datasets/production/dfire/test/images/AoF07142.jpg,exact_duplicate_dhash_d0
/home/z/my-project/Factory-AI/datasets/production/dfire/train/images/AoF01758.jpg,/home/z/my-project/Factory-AI/datasets/production/dfire/test/images/AoF07142.jpg,exact_duplicate_dhash_d0
/home/z/my-project/Factory-AI/datasets/production/dfire/train/images/AoF01759.jpg,/home/z/my-project/Factory-AI/datasets/production/dfire/test/images/AoF07143.jpg,exact_duplicate_dhash_d0
/home/z/my-project/Factory-AI/datasets/production/dfire/train/images/AoF01760.jpg,/home/z/my-project/Factory-AI/datasets/production/dfire/test/images/AoF07143.jpg,exact_duplicate_dhash_d0
/home/z/my-project/Factory-AI/datasets/production/dfire/train/images/AoF01763.jpg,/home/z/my-project/Factory-AI/datasets/production/dfire/test/images/AoF07142.jpg,exact_duplicate_dhash_d0
/home/z/my-project/Factory-AI/datasets/production/dfire/train/images/AoF01764.jpg,/home/z/my-project/Factory-AI/datasets/production/dfire/test/images/AoF07142.jpg,exact_duplicate_dhash_d0
/home/z/my-project/Factory-AI/datasets/production/dfire/train/images/AoF01765.jpg,/home/z/my-project/Factory-AI/datasets/production/dfire/test/images/AoF07142.jpg,exact_duplicate_dhash_d0
/home/z/my-project/Factory-AI/datasets/production/dfire/train/images/AoF01769.jpg,/home/z/my-project/Factory-AI/datasets/production/dfire/train/images/AoF01768.jpg,exact_duplicate_dhash_d0
/home/z/my-project/Factory-AI/datasets/production/dfire/train/images/AoF01770.jpg,/home/z/my-project/Factory-AI/datasets/production/dfire/train/images/AoF01768.jpg,exact_duplicate_dhash_d0
/home/z/my-project/Factory-AI/datasets/production/dfire/train/images/AoF01772.jpg,/home/z/my-project/Factory-AI/datasets/production/dfire/train/images/AoF01771.jpg,exact_duplicate_dhash_d0
/home/z/my-project/Factory-AI/datasets/production/dfire/train/images/AoF01773.jpg,/home/z/my-project/Factory-AI/datasets/production/dfire/train/images/AoF01771.jpg,exact_duplicate_dhash_d0
/home/z/my-project/Factory-AI/datasets/production/dfire/train/images/AoF01775.jpg,/home/z/my-project/Factory-AI/datasets/production/dfire/test/images/AoF07151.jpg,exact_duplicate_dhash_d0
/home/z/my-project/Factory-AI/datasets/production/dfire/train/images/AoF01778.jpg,/home/z/my-project/Factory-AI/datasets/production/dfire/train/images/AoF01777.jpg,exact_duplicate_dhash_d0
/home/z/my-project/Factory-AI/datasets/production/dfire/train/images/AoF01779.jpg,/home/z/my-project/Factory-AI/datasets/production/dfire/test/images/AoF07152.jpg,exact_duplicate_dhash_d0
/home/z/my-project/Factory-AI/datasets/production/dfire/train/images/AoF01793.jpg,/home/z/my-project/Factory-AI/datasets/production/dfire/test/images/AoF07157.jpg,exact_duplicate_dhash_d0
/home/z/my-project/Factory-AI/datasets/production/dfire/train/images/AoF01795.jpg,/home/z/my-project/Factory-AI/datasets/production/dfire/train/images/AoF01794.jpg,exact_duplicate_dhash_d0
/home/z/my-project/Factory-AI/datasets/production/dfire/train/images/AoF01797.jpg,/home/z/my-project/Factory-AI/datasets/production/dfire/test/images/AoF07159.jpg,exact_duplicate_dhash_d0
/home/z/my-project/Factory-AI/datasets/production/dfire/train/images/AoF01798.jpg,/home/z/my-project/Factory-AI/datasets/production/dfire/test/images/AoF07159.jpg,exact_duplicate_dhash_d0
/home/z/my-project/Factory-AI/datasets/production/dfire/train/images/AoF01799.jpg,/home/z/my-project/Factory-AI/datasets/production/dfire/train/images/AoF01796.jpg,exact_duplicate_dhash_d0
/home/z/my-project/Factory-AI/datasets/production/dfire/train/images/AoF01800.jpg,/home/z/my-project/Factory-AI/datasets/production/dfire/train/images/AoF01796.jpg,exact_duplicate_dhash_d0
/home/z/my-project/Factory-AI/datasets/production/dfire/train/images/AoF01809.jpg,/home/z/my-project/Factory-AI/datasets/production/dfire/train/images/AoF01808.jpg,exact_duplicate_dhash_d0
/home/z/my-project/Factory-AI/datasets/production/dfire/train/images/AoF01810.jpg,/home/z/my-project/Factory-AI/datasets/production/dfire/train/images/AoF01808.jpg,exact_duplicate_dhash_d0
/home/z/my-project/Factory-AI/datasets/production/dfire/train/images/AoF01811.jpg,/home/z/my-project/Factory-AI/datasets/production/dfire/train/images/AoF01808.jpg,exact_duplicate_dhash_d0
/home/z/my-project/Factory-AI/datasets/production/dfire/train/images/AoF01814.jpg,/home/z/my-project/Factory-AI/datasets/production/dfire/test/images/AoF07161.jpg,exact_duplicate_dhash_d0
/home/z/my-project/Factory-AI/datasets/production/dfire/train/images/AoF01818.jpg,/home/z/my-project/Factory-AI/datasets/production/dfire/test/images/AoF07163.jpg,exact_duplicate_dhash_d0
/home/z/my-project/Factory-AI/datasets/production/dfire/train/images/AoF01819.jpg,/home/z/my-project/Factory-AI/datasets/production/dfire/test/images/AoF07163.jpg,exact_duplicate_dhash_d0
/home/z/my-project/Factory-AI/datasets/production/dfire/train/images/AoF01821.jpg,/home/z/my-project/Factory-AI/datasets/production/dfire/train/images/AoF01817.jpg,exact_duplicate_dhash_d0
/home/z/my-project/Factory-AI/datasets/production/dfire/train/images/AoF01822.jpg,/home/z/my-project/Factory-AI/datasets/production/dfire/test/images/AoF07163.jpg,exact_duplicate_dhash_d0
/home/z/my-project/Factory-AI/datasets/production/dfire/train/images/AoF01823.jpg,/home/z/my-project/Factory-AI/datasets/production/dfire/test/images/AoF07163.jpg,exact_duplicate_dhash_d0
/home/z/my-project/Factory-AI/datasets/production/dfire/train/images/AoF01824.jpg,/home/z/my-project/Factory-AI/datasets/production/dfire/test/images/AoF07166.jpg,exact_duplicate_dhash_d0
/home/z/my-project/Factory-AI/datasets/production/dfire/train/images/AoF01825.jpg,/home/z/my-project/Factory-AI/datasets/production/dfire/test/images/AoF07165.jpg,exact_duplicate_dhash_d0
/home/z/my-project/Factory-AI/datasets/production/dfire/train/images/AoF01826.jpg,/home/z/my-project/Factory-AI/datasets/production/dfire/test/images/AoF07165.jpg,exact_duplicate_dhash_d0
/home/z/my-project/Factory-AI/datasets/production/dfire/train/images/AoF01829.jpg,/home/z/my-project/Factory-AI/datasets/production/dfire/train/images/AoF01828.jpg,exact_duplicate_dhash_d0
/home/z/my-project/Factory-AI/datasets/production/dfire/train/images/AoF01831.jpg,/home/z/my-project/Factory-AI/datasets/production/dfire/train/images/AoF01830.jpg,exact_duplicate_dhash_d0
/home/z/my-project/Factory-AI/datasets/production/dfire/train/images/AoF01832.jpg,/home/z/my-project/Factory-AI/datasets/production/dfire/train/images/AoF01830.jpg,exact_duplicate_dhash_d0
/home/z/my-project/Factory-AI/datasets/production/dfire/train/images/AoF01838.jpg,/home/z/my-project/Factory-AI/datasets/production/dfire/train/images/AoF01836.jpg,exact_duplicate_dhash_d0
/home/z/my-project/Factory-AI/datasets/production/dfire/train/images/AoF01841.jpg,/home/z/my-project/Factory-AI/datasets/production/dfire/test/images/AoF07169.jpg,exact_duplicate_dhash_d0
/home/z/my-project/Factory-AI/datasets/production/dfire/train/images/AoF01842.jpg,/home/z/my-project/Factory-AI/datasets/production/dfire/test/images/AoF07174.jpg,exact_duplicate_dhash_d0
/home/z/my-project/Factory-AI/datasets/production/dfire/train/images/AoF01843.jpg,/home/z/my-project/Factory-AI/datasets/production/dfire/test/images/AoF07172.jpg,exact_duplicate_dhash_d0
/home/z/my-project/Factory-AI/datasets/production/dfire/train/images/AoF01846.jpg,/home/z/my-project/Factory-AI/datasets/production/dfire/train/images/AoF01845.jpg,exact_duplicate_dhash_d0
/home/z/my-project/Factory-AI/datasets/production/dfire/train/images/AoF01847.jpg,/home/z/my-project/Factory-AI/datasets/production/dfire/train/images/AoF01845.jpg,exact_duplicate_dhash_d0
/home/z/my-project/Factory-AI/datasets/production/dfire/train/images/AoF01848.jpg,/home/z/my-project/Factory-AI/datasets/production/dfire/test/images/AoF07172.jpg,exact_duplicate_dhash_d0
/home/z/my-project/Factory-AI/datasets/production/dfire/train/images/AoF01849.jpg,/home/z/my-project/Factory-AI/datasets/production/dfire/test/images/AoF07172.jpg,exact_duplicate_dhash_d0
/home/z/my-project/Factory-AI/datasets/production/dfire/train/images/AoF01851.jpg,/home/z/my-project/Factory-AI/datasets/production/dfire/train/images/AoF01850.jpg,exact_duplicate_dhash_d0
/home/z/my-project/Factory-AI/datasets/production/dfire/train/images/AoF01852.jpg,/home/z/my-project/Factory-AI/datasets/production/dfire/train/images/AoF01850.jpg,exact_duplicate_dhash_d0
/home/z/my-project/Factory-AI/datasets/production/dfire/train/images/AoF01853.jpg,/home/z/my-project/Factory-AI/datasets/production/dfire/test/images/AoF07172.jpg,exact_duplicate_dhash_d0
/home/z/my-project/Factory-AI/datasets/production/dfire/train/images/AoF01856.jpg,/home/z/my-project/Factory-AI/datasets/production/dfire/test/images/AoF07169.jpg,exact_duplicate_dhash_d0
/home/z/my-project/Factory-AI/datasets/production/dfire/train/images/AoF01857.jpg,/home/z/my-project/Factory-AI/datasets/production/dfire/test/images/AoF07169.jpg,exact_duplicate_dhash_d0
/home/z/my-project/Factory-AI/datasets/production/dfire/train/images/AoF01859.jpg,/home/z/my-project/Factory-AI/datasets/production/dfire/test/images/AoF07176.jpg,exact_duplicate_dhash_d0
/home/z/my-project/Factory-AI/datasets/production/dfire/train/images/AoF01860.jpg,/home/z/my-project/Factory-AI/datasets/production/dfire/test/images/AoF07176.jpg,exact_duplicate_dhash_d0
/home/z/my-project/Factory-AI/datasets/production/dfire/train/images/AoF01861.jpg,/home/z/my-project/Factory-AI/datasets/production/dfire/train/images/AoF01858.jpg,exact_duplicate_dhash_d0
/home/z/my-project/Factory-AI/datasets/production/dfire/train/images/AoF01862.jpg,/home/z/my-project/Factory-AI/datasets/production/dfire/train/images/AoF01858.jpg,exact_duplicate_dhash_d0
/home/z/my-project/Factory-AI/datasets/production/dfire/train/images/AoF01864.jpg,/home/z/my-project/Factory-AI/datasets/production/dfire/train/images/AoF01863.jpg,exact_duplicate_dhash_d0
/home/z/my-project/Factory-AI/datasets/production/dfire/train/images/AoF01865.jpg,/home/z/my-project/Factory-AI/datasets/production/dfire/train/images/AoF01863.jpg,exact_duplicate_dhash_d0
/home/z/my-project/Factory-AI/datasets/production/dfire/train/images/AoF01866.jpg,/home/z/my-project/Factory-AI/datasets/production/dfire/test/images/AoF07178.jpg,exact_duplicate_dhash_d0
/home/z/my-project/Factory-AI/datasets/production/dfire/train/images/AoF01875.jpg,/home/z/my-project/Factory-AI/datasets/production/dfire/train/images/AoF01874.jpg,exact_duplicate_dhash_d0
/home/z/my-project/Factory-AI/datasets/production/dfire/train/images/AoF01878.jpg,/home/z/my-project/Factory-AI/datasets/production/dfire/train/images/AoF01877.jpg,exact_duplicate_dhash_d0
/home/z/my-project/Factory-AI/datasets/production/dfire/train/images/AoF01881.jpg,/home/z/my-project/Factory-AI/datasets/production/dfire/test/images/AoF07186.jpg,exact_duplicate_dhash_d0
/home/z/my-project/Factory-AI/datasets/production/dfire/train/images/AoF01883.jpg,/home/z/my-project/Factory-AI/datasets/production/dfire/test/images/AoF07186.jpg,exact_duplicate_dhash_d0
/home/z/my-project/Factory-AI/datasets/production/dfire/train/images/AoF01884.jpg,/home/z/my-project/Factory-AI/datasets/production/dfire/train/images/AoF01882.jpg,exact_duplicate_dhash_d0
/home/z/my-project/Factory-AI/datasets/production/dfire/train/images/AoF01886.jpg,/home/z/my-project/Factory-AI/datasets/production/dfire/test/images/AoF07186.jpg,exact_duplicate_dhash_d0
/home/z/my-project/Factory-AI/datasets/production/dfire/train/images/AoF01887.jpg,/home/z/my-project/Factory-AI/datasets/production/dfire/train/images/AoF01653.jpg,exact_duplicate_dhash_d0
/home/z/my-project/Factory-AI/datasets/production/dfire/train/images/AoF01889.jpg,/home/z/my-project/Factory-AI/datasets/production/dfire/train/images/AoF01888.jpg,exact_duplicate_dhash_d0
/home/z/my-project/Factory-AI/datasets/production/dfire/train/images/AoF01890.jpg,/home/z/my-project/Factory-AI/datasets/production/dfire/train/images/AoF01888.jpg,exact_duplicate_dhash_d0
/home/z/my-project/Factory-AI/datasets/production/dfire/train/images/AoF01893.jpg,/home/z/my-project/Factory-AI/datasets/production/dfire/test/images/AoF07187.jpg,exact_duplicate_dhash_d0
/home/z/my-project/Factory-AI/datasets/production/dfire/train/images/AoF01894.jpg,/home/z/my-project/Factory-AI/datasets/production/dfire/test/images/AoF07187.jpg,exact_duplicate_dhash_d0
/home/z/my-project/Factory-AI/datasets/production/dfire/train/images/AoF01895.jpg,/home/z/my-project/Factory-AI/datasets/production/dfire/test/images/AoF07187.jpg,exact_duplicate_dhash_d0
/home/z/my-project/Factory-AI/datasets/production/dfire/train/images/AoF01896.jpg,/home/z/my-project/Factory-AI/datasets/production/dfire/test/images/AoF07187.jpg,exact_duplicate_dhash_d0
/home/z/my-project/Factory-AI/datasets/production/dfire/train/images/AoF01897.jpg,/home/z/my-project/Factory-AI/datasets/production/dfire/train/images/AoF01568.jpg,exact_duplicate_dhash_d0
/home/z/my-project/Factory-AI/datasets/production/dfire/train/images/AoF01898.jpg,/home/z/my-project/Factory-AI/datasets/production/dfire/test/images/AoF07189.jpg,exact_duplicate_dhash_d0
/home/z/my-project/Factory-AI/datasets/production/dfire/train/images/AoF01899.jpg,/home/z/my-project/Factory-AI/datasets/production/dfire/test/images/AoF07189.jpg,exact_duplicate_dhash_d0
/home/z/my-project/Factory-AI/datasets/production/dfire/train/images/AoF01901.jpg,/home/z/my-project/Factory-AI/datasets/production/dfire/train/images/AoF01900.jpg,exact_duplicate_dhash_d0
/home/z/my-project/Factory-AI/datasets/production/dfire/train/images/AoF01903.jpg,/home/z/my-project/Factory-AI/datasets/production/dfire/train/images/AoF01902.jpg,exact_duplicate_dhash_d0
/home/z/my-project/Factory-AI/datasets/production/dfire/train/images/AoF01904.jpg,/home/z/my-project/Factory-AI/datasets/production/dfire/test/images/AoF07192.jpg,exact_duplicate_dhash_d0
/home/z/my-project/Factory-AI/datasets/production/dfire/train/images/AoF01905.jpg,/home/z/my-project/Factory-AI/datasets/production/dfire/test/images/AoF07196.jpg,exact_duplicate_dhash_d0
/home/z/my-project/Factory-AI/datasets/production/dfire/train/images/AoF01907.jpg,/home/z/my-project/Factory-AI/datasets/production/dfire/test/images/AoF07196.jpg,exact_duplicate_dhash_d0
/home/z/my-project/Factory-AI/datasets/production/dfire/train/images/AoF01908.jpg,/home/z/my-project/Factory-AI/datasets/production/dfire/test/images/AoF07196.jpg,exact_duplicate_dhash_d0
/home/z/my-project/Factory-AI/datasets/production/dfire/train/images/AoF01909.jpg,/home/z/my-project/Factory-AI/datasets/production/dfire/test/images/AoF07196.jpg,exact_duplicate_dhash_d0
/home/z/my-project/Factory-AI/datasets/production/dfire/train/images/AoF01910.jpg,/home/z/my-project/Factory-AI/datasets/production/dfire/test/images/AoF07197.jpg,exact_duplicate_dhash_d0
/home/z/my-project/Factory-AI/datasets/production/dfire/train/images/AoF01911.jpg,/home/z/my-project/Factory-AI/datasets/production/dfire/test/images/AoF07197.jpg,exact_duplicate_dhash_d0
/home/z/my-project/Factory-AI/datasets/production/dfire/train/images/AoF01912.jpg,/home/z/my-project/Factory-AI/datasets/production/dfire/test/images/AoF07197.jpg,exact_duplicate_dhash_d0
/home/z/my-project/Factory-AI/datasets/production/dfire/train/images/AoF01913.jpg,/home/z/my-project/Factory-AI/datasets/production/dfire/test/images/AoF07197.jpg,exact_duplicate_dhash_d0
/home/z/my-project/Factory-AI/datasets/production/dfire/train/images/AoF01915.jpg,/home/z/my-project/Factory-AI/datasets/production/dfire/test/images/AoF07197.jpg,exact_duplicate_dhash_d0
/home/z/my-project/Factory-AI/datasets/production/dfire/train/images/AoF01918.jpg,/home/z/my-project/Factory-AI/datasets/production/dfire/test/images/AoF07197.jpg,exact_duplicate_dhash_d0
/home/z/my-project/Factory-AI/datasets/production/dfire/train/images/AoF01919.jpg,/home/z/my-project/Factory-AI/datasets/production/dfire/test/images/AoF07197.jpg,exact_duplicate_dhash_d0
/home/z/my-project/Factory-AI/datasets/production/dfire/train/images/AoF01921.jpg,/home/z/my-project/Factory-AI/datasets/production/dfire/train/images/AoF01920.jpg,exact_duplicate_dhash_d0
/home/z/my-project/Factory-AI/datasets/production/dfire/train/images/AoF01922.jpg,/home/z/my-project/Factory-AI/datasets/production/dfire/train/images/AoF01920.jpg,exact_duplicate_dhash_d0
/home/z/my-project/Factory-AI/datasets/production/dfire/train/images/AoF01923.jpg,/home/z/my-project/Factory-AI/datasets/production/dfire/train/images/AoF01920.jpg,exact_duplicate_dhash_d0
/home/z/my-project/Factory-AI/datasets/production/dfire/train/images/AoF01924.jpg,/home/z/my-project/Factory-AI/datasets/production/dfire/train/images/AoF01920.jpg,exact_duplicate_dhash_d0
/home/z/my-project/Factory-AI/datasets/production/dfire/train/images/AoF01925.jpg,/home/z/my-project/Factory-AI/datasets/production/dfire/train/images/AoF01920.jpg,exact_duplicate_dhash_d0
/home/z/my-project/Factory-AI/datasets/production/dfire/train/images/AoF01927.jpg,/home/z/my-project/Factory-AI/datasets/production/dfire/test/images/AoF07200.jpg,exact_duplicate_dhash_d0
/home/z/my-project/Factory-AI/datasets/production/dfire/train/images/AoF01928.jpg,/home/z/my-project/Factory-AI/datasets/production/dfire/test/images/AoF07200.jpg,exact_duplicate_dhash_d0
/home/z/my-project/Factory-AI/datasets/production/dfire/train/images/AoF01929.jpg,/home/z/my-project/Factory-AI/datasets/production/dfire/test/images/AoF07200.jpg,exact_duplicate_dhash_d0
/home/z/my-project/Factory-AI/datasets/production/dfire/train/images/AoF01930.jpg,/home/z/my-project/Factory-AI/datasets/production/dfire/test/images/AoF07200.jpg,exact_duplicate_dhash_d0
/home/z/my-project/Factory-AI/datasets/production/dfire/train/images/AoF01931.jpg,/home/z/my-project/Factory-AI/datasets/production/dfire/test/images/AoF07200.jpg,exact_duplicate_dhash_d0
/home/z/my-project/Factory-AI/datasets/production/dfire/train/images/AoF01932.jpg,/home/z/my-project/Factory-AI/datasets/production/dfire/test/images/AoF07201.jpg,exact_duplicate_dhash_d0
/home/z/my-project/Factory-AI/datasets/production/dfire/train/images/AoF01934.jpg,/home/z/my-project/Factory-AI/datasets/production/dfire/train/images/AoF01933.jpg,exact_duplicate_dhash_d0
/home/z/my-project/Factory-AI/datasets/production/dfire/train/images/AoF01936.jpg,/home/z/my-project/Factory-AI/datasets/production/dfire/train/images/AoF01933.jpg,exact_duplicate_dhash_d0
/home/z/my-project/Factory-AI/datasets/production/dfire/train/images/AoF01937.jpg,/home/z/my-project/Factory-AI/datasets/production/dfire/train/images/AoF01933.jpg,exact_duplicate_dhash_d0
/home/z/my-project/Factory-AI/datasets/production/dfire/train/images/AoF01938.jpg,/home/z/my-project/Factory-AI/datasets/production/dfire/test/images/AoF07201.jpg,exact_duplicate_dhash_d0
/home/z/my-project/Factory-AI/datasets/production/dfire/train/images/AoF01939.jpg,/home/z/my-project/Factory-AI/datasets/production/dfire/train/images/AoF01933.jpg,exact_duplicate_dhash_d0
/home/z/my-project/Factory-AI/datasets/production/dfire/train/images/AoF01940.jpg,/home/z/my-project/Factory-AI/datasets/production/dfire/train/images/AoF01933.jpg,exact_duplicate_dhash_d0
/home/z/my-project/Factory-AI/datasets/production/dfire/train/images/AoF01941.jpg,/home/z/my-project/Factory-AI/datasets/production/dfire/train/images/AoF01933.jpg,exact_duplicate_dhash_d0
/home/z/my-project/Factory-AI/datasets/production/dfire/train/images/AoF01942.jpg,/home/z/my-project/Factory-AI/datasets/production/dfire/test/images/AoF07204.jpg,exact_duplicate_dhash_d0
/home/z/my-project/Factory-AI/datasets/production/dfire/train/images/AoF01944.jpg,/home/z/my-project/Factory-AI/datasets/production/dfire/test/images/AoF07205.jpg,exact_duplicate_dhash_d0
/home/z/my-project/Factory-AI/datasets/production/dfire/train/images/AoF01945.jpg,/home/z/my-project/Factory-AI/datasets/production/dfire/test/images/AoF07204.jpg,exact_duplicate_dhash_d0
/home/z/my-project/Factory-AI/datasets/production/dfire/train/images/AoF01946.jpg,/home/z/my-project/Factory-AI/datasets/production/dfire/test/images/AoF07205.jpg,exact_duplicate_dhash_d0
/home/z/my-project/Factory-AI/datasets/production/dfire/train/images/AoF01948.jpg,/home/z/my-project/Factory-AI/datasets/production/dfire/test/images/AoF07206.jpg,exact_duplicate_dhash_d0
/home/z/my-project/Factory-AI/datasets/production/dfire/train/images/AoF01949.jpg,/home/z/my-project/Factory-AI/datasets/production/dfire/test/images/AoF07206.jpg,exact_duplicate_dhash_d0
/home/z/my-project/Factory-AI/datasets/production/dfire/train/images/AoF01950.jpg,/home/z/my-project/Factory-AI/datasets/production/dfire/test/images/AoF07206.jpg,exact_duplicate_dhash_d0
/home/z/my-project/Factory-AI/datasets/production/dfire/train/images/AoF01951.jpg,/home/z/my-project/Factory-AI/datasets/production/dfire/test/images/AoF07206.jpg,exact_duplicate_dhash_d0
/home/z/my-project/Factory-AI/datasets/production/dfire/train/images/AoF01953.jpg,/home/z/my-project/Factory-AI/datasets/production/dfire/test/images/AoF07206.jpg,exact_duplicate_dhash_d0
/home/z/my-project/Factory-AI/datasets/production/dfire/train/images/AoF01954.jpg,/home/z/my-project/Factory-AI/datasets/production/dfire/test/images/AoF07206.jpg,exact_duplicate_dhash_d0
/home/z/my-project/Factory-AI/datasets/production/dfire/train/images/AoF01955.jpg,/home/z/my-project/Factory-AI/datasets/production/dfire/test/images/AoF07206.jpg,exact_duplicate_dhash_d0
/home/z/my-project/Factory-AI/datasets/production/dfire/train/images/AoF01957.jpg,/home/z/my-project/Factory-AI/datasets/production/dfire/train/images/AoF01956.jpg,exact_duplicate_dhash_d0
/home/z/my-project/Factory-AI/datasets/production/dfire/train/images/AoF01958.jpg,/home/z/my-project/Factory-AI/datasets/production/dfire/test/images/AoF07210.jpg,exact_duplicate_dhash_d0
/home/z/my-project/Factory-AI/datasets/production/dfire/train/images/AoF01959.jpg,/home/z/my-project/Factory-AI/datasets/production/dfire/test/images/AoF07210.jpg,exact_duplicate_dhash_d0
/home/z/my-project/Factory-AI/datasets/production/dfire/train/images/AoF01962.jpg,/home/z/my-project/Factory-AI/datasets/production/dfire/test/images/AoF07211.jpg,exact_duplicate_dhash_d0
/home/z/my-project/Factory-AI/datasets/production/dfire/train/images/AoF01963.jpg,/home/z/my-project/Factory-AI/datasets/production/dfire/test/images/AoF07211.jpg,exact_duplicate_dhash_d0
/home/z/my-project/Factory-AI/datasets/production/dfire/train/images/AoF01964.jpg,/home/z/my-project/Factory-AI/datasets/production/dfire/test/images/AoF07211.jpg,exact_duplicate_dhash_d0
/home/z/my-project/Factory-AI/datasets/production/dfire/train/images/AoF01965.jpg,/home/z/my-project/Factory-AI/datasets/production/dfire/test/images/AoF07211.jpg,exact_duplicate_dhash_d0
/home/z/my-project/Factory-AI/datasets/production/dfire/train/images/AoF01966.jpg,/home/z/my-project/Factory-AI/datasets/production/dfire/test/images/AoF07211.jpg,exact_duplicate_dhash_d0
/home/z/my-project/Factory-AI/datasets/production/dfire/train/images/AoF01967.jpg,/home/z/my-project/Factory-AI/datasets/production/dfire/test/images/AoF07215.jpg,exact_duplicate_dhash_d0
/home/z/my-project/Factory-AI/datasets/production/dfire/train/images/AoF01968.jpg,/home/z/my-project/Factory-AI/datasets/production/dfire/test/images/AoF07215.jpg,exact_duplicate_dhash_d0
/home/z/my-project/Factory-AI/datasets/production/dfire/train/images/AoF01969.jpg,/home/z/my-project/Factory-AI/datasets/production/dfire/test/images/AoF07215.jpg,exact_duplicate_dhash_d0
/home/z/my-project/Factory-AI/datasets/production/dfire/train/images/AoF01970.jpg,/home/z/my-project/Factory-AI/datasets/production/dfire/test/images/AoF07215.jpg,exact_duplicate_dhash_d0
/home/z/my-project/Factory-AI/datasets/production/dfire/train/images/AoF01971.jpg,/home/z/my-project/Factory-AI/datasets/production/dfire/test/images/AoF07215.jpg,exact_duplicate_dhash_d0
/home/z/my-project/Factory-AI/datasets/production/dfire/train/images/AoF01972.jpg,/home/z/my-project/Factory-AI/datasets/production/dfire/test/images/AoF07215.jpg,exact_duplicate_dhash_d0
/home/z/my-project/Factory-AI/datasets/production/dfire/train/images/AoF01973.jpg,/home/z/my-project/Factory-AI/datasets/production/dfire/test/images/AoF07215.jpg,exact_duplicate_dhash_d0
/home/z/my-project/Factory-AI/datasets/production/dfire/train/images/AoF01974.jpg,/home/z/my-project/Factory-AI/datasets/production/dfire/test/images/AoF07213.jpg,exact_duplicate_dhash_d0
/home/z/my-project/Factory-AI/datasets/production/dfire/train/images/AoF01975.jpg,/home/z/my-project/Factory-AI/datasets/production/dfire/test/images/AoF07213.jpg,exact_duplicate_dhash_d0
/home/z/my-project/Factory-AI/datasets/production/dfire/train/images/AoF01976.jpg,/home/z/my-project/Factory-AI/datasets/production/dfire/test/images/AoF07213.jpg,exact_duplicate_dhash_d0
/home/z/my-project/Factory-AI/datasets/production/dfire/train/images/AoF01977.jpg,/home/z/my-project/Factory-AI/datasets/production/dfire/test/images/AoF07215.jpg,exact_duplicate_dhash_d0
/home/z/my-project/Factory-AI/datasets/production/dfire/train/images/AoF01978.jpg,/home/z/my-project/Factory-AI/datasets/production/dfire/test/images/AoF07215.jpg,exact_duplicate_dhash_d0
/home/z/my-project/Factory-AI/datasets/production/dfire/train/images/AoF01979.jpg,/home/z/my-project/Factory-AI/datasets/production/dfire/test/images/AoF07215.jpg,exact_duplicate_dhash_d0
/home/z/my-project/Factory-AI/datasets/production/dfire/train/images/AoF01980.jpg,/home/z/my-project/Factory-AI/datasets/production/dfire/test/images/AoF07215.jpg,exact_duplicate_dhash_d0
/home/z/my-project/Factory-AI/datasets/production/dfire/train/images/AoF01981.jpg,/home/z/my-project/Factory-AI/datasets/production/dfire/test/images/AoF07216.jpg,exact_duplicate_dhash_d0
/home/z/my-project/Factory-AI/datasets/production/dfire/train/images/AoF01982.jpg,/home/z/my-project/Factory-AI/datasets/production/dfire/test/images/AoF07215.jpg,exact_duplicate_dhash_d0
/home/z/my-project/Factory-AI/datasets/production/dfire/train/images/AoF01984.jpg,/home/z/my-project/Factory-AI/datasets/production/dfire/train/images/AoF01983.jpg,exact_duplicate_dhash_d0
/home/z/my-project/Factory-AI/datasets/production/dfire/train/images/AoF01985.jpg,/home/z/my-project/Factory-AI/datasets/production/dfire/test/images/AoF07215.jpg,exact_duplicate_dhash_d0
/home/z/my-project/Factory-AI/datasets/production/dfire/train/images/AoF01987.jpg,/home/z/my-project/Factory-AI/datasets/production/dfire/test/images/AoF07215.jpg,exact_duplicate_dhash_d0
/home/z/my-project/Factory-AI/datasets/production/dfire/train/images/AoF01988.jpg,/home/z/my-project/Factory-AI/datasets/production/dfire/test/images/AoF07215.jpg,exact_duplicate_dhash_d0
/home/z/my-project/Factory-AI/datasets/production/dfire/train/images/AoF01989.jpg,/home/z/my-project/Factory-AI/datasets/production/dfire/test/images/AoF07215.jpg,exact_duplicate_dhash_d0
/home/z/my-project/Factory-AI/datasets/production/dfire/train/images/AoF01990.jpg,/home/z/my-project/Factory-AI/datasets/production/dfire/train/images/AoF01983.jpg,exact_duplicate_dhash_d0
/home/z/my-project/Factory-AI/datasets/production/dfire/train/images/AoF01991.jpg,/home/z/my-project/Factory-AI/datasets/production/dfire/train/images/AoF01983.jpg,exact_duplicate_dhash_d0
/home/z/my-project/Factory-AI/datasets/production/dfire/train/images/AoF01992.jpg,/home/z/my-project/Factory-AI/datasets/production/dfire/test/images/AoF07215.jpg,exact_duplicate_dhash_d0
/home/z/my-project/Factory-AI/datasets/production/dfire/train/images/AoF01993.jpg,/home/z/my-project/Factory-AI/datasets/production/dfire/test/images/AoF07215.jpg,exact_duplicate_dhash_d0
/home/z/my-project/Factory-AI/datasets/production/dfire/train/images/AoF01994.jpg,/home/z/my-project/Factory-AI/datasets/production/dfire/test/images/AoF07215.jpg,exact_duplicate_dhash_d0
/home/z/my-project/Factory-AI/datasets/production/dfire/train/images/AoF01995.jpg,/home/z/my-project/Factory-AI/datasets/production/dfire/test/images/AoF07217.jpg,exact_duplicate_dhash_d0
/home/z/my-project/Factory-AI/datasets/production/dfire/train/images/AoF01996.jpg,/home/z/my-project/Factory-AI/datasets/production/dfire/test/images/AoF07217.jpg,exact_duplicate_dhash_d0
/home/z/my-project/Factory-AI/datasets/production/dfire/train/images/AoF01998.jpg,/home/z/my-project/Factory-AI/datasets/production/dfire/test/images/AoF07217.jpg,exact_duplicate_dhash_d0
/home/z/my-project/Factory-AI/datasets/production/dfire/train/images/AoF01999.jpg,/home/z/my-project/Factory-AI/datasets/production/dfire/test/images/AoF07217.jpg,exact_duplicate_dhash_d0
/home/z/my-project/Factory-AI/datasets/production/dfire/train/images/AoF02000.jpg,/home/z/my-project/Factory-AI/datasets/production/dfire/test/images/AoF07217.jpg,exact_duplicate_dhash_d0
/home/z/my-project/Factory-AI/datasets/production/dfire/train/images/AoF02001.jpg,/home/z/my-project/Factory-AI/datasets/production/dfire/test/images/AoF07218.jpg,exact_duplicate_dhash_d0
/home/z/my-project/Factory-AI/datasets/production/dfire/train/images/AoF02002.jpg,/home/z/my-project/Factory-AI/datasets/production/dfire/test/images/AoF07219.jpg,exact_duplicate_dhash_d0
/home/z/my-project/Factory-AI/datasets/production/dfire/train/images/AoF02003.jpg,/home/z/my-project/Factory-AI/datasets/production/dfire/test/images/AoF07219.jpg,exact_duplicate_dhash_d0
/home/z/my-project/Factory-AI/datasets/production/dfire/train/images/AoF02004.jpg,/home/z/my-project/Factory-AI/datasets/production/dfire/test/images/AoF07218.jpg,exact_duplicate_dhash_d0
/home/z/my-project/Factory-AI/datasets/production/dfire/train/images/AoF02006.jpg,/home/z/my-project/Factory-AI/datasets/production/dfire/test/images/AoF07218.jpg,exact_duplicate_dhash_d0
/home/z/my-project/Factory-AI/datasets/production/dfire/train/images/AoF02007.jpg,/home/z/my-project/Factory-AI/datasets/production/dfire/test/images/AoF07218.jpg,exact_duplicate_dhash_d0
/home/z/my-project/Factory-AI/datasets/production/dfire/train/images/AoF02008.jpg,/home/z/my-project/Factory-AI/datasets/production/dfire/test/images/AoF07218.jpg,exact_duplicate_dhash_d0
/home/z/my-project/Factory-AI/datasets/production/dfire/train/images/AoF02009.jpg,/home/z/my-project/Factory-AI/datasets/production/dfire/test/images/AoF07218.jpg,exact_duplicate_dhash_d0
/home/z/my-project/Factory-AI/datasets/production/dfire/train/images/AoF02010.jpg,/home/z/my-project/Factory-AI/datasets/production/dfire/test/images/AoF07218.jpg,exact_duplicate_dhash_d0
/home/z/my-project/Factory-AI/datasets/production/dfire/train/images/AoF02011.jpg,/home/z/my-project/Factory-AI/datasets/production/dfire/test/images/AoF07218.jpg,exact_duplicate_dhash_d0
/home/z/my-project/Factory-AI/datasets/production/dfire/train/images/AoF02012.jpg,/home/z/my-project/Factory-AI/datasets/production/dfire/test/images/AoF07222.jpg,exact_duplicate_dhash_d0
/home/z/my-project/Factory-AI/datasets/production/dfire/train/images/AoF02013.jpg,/home/z/my-project/Factory-AI/datasets/production/dfire/test/images/AoF07222.jpg,exact_duplicate_dhash_d0
/home/z/my-project/Factory-AI/datasets/production/dfire/train/images/AoF02014.jpg,/home/z/my-project/Factory-AI/datasets/production/dfire/test/images/AoF07222.jpg,exact_duplicate_dhash_d0
/home/z/my-project/Factory-AI/datasets/production/dfire/train/images/AoF02015.jpg,/home/z/my-project/Factory-AI/datasets/production/dfire/test/images/AoF07222.jpg,exact_duplicate_dhash_d0
/home/z/my-project/Factory-AI/datasets/production/dfire/train/images/AoF02017.jpg,/home/z/my-project/Factory-AI/datasets/production/dfire/test/images/AoF07222.jpg,exact_duplicate_dhash_d0
/home/z/my-project/Factory-AI/datasets/production/dfire/train/images/AoF02018.jpg,/home/z/my-project/Factory-AI/datasets/production/dfire/test/images/AoF07220.jpg,exact_duplicate_dhash_d0
/home/z/my-project/Factory-AI/datasets/production/dfire/train/images/AoF02019.jpg,/home/z/my-project/Factory-AI/datasets/production/dfire/test/images/AoF07222.jpg,exact_duplicate_dhash_d0
/home/z/my-project/Factory-AI/datasets/production/dfire/train/images/AoF02020.jpg,/home/z/my-project/Factory-AI/datasets/production/dfire/test/images/AoF07222.jpg,exact_duplicate_dhash_d0
/home/z/my-project/Factory-AI/datasets/production/dfire/train/images/AoF02021.jpg,/home/z/my-project/Factory-AI/datasets/production/dfire/test/images/AoF07222.jpg,exact_duplicate_dhash_d0
/home/z/my-project/Factory-AI/datasets/production/dfire/train/images/AoF02022.jpg,/home/z/my-project/Factory-AI/datasets/production/dfire/test/images/AoF07220.jpg,exact_duplicate_dhash_d0
/home/z/my-project/Factory-AI/datasets/production/dfire/train/images/AoF02023.jpg,/home/z/my-project/Factory-AI/datasets/production/dfire/test/images/AoF07220.jpg,exact_duplicate_dhash_d0
/home/z/my-project/Factory-AI/datasets/production/dfire/train/images/AoF02024.jpg,/home/z/my-project/Factory-AI/datasets/production/dfire/test/images/AoF07220.jpg,exact_duplicate_dhash_d0
/home/z/my-project/Factory-AI/datasets/production/dfire/train/images/AoF02025.jpg,/home/z/my-project/Factory-AI/datasets/production/dfire/test/images/AoF07220.jpg,exact_duplicate_dhash_d0
/home/z/my-project/Factory-AI/datasets/production/dfire/train/images/AoF02026.jpg,/home/z/my-project/Factory-AI/datasets/production/dfire/test/images/AoF07220.jpg,exact_duplicate_dhash_d0
/home/z/my-project/Factory-AI/datasets/production/dfire/train/images/AoF02027.jpg,/home/z/my-project/Factory-AI/datasets/production/dfire/test/images/AoF07220.jpg,exact_duplicate_dhash_d0
/home/z/my-project/Factory-AI/datasets/production/dfire/train/images/AoF02028.jpg,/home/z/my-project/Factory-AI/datasets/production/dfire/test/images/AoF07220.jpg,exact_duplicate_dhash_d0
/home/z/my-project/Factory-AI/datasets/production/dfire/train/images/AoF02029.jpg,/home/z/my-project/Factory-AI/datasets/production/dfire/test/images/AoF07220.jpg,exact_duplicate_dhash_d0
/home/z/my-project/Factory-AI/datasets/production/dfire/train/images/AoF02030.jpg,/home/z/my-project/Factory-AI/datasets/production/dfire/test/images/AoF07220.jpg,exact_duplicate_dhash_d0
/home/z/my-project/Factory-AI/datasets/production/dfire/train/images/AoF02031.jpg,/home/z/my-project/Factory-AI/datasets/production/dfire/test/images/AoF07233.jpg,exact_duplicate_dhash_d0
/home/z/my-project/Factory-AI/datasets/production/dfire/train/images/AoF02032.jpg,/home/z/my-project/Factory-AI/datasets/production/dfire/test/images/AoF07222.jpg,exact_duplicate_dhash_d0
/home/z/my-project/Factory-AI/datasets/production/dfire/train/images/AoF02033.jpg,/home/z/my-project/Factory-AI/datasets/production/dfire/test/images/AoF07222.jpg,exact_duplicate_dhash_d0
/home/z/my-project/Factory-AI/datasets/production/dfire/train/images/AoF02034.jpg,/home/z/my-project/Factory-AI/datasets/production/dfire/test/images/AoF07222.jpg,exact_duplicate_dhash_d0
/home/z/my-project/Factory-AI/datasets/production/dfire/train/images/AoF02035.jpg,/home/z/my-project/Factory-AI/datasets/production/dfire/test/images/AoF07222.jpg,exact_duplicate_dhash_d0
/home/z/my-project/Factory-AI/datasets/production/dfire/train/images/AoF02036.jpg,/home/z/my-project/Factory-AI/datasets/production/dfire/test/images/AoF07222.jpg,exact_duplicate_dhash_d0
/home/z/my-project/Factory-AI/datasets/production/dfire/train/images/AoF02037.jpg,/home/z/my-project/Factory-AI/datasets/production/dfire/test/images/AoF07228.jpg,exact_duplicate_dhash_d0
/home/z/my-project/Factory-AI/datasets/production/dfire/train/images/AoF02039.jpg,/home/z/my-project/Factory-AI/datasets/production/dfire/train/images/AoF02038.jpg,exact_duplicate_dhash_d0
/home/z/my-project/Factory-AI/datasets/production/dfire/train/images/AoF02041.jpg,/home/z/my-project/Factory-AI/datasets/production/dfire/train/images/AoF02038.jpg,exact_duplicate_dhash_d0
/home/z/my-project/Factory-AI/datasets/production/dfire/train/images/AoF02042.jpg,/home/z/my-project/Factory-AI/datasets/production/dfire/train/images/AoF02038.jpg,exact_duplicate_dhash_d0
/home/z/my-project/Factory-AI/datasets/production/dfire/train/images/AoF02043.jpg,/home/z/my-project/Factory-AI/datasets/production/dfire/test/images/AoF07230.jpg,exact_duplicate_dhash_d0
/home/z/my-project/Factory-AI/datasets/production/dfire/train/images/AoF02044.jpg,/home/z/my-project/Factory-AI/datasets/production/dfire/test/images/AoF07230.jpg,exact_duplicate_dhash_d0
/home/z/my-project/Factory-AI/datasets/production/dfire/train/images/AoF02045.jpg,/home/z/my-project/Factory-AI/datasets/production/dfire/test/images/AoF07228.jpg,exact_duplicate_dhash_d0
/home/z/my-project/Factory-AI/datasets/production/dfire/train/images/AoF02046.jpg,/home/z/my-project/Factory-AI/datasets/production/dfire/test/images/AoF07230.jpg,exact_duplicate_dhash_d0
/home/z/my-project/Factory-AI/datasets/production/dfire/train/images/AoF02047.jpg,/home/z/my-project/Factory-AI/datasets/production/dfire/test/images/AoF07228.jpg,exact_duplicate_dhash_d0
/home/z/my-project/Factory-AI/datasets/production/dfire/train/images/AoF02048.jpg,/home/z/my-project/Factory-AI/datasets/production/dfire/test/images/AoF07228.jpg,exact_duplicate_dhash_d0
/home/z/my-project/Factory-AI/datasets/production/dfire/train/images/AoF02050.jpg,/home/z/my-project/Factory-AI/datasets/production/dfire/test/images/AoF07228.jpg,exact_duplicate_dhash_d0
/home/z/my-project/Factory-AI/datasets/production/dfire/train/images/AoF02051.jpg,/home/z/my-project/Factory-AI/datasets/production/dfire/test/images/AoF07228.jpg,exact_duplicate_dhash_d0
/home/z/my-project/Factory-AI/datasets/production/dfire/train/images/AoF02052.jpg,/home/z/my-project/Factory-AI/datasets/production/dfire/test/images/AoF07229.jpg,exact_duplicate_dhash_d0
/home/z/my-project/Factory-AI/datasets/production/dfire/train/images/AoF02053.jpg,/home/z/my-project/Factory-AI/datasets/production/dfire/test/images/AoF07229.jpg,exact_duplicate_dhash_d0
/home/z/my-project/Factory-AI/datasets/production/dfire/train/images/AoF02054.jpg,/home/z/my-project/Factory-AI/datasets/production/dfire/test/images/AoF07228.jpg,exact_duplicate_dhash_d0
/home/z/my-project/Factory-AI/datasets/production/dfire/train/images/AoF02055.jpg,/home/z/my-project/Factory-AI/datasets/production/dfire/test/images/AoF07228.jpg,exact_duplicate_dhash_d0
/home/z/my-project/Factory-AI/datasets/production/dfire/train/images/AoF02056.jpg,/home/z/my-project/Factory-AI/datasets/production/dfire/test/images/AoF07228.jpg,exact_duplicate_dhash_d0
/home/z/my-project/Factory-AI/datasets/production/dfire/train/images/AoF02057.jpg,/home/z/my-project/Factory-AI/datasets/production/dfire/test/images/AoF07228.jpg,exact_duplicate_dhash_d0
/home/z/my-project/Factory-AI/datasets/production/dfire/train/images/AoF02058.jpg,/home/z/my-project/Factory-AI/datasets/production/dfire/test/images/AoF07228.jpg,exact_duplicate_dhash_d0
/home/z/my-project/Factory-AI/datasets/production/dfire/train/images/AoF02059.jpg,/home/z/my-project/Factory-AI/datasets/production/dfire/test/images/AoF07228.jpg,exact_duplicate_dhash_d0
/home/z/my-project/Factory-AI/datasets/production/dfire/train/images/AoF02060.jpg,/home/z/my-project/Factory-AI/datasets/production/dfire/test/images/AoF07229.jpg,exact_duplicate_dhash_d0
/home/z/my-project/Factory-AI/datasets/production/dfire/train/images/AoF02061.jpg,/home/z/my-project/Factory-AI/datasets/production/dfire/test/images/AoF07229.jpg,exact_duplicate_dhash_d0
/home/z/my-project/Factory-AI/datasets/production/dfire/train/images/AoF02063.jpg,/home/z/my-project/Factory-AI/datasets/production/dfire/test/images/AoF07229.jpg,exact_duplicate_dhash_d0
/home/z/my-project/Factory-AI/datasets/production/dfire/train/images/AoF02064.jpg,/home/z/my-project/Factory-AI/datasets/production/dfire/test/images/AoF07229.jpg,exact_duplicate_dhash_d0
/home/z/my-project/Factory-AI/datasets/production/dfire/train/images/AoF02065.jpg,/home/z/my-project/Factory-AI/datasets/production/dfire/test/images/AoF07229.jpg,exact_duplicate_dhash_d0
/home/z/my-project/Factory-AI/datasets/production/dfire/train/images/AoF02067.jpg,/home/z/my-project/Factory-AI/datasets/production/dfire/test/images/AoF07229.jpg,exact_duplicate_dhash_d0
/home/z/my-project/Factory-AI/datasets/production/dfire/train/images/AoF02069.jpg,/home/z/my-project/Factory-AI/datasets/production/dfire/train/images/AoF02068.jpg,exact_duplicate_dhash_d0
/home/z/my-project/Factory-AI/datasets/production/dfire/train/images/AoF02070.jpg,/home/z/my-project/Factory-AI/datasets/production/dfire/train/images/AoF02068.jpg,exact_duplicate_dhash_d0
/home/z/my-project/Factory-AI/datasets/production/dfire/train/images/AoF02072.jpg,/home/z/my-project/Factory-AI/datasets/production/dfire/test/images/AoF07240.jpg,exact_duplicate_dhash_d0
/home/z/my-project/Factory-AI/datasets/production/dfire/train/images/AoF02073.jpg,/home/z/my-project/Factory-AI/datasets/production/dfire/test/images/AoF07240.jpg,exact_duplicate_dhash_d0
/home/z/my-project/Factory-AI/datasets/production/dfire/train/images/AoF02074.jpg,/home/z/my-project/Factory-AI/datasets/production/dfire/test/images/AoF07240.jpg,exact_duplicate_dhash_d0
/home/z/my-project/Factory-AI/datasets/production/dfire/train/images/AoF02075.jpg,/home/z/my-project/Factory-AI/datasets/production/dfire/train/images/AoF02068.jpg,exact_duplicate_dhash_d0
/home/z/my-project/Factory-AI/datasets/production/dfire/train/images/AoF02076.jpg,/home/z/my-project/Factory-AI/datasets/production/dfire/train/images/AoF02068.jpg,exact_duplicate_dhash_d0
/home/z/my-project/Factory-AI/datasets/production/dfire/train/images/AoF02077.jpg,/home/z/my-project/Factory-AI/datasets/production/dfire/train/images/AoF02068.jpg,exact_duplicate_dhash_d0
/home/z/my-project/Factory-AI/datasets/production/dfire/train/images/AoF02078.jpg,/home/z/my-project/Factory-AI/datasets/production/dfire/train/images/AoF02068.jpg,exact_duplicate_dhash_d0
/home/z/my-project/Factory-AI/datasets/production/dfire/train/images/AoF02079.jpg,/home/z/my-project/Factory-AI/datasets/production/dfire/train/images/AoF02068.jpg,exact_duplicate_dhash_d0
/home/z/my-project/Factory-AI/datasets/production/dfire/train/images/AoF02080.jpg,/home/z/my-project/Factory-AI/datasets/production/dfire/test/images/AoF07241.jpg,exact_duplicate_dhash_d0
/home/z/my-project/Factory-AI/datasets/production/dfire/train/images/AoF02081.jpg,/home/z/my-project/Factory-AI/datasets/production/dfire/train/images/AoF02068.jpg,exact_duplicate_dhash_d0
/home/z/my-project/Factory-AI/datasets/production/dfire/train/images/AoF02083.jpg,/home/z/my-project/Factory-AI/datasets/production/dfire/test/images/AoF07242.jpg,exact_duplicate_dhash_d0
/home/z/my-project/Factory-AI/datasets/production/dfire/train/images/AoF02084.jpg,/home/z/my-project/Factory-AI/datasets/production/dfire/test/images/AoF07245.jpg,exact_duplicate_dhash_d0
/home/z/my-project/Factory-AI/datasets/production/dfire/train/images/AoF02085.jpg,/home/z/my-project/Factory-AI/datasets/production/dfire/test/images/AoF07245.jpg,exact_duplicate_dhash_d0
/home/z/my-project/Factory-AI/datasets/production/dfire/train/images/AoF02086.jpg,/home/z/my-project/Factory-AI/datasets/production/dfire/test/images/AoF07245.jpg,exact_duplicate_dhash_d0
/home/z/my-project/Factory-AI/datasets/production/dfire/train/images/AoF02091.jpg,/home/z/my-project/Factory-AI/datasets/production/dfire/train/images/AoF02090.jpg,exact_duplicate_dhash_d0
/home/z/my-project/Factory-AI/datasets/production/dfire/train/images/AoF02092.jpg,/home/z/my-project/Factory-AI/datasets/production/dfire/test/images/AoF07246.jpg,exact_duplicate_dhash_d0
/home/z/my-project/Factory-AI/datasets/production/dfire/train/images/AoF02093.jpg,/home/z/my-project/Factory-AI/datasets/production/dfire/test/images/AoF07246.jpg,exact_duplicate_dhash_d0
/home/z/my-project/Factory-AI/datasets/production/dfire/train/images/AoF02094.jpg,/home/z/my-project/Factory-AI/datasets/production/dfire/test/images/AoF07246.jpg,exact_duplicate_dhash_d0
/home/z/my-project/Factory-AI/datasets/production/dfire/train/images/AoF02096.jpg,/home/z/my-project/Factory-AI/datasets/production/dfire/train/images/AoF02095.jpg,exact_duplicate_dhash_d0
/home/z/my-project/Factory-AI/datasets/production/dfire/train/images/AoF02097.jpg,/home/z/my-project/Factory-AI/datasets/production/dfire/test/images/AoF07242.jpg,exact_duplicate_dhash_d0
/home/z/my-project/Factory-AI/datasets/production/dfire/train/images/AoF02099.jpg,/home/z/my-project/Factory-AI/datasets/production/dfire/test/images/AoF07247.jpg,exact_duplicate_dhash_d0
/home/z/my-project/Factory-AI/datasets/production/dfire/train/images/AoF02100.jpg,/home/z/my-project/Factory-AI/datasets/production/dfire/test/images/AoF07247.jpg,exact_duplicate_dhash_d0
/home/z/my-project/Factory-AI/datasets/production/dfire/train/images/AoF02101.jpg,/home/z/my-project/Factory-AI/datasets/production/dfire/test/images/AoF07247.jpg,exact_duplicate_dhash_d0
/home/z/my-project/Factory-AI/datasets/production/dfire/train/images/AoF02105.jpg,/home/z/my-project/Factory-AI/datasets/production/dfire/test/images/AoF07250.jpg,exact_duplicate_dhash_d0
/home/z/my-project/Factory-AI/datasets/production/dfire/train/images/AoF02107.jpg,/home/z/my-project/Factory-AI/datasets/production/dfire/train/images/AoF02106.jpg,exact_duplicate_dhash_d0
/home/z/my-project/Factory-AI/datasets/production/dfire/train/images/AoF02111.jpg,/home/z/my-project/Factory-AI/datasets/production/dfire/test/images/AoF07251.jpg,exact_duplicate_dhash_d0
/home/z/my-project/Factory-AI/datasets/production/dfire/train/images/AoF02113.jpg,/home/z/my-project/Factory-AI/datasets/production/dfire/train/images/AoF02112.jpg,exact_duplicate_dhash_d0
/home/z/my-project/Factory-AI/datasets/production/dfire/train/images/AoF02117.jpg,/home/z/my-project/Factory-AI/datasets/production/dfire/train/images/AoF02115.jpg,exact_duplicate_dhash_d0
/home/z/my-project/Factory-AI/datasets/production/dfire/train/images/AoF02118.jpg,/home/z/my-project/Factory-AI/datasets/production/dfire/train/images/AoF02115.jpg,exact_duplicate_dhash_d0
/home/z/my-project/Factory-AI/datasets/production/dfire/train/images/AoF02120.jpg,/home/z/my-project/Factory-AI/datasets/production/dfire/train/images/AoF02119.jpg,exact_duplicate_dhash_d0
/home/z/my-project/Factory-AI/datasets/production/dfire/train/images/AoF02121.jpg,/home/z/my-project/Factory-AI/datasets/production/dfire/train/images/AoF02119.jpg,exact_duplicate_dhash_d0
/home/z/my-project/Factory-AI/datasets/production/dfire/train/images/AoF02122.jpg,/home/z/my-project/Factory-AI/datasets/production/dfire/train/images/AoF02119.jpg,exact_duplicate_dhash_d0
/home/z/my-project/Factory-AI/datasets/production/dfire/train/images/AoF02123.jpg,/home/z/my-project/Factory-AI/datasets/production/dfire/train/images/AoF02119.jpg,exact_duplicate_dhash_d0
/home/z/my-project/Factory-AI/datasets/production/dfire/train/images/AoF02125.jpg,/home/z/my-project/Factory-AI/datasets/production/dfire/test/images/AoF07252.jpg,exact_duplicate_dhash_d0
/home/z/my-project/Factory-AI/datasets/production/dfire/train/images/AoF02127.jpg,/home/z/my-project/Factory-AI/datasets/production/dfire/test/images/AoF07252.jpg,exact_duplicate_dhash_d0
/home/z/my-project/Factory-AI/datasets/production/dfire/train/images/AoF02128.jpg,/home/z/my-project/Factory-AI/datasets/production/dfire/test/images/AoF07252.jpg,exact_duplicate_dhash_d0
/home/z/my-project/Factory-AI/datasets/production/dfire/train/images/AoF02129.jpg,/home/z/my-project/Factory-AI/datasets/production/dfire/test/images/AoF07252.jpg,exact_duplicate_dhash_d0
/home/z/my-project/Factory-AI/datasets/production/dfire/train/images/AoF02130.jpg,/home/z/my-project/Factory-AI/datasets/production/dfire/test/images/AoF07252.jpg,exact_duplicate_dhash_d0
/home/z/my-project/Factory-AI/datasets/production/dfire/train/images/AoF02136.jpg,/home/z/my-project/Factory-AI/datasets/production/dfire/test/images/AoF07255.jpg,exact_duplicate_dhash_d0
/home/z/my-project/Factory-AI/datasets/production/dfire/train/images/AoF02141.jpg,/home/z/my-project/Factory-AI/datasets/production/dfire/test/images/AoF07256.jpg,exact_duplicate_dhash_d0
/home/z/my-project/Factory-AI/datasets/production/dfire/train/images/AoF02142.jpg,/home/z/my-project/Factory-AI/datasets/production/dfire/test/images/AoF07256.jpg,exact_duplicate_dhash_d0
/home/z/my-project/Factory-AI/datasets/production/dfire/train/images/AoF02143.jpg,/home/z/my-project/Factory-AI/datasets/production/dfire/train/images/AoF02126.jpg,exact_duplicate_dhash_d0
/home/z/my-project/Factory-AI/datasets/production/dfire/train/images/AoF02145.jpg,/home/z/my-project/Factory-AI/datasets/production/dfire/train/images/AoF02144.jpg,exact_duplicate_dhash_d0
/home/z/my-project/Factory-AI/datasets/production/dfire/train/images/AoF02158.jpg,/home/z/my-project/Factory-AI/datasets/production/dfire/train/images/AoF02157.jpg,exact_duplicate_dhash_d0
/home/z/my-project/Factory-AI/datasets/production/dfire/train/images/AoF02159.jpg,/home/z/my-project/Factory-AI/datasets/production/dfire/train/images/AoF02157.jpg,exact_duplicate_dhash_d0
/home/z/my-project/Factory-AI/datasets/production/dfire/train/images/AoF02160.jpg,/home/z/my-project/Factory-AI/datasets/production/dfire/test/images/AoF07262.jpg,exact_duplicate_dhash_d0
/home/z/my-project/Factory-AI/datasets/production/dfire/train/images/AoF02161.jpg,/home/z/my-project/Factory-AI/datasets/production/dfire/test/images/AoF07262.jpg,exact_duplicate_dhash_d0
/home/z/my-project/Factory-AI/datasets/production/dfire/train/images/AoF02162.jpg,/home/z/my-project/Factory-AI/datasets/production/dfire/test/images/AoF07262.jpg,exact_duplicate_dhash_d0
/home/z/my-project/Factory-AI/datasets/production/dfire/train/images/AoF02163.jpg,/home/z/my-project/Factory-AI/datasets/production/dfire/train/images/AoF02157.jpg,exact_duplicate_dhash_d0
/home/z/my-project/Factory-AI/datasets/production/dfire/train/images/AoF02164.jpg,/home/z/my-project/Factory-AI/datasets/production/dfire/test/images/AoF07262.jpg,exact_duplicate_dhash_d0
/home/z/my-project/Factory-AI/datasets/production/dfire/train/images/AoF02172.jpg,/home/z/my-project/Factory-AI/datasets/production/dfire/train/images/AoF02166.jpg,exact_duplicate_dhash_d0
/home/z/my-project/Factory-AI/datasets/production/dfire/train/images/AoF02173.jpg,/home/z/my-project/Factory-AI/datasets/production/dfire/test/images/AoF07264.jpg,exact_duplicate_dhash_d0
/home/z/my-project/Factory-AI/datasets/production/dfire/train/images/AoF02174.jpg,/home/z/my-project/Factory-AI/datasets/production/dfire/test/images/AoF07264.jpg,exact_duplicate_dhash_d0
/home/z/my-project/Factory-AI/datasets/production/dfire/train/images/AoF02175.jpg,/home/z/my-project/Factory-AI/datasets/production/dfire/test/images/AoF07264.jpg,exact_duplicate_dhash_d0
/home/z/my-project/Factory-AI/datasets/production/dfire/train/images/AoF02180.jpg,/home/z/my-project/Factory-AI/datasets/production/dfire/test/images/AoF07264.jpg,exact_duplicate_dhash_d0
/home/z/my-project/Factory-AI/datasets/production/dfire/train/images/AoF02181.jpg,/home/z/my-project/Factory-AI/datasets/production/dfire/test/images/AoF07264.jpg,exact_duplicate_dhash_d0
/home/z/my-project/Factory-AI/datasets/production/dfire/train/images/AoF02182.jpg,/home/z/my-project/Factory-AI/datasets/production/dfire/test/images/AoF07264.jpg,exact_duplicate_dhash_d0
/home/z/my-project/Factory-AI/datasets/production/dfire/train/images/AoF02183.jpg,/home/z/my-project/Factory-AI/datasets/production/dfire/train/images/AoF02177.jpg,exact_duplicate_dhash_d0
/home/z/my-project/Factory-AI/datasets/production/dfire/train/images/AoF02184.jpg,/home/z/my-project/Factory-AI/datasets/production/dfire/test/images/AoF07264.jpg,exact_duplicate_dhash_d0
/home/z/my-project/Factory-AI/datasets/production/dfire/train/images/AoF02185.jpg,/home/z/my-project/Factory-AI/datasets/production/dfire/test/images/AoF07267.jpg,exact_duplicate_dhash_d0
/home/z/my-project/Factory-AI/datasets/production/dfire/train/images/AoF02186.jpg,/home/z/my-project/Factory-AI/datasets/production/dfire/test/images/AoF07267.jpg,exact_duplicate_dhash_d0
/home/z/my-project/Factory-AI/datasets/production/dfire/train/images/AoF02187.jpg,/home/z/my-project/Factory-AI/datasets/production/dfire/test/images/AoF07267.jpg,exact_duplicate_dhash_d0
/home/z/my-project/Factory-AI/datasets/production/dfire/train/images/AoF02188.jpg,/home/z/my-project/Factory-AI/datasets/production/dfire/test/images/AoF07269.jpg,exact_duplicate_dhash_d0
/home/z/my-project/Factory-AI/datasets/production/dfire/train/images/AoF02189.jpg,/home/z/my-project/Factory-AI/datasets/production/dfire/test/images/AoF07269.jpg,exact_duplicate_dhash_d0
/home/z/my-project/Factory-AI/datasets/production/dfire/train/images/AoF02190.jpg,/home/z/my-project/Factory-AI/datasets/production/dfire/test/images/AoF07269.jpg,exact_duplicate_dhash_d0
/home/z/my-project/Factory-AI/datasets/production/dfire/train/images/AoF02191.jpg,/home/z/my-project/Factory-AI/datasets/production/dfire/test/images/AoF07269.jpg,exact_duplicate_dhash_d0
/home/z/my-project/Factory-AI/datasets/production/dfire/train/images/AoF02192.jpg,/home/z/my-project/Factory-AI/datasets/production/dfire/test/images/AoF07269.jpg,exact_duplicate_dhash_d0
/home/z/my-project/Factory-AI/datasets/production/dfire/train/images/AoF02193.jpg,/home/z/my-project/Factory-AI/datasets/production/dfire/test/images/AoF07269.jpg,exact_duplicate_dhash_d0
/home/z/my-project/Factory-AI/datasets/production/dfire/train/images/AoF02194.jpg,/home/z/my-project/Factory-AI/datasets/production/dfire/test/images/AoF07267.jpg,exact_duplicate_dhash_d0
/home/z/my-project/Factory-AI/datasets/production/dfire/train/images/AoF02196.jpg,/home/z/my-project/Factory-AI/datasets/production/dfire/test/images/AoF07269.jpg,exact_duplicate_dhash_d0
/home/z/my-project/Factory-AI/datasets/production/dfire/train/images/AoF02197.jpg,/home/z/my-project/Factory-AI/datasets/production/dfire/test/images/AoF07273.jpg,exact_duplicate_dhash_d0
/home/z/my-project/Factory-AI/datasets/production/dfire/train/images/AoF02198.jpg,/home/z/my-project/Factory-AI/datasets/production/dfire/test/images/AoF07277.jpg,exact_duplicate_dhash_d0
/home/z/my-project/Factory-AI/datasets/production/dfire/train/images/AoF02199.jpg,/home/z/my-project/Factory-AI/datasets/production/dfire/test/images/AoF07273.jpg,exact_duplicate_dhash_d0
/home/z/my-project/Factory-AI/datasets/production/dfire/train/images/AoF02200.jpg,/home/z/my-project/Factory-AI/datasets/production/dfire/test/images/AoF07273.jpg,exact_duplicate_dhash_d0
/home/z/my-project/Factory-AI/datasets/production/dfire/train/images/AoF02201.jpg,/home/z/my-project/Factory-AI/datasets/production/dfire/test/images/AoF07273.jpg,exact_duplicate_dhash_d0
/home/z/my-project/Factory-AI/datasets/production/dfire/train/images/AoF02202.jpg,/home/z/my-project/Factory-AI/datasets/production/dfire/test/images/AoF07278.jpg,exact_duplicate_dhash_d0
/home/z/my-project/Factory-AI/datasets/production/dfire/train/images/AoF02203.jpg,/home/z/my-project/Factory-AI/datasets/production/dfire/test/images/AoF07278.jpg,exact_duplicate_dhash_d0
/home/z/my-project/Factory-AI/datasets/production/dfire/train/images/AoF02205.jpg,/home/z/my-project/Factory-AI/datasets/production/dfire/test/images/AoF07273.jpg,exact_duplicate_dhash_d0
/home/z/my-project/Factory-AI/datasets/production/dfire/train/images/AoF02206.jpg,/home/z/my-project/Factory-AI/datasets/production/dfire/test/images/AoF07274.jpg,exact_duplicate_dhash_d0
/home/z/my-project/Factory-AI/datasets/production/dfire/train/images/AoF02208.jpg,/home/z/my-project/Factory-AI/datasets/production/dfire/test/images/AoF07273.jpg,exact_duplicate_dhash_d0
/home/z/my-project/Factory-AI/datasets/production/dfire/train/images/AoF02209.jpg,/home/z/my-project/Factory-AI/datasets/production/dfire/test/images/AoF07273.jpg,exact_duplicate_dhash_d0
/home/z/my-project/Factory-AI/datasets/production/dfire/train/images/AoF02211.jpg,/home/z/my-project/Factory-AI/datasets/production/dfire/test/images/AoF07274.jpg,exact_duplicate_dhash_d0
/home/z/my-project/Factory-AI/datasets/production/dfire/train/images/AoF02212.jpg,/home/z/my-project/Factory-AI/datasets/production/dfire/test/images/AoF07273.jpg,exact_duplicate_dhash_d0
/home/z/my-project/Factory-AI/datasets/production/dfire/train/images/AoF02215.jpg,/home/z/my-project/Factory-AI/datasets/production/dfire/test/images/AoF07273.jpg,exact_duplicate_dhash_d0
/home/z/my-project/Factory-AI/datasets/production/dfire/train/images/AoF02216.jpg,/home/z/my-project/Factory-AI/datasets/production/dfire/test/images/AoF07280.jpg,exact_duplicate_dhash_d0
/home/z/my-project/Factory-AI/datasets/production/dfire/train/images/AoF02217.jpg,/home/z/my-project/Factory-AI/datasets/production/dfire/test/images/AoF07281.jpg,exact_duplicate_dhash_d0
/home/z/my-project/Factory-AI/datasets/production/dfire/train/images/AoF02218.jpg,/home/z/my-project/Factory-AI/datasets/production/dfire/test/images/AoF07281.jpg,exact_duplicate_dhash_d0
/home/z/my-project/Factory-AI/datasets/production/dfire/train/images/AoF02219.jpg,/home/z/my-project/Factory-AI/datasets/production/dfire/test/images/AoF07281.jpg,exact_duplicate_dhash_d0
/home/z/my-project/Factory-AI/datasets/production/dfire/train/images/AoF02224.jpg,/home/z/my-project/Factory-AI/datasets/production/dfire/train/images/AoF02222.jpg,exact_duplicate_dhash_d0
/home/z/my-project/Factory-AI/datasets/production/dfire/train/images/AoF02225.jpg,/home/z/my-project/Factory-AI/datasets/production/dfire/test/images/AoF07284.jpg,exact_duplicate_dhash_d0
/home/z/my-project/Factory-AI/datasets/production/dfire/train/images/AoF02226.jpg,/home/z/my-project/Factory-AI/datasets/production/dfire/test/images/AoF07284.jpg,exact_duplicate_dhash_d0
/home/z/my-project/Factory-AI/datasets/production/dfire/train/images/AoF02227.jpg,/home/z/my-project/Factory-AI/datasets/production/dfire/test/images/AoF07284.jpg,exact_duplicate_dhash_d0
/home/z/my-project/Factory-AI/datasets/production/dfire/train/images/AoF02229.jpg,/home/z/my-project/Factory-AI/datasets/production/dfire/train/images/AoF02228.jpg,exact_duplicate_dhash_d0
/home/z/my-project/Factory-AI/datasets/production/dfire/train/images/AoF02231.jpg,/home/z/my-project/Factory-AI/datasets/production/dfire/train/images/AoF02230.jpg,exact_duplicate_dhash_d0
/home/z/my-project/Factory-AI/datasets/production/dfire/train/images/AoF02233.jpg,/home/z/my-project/Factory-AI/datasets/production/dfire/test/images/AoF07286.jpg,exact_duplicate_dhash_d0
/home/z/my-project/Factory-AI/datasets/production/dfire/train/images/AoF02241.jpg,/home/z/my-project/Factory-AI/datasets/production/dfire/test/images/AoF07289.jpg,exact_duplicate_dhash_d0
/home/z/my-project/Factory-AI/datasets/production/dfire/train/images/AoF02242.jpg,/home/z/my-project/Factory-AI/datasets/production/dfire/test/images/AoF07289.jpg,exact_duplicate_dhash_d0
/home/z/my-project/Factory-AI/datasets/production/dfire/train/images/AoF02244.jpg,/home/z/my-project/Factory-AI/datasets/production/dfire/test/images/AoF07289.jpg,exact_duplicate_dhash_d0
/home/z/my-project/Factory-AI/datasets/production/dfire/train/images/AoF02245.jpg,/home/z/my-project/Factory-AI/datasets/production/dfire/test/images/AoF07291.jpg,exact_duplicate_dhash_d0
/home/z/my-project/Factory-AI/datasets/production/dfire/train/images/AoF02248.jpg,/home/z/my-project/Factory-AI/datasets/production/dfire/train/images/AoF02246.jpg,exact_duplicate_dhash_d0
/home/z/my-project/Factory-AI/datasets/production/dfire/train/images/AoF02251.jpg,/home/z/my-project/Factory-AI/datasets/production/dfire/train/images/AoF02250.jpg,exact_duplicate_dhash_d0
/home/z/my-project/Factory-AI/datasets/production/dfire/train/images/AoF02253.jpg,/home/z/my-project/Factory-AI/datasets/production/dfire/test/images/AoF07293.jpg,exact_duplicate_dhash_d0
/home/z/my-project/Factory-AI/datasets/production/dfire/train/images/AoF02256.jpg,/home/z/my-project/Factory-AI/datasets/production/dfire/train/images/AoF02255.jpg,exact_duplicate_dhash_d0
/home/z/my-project/Factory-AI/datasets/production/dfire/train/images/AoF02260.jpg,/home/z/my-project/Factory-AI/datasets/production/dfire/train/images/AoF02257.jpg,exact_duplicate_dhash_d0
/home/z/my-project/Factory-AI/datasets/production/dfire/train/images/AoF02262.jpg,/home/z/my-project/Factory-AI/datasets/production/dfire/train/images/AoF02257.jpg,exact_duplicate_dhash_d0
/home/z/my-project/Factory-AI/datasets/production/dfire/train/images/AoF02264.jpg,/home/z/my-project/Factory-AI/datasets/production/dfire/train/images/AoF02263.jpg,exact_duplicate_dhash_d0
/home/z/my-project/Factory-AI/datasets/production/dfire/train/images/AoF02275.jpg,/home/z/my-project/Factory-AI/datasets/production/dfire/train/images/AoF02274.jpg,exact_duplicate_dhash_d0
/home/z/my-project/Factory-AI/datasets/production/dfire/train/images/AoF02277.jpg,/home/z/my-project/Factory-AI/datasets/production/dfire/train/images/AoF02276.jpg,exact_duplicate_dhash_d0
/home/z/my-project/Factory-AI/datasets/production/dfire/train/images/AoF02280.jpg,/home/z/my-project/Factory-AI/datasets/production/dfire/test/images/AoF07298.jpg,exact_duplicate_dhash_d0
/home/z/my-project/Factory-AI/datasets/production/dfire/train/images/AoF02282.jpg,/home/z/my-project/Factory-AI/datasets/production/dfire/test/images/AoF07300.jpg,exact_duplicate_dhash_d0
/home/z/my-project/Factory-AI/datasets/production/dfire/train/images/AoF02283.jpg,/home/z/my-project/Factory-AI/datasets/production/dfire/train/images/AoF02258.jpg,exact_duplicate_dhash_d0
/home/z/my-project/Factory-AI/datasets/production/dfire/train/images/AoF02284.jpg,/home/z/my-project/Factory-AI/datasets/production/dfire/test/images/AoF07300.jpg,exact_duplicate_dhash_d0
/home/z/my-project/Factory-AI/datasets/production/dfire/train/images/AoF02285.jpg,/home/z/my-project/Factory-AI/datasets/production/dfire/test/images/AoF07300.jpg,exact_duplicate_dhash_d0
/home/z/my-project/Factory-AI/datasets/production/dfire/train/images/AoF02288.jpg,/home/z/my-project/Factory-AI/datasets/production/dfire/train/images/AoF02287.jpg,exact_duplicate_dhash_d0
/home/z/my-project/Factory-AI/datasets/production/dfire/train/images/AoF02290.jpg,/home/z/my-project/Factory-AI/datasets/production/dfire/train/images/AoF02289.jpg,exact_duplicate_dhash_d0
/home/z/my-project/Factory-AI/datasets/production/dfire/train/images/AoF02292.jpg,/home/z/my-project/Factory-AI/datasets/production/dfire/train/images/AoF02276.jpg,exact_duplicate_dhash_d0
/home/z/my-project/Factory-AI/datasets/production/dfire/train/images/AoF02295.jpg,/home/z/my-project/Factory-AI/datasets/production/dfire/train/images/AoF02294.jpg,exact_duplicate_dhash_d0
/home/z/my-project/Factory-AI/datasets/production/dfire/train/images/AoF02297.jpg,/home/z/my-project/Factory-AI/datasets/production/dfire/train/images/AoF02294.jpg,exact_duplicate_dhash_d0
/home/z/my-project/Factory-AI/datasets/production/dfire/train/images/AoF02306.jpg,/home/z/my-project/Factory-AI/datasets/production/dfire/test/images/AoF07304.jpg,exact_duplicate_dhash_d0
/home/z/my-project/Factory-AI/datasets/production/dfire/train/images/AoF02310.jpg,/home/z/my-project/Factory-AI/datasets/production/dfire/test/images/AoF07305.jpg,exact_duplicate_dhash_d0
/home/z/my-project/Factory-AI/datasets/production/dfire/train/images/AoF02315.jpg,/home/z/my-project/Factory-AI/datasets/production/dfire/test/images/AoF07307.jpg,exact_duplicate_dhash_d0
/home/z/my-project/Factory-AI/datasets/production/dfire/train/images/AoF02316.jpg,/home/z/my-project/Factory-AI/datasets/production/dfire/test/images/AoF07307.jpg,exact_duplicate_dhash_d0
/home/z/my-project/Factory-AI/datasets/production/dfire/train/images/AoF02319.jpg,/home/z/my-project/Factory-AI/datasets/production/dfire/train/images/AoF02318.jpg,exact_duplicate_dhash_d0
/home/z/my-project/Factory-AI/datasets/production/dfire/train/images/AoF02324.jpg,/home/z/my-project/Factory-AI/datasets/production/dfire/test/images/AoF07311.jpg,exact_duplicate_dhash_d0
/home/z/my-project/Factory-AI/datasets/production/dfire/train/images/AoF02325.jpg,/home/z/my-project/Factory-AI/datasets/production/dfire/test/images/AoF07311.jpg,exact_duplicate_dhash_d0
/home/z/my-project/Factory-AI/datasets/production/dfire/train/images/AoF02326.jpg,/home/z/my-project/Factory-AI/datasets/production/dfire/test/images/AoF07311.jpg,exact_duplicate_dhash_d0
/home/z/my-project/Factory-AI/datasets/production/dfire/train/images/AoF02327.jpg,/home/z/my-project/Factory-AI/datasets/production/dfire/test/images/AoF07311.jpg,exact_duplicate_dhash_d0
/home/z/my-project/Factory-AI/datasets/production/dfire/train/images/AoF02328.jpg,/home/z/my-project/Factory-AI/datasets/production/dfire/test/images/AoF07311.jpg,exact_duplicate_dhash_d0
/home/z/my-project/Factory-AI/datasets/production/dfire/train/images/AoF02329.jpg,/home/z/my-project/Factory-AI/datasets/production/dfire/test/images/AoF07311.jpg,exact_duplicate_dhash_d0
/home/z/my-project/Factory-AI/datasets/production/dfire/train/images/AoF02330.jpg,/home/z/my-project/Factory-AI/datasets/production/dfire/test/images/AoF07311.jpg,exact_duplicate_dhash_d0
/home/z/my-project/Factory-AI/datasets/production/dfire/train/images/AoF02331.jpg,/home/z/my-project/Factory-AI/datasets/production/dfire/test/images/AoF07311.jpg,exact_duplicate_dhash_d0
/home/z/my-project/Factory-AI/datasets/production/dfire/train/images/AoF02332.jpg,/home/z/my-project/Factory-AI/datasets/production/dfire/test/images/AoF07311.jpg,exact_duplicate_dhash_d0
/home/z/my-project/Factory-AI/datasets/production/dfire/train/images/AoF02333.jpg,/home/z/my-project/Factory-AI/datasets/production/dfire/test/images/AoF07311.jpg,exact_duplicate_dhash_d0
/home/z/my-project/Factory-AI/datasets/production/dfire/train/images/AoF02334.jpg,/home/z/my-project/Factory-AI/datasets/production/dfire/test/images/AoF07311.jpg,exact_duplicate_dhash_d0
/home/z/my-project/Factory-AI/datasets/production/dfire/train/images/AoF02335.jpg,/home/z/my-project/Factory-AI/datasets/production/dfire/test/images/AoF07311.jpg,exact_duplicate_dhash_d0
/home/z/my-project/Factory-AI/datasets/production/dfire/train/images/AoF02336.jpg,/home/z/my-project/Factory-AI/datasets/production/dfire/test/images/AoF07311.jpg,exact_duplicate_dhash_d0
/home/z/my-project/Factory-AI/datasets/production/dfire/train/images/AoF02337.jpg,/home/z/my-project/Factory-AI/datasets/production/dfire/test/images/AoF07311.jpg,exact_duplicate_dhash_d0
/home/z/my-project/Factory-AI/datasets/production/dfire/train/images/AoF02338.jpg,/home/z/my-project/Factory-AI/datasets/production/dfire/test/images/AoF07311.jpg,exact_duplicate_dhash_d0
/home/z/my-project/Factory-AI/datasets/production/dfire/train/images/AoF02340.jpg,/home/z/my-project/Factory-AI/datasets/production/dfire/train/images/AoF02339.jpg,exact_duplicate_dhash_d0
/home/z/my-project/Factory-AI/datasets/production/dfire/train/images/AoF02342.jpg,/home/z/my-project/Factory-AI/datasets/production/dfire/test/images/AoF07313.jpg,exact_duplicate_dhash_d0
/home/z/my-project/Factory-AI/datasets/production/dfire/train/images/AoF02343.jpg,/home/z/my-project/Factory-AI/datasets/production/dfire/test/images/AoF07313.jpg,exact_duplicate_dhash_d0
/home/z/my-project/Factory-AI/datasets/production/dfire/train/images/AoF02344.jpg,/home/z/my-project/Factory-AI/datasets/production/dfire/test/images/AoF07313.jpg,exact_duplicate_dhash_d0
/home/z/my-project/Factory-AI/datasets/production/dfire/train/images/AoF02345.jpg,/home/z/my-project/Factory-AI/datasets/production/dfire/test/images/AoF07313.jpg,exact_duplicate_dhash_d0
/home/z/my-project/Factory-AI/datasets/production/dfire/train/images/AoF02346.jpg,/home/z/my-project/Factory-AI/datasets/production/dfire/test/images/AoF07313.jpg,exact_duplicate_dhash_d0
/home/z/my-project/Factory-AI/datasets/production/dfire/train/images/AoF02348.jpg,/home/z/my-project/Factory-AI/datasets/production/dfire/train/images/AoF02347.jpg,exact_duplicate_dhash_d0
/home/z/my-project/Factory-AI/datasets/production/dfire/train/images/AoF02349.jpg,/home/z/my-project/Factory-AI/datasets/production/dfire/train/images/AoF02347.jpg,exact_duplicate_dhash_d0
/home/z/my-project/Factory-AI/datasets/production/dfire/train/images/AoF02350.jpg,/home/z/my-project/Factory-AI/datasets/production/dfire/test/images/AoF07314.jpg,exact_duplicate_dhash_d0
/home/z/my-project/Factory-AI/datasets/production/dfire/train/images/AoF02352.jpg,/home/z/my-project/Factory-AI/datasets/production/dfire/train/images/AoF02347.jpg,exact_duplicate_dhash_d0
/home/z/my-project/Factory-AI/datasets/production/dfire/train/images/AoF02354.jpg,/home/z/my-project/Factory-AI/datasets/production/dfire/train/images/AoF02353.jpg,exact_duplicate_dhash_d0
/home/z/my-project/Factory-AI/datasets/production/dfire/train/images/AoF02355.jpg,/home/z/my-project/Factory-AI/datasets/production/dfire/train/images/AoF02353.jpg,exact_duplicate_dhash_d0
/home/z/my-project/Factory-AI/datasets/production/dfire/train/images/AoF02357.jpg,/home/z/my-project/Factory-AI/datasets/production/dfire/train/images/AoF02353.jpg,exact_duplicate_dhash_d0
/home/z/my-project/Factory-AI/datasets/production/dfire/train/images/AoF02358.jpg,/home/z/my-project/Factory-AI/datasets/production/dfire/train/images/AoF02353.jpg,exact_duplicate_dhash_d0
/home/z/my-project/Factory-AI/datasets/production/dfire/train/images/AoF02368.jpg,/home/z/my-project/Factory-AI/datasets/production/dfire/test/images/AoF07317.jpg,exact_duplicate_dhash_d0
/home/z/my-project/Factory-AI/datasets/production/dfire/train/images/AoF02372.jpg,/home/z/my-project/Factory-AI/datasets/production/dfire/train/images/AoF02371.jpg,exact_duplicate_dhash_d0
/home/z/my-project/Factory-AI/datasets/production/dfire/train/images/AoF02382.jpg,/home/z/my-project/Factory-AI/datasets/production/dfire/train/images/AoF02381.jpg,exact_duplicate_dhash_d0
/home/z/my-project/Factory-AI/datasets/production/dfire/train/images/AoF02390.jpg,/home/z/my-project/Factory-AI/datasets/production/dfire/train/images/AoF02389.jpg,exact_duplicate_dhash_d0
/home/z/my-project/Factory-AI/datasets/production/dfire/train/images/AoF02393.jpg,/home/z/my-project/Factory-AI/datasets/production/dfire/test/images/AoF07324.jpg,exact_duplicate_dhash_d0
/home/z/my-project/Factory-AI/datasets/production/dfire/train/images/AoF02398.jpg,/home/z/my-project/Factory-AI/datasets/production/dfire/test/images/AoF07327.jpg,exact_duplicate_dhash_d0
/home/z/my-project/Factory-AI/datasets/production/dfire/train/images/AoF02400.jpg,/home/z/my-project/Factory-AI/datasets/production/dfire/train/images/AoF02399.jpg,exact_duplicate_dhash_d0
/home/z/my-project/Factory-AI/datasets/production/dfire/train/images/AoF02409.jpg,/home/z/my-project/Factory-AI/datasets/production/dfire/train/images/AoF02406.jpg,exact_duplicate_dhash_d0
/home/z/my-project/Factory-AI/datasets/production/dfire/train/images/AoF02411.jpg,/home/z/my-project/Factory-AI/datasets/production/dfire/train/images/AoF02410.jpg,exact_duplicate_dhash_d0
/home/z/my-project/Factory-AI/datasets/production/dfire/train/images/AoF02412.jpg,/home/z/my-project/Factory-AI/datasets/production/dfire/train/images/AoF02408.jpg,exact_duplicate_dhash_d0
/home/z/my-project/Factory-AI/datasets/production/dfire/train/images/AoF02415.jpg,/home/z/my-project/Factory-AI/datasets/production/dfire/train/images/AoF02413.jpg,exact_duplicate_dhash_d0
/home/z/my-project/Factory-AI/datasets/production/dfire/train/images/AoF02416.jpg,/home/z/my-project/Factory-AI/datasets/production/dfire/train/images/AoF02413.jpg,exact_duplicate_dhash_d0
/home/z/my-project/Factory-AI/datasets/production/dfire/train/images/AoF02417.jpg,/home/z/my-project/Factory-AI/datasets/production/dfire/train/images/AoF02413.jpg,exact_duplicate_dhash_d0
/home/z/my-project/Factory-AI/datasets/production/dfire/train/images/AoF02418.jpg,/home/z/my-project/Factory-AI/datasets/production/dfire/train/images/AoF02406.jpg,exact_duplicate_dhash_d0
/home/z/my-project/Factory-AI/datasets/production/dfire/train/images/AoF02419.jpg,/home/z/my-project/Factory-AI/datasets/production/dfire/train/images/AoF02408.jpg,exact_duplicate_dhash_d0
/home/z/my-project/Factory-AI/datasets/production/dfire/train/images/AoF02420.jpg,/home/z/my-project/Factory-AI/datasets/production/dfire/train/images/AoF02408.jpg,exact_duplicate_dhash_d0
/home/z/my-project/Factory-AI/datasets/production/dfire/train/images/AoF02422.jpg,/home/z/my-project/Factory-AI/datasets/production/dfire/train/images/AoF02421.jpg,exact_duplicate_dhash_d0
/home/z/my-project/Factory-AI/datasets/production/dfire/train/images/AoF02423.jpg,/home/z/my-project/Factory-AI/datasets/production/dfire/test/images/AoF07328.jpg,exact_duplicate_dhash_d0
/home/z/my-project/Factory-AI/datasets/production/dfire/train/images/AoF02426.jpg,/home/z/my-project/Factory-AI/datasets/production/dfire/train/images/AoF02425.jpg,exact_duplicate_dhash_d0
/home/z/my-project/Factory-AI/datasets/production/dfire/train/images/AoF02428.jpg,/home/z/my-project/Factory-AI/datasets/production/dfire/test/images/AoF07330.jpg,exact_duplicate_dhash_d0
/home/z/my-project/Factory-AI/datasets/production/dfire/train/images/AoF02434.jpg,/home/z/my-project/Factory-AI/datasets/production/dfire/test/images/AoF07333.jpg,exact_duplicate_dhash_d0
/home/z/my-project/Factory-AI/datasets/production/dfire/train/images/AoF02435.jpg,/home/z/my-project/Factory-AI/datasets/production/dfire/test/images/AoF07333.jpg,exact_duplicate_dhash_d0
/home/z/my-project/Factory-AI/datasets/production/dfire/train/images/AoF02436.jpg,/home/z/my-project/Factory-AI/datasets/production/dfire/test/images/AoF07334.jpg,exact_duplicate_dhash_d0
/home/z/my-project/Factory-AI/datasets/production/dfire/train/images/AoF02446.jpg,/home/z/my-project/Factory-AI/datasets/production/dfire/train/images/AoF02445.jpg,exact_duplicate_dhash_d0
/home/z/my-project/Factory-AI/datasets/production/dfire/train/images/AoF02447.jpg,/home/z/my-project/Factory-AI/datasets/production/dfire/test/images/AoF07335.jpg,exact_duplicate_dhash_d0
/home/z/my-project/Factory-AI/datasets/production/dfire/train/images/AoF02452.jpg,/home/z/my-project/Factory-AI/datasets/production/dfire/train/images/AoF02451.jpg,exact_duplicate_dhash_d0
/home/z/my-project/Factory-AI/datasets/production/dfire/train/images/AoF02453.jpg,/home/z/my-project/Factory-AI/datasets/production/dfire/train/images/AoF02451.jpg,exact_duplicate_dhash_d0
/home/z/my-project/Factory-AI/datasets/production/dfire/train/images/AoF02454.jpg,/home/z/my-project/Factory-AI/datasets/production/dfire/train/images/AoF02451.jpg,exact_duplicate_dhash_d0
/home/z/my-project/Factory-AI/datasets/production/dfire/train/images/AoF02457.jpg,/home/z/my-project/Factory-AI/datasets/production/dfire/test/images/AoF07336.jpg,exact_duplicate_dhash_d0
/home/z/my-project/Factory-AI/datasets/production/dfire/train/images/AoF02458.jpg,/home/z/my-project/Factory-AI/datasets/production/dfire/test/images/AoF07336.jpg,exact_duplicate_dhash_d0
/home/z/my-project/Factory-AI/datasets/production/dfire/train/images/AoF02459.jpg,/home/z/my-project/Factory-AI/datasets/production/dfire/test/images/AoF07336.jpg,exact_duplicate_dhash_d0
/home/z/my-project/Factory-AI/datasets/production/dfire/train/images/AoF02462.jpg,/home/z/my-project/Factory-AI/datasets/production/dfire/train/images/AoF02461.jpg,exact_duplicate_dhash_d0
/home/z/my-project/Factory-AI/datasets/production/dfire/train/images/AoF02465.jpg,/home/z/my-project/Factory-AI/datasets/production/dfire/test/images/AoF07339.jpg,exact_duplicate_dhash_d0
/home/z/my-project/Factory-AI/datasets/production/dfire/train/images/AoF02467.jpg,/home/z/my-project/Factory-AI/datasets/production/dfire/test/images/AoF07340.jpg,exact_duplicate_dhash_d0
/home/z/my-project/Factory-AI/datasets/production/dfire/train/images/AoF02470.jpg,/home/z/my-project/Factory-AI/datasets/production/dfire/train/images/AoF02469.jpg,exact_duplicate_dhash_d0
/home/z/my-project/Factory-AI/datasets/production/dfire/train/images/AoF02471.jpg,/home/z/my-project/Factory-AI/datasets/production/dfire/train/images/AoF02469.jpg,exact_duplicate_dhash_d0
/home/z/my-project/Factory-AI/datasets/production/dfire/train/images/AoF02476.jpg,/home/z/my-project/Factory-AI/datasets/production/dfire/train/images/AoF02475.jpg,exact_duplicate_dhash_d0
/home/z/my-project/Factory-AI/datasets/production/dfire/train/images/AoF02478.jpg,/home/z/my-project/Factory-AI/datasets/production/dfire/test/images/AoF07342.jpg,exact_duplicate_dhash_d0
/home/z/my-project/Factory-AI/datasets/production/dfire/train/images/AoF02479.jpg,/home/z/my-project/Factory-AI/datasets/production/dfire/test/images/AoF07342.jpg,exact_duplicate_dhash_d0
/home/z/my-project/Factory-AI/datasets/production/dfire/train/images/AoF02480.jpg,/home/z/my-project/Factory-AI/datasets/production/dfire/test/images/AoF07342.jpg,exact_duplicate_dhash_d0
/home/z/my-project/Factory-AI/datasets/production/dfire/train/images/AoF02481.jpg,/home/z/my-project/Factory-AI/datasets/production/dfire/test/images/AoF07342.jpg,exact_duplicate_dhash_d0
/home/z/my-project/Factory-AI/datasets/production/dfire/train/images/AoF02482.jpg,/home/z/my-project/Factory-AI/datasets/production/dfire/test/images/AoF07341.jpg,exact_duplicate_dhash_d0
/home/z/my-project/Factory-AI/datasets/production/dfire/train/images/AoF02483.jpg,/home/z/my-project/Factory-AI/datasets/production/dfire/test/images/AoF07341.jpg,exact_duplicate_dhash_d0
/home/z/my-project/Factory-AI/datasets/production/dfire/train/images/AoF02484.jpg,/home/z/my-project/Factory-AI/datasets/production/dfire/test/images/AoF07342.jpg,exact_duplicate_dhash_d0
/home/z/my-project/Factory-AI/datasets/production/dfire/train/images/AoF02485.jpg,/home/z/my-project/Factory-AI/datasets/production/dfire/test/images/AoF07342.jpg,exact_duplicate_dhash_d0
/home/z/my-project/Factory-AI/datasets/production/dfire/train/images/AoF02487.jpg,/home/z/my-project/Factory-AI/datasets/production/dfire/test/images/AoF07342.jpg,exact_duplicate_dhash_d0
/home/z/my-project/Factory-AI/datasets/production/dfire/train/images/AoF02488.jpg,/home/z/my-project/Factory-AI/datasets/production/dfire/test/images/AoF07342.jpg,exact_duplicate_dhash_d0
/home/z/my-project/Factory-AI/datasets/production/dfire/train/images/AoF02489.jpg,/home/z/my-project/Factory-AI/datasets/production/dfire/test/images/AoF07342.jpg,exact_duplicate_dhash_d0
/home/z/my-project/Factory-AI/datasets/production/dfire/train/images/AoF02490.jpg,/home/z/my-project/Factory-AI/datasets/production/dfire/test/images/AoF07341.jpg,exact_duplicate_dhash_d0
/home/z/my-project/Factory-AI/datasets/production/dfire/train/images/AoF02491.jpg,/home/z/my-project/Factory-AI/datasets/production/dfire/test/images/AoF07342.jpg,exact_duplicate_dhash_d0
/home/z/my-project/Factory-AI/datasets/production/dfire/train/images/AoF02492.jpg,/home/z/my-project/Factory-AI/datasets/production/dfire/test/images/AoF07341.jpg,exact_duplicate_dhash_d0
/home/z/my-project/Factory-AI/datasets/production/dfire/train/images/AoF02494.jpg,/home/z/my-project/Factory-AI/datasets/production/dfire/test/images/AoF07341.jpg,exact_duplicate_dhash_d0
/home/z/my-project/Factory-AI/datasets/production/dfire/train/images/AoF02495.jpg,/home/z/my-project/Factory-AI/datasets/production/dfire/test/images/AoF07341.jpg,exact_duplicate_dhash_d0
/home/z/my-project/Factory-AI/datasets/production/dfire/train/images/AoF02496.jpg,/home/z/my-project/Factory-AI/datasets/production/dfire/test/images/AoF07341.jpg,exact_duplicate_dhash_d0
/home/z/my-project/Factory-AI/datasets/production/dfire/train/images/AoF02497.jpg,/home/z/my-project/Factory-AI/datasets/production/dfire/test/images/AoF07342.jpg,exact_duplicate_dhash_d0
/home/z/my-project/Factory-AI/datasets/production/dfire/train/images/AoF02501.jpg,/home/z/my-project/Factory-AI/datasets/production/dfire/train/images/AoF02500.jpg,exact_duplicate_dhash_d0
/home/z/my-project/Factory-AI/datasets/production/dfire/train/images/AoF02503.jpg,/home/z/my-project/Factory-AI/datasets/production/dfire/train/images/AoF02502.jpg,exact_duplicate_dhash_d0
/home/z/my-project/Factory-AI/datasets/production/dfire/train/images/AoF02504.jpg,/home/z/my-project/Factory-AI/datasets/production/dfire/train/images/AoF02502.jpg,exact_duplicate_dhash_d0
/home/z/my-project/Factory-AI/datasets/production/dfire/train/images/AoF02506.jpg,/home/z/my-project/Factory-AI/datasets/production/dfire/train/images/AoF02505.jpg,exact_duplicate_dhash_d0
/home/z/my-project/Factory-AI/datasets/production/dfire/train/images/AoF02509.jpg,/home/z/my-project/Factory-AI/datasets/production/dfire/train/images/AoF02508.jpg,exact_duplicate_dhash_d0
/home/z/my-project/Factory-AI/datasets/production/dfire/train/images/AoF02510.jpg,/home/z/my-project/Factory-AI/datasets/production/dfire/test/images/AoF07356.jpg,exact_duplicate_dhash_d0
/home/z/my-project/Factory-AI/datasets/production/dfire/train/images/AoF02513.jpg,/home/z/my-project/Factory-AI/datasets/production/dfire/test/images/AoF07353.jpg,exact_duplicate_dhash_d0
/home/z/my-project/Factory-AI/datasets/production/dfire/train/images/AoF02514.jpg,/home/z/my-project/Factory-AI/datasets/production/dfire/test/images/AoF07353.jpg,exact_duplicate_dhash_d0
/home/z/my-project/Factory-AI/datasets/production/dfire/train/images/AoF02515.jpg,/home/z/my-project/Factory-AI/datasets/production/dfire/test/images/AoF07354.jpg,exact_duplicate_dhash_d0
/home/z/my-project/Factory-AI/datasets/production/dfire/train/images/AoF02517.jpg,/home/z/my-project/Factory-AI/datasets/production/dfire/test/images/AoF07356.jpg,exact_duplicate_dhash_d0
/home/z/my-project/Factory-AI/datasets/production/dfire/train/images/AoF02518.jpg,/home/z/my-project/Factory-AI/datasets/production/dfire/test/images/AoF07356.jpg,exact_duplicate_dhash_d0
/home/z/my-project/Factory-AI/datasets/production/dfire/train/images/AoF02519.jpg,/home/z/my-project/Factory-AI/datasets/production/dfire/test/images/AoF07356.jpg,exact_duplicate_dhash_d0
/home/z/my-project/Factory-AI/datasets/production/dfire/train/images/AoF02520.jpg,/home/z/my-project/Factory-AI/datasets/production/dfire/test/images/AoF07356.jpg,exact_duplicate_dhash_d0
/home/z/my-project/Factory-AI/datasets/production/dfire/train/images/AoF02521.jpg,/home/z/my-project/Factory-AI/datasets/production/dfire/test/images/AoF07356.jpg,exact_duplicate_dhash_d0
/home/z/my-project/Factory-AI/datasets/production/dfire/train/images/AoF02522.jpg,/home/z/my-project/Factory-AI/datasets/production/dfire/test/images/AoF07356.jpg,exact_duplicate_dhash_d0
/home/z/my-project/Factory-AI/datasets/production/dfire/train/images/AoF02523.jpg,/home/z/my-project/Factory-AI/datasets/production/dfire/test/images/AoF07354.jpg,exact_duplicate_dhash_d0
/home/z/my-project/Factory-AI/datasets/production/dfire/train/images/AoF02524.jpg,/home/z/my-project/Factory-AI/datasets/production/dfire/test/images/AoF07354.jpg,exact_duplicate_dhash_d0
/home/z/my-project/Factory-AI/datasets/production/dfire/train/images/AoF02525.jpg,/home/z/my-project/Factory-AI/datasets/production/dfire/test/images/AoF07342.jpg,exact_duplicate_dhash_d0
/home/z/my-project/Factory-AI/datasets/production/dfire/train/images/AoF02526.jpg,/home/z/my-project/Factory-AI/datasets/production/dfire/test/images/AoF07342.jpg,exact_duplicate_dhash_d0
/home/z/my-project/Factory-AI/datasets/production/dfire/train/images/AoF02527.jpg,/home/z/my-project/Factory-AI/datasets/production/dfire/test/images/AoF07356.jpg,exact_duplicate_dhash_d0
/home/z/my-project/Factory-AI/datasets/production/dfire/train/images/AoF02528.jpg,/home/z/my-project/Factory-AI/datasets/production/dfire/test/images/AoF07358.jpg,exact_duplicate_dhash_d0
/home/z/my-project/Factory-AI/datasets/production/dfire/train/images/AoF02529.jpg,/home/z/my-project/Factory-AI/datasets/production/dfire/test/images/AoF07356.jpg,exact_duplicate_dhash_d0
/home/z/my-project/Factory-AI/datasets/production/dfire/train/images/AoF02530.jpg,/home/z/my-project/Factory-AI/datasets/production/dfire/test/images/AoF07356.jpg,exact_duplicate_dhash_d0
/home/z/my-project/Factory-AI/datasets/production/dfire/train/images/AoF02531.jpg,/home/z/my-project/Factory-AI/datasets/production/dfire/test/images/AoF07361.jpg,exact_duplicate_dhash_d0
/home/z/my-project/Factory-AI/datasets/production/dfire/train/images/AoF02532.jpg,/home/z/my-project/Factory-AI/datasets/production/dfire/test/images/AoF07361.jpg,exact_duplicate_dhash_d0
/home/z/my-project/Factory-AI/datasets/production/dfire/train/images/AoF02533.jpg,/home/z/my-project/Factory-AI/datasets/production/dfire/test/images/AoF07361.jpg,exact_duplicate_dhash_d0
/home/z/my-project/Factory-AI/datasets/production/dfire/train/images/AoF02535.jpg,/home/z/my-project/Factory-AI/datasets/production/dfire/test/images/AoF07361.jpg,exact_duplicate_dhash_d0
/home/z/my-project/Factory-AI/datasets/production/dfire/train/images/AoF02536.jpg,/home/z/my-project/Factory-AI/datasets/production/dfire/test/images/AoF07361.jpg,exact_duplicate_dhash_d0
/home/z/my-project/Factory-AI/datasets/production/dfire/train/images/AoF02537.jpg,/home/z/my-project/Factory-AI/datasets/production/dfire/test/images/AoF07361.jpg,exact_duplicate_dhash_d0
/home/z/my-project/Factory-AI/datasets/production/dfire/train/images/AoF02538.jpg,/home/z/my-project/Factory-AI/datasets/production/dfire/test/images/AoF07361.jpg,exact_duplicate_dhash_d0
/home/z/my-project/Factory-AI/datasets/production/dfire/train/images/AoF02539.jpg,/home/z/my-project/Factory-AI/datasets/production/dfire/test/images/AoF07361.jpg,exact_duplicate_dhash_d0
/home/z/my-project/Factory-AI/datasets/production/dfire/train/images/AoF02540.jpg,/home/z/my-project/Factory-AI/datasets/production/dfire/test/images/AoF07361.jpg,exact_duplicate_dhash_d0
/home/z/my-project/Factory-AI/datasets/production/dfire/train/images/AoF02541.jpg,/home/z/my-project/Factory-AI/datasets/production/dfire/test/images/AoF07356.jpg,exact_duplicate_dhash_d0
/home/z/my-project/Factory-AI/datasets/production/dfire/train/images/AoF02542.jpg,/home/z/my-project/Factory-AI/datasets/production/dfire/test/images/AoF07356.jpg,exact_duplicate_dhash_d0
/home/z/my-project/Factory-AI/datasets/production/dfire/train/images/AoF02543.jpg,/home/z/my-project/Factory-AI/datasets/production/dfire/test/images/AoF07356.jpg,exact_duplicate_dhash_d0
/home/z/my-project/Factory-AI/datasets/production/dfire/train/images/AoF02544.jpg,/home/z/my-project/Factory-AI/datasets/production/dfire/test/images/AoF07356.jpg,exact_duplicate_dhash_d0
/home/z/my-project/Factory-AI/datasets/production/dfire/train/images/AoF02545.jpg,/home/z/my-project/Factory-AI/datasets/production/dfire/test/images/AoF07356.jpg,exact_duplicate_dhash_d0
/home/z/my-project/Factory-AI/datasets/production/dfire/train/images/AoF02546.jpg,/home/z/my-project/Factory-AI/datasets/production/dfire/test/images/AoF07356.jpg,exact_duplicate_dhash_d0
/home/z/my-project/Factory-AI/datasets/production/dfire/train/images/AoF02547.jpg,/home/z/my-project/Factory-AI/datasets/production/dfire/test/images/AoF07356.jpg,exact_duplicate_dhash_d0
/home/z/my-project/Factory-AI/datasets/production/dfire/train/images/AoF02548.jpg,/home/z/my-project/Factory-AI/datasets/production/dfire/test/images/AoF07356.jpg,exact_duplicate_dhash_d0
/home/z/my-project/Factory-AI/datasets/production/dfire/train/images/AoF02549.jpg,/home/z/my-project/Factory-AI/datasets/production/dfire/test/images/AoF07356.jpg,exact_duplicate_dhash_d0
/home/z/my-project/Factory-AI/datasets/production/dfire/train/images/AoF02550.jpg,/home/z/my-project/Factory-AI/datasets/production/dfire/test/images/AoF07356.jpg,exact_duplicate_dhash_d0
/home/z/my-project/Factory-AI/datasets/production/dfire/train/images/AoF02552.jpg,/home/z/my-project/Factory-AI/datasets/production/dfire/test/images/AoF07367.jpg,exact_duplicate_dhash_d0
/home/z/my-project/Factory-AI/datasets/production/dfire/train/images/AoF02553.jpg,/home/z/my-project/Factory-AI/datasets/production/dfire/test/images/AoF07367.jpg,exact_duplicate_dhash_d0
/home/z/my-project/Factory-AI/datasets/production/dfire/train/images/AoF02555.jpg,/home/z/my-project/Factory-AI/datasets/production/dfire/train/images/AoF02554.jpg,exact_duplicate_dhash_d0
/home/z/my-project/Factory-AI/datasets/production/dfire/train/images/AoF02556.jpg,/home/z/my-project/Factory-AI/datasets/production/dfire/test/images/AoF07369.jpg,exact_duplicate_dhash_d0
/home/z/my-project/Factory-AI/datasets/production/dfire/train/images/AoF02557.jpg,/home/z/my-project/Factory-AI/datasets/production/dfire/test/images/AoF07369.jpg,exact_duplicate_dhash_d0
/home/z/my-project/Factory-AI/datasets/production/dfire/train/images/AoF02558.jpg,/home/z/my-project/Factory-AI/datasets/production/dfire/test/images/AoF07369.jpg,exact_duplicate_dhash_d0
/home/z/my-project/Factory-AI/datasets/production/dfire/train/images/AoF02560.jpg,/home/z/my-project/Factory-AI/datasets/production/dfire/test/images/AoF07369.jpg,exact_duplicate_dhash_d0
/home/z/my-project/Factory-AI/datasets/production/dfire/train/images/AoF02561.jpg,/home/z/my-project/Factory-AI/datasets/production/dfire/test/images/AoF07371.jpg,exact_duplicate_dhash_d0
/home/z/my-project/Factory-AI/datasets/production/dfire/train/images/AoF02564.jpg,/home/z/my-project/Factory-AI/datasets/production/dfire/train/images/AoF02563.jpg,exact_duplicate_dhash_d0
/home/z/my-project/Factory-AI/datasets/production/dfire/train/images/AoF02565.jpg,/home/z/my-project/Factory-AI/datasets/production/dfire/test/images/AoF07373.jpg,exact_duplicate_dhash_d0
/home/z/my-project/Factory-AI/datasets/production/dfire/train/images/AoF02566.jpg,/home/z/my-project/Factory-AI/datasets/production/dfire/test/images/AoF07373.jpg,exact_duplicate_dhash_d0
/home/z/my-project/Factory-AI/datasets/production/dfire/train/images/AoF02568.jpg,/home/z/my-project/Factory-AI/datasets/production/dfire/test/images/AoF07373.jpg,exact_duplicate_dhash_d0
/home/z/my-project/Factory-AI/datasets/production/dfire/train/images/AoF02569.jpg,/home/z/my-project/Factory-AI/datasets/production/dfire/test/images/AoF07373.jpg,exact_duplicate_dhash_d0
/home/z/my-project/Factory-AI/datasets/production/dfire/train/images/AoF02570.jpg,/home/z/my-project/Factory-AI/datasets/production/dfire/test/images/AoF07373.jpg,exact_duplicate_dhash_d0
/home/z/my-project/Factory-AI/datasets/production/dfire/train/images/AoF02571.jpg,/home/z/my-project/Factory-AI/datasets/production/dfire/test/images/AoF07373.jpg,exact_duplicate_dhash_d0
/home/z/my-project/Factory-AI/datasets/production/dfire/train/images/AoF02572.jpg,/home/z/my-project/Factory-AI/datasets/production/dfire/test/images/AoF07373.jpg,exact_duplicate_dhash_d0
/home/z/my-project/Factory-AI/datasets/production/dfire/train/images/AoF02573.jpg,/home/z/my-project/Factory-AI/datasets/production/dfire/test/images/AoF07373.jpg,exact_duplicate_dhash_d0
/home/z/my-project/Factory-AI/datasets/production/dfire/train/images/AoF02575.jpg,/home/z/my-project/Factory-AI/datasets/production/dfire/test/images/AoF07373.jpg,exact_duplicate_dhash_d0
/home/z/my-project/Factory-AI/datasets/production/dfire/train/images/AoF02576.jpg,/home/z/my-project/Factory-AI/datasets/production/dfire/test/images/AoF07373.jpg,exact_duplicate_dhash_d0
/home/z/my-project/Factory-AI/datasets/production/dfire/train/images/AoF02577.jpg,/home/z/my-project/Factory-AI/datasets/production/dfire/test/images/AoF07373.jpg,exact_duplicate_dhash_d0
/home/z/my-project/Factory-AI/datasets/production/dfire/train/images/AoF02578.jpg,/home/z/my-project/Factory-AI/datasets/production/dfire/test/images/AoF07373.jpg,exact_duplicate_dhash_d0
/home/z/my-project/Factory-AI/datasets/production/dfire/train/images/AoF02579.jpg,/home/z/my-project/Factory-AI/datasets/production/dfire/test/images/AoF07373.jpg,exact_duplicate_dhash_d0
/home/z/my-project/Factory-AI/datasets/production/dfire/train/images/AoF02580.jpg,/home/z/my-project/Factory-AI/datasets/production/dfire/test/images/AoF07378.jpg,exact_duplicate_dhash_d0
/home/z/my-project/Factory-AI/datasets/production/dfire/train/images/AoF02581.jpg,/home/z/my-project/Factory-AI/datasets/production/dfire/test/images/AoF07378.jpg,exact_duplicate_dhash_d0
/home/z/my-project/Factory-AI/datasets/production/dfire/train/images/AoF02582.jpg,/home/z/my-project/Factory-AI/datasets/production/dfire/test/images/AoF07378.jpg,exact_duplicate_dhash_d0
/home/z/my-project/Factory-AI/datasets/production/dfire/train/images/AoF02585.jpg,/home/z/my-project/Factory-AI/datasets/production/dfire/test/images/AoF07381.jpg,exact_duplicate_dhash_d0
/home/z/my-project/Factory-AI/datasets/production/dfire/train/images/AoF02587.jpg,/home/z/my-project/Factory-AI/datasets/production/dfire/test/images/AoF07381.jpg,exact_duplicate_dhash_d0
/home/z/my-project/Factory-AI/datasets/production/dfire/train/images/AoF02588.jpg,/home/z/my-project/Factory-AI/datasets/production/dfire/train/images/AoF02584.jpg,exact_duplicate_dhash_d0
/home/z/my-project/Factory-AI/datasets/production/dfire/train/images/AoF02589.jpg,/home/z/my-project/Factory-AI/datasets/production/dfire/test/images/AoF07381.jpg,exact_duplicate_dhash_d0
/home/z/my-project/Factory-AI/datasets/production/dfire/train/images/AoF02590.jpg,/home/z/my-project/Factory-AI/datasets/production/dfire/test/images/AoF07382.jpg,exact_duplicate_dhash_d0
/home/z/my-project/Factory-AI/datasets/production/dfire/train/images/AoF02591.jpg,/home/z/my-project/Factory-AI/datasets/production/dfire/test/images/AoF07381.jpg,exact_duplicate_dhash_d0
/home/z/my-project/Factory-AI/datasets/production/dfire/train/images/AoF02593.jpg,/home/z/my-project/Factory-AI/datasets/production/dfire/train/images/AoF02584.jpg,exact_duplicate_dhash_d0
/home/z/my-project/Factory-AI/datasets/production/dfire/train/images/AoF02594.jpg,/home/z/my-project/Factory-AI/datasets/production/dfire/test/images/AoF07382.jpg,exact_duplicate_dhash_d0
/home/z/my-project/Factory-AI/datasets/production/dfire/train/images/AoF02595.jpg,/home/z/my-project/Factory-AI/datasets/production/dfire/test/images/AoF07381.jpg,exact_duplicate_dhash_d0
/home/z/my-project/Factory-AI/datasets/production/dfire/train/images/AoF02596.jpg,/home/z/my-project/Factory-AI/datasets/production/dfire/test/images/AoF07382.jpg,exact_duplicate_dhash_d0
/home/z/my-project/Factory-AI/datasets/production/dfire/train/images/AoF02597.jpg,/home/z/my-project/Factory-AI/datasets/production/dfire/test/images/AoF07381.jpg,exact_duplicate_dhash_d0
/home/z/my-project/Factory-AI/datasets/production/dfire/train/images/AoF02599.jpg,/home/z/my-project/Factory-AI/datasets/production/dfire/train/images/AoF02598.jpg,exact_duplicate_dhash_d0
/home/z/my-project/Factory-AI/datasets/production/dfire/train/images/AoF02600.jpg,/home/z/my-project/Factory-AI/datasets/production/dfire/train/images/AoF02598.jpg,exact_duplicate_dhash_d0
/home/z/my-project/Factory-AI/datasets/production/dfire/train/images/AoF02602.jpg,/home/z/my-project/Factory-AI/datasets/production/dfire/train/images/AoF02601.jpg,exact_duplicate_dhash_d0
/home/z/my-project/Factory-AI/datasets/production/dfire/train/images/AoF02606.jpg,/home/z/my-project/Factory-AI/datasets/production/dfire/test/images/AoF07387.jpg,exact_duplicate_dhash_d0
/home/z/my-project/Factory-AI/datasets/production/dfire/train/images/AoF02610.jpg,/home/z/my-project/Factory-AI/datasets/production/dfire/test/images/AoF07388.jpg,exact_duplicate_dhash_d0
/home/z/my-project/Factory-AI/datasets/production/dfire/train/images/AoF02611.jpg,/home/z/my-project/Factory-AI/datasets/production/dfire/test/images/AoF07388.jpg,exact_duplicate_dhash_d0
/home/z/my-project/Factory-AI/datasets/production/dfire/train/images/AoF02612.jpg,/home/z/my-project/Factory-AI/datasets/production/dfire/test/images/AoF07388.jpg,exact_duplicate_dhash_d0
/home/z/my-project/Factory-AI/datasets/production/dfire/train/images/AoF02613.jpg,/home/z/my-project/Factory-AI/datasets/production/dfire/test/images/AoF07388.jpg,exact_duplicate_dhash_d0
/home/z/my-project/Factory-AI/datasets/production/dfire/train/images/AoF02614.jpg,/home/z/my-project/Factory-AI/datasets/production/dfire/test/images/AoF07388.jpg,exact_duplicate_dhash_d0
/home/z/my-project/Factory-AI/datasets/production/dfire/train/images/AoF02615.jpg,/home/z/my-project/Factory-AI/datasets/production/dfire/test/images/AoF07388.jpg,exact_duplicate_dhash_d0
/home/z/my-project/Factory-AI/datasets/production/dfire/train/images/AoF02616.jpg,/home/z/my-project/Factory-AI/datasets/production/dfire/test/images/AoF07388.jpg,exact_duplicate_dhash_d0
/home/z/my-project/Factory-AI/datasets/production/dfire/train/images/AoF02618.jpg,/home/z/my-project/Factory-AI/datasets/production/dfire/test/images/AoF07388.jpg,exact_duplicate_dhash_d0
/home/z/my-project/Factory-AI/datasets/production/dfire/train/images/AoF02619.jpg,/home/z/my-project/Factory-AI/datasets/production/dfire/test/images/AoF07388.jpg,exact_duplicate_dhash_d0
/home/z/my-project/Factory-AI/datasets/production/dfire/train/images/AoF02620.jpg,/home/z/my-project/Factory-AI/datasets/production/dfire/test/images/AoF07388.jpg,exact_duplicate_dhash_d0
/home/z/my-project/Factory-AI/datasets/production/dfire/train/images/AoF02621.jpg,/home/z/my-project/Factory-AI/datasets/production/dfire/test/images/AoF07388.jpg,exact_duplicate_dhash_d0
/home/z/my-project/Factory-AI/datasets/production/dfire/train/images/AoF02622.jpg,/home/z/my-project/Factory-AI/datasets/production/dfire/test/images/AoF07397.jpg,exact_duplicate_dhash_d0
/home/z/my-project/Factory-AI/datasets/production/dfire/train/images/AoF02623.jpg,/home/z/my-project/Factory-AI/datasets/production/dfire/test/images/AoF07397.jpg,exact_duplicate_dhash_d0
/home/z/my-project/Factory-AI/datasets/production/dfire/train/images/AoF02624.jpg,/home/z/my-project/Factory-AI/datasets/production/dfire/test/images/AoF07397.jpg,exact_duplicate_dhash_d0
/home/z/my-project/Factory-AI/datasets/production/dfire/train/images/AoF02625.jpg,/home/z/my-project/Factory-AI/datasets/production/dfire/test/images/AoF07398.jpg,exact_duplicate_dhash_d0
/home/z/my-project/Factory-AI/datasets/production/dfire/train/images/AoF02626.jpg,/home/z/my-project/Factory-AI/datasets/production/dfire/test/images/AoF07397.jpg,exact_duplicate_dhash_d0
/home/z/my-project/Factory-AI/datasets/production/dfire/train/images/AoF02627.jpg,/home/z/my-project/Factory-AI/datasets/production/dfire/test/images/AoF07397.jpg,exact_duplicate_dhash_d0
/home/z/my-project/Factory-AI/datasets/production/dfire/train/images/AoF02629.jpg,/home/z/my-project/Factory-AI/datasets/production/dfire/test/images/AoF07389.jpg,exact_duplicate_dhash_d0
/home/z/my-project/Factory-AI/datasets/production/dfire/train/images/AoF02630.jpg,/home/z/my-project/Factory-AI/datasets/production/dfire/test/images/AoF07389.jpg,exact_duplicate_dhash_d0
/home/z/my-project/Factory-AI/datasets/production/dfire/train/images/AoF02631.jpg,/home/z/my-project/Factory-AI/datasets/production/dfire/test/images/AoF07389.jpg,exact_duplicate_dhash_d0
/home/z/my-project/Factory-AI/datasets/production/dfire/train/images/AoF02632.jpg,/home/z/my-project/Factory-AI/datasets/production/dfire/test/images/AoF07391.jpg,exact_duplicate_dhash_d0
/home/z/my-project/Factory-AI/datasets/production/dfire/train/images/AoF02633.jpg,/home/z/my-project/Factory-AI/datasets/production/dfire/test/images/AoF07391.jpg,exact_duplicate_dhash_d0
/home/z/my-project/Factory-AI/datasets/production/dfire/train/images/AoF02634.jpg,/home/z/my-project/Factory-AI/datasets/production/dfire/test/images/AoF07390.jpg,exact_duplicate_dhash_d0
/home/z/my-project/Factory-AI/datasets/production/dfire/train/images/AoF02635.jpg,/home/z/my-project/Factory-AI/datasets/production/dfire/test/images/AoF07389.jpg,exact_duplicate_dhash_d0
/home/z/my-project/Factory-AI/datasets/production/dfire/train/images/AoF02636.jpg,/home/z/my-project/Factory-AI/datasets/production/dfire/test/images/AoF07390.jpg,exact_duplicate_dhash_d0
/home/z/my-project/Factory-AI/datasets/production/dfire/train/images/AoF02637.jpg,/home/z/my-project/Factory-AI/datasets/production/dfire/test/images/AoF07390.jpg,exact_duplicate_dhash_d0
/home/z/my-project/Factory-AI/datasets/production/dfire/train/images/AoF02639.jpg,/home/z/my-project/Factory-AI/datasets/production/dfire/test/images/AoF07390.jpg,exact_duplicate_dhash_d0
/home/z/my-project/Factory-AI/datasets/production/dfire/train/images/AoF02640.jpg,/home/z/my-project/Factory-AI/datasets/production/dfire/test/images/AoF07390.jpg,exact_duplicate_dhash_d0
/home/z/my-project/Factory-AI/datasets/production/dfire/train/images/AoF02641.jpg,/home/z/my-project/Factory-AI/datasets/production/dfire/test/images/AoF07390.jpg,exact_duplicate_dhash_d0
/home/z/my-project/Factory-AI/datasets/production/dfire/train/images/AoF02642.jpg,/home/z/my-project/Factory-AI/datasets/production/dfire/test/images/AoF07390.jpg,exact_duplicate_dhash_d0
/home/z/my-project/Factory-AI/datasets/production/dfire/train/images/AoF02643.jpg,/home/z/my-project/Factory-AI/datasets/production/dfire/test/images/AoF07391.jpg,exact_duplicate_dhash_d0
/home/z/my-project/Factory-AI/datasets/production/dfire/train/images/AoF02644.jpg,/home/z/my-project/Factory-AI/datasets/production/dfire/test/images/AoF07391.jpg,exact_duplicate_dhash_d0
/home/z/my-project/Factory-AI/datasets/production/dfire/train/images/AoF02645.jpg,/home/z/my-project/Factory-AI/datasets/production/dfire/test/images/AoF07390.jpg,exact_duplicate_dhash_d0
/home/z/my-project/Factory-AI/datasets/production/dfire/train/images/AoF02647.jpg,/home/z/my-project/Factory-AI/datasets/production/dfire/test/images/AoF07393.jpg,exact_duplicate_dhash_d0
/home/z/my-project/Factory-AI/datasets/production/dfire/train/images/AoF02648.jpg,/home/z/my-project/Factory-AI/datasets/production/dfire/test/images/AoF07391.jpg,exact_duplicate_dhash_d0
/home/z/my-project/Factory-AI/datasets/production/dfire/train/images/AoF02649.jpg,/home/z/my-project/Factory-AI/datasets/production/dfire/test/images/AoF07391.jpg,exact_duplicate_dhash_d0
/home/z/my-project/Factory-AI/datasets/production/dfire/train/images/AoF02650.jpg,/home/z/my-project/Factory-AI/datasets/production/dfire/test/images/AoF07391.jpg,exact_duplicate_dhash_d0
/home/z/my-project/Factory-AI/datasets/production/dfire/train/images/AoF02651.jpg,/home/z/my-project/Factory-AI/datasets/production/dfire/test/images/AoF07391.jpg,exact_duplicate_dhash_d0
/home/z/my-project/Factory-AI/datasets/production/dfire/train/images/AoF02652.jpg,/home/z/my-project/Factory-AI/datasets/production/dfire/test/images/AoF07391.jpg,exact_duplicate_dhash_d0
/home/z/my-project/Factory-AI/datasets/production/dfire/train/images/AoF02653.jpg,/home/z/my-project/Factory-AI/datasets/production/dfire/test/images/AoF07391.jpg,exact_duplicate_dhash_d0
/home/z/my-project/Factory-AI/datasets/production/dfire/train/images/AoF02654.jpg,/home/z/my-project/Factory-AI/datasets/production/dfire/test/images/AoF07391.jpg,exact_duplicate_dhash_d0
/home/z/my-project/Factory-AI/datasets/production/dfire/train/images/AoF02656.jpg,/home/z/my-project/Factory-AI/datasets/production/dfire/test/images/AoF07391.jpg,exact_duplicate_dhash_d0
/home/z/my-project/Factory-AI/datasets/production/dfire/train/images/AoF02657.jpg,/home/z/my-project/Factory-AI/datasets/production/dfire/test/images/AoF07391.jpg,exact_duplicate_dhash_d0
/home/z/my-project/Factory-AI/datasets/production/dfire/train/images/AoF02659.jpg,/home/z/my-project/Factory-AI/datasets/production/dfire/train/images/AoF02658.jpg,exact_duplicate_dhash_d0
/home/z/my-project/Factory-AI/datasets/production/dfire/train/images/AoF02660.jpg,/home/z/my-project/Factory-AI/datasets/production/dfire/train/images/AoF02658.jpg,exact_duplicate_dhash_d0
/home/z/my-project/Factory-AI/datasets/production/dfire/train/images/AoF02661.jpg,/home/z/my-project/Factory-AI/datasets/production/dfire/test/images/AoF07391.jpg,exact_duplicate_dhash_d0
/home/z/my-project/Factory-AI/datasets/production/dfire/train/images/AoF02662.jpg,/home/z/my-project/Factory-AI/datasets/production/dfire/test/images/AoF07391.jpg,exact_duplicate_dhash_d0
/home/z/my-project/Factory-AI/datasets/production/dfire/train/images/AoF02663.jpg,/home/z/my-project/Factory-AI/datasets/production/dfire/test/images/AoF07391.jpg,exact_duplicate_dhash_d0
/home/z/my-project/Factory-AI/datasets/production/dfire/train/images/AoF02664.jpg,/home/z/my-project/Factory-AI/datasets/production/dfire/test/images/AoF07391.jpg,exact_duplicate_dhash_d0
/home/z/my-project/Factory-AI/datasets/production/dfire/train/images/AoF02665.jpg,/home/z/my-project/Factory-AI/datasets/production/dfire/test/images/AoF07391.jpg,exact_duplicate_dhash_d0
/home/z/my-project/Factory-AI/datasets/production/dfire/train/images/AoF02666.jpg,/home/z/my-project/Factory-AI/datasets/production/dfire/test/images/AoF07391.jpg,exact_duplicate_dhash_d0
/home/z/my-project/Factory-AI/datasets/production/dfire/train/images/AoF02667.jpg,/home/z/my-project/Factory-AI/datasets/production/dfire/test/images/AoF07397.jpg,exact_duplicate_dhash_d0
/home/z/my-project/Factory-AI/datasets/production/dfire/train/images/AoF02668.jpg,/home/z/my-project/Factory-AI/datasets/production/dfire/test/images/AoF07397.jpg,exact_duplicate_dhash_d0
/home/z/my-project/Factory-AI/datasets/production/dfire/train/images/AoF02669.jpg,/home/z/my-project/Factory-AI/datasets/production/dfire/test/images/AoF07397.jpg,exact_duplicate_dhash_d0
/home/z/my-project/Factory-AI/datasets/production/dfire/train/images/AoF02670.jpg,/home/z/my-project/Factory-AI/datasets/production/dfire/test/images/AoF07397.jpg,exact_duplicate_dhash_d0
/home/z/my-project/Factory-AI/datasets/production/dfire/train/images/AoF02671.jpg,/home/z/my-project/Factory-AI/datasets/production/dfire/test/images/AoF07397.jpg,exact_duplicate_dhash_d0
/home/z/my-project/Factory-AI/datasets/production/dfire/train/images/AoF02672.jpg,/home/z/my-project/Factory-AI/datasets/production/dfire/test/images/AoF07398.jpg,exact_duplicate_dhash_d0
/home/z/my-project/Factory-AI/datasets/production/dfire/train/images/AoF02674.jpg,/home/z/my-project/Factory-AI/datasets/production/dfire/test/images/AoF07398.jpg,exact_duplicate_dhash_d0
/home/z/my-project/Factory-AI/datasets/production/dfire/train/images/AoF02676.jpg,/home/z/my-project/Factory-AI/datasets/production/dfire/train/images/AoF02675.jpg,exact_duplicate_dhash_d0
/home/z/my-project/Factory-AI/datasets/production/dfire/train/images/AoF02677.jpg,/home/z/my-project/Factory-AI/datasets/production/dfire/train/images/AoF02675.jpg,exact_duplicate_dhash_d0
/home/z/my-project/Factory-AI/datasets/production/dfire/train/images/AoF02678.jpg,/home/z/my-project/Factory-AI/datasets/production/dfire/train/images/AoF02675.jpg,exact_duplicate_dhash_d0
/home/z/my-project/Factory-AI/datasets/production/dfire/train/images/AoF02679.jpg,/home/z/my-project/Factory-AI/datasets/production/dfire/test/images/AoF07390.jpg,exact_duplicate_dhash_d0
/home/z/my-project/Factory-AI/datasets/production/dfire/train/images/AoF02680.jpg,/home/z/my-project/Factory-AI/datasets/production/dfire/test/images/AoF07389.jpg,exact_duplicate_dhash_d0
/home/z/my-project/Factory-AI/datasets/production/dfire/train/images/AoF02681.jpg,/home/z/my-project/Factory-AI/datasets/production/dfire/test/images/AoF07389.jpg,exact_duplicate_dhash_d0
/home/z/my-project/Factory-AI/datasets/production/dfire/train/images/AoF02683.jpg,/home/z/my-project/Factory-AI/datasets/production/dfire/test/images/AoF07398.jpg,exact_duplicate_dhash_d0
/home/z/my-project/Factory-AI/datasets/production/dfire/train/images/AoF02684.jpg,/home/z/my-project/Factory-AI/datasets/production/dfire/test/images/AoF07398.jpg,exact_duplicate_dhash_d0
/home/z/my-project/Factory-AI/datasets/production/dfire/train/images/AoF02685.jpg,/home/z/my-project/Factory-AI/datasets/production/dfire/test/images/AoF07398.jpg,exact_duplicate_dhash_d0
/home/z/my-project/Factory-AI/datasets/production/dfire/train/images/AoF02686.jpg,/home/z/my-project/Factory-AI/datasets/production/dfire/test/images/AoF07398.jpg,exact_duplicate_dhash_d0
/home/z/my-project/Factory-AI/datasets/production/dfire/train/images/AoF02687.jpg,/home/z/my-project/Factory-AI/datasets/production/dfire/test/images/AoF07398.jpg,exact_duplicate_dhash_d0
/home/z/my-project/Factory-AI/datasets/production/dfire/train/images/AoF02688.jpg,/home/z/my-project/Factory-AI/datasets/production/dfire/test/images/AoF07398.jpg,exact_duplicate_dhash_d0
/home/z/my-project/Factory-AI/datasets/production/dfire/train/images/AoF02689.jpg,/home/z/my-project/Factory-AI/datasets/production/dfire/test/images/AoF07398.jpg,exact_duplicate_dhash_d0
/home/z/my-project/Factory-AI/datasets/production/dfire/train/images/AoF02691.jpg,/home/z/my-project/Factory-AI/datasets/production/dfire/test/images/AoF07398.jpg,exact_duplicate_dhash_d0
/home/z/my-project/Factory-AI/datasets/production/dfire/train/images/AoF02692.jpg,/home/z/my-project/Factory-AI/datasets/production/dfire/test/images/AoF07398.jpg,exact_duplicate_dhash_d0
/home/z/my-project/Factory-AI/datasets/production/dfire/train/images/AoF02693.jpg,/home/z/my-project/Factory-AI/datasets/production/dfire/test/images/AoF07398.jpg,exact_duplicate_dhash_d0
/home/z/my-project/Factory-AI/datasets/production/dfire/train/images/AoF02694.jpg,/home/z/my-project/Factory-AI/datasets/production/dfire/test/images/AoF07398.jpg,exact_duplicate_dhash_d0
/home/z/my-project/Factory-AI/datasets/production/dfire/train/images/AoF02695.jpg,/home/z/my-project/Factory-AI/datasets/production/dfire/train/images/AoF02675.jpg,exact_duplicate_dhash_d0
/home/z/my-project/Factory-AI/datasets/production/dfire/train/images/AoF02696.jpg,/home/z/my-project/Factory-AI/datasets/production/dfire/test/images/AoF07398.jpg,exact_duplicate_dhash_d0
/home/z/my-project/Factory-AI/datasets/production/dfire/train/images/AoF02697.jpg,/home/z/my-project/Factory-AI/datasets/production/dfire/train/images/AoF02675.jpg,exact_duplicate_dhash_d0
/home/z/my-project/Factory-AI/datasets/production/dfire/train/images/AoF02700.jpg,/home/z/my-project/Factory-AI/datasets/production/dfire/train/images/AoF02698.jpg,exact_duplicate_dhash_d0
/home/z/my-project/Factory-AI/datasets/production/dfire/train/images/AoF02701.jpg,/home/z/my-project/Factory-AI/datasets/production/dfire/train/images/AoF02698.jpg,exact_duplicate_dhash_d0
/home/z/my-project/Factory-AI/datasets/production/dfire/train/images/AoF02702.jpg,/home/z/my-project/Factory-AI/datasets/production/dfire/test/images/AoF07406.jpg,exact_duplicate_dhash_d0
/home/z/my-project/Factory-AI/datasets/production/dfire/train/images/AoF02703.jpg,/home/z/my-project/Factory-AI/datasets/production/dfire/test/images/AoF07406.jpg,exact_duplicate_dhash_d0
/home/z/my-project/Factory-AI/datasets/production/dfire/train/images/AoF02704.jpg,/home/z/my-project/Factory-AI/datasets/production/dfire/train/images/AoF02698.jpg,exact_duplicate_dhash_d0
/home/z/my-project/Factory-AI/datasets/production/dfire/train/images/AoF02705.jpg,/home/z/my-project/Factory-AI/datasets/production/dfire/test/images/AoF07409.jpg,exact_duplicate_dhash_d0
/home/z/my-project/Factory-AI/datasets/production/dfire/train/images/AoF02706.jpg,/home/z/my-project/Factory-AI/datasets/production/dfire/test/images/AoF07406.jpg,exact_duplicate_dhash_d0
/home/z/my-project/Factory-AI/datasets/production/dfire/train/images/AoF02708.jpg,/home/z/my-project/Factory-AI/datasets/production/dfire/test/images/AoF07409.jpg,exact_duplicate_dhash_d0
/home/z/my-project/Factory-AI/datasets/production/dfire/train/images/AoF02709.jpg,/home/z/my-project/Factory-AI/datasets/production/dfire/test/images/AoF07409.jpg,exact_duplicate_dhash_d0
/home/z/my-project/Factory-AI/datasets/production/dfire/train/images/AoF02710.jpg,/home/z/my-project/Factory-AI/datasets/production/dfire/test/images/AoF07409.jpg,exact_duplicate_dhash_d0
/home/z/my-project/Factory-AI/datasets/production/dfire/train/images/AoF02711.jpg,/home/z/my-project/Factory-AI/datasets/production/dfire/test/images/AoF07409.jpg,exact_duplicate_dhash_d0
/home/z/my-project/Factory-AI/datasets/production/dfire/train/images/AoF02712.jpg,/home/z/my-project/Factory-AI/datasets/production/dfire/test/images/AoF07409.jpg,exact_duplicate_dhash_d0
/home/z/my-project/Factory-AI/datasets/production/dfire/train/images/AoF02713.jpg,/home/z/my-project/Factory-AI/datasets/production/dfire/test/images/AoF07409.jpg,exact_duplicate_dhash_d0
/home/z/my-project/Factory-AI/datasets/production/dfire/train/images/AoF02714.jpg,/home/z/my-project/Factory-AI/datasets/production/dfire/test/images/AoF07406.jpg,exact_duplicate_dhash_d0
/home/z/my-project/Factory-AI/datasets/production/dfire/train/images/AoF02715.jpg,/home/z/my-project/Factory-AI/datasets/production/dfire/test/images/AoF07406.jpg,exact_duplicate_dhash_d0
/home/z/my-project/Factory-AI/datasets/production/dfire/train/images/AoF02716.jpg,/home/z/my-project/Factory-AI/datasets/production/dfire/test/images/AoF07406.jpg,exact_duplicate_dhash_d0
/home/z/my-project/Factory-AI/datasets/production/dfire/train/images/AoF02717.jpg,/home/z/my-project/Factory-AI/datasets/production/dfire/test/images/AoF07406.jpg,exact_duplicate_dhash_d0
/home/z/my-project/Factory-AI/datasets/production/dfire/train/images/AoF02718.jpg,/home/z/my-project/Factory-AI/datasets/production/dfire/test/images/AoF07406.jpg,exact_duplicate_dhash_d0
/home/z/my-project/Factory-AI/datasets/production/dfire/train/images/AoF02720.jpg,/home/z/my-project/Factory-AI/datasets/production/dfire/test/images/AoF07417.jpg,exact_duplicate_dhash_d0
/home/z/my-project/Factory-AI/datasets/production/dfire/train/images/AoF02722.jpg,/home/z/my-project/Factory-AI/datasets/production/dfire/test/images/AoF07417.jpg,exact_duplicate_dhash_d0
/home/z/my-project/Factory-AI/datasets/production/dfire/train/images/AoF02723.jpg,/home/z/my-project/Factory-AI/datasets/production/dfire/test/images/AoF07417.jpg,exact_duplicate_dhash_d0
/home/z/my-project/Factory-AI/datasets/production/dfire/train/images/AoF02724.jpg,/home/z/my-project/Factory-AI/datasets/production/dfire/test/images/AoF07417.jpg,exact_duplicate_dhash_d0
/home/z/my-project/Factory-AI/datasets/production/dfire/train/images/AoF02725.jpg,/home/z/my-project/Factory-AI/datasets/production/dfire/test/images/AoF07418.jpg,exact_duplicate_dhash_d0
/home/z/my-project/Factory-AI/datasets/production/dfire/train/images/AoF02726.jpg,/home/z/my-project/Factory-AI/datasets/production/dfire/test/images/AoF07418.jpg,exact_duplicate_dhash_d0
/home/z/my-project/Factory-AI/datasets/production/dfire/train/images/AoF02727.jpg,/home/z/my-project/Factory-AI/datasets/production/dfire/test/images/AoF07418.jpg,exact_duplicate_dhash_d0
/home/z/my-project/Factory-AI/datasets/production/dfire/train/images/AoF02728.jpg,/home/z/my-project/Factory-AI/datasets/production/dfire/test/images/AoF07418.jpg,exact_duplicate_dhash_d0
/home/z/my-project/Factory-AI/datasets/production/dfire/train/images/AoF02729.jpg,/home/z/my-project/Factory-AI/datasets/production/dfire/test/images/AoF07423.jpg,exact_duplicate_dhash_d0
/home/z/my-project/Factory-AI/datasets/production/dfire/train/images/AoF02730.jpg,/home/z/my-project/Factory-AI/datasets/production/dfire/test/images/AoF07418.jpg,exact_duplicate_dhash_d0
/home/z/my-project/Factory-AI/datasets/production/dfire/train/images/AoF02732.jpg,/home/z/my-project/Factory-AI/datasets/production/dfire/test/images/AoF07418.jpg,exact_duplicate_dhash_d0
/home/z/my-project/Factory-AI/datasets/production/dfire/train/images/AoF02738.jpg,/home/z/my-project/Factory-AI/datasets/production/dfire/train/images/AoF02737.jpg,exact_duplicate_dhash_d0
/home/z/my-project/Factory-AI/datasets/production/dfire/train/images/AoF02741.jpg,/home/z/my-project/Factory-AI/datasets/production/dfire/train/images/AoF02740.jpg,exact_duplicate_dhash_d0
/home/z/my-project/Factory-AI/datasets/production/dfire/train/images/AoF02743.jpg,/home/z/my-project/Factory-AI/datasets/production/dfire/train/images/AoF02739.jpg,exact_duplicate_dhash_d0
/home/z/my-project/Factory-AI/datasets/production/dfire/train/images/AoF02747.jpg,/home/z/my-project/Factory-AI/datasets/production/dfire/test/images/AoF07430.jpg,exact_duplicate_dhash_d0
/home/z/my-project/Factory-AI/datasets/production/dfire/train/images/AoF02748.jpg,/home/z/my-project/Factory-AI/datasets/production/dfire/test/images/AoF07430.jpg,exact_duplicate_dhash_d0
/home/z/my-project/Factory-AI/datasets/production/dfire/train/images/AoF02749.jpg,/home/z/my-project/Factory-AI/datasets/production/dfire/test/images/AoF07430.jpg,exact_duplicate_dhash_d0
/home/z/my-project/Factory-AI/datasets/production/dfire/train/images/AoF02750.jpg,/home/z/my-project/Factory-AI/datasets/production/dfire/test/images/AoF07430.jpg,exact_duplicate_dhash_d0
/home/z/my-project/Factory-AI/datasets/production/dfire/train/images/AoF02752.jpg,/home/z/my-project/Factory-AI/datasets/production/dfire/test/images/AoF07431.jpg,exact_duplicate_dhash_d0
/home/z/my-project/Factory-AI/datasets/production/dfire/train/images/AoF02753.jpg,/home/z/my-project/Factory-AI/datasets/production/dfire/test/images/AoF07431.jpg,exact_duplicate_dhash_d0
/home/z/my-project/Factory-AI/datasets/production/dfire/train/images/AoF02754.jpg,/home/z/my-project/Factory-AI/datasets/production/dfire/test/images/AoF07431.jpg,exact_duplicate_dhash_d0
/home/z/my-project/Factory-AI/datasets/production/dfire/train/images/AoF02755.jpg,/home/z/my-project/Factory-AI/datasets/production/dfire/test/images/AoF07431.jpg,exact_duplicate_dhash_d0
/home/z/my-project/Factory-AI/datasets/production/dfire/train/images/AoF02757.jpg,/home/z/my-project/Factory-AI/datasets/production/dfire/test/images/AoF07433.jpg,exact_duplicate_dhash_d0
/home/z/my-project/Factory-AI/datasets/production/dfire/train/images/AoF02760.jpg,/home/z/my-project/Factory-AI/datasets/production/dfire/test/images/AoF07433.jpg,exact_duplicate_dhash_d0
/home/z/my-project/Factory-AI/datasets/production/dfire/train/images/AoF02762.jpg,/home/z/my-project/Factory-AI/datasets/production/dfire/train/images/AoF02761.jpg,exact_duplicate_dhash_d0
/home/z/my-project/Factory-AI/datasets/production/dfire/train/images/AoF02763.jpg,/home/z/my-project/Factory-AI/datasets/production/dfire/train/images/AoF02761.jpg,exact_duplicate_dhash_d0
/home/z/my-project/Factory-AI/datasets/production/dfire/train/images/AoF02764.jpg,/home/z/my-project/Factory-AI/datasets/production/dfire/train/images/AoF02761.jpg,exact_duplicate_dhash_d0
/home/z/my-project/Factory-AI/datasets/production/dfire/train/images/AoF02770.jpg,/home/z/my-project/Factory-AI/datasets/production/dfire/train/images/AoF02769.jpg,exact_duplicate_dhash_d0
/home/z/my-project/Factory-AI/datasets/production/dfire/train/images/AoF02773.jpg,/home/z/my-project/Factory-AI/datasets/production/dfire/train/images/AoF02772.jpg,exact_duplicate_dhash_d0
/home/z/my-project/Factory-AI/datasets/production/dfire/train/images/AoF02775.jpg,/home/z/my-project/Factory-AI/datasets/production/dfire/train/images/AoF02774.jpg,exact_duplicate_dhash_d0
/home/z/my-project/Factory-AI/datasets/production/dfire/train/images/AoF02779.jpg,/home/z/my-project/Factory-AI/datasets/production/dfire/test/images/AoF07438.jpg,exact_duplicate_dhash_d0
/home/z/my-project/Factory-AI/datasets/production/dfire/train/images/AoF02781.jpg,/home/z/my-project/Factory-AI/datasets/production/dfire/test/images/AoF07438.jpg,exact_duplicate_dhash_d0
/home/z/my-project/Factory-AI/datasets/production/dfire/train/images/AoF02782.jpg,/home/z/my-project/Factory-AI/datasets/production/dfire/test/images/AoF07438.jpg,exact_duplicate_dhash_d0
/home/z/my-project/Factory-AI/datasets/production/dfire/train/images/AoF02789.jpg,/home/z/my-project/Factory-AI/datasets/production/dfire/train/images/AoF02788.jpg,exact_duplicate_dhash_d0
/home/z/my-project/Factory-AI/datasets/production/dfire/train/images/AoF02791.jpg,/home/z/my-project/Factory-AI/datasets/production/dfire/train/images/AoF02790.jpg,exact_duplicate_dhash_d0
/home/z/my-project/Factory-AI/datasets/production/dfire/train/images/AoF02792.jpg,/home/z/my-project/Factory-AI/datasets/production/dfire/train/images/AoF02790.jpg,exact_duplicate_dhash_d0
/home/z/my-project/Factory-AI/datasets/production/dfire/train/images/AoF02793.jpg,/home/z/my-project/Factory-AI/datasets/production/dfire/train/images/AoF02788.jpg,exact_duplicate_dhash_d0
/home/z/my-project/Factory-AI/datasets/production/dfire/train/images/AoF02795.jpg,/home/z/my-project/Factory-AI/datasets/production/dfire/train/images/AoF02794.jpg,exact_duplicate_dhash_d0
/home/z/my-project/Factory-AI/datasets/production/dfire/train/images/AoF02796.jpg,/home/z/my-project/Factory-AI/datasets/production/dfire/train/images/AoF02794.jpg,exact_duplicate_dhash_d0
/home/z/my-project/Factory-AI/datasets/production/dfire/train/images/AoF02798.jpg,/home/z/my-project/Factory-AI/datasets/production/dfire/train/images/AoF02794.jpg,exact_duplicate_dhash_d0
/home/z/my-project/Factory-AI/datasets/production/dfire/train/images/AoF02801.jpg,/home/z/my-project/Factory-AI/datasets/production/dfire/train/images/AoF02800.jpg,exact_duplicate_dhash_d0
/home/z/my-project/Factory-AI/datasets/production/dfire/train/images/AoF02802.jpg,/home/z/my-project/Factory-AI/datasets/production/dfire/train/images/AoF02800.jpg,exact_duplicate_dhash_d0
/home/z/my-project/Factory-AI/datasets/production/dfire/train/images/AoF02803.jpg,/home/z/my-project/Factory-AI/datasets/production/dfire/train/images/AoF02800.jpg,exact_duplicate_dhash_d0
/home/z/my-project/Factory-AI/datasets/production/dfire/train/images/AoF02804.jpg,/home/z/my-project/Factory-AI/datasets/production/dfire/train/images/AoF02800.jpg,exact_duplicate_dhash_d0
/home/z/my-project/Factory-AI/datasets/production/dfire/train/images/AoF02805.jpg,/home/z/my-project/Factory-AI/datasets/production/dfire/train/images/AoF02800.jpg,exact_duplicate_dhash_d0
/home/z/my-project/Factory-AI/datasets/production/dfire/train/images/AoF02806.jpg,/home/z/my-project/Factory-AI/datasets/production/dfire/train/images/AoF02800.jpg,exact_duplicate_dhash_d0
/home/z/my-project/Factory-AI/datasets/production/dfire/train/images/AoF02807.jpg,/home/z/my-project/Factory-AI/datasets/production/dfire/test/images/AoF07444.jpg,exact_duplicate_dhash_d0
/home/z/my-project/Factory-AI/datasets/production/dfire/train/images/AoF02809.jpg,/home/z/my-project/Factory-AI/datasets/production/dfire/train/images/AoF02800.jpg,exact_duplicate_dhash_d0
/home/z/my-project/Factory-AI/datasets/production/dfire/train/images/AoF02810.jpg,/home/z/my-project/Factory-AI/datasets/production/dfire/test/images/AoF07444.jpg,exact_duplicate_dhash_d0
/home/z/my-project/Factory-AI/datasets/production/dfire/train/images/AoF02813.jpg,/home/z/my-project/Factory-AI/datasets/production/dfire/train/images/AoF02812.jpg,exact_duplicate_dhash_d0
/home/z/my-project/Factory-AI/datasets/production/dfire/train/images/AoF02817.jpg,/home/z/my-project/Factory-AI/datasets/production/dfire/train/images/AoF02816.jpg,exact_duplicate_dhash_d0
/home/z/my-project/Factory-AI/datasets/production/dfire/train/images/AoF02819.jpg,/home/z/my-project/Factory-AI/datasets/production/dfire/train/images/AoF02816.jpg,exact_duplicate_dhash_d0
/home/z/my-project/Factory-AI/datasets/production/dfire/train/images/AoF02820.jpg,/home/z/my-project/Factory-AI/datasets/production/dfire/train/images/AoF02816.jpg,exact_duplicate_dhash_d0
/home/z/my-project/Factory-AI/datasets/production/dfire/train/images/AoF02823.jpg,/home/z/my-project/Factory-AI/datasets/production/dfire/train/images/AoF02822.jpg,exact_duplicate_dhash_d0
/home/z/my-project/Factory-AI/datasets/production/dfire/train/images/AoF02824.jpg,/home/z/my-project/Factory-AI/datasets/production/dfire/test/images/AoF07447.jpg,exact_duplicate_dhash_d0
/home/z/my-project/Factory-AI/datasets/production/dfire/train/images/AoF02825.jpg,/home/z/my-project/Factory-AI/datasets/production/dfire/test/images/AoF07447.jpg,exact_duplicate_dhash_d0
/home/z/my-project/Factory-AI/datasets/production/dfire/train/images/AoF02826.jpg,/home/z/my-project/Factory-AI/datasets/production/dfire/test/images/AoF07447.jpg,exact_duplicate_dhash_d0
/home/z/my-project/Factory-AI/datasets/production/dfire/train/images/AoF02829.jpg,/home/z/my-project/Factory-AI/datasets/production/dfire/train/images/AoF02828.jpg,exact_duplicate_dhash_d0
/home/z/my-project/Factory-AI/datasets/production/dfire/train/images/AoF02830.jpg,/home/z/my-project/Factory-AI/datasets/production/dfire/train/images/AoF02828.jpg,exact_duplicate_dhash_d0
/home/z/my-project/Factory-AI/datasets/production/dfire/train/images/AoF02831.jpg,/home/z/my-project/Factory-AI/datasets/production/dfire/train/images/AoF02828.jpg,exact_duplicate_dhash_d0
/home/z/my-project/Factory-AI/datasets/production/dfire/train/images/AoF02832.jpg,/home/z/my-project/Factory-AI/datasets/production/dfire/train/images/AoF02828.jpg,exact_duplicate_dhash_d0
/home/z/my-project/Factory-AI/datasets/production/dfire/train/images/AoF02833.jpg,/home/z/my-project/Factory-AI/datasets/production/dfire/train/images/AoF02828.jpg,exact_duplicate_dhash_d0
/home/z/my-project/Factory-AI/datasets/production/dfire/train/images/AoF02834.jpg,/home/z/my-project/Factory-AI/datasets/production/dfire/train/images/AoF02828.jpg,exact_duplicate_dhash_d0
/home/z/my-project/Factory-AI/datasets/production/dfire/train/images/AoF02835.jpg,/home/z/my-project/Factory-AI/datasets/production/dfire/test/images/AoF07448.jpg,exact_duplicate_dhash_d0
/home/z/my-project/Factory-AI/datasets/production/dfire/train/images/AoF02836.jpg,/home/z/my-project/Factory-AI/datasets/production/dfire/test/images/AoF07448.jpg,exact_duplicate_dhash_d0
/home/z/my-project/Factory-AI/datasets/production/dfire/train/images/AoF02838.jpg,/home/z/my-project/Factory-AI/datasets/production/dfire/test/images/AoF07448.jpg,exact_duplicate_dhash_d0
/home/z/my-project/Factory-AI/datasets/production/dfire/train/images/AoF02839.jpg,/home/z/my-project/Factory-AI/datasets/production/dfire/train/images/AoF02828.jpg,exact_duplicate_dhash_d0
/home/z/my-project/Factory-AI/datasets/production/dfire/train/images/AoF02840.jpg,/home/z/my-project/Factory-AI/datasets/production/dfire/test/images/AoF07450.jpg,exact_duplicate_dhash_d0
/home/z/my-project/Factory-AI/datasets/production/dfire/train/images/AoF02841.jpg,/home/z/my-project/Factory-AI/datasets/production/dfire/test/images/AoF07450.jpg,exact_duplicate_dhash_d0
/home/z/my-project/Factory-AI/datasets/production/dfire/train/images/AoF02842.jpg,/home/z/my-project/Factory-AI/datasets/production/dfire/test/images/AoF07450.jpg,exact_duplicate_dhash_d0
/home/z/my-project/Factory-AI/datasets/production/dfire/train/images/AoF02843.jpg,/home/z/my-project/Factory-AI/datasets/production/dfire/test/images/AoF07450.jpg,exact_duplicate_dhash_d0
/home/z/my-project/Factory-AI/datasets/production/dfire/train/images/AoF02847.jpg,/home/z/my-project/Factory-AI/datasets/production/dfire/test/images/AoF07451.jpg,exact_duplicate_dhash_d0
/home/z/my-project/Factory-AI/datasets/production/dfire/train/images/AoF02848.jpg,/home/z/my-project/Factory-AI/datasets/production/dfire/test/images/AoF07451.jpg,exact_duplicate_dhash_d0
/home/z/my-project/Factory-AI/datasets/production/dfire/train/images/AoF02849.jpg,/home/z/my-project/Factory-AI/datasets/production/dfire/test/images/AoF07450.jpg,exact_duplicate_dhash_d0
/home/z/my-project/Factory-AI/datasets/production/dfire/train/images/AoF02850.jpg,/home/z/my-project/Factory-AI/datasets/production/dfire/test/images/AoF07451.jpg,exact_duplicate_dhash_d0
/home/z/my-project/Factory-AI/datasets/production/dfire/train/images/AoF02851.jpg,/home/z/my-project/Factory-AI/datasets/production/dfire/test/images/AoF07450.jpg,exact_duplicate_dhash_d0
/home/z/my-project/Factory-AI/datasets/production/dfire/train/images/AoF02852.jpg,/home/z/my-project/Factory-AI/datasets/production/dfire/test/images/AoF07450.jpg,exact_duplicate_dhash_d0
/home/z/my-project/Factory-AI/datasets/production/dfire/train/images/AoF02853.jpg,/home/z/my-project/Factory-AI/datasets/production/dfire/test/images/AoF07450.jpg,exact_duplicate_dhash_d0
/home/z/my-project/Factory-AI/datasets/production/dfire/train/images/AoF02854.jpg,/home/z/my-project/Factory-AI/datasets/production/dfire/test/images/AoF07450.jpg,exact_duplicate_dhash_d0
/home/z/my-project/Factory-AI/datasets/production/dfire/train/images/AoF02857.jpg,/home/z/my-project/Factory-AI/datasets/production/dfire/test/images/AoF07453.jpg,exact_duplicate_dhash_d0
/home/z/my-project/Factory-AI/datasets/production/dfire/train/images/AoF02858.jpg,/home/z/my-project/Factory-AI/datasets/production/dfire/test/images/AoF07453.jpg,exact_duplicate_dhash_d0
/home/z/my-project/Factory-AI/datasets/production/dfire/train/images/AoF02862.jpg,/home/z/my-project/Factory-AI/datasets/production/dfire/train/images/AoF02860.jpg,exact_duplicate_dhash_d0
/home/z/my-project/Factory-AI/datasets/production/dfire/train/images/AoF02863.jpg,/home/z/my-project/Factory-AI/datasets/production/dfire/train/images/AoF02860.jpg,exact_duplicate_dhash_d0
/home/z/my-project/Factory-AI/datasets/production/dfire/train/images/AoF02864.jpg,/home/z/my-project/Factory-AI/datasets/production/dfire/train/images/AoF02861.jpg,exact_duplicate_dhash_d0
/home/z/my-project/Factory-AI/datasets/production/dfire/train/images/AoF02865.jpg,/home/z/my-project/Factory-AI/datasets/production/dfire/test/images/AoF07458.jpg,exact_duplicate_dhash_d0
/home/z/my-project/Factory-AI/datasets/production/dfire/train/images/AoF02866.jpg,/home/z/my-project/Factory-AI/datasets/production/dfire/test/images/AoF07458.jpg,exact_duplicate_dhash_d0
/home/z/my-project/Factory-AI/datasets/production/dfire/train/images/AoF02867.jpg,/home/z/my-project/Factory-AI/datasets/production/dfire/test/images/AoF07458.jpg,exact_duplicate_dhash_d0
/home/z/my-project/Factory-AI/datasets/production/dfire/train/images/AoF02868.jpg,/home/z/my-project/Factory-AI/datasets/production/dfire/test/images/AoF07457.jpg,exact_duplicate_dhash_d0
/home/z/my-project/Factory-AI/datasets/production/dfire/train/images/AoF02869.jpg,/home/z/my-project/Factory-AI/datasets/production/dfire/test/images/AoF07458.jpg,exact_duplicate_dhash_d0
/home/z/my-project/Factory-AI/datasets/production/dfire/train/images/AoF02870.jpg,/home/z/my-project/Factory-AI/datasets/production/dfire/test/images/AoF07458.jpg,exact_duplicate_dhash_d0
/home/z/my-project/Factory-AI/datasets/production/dfire/train/images/AoF02871.jpg,/home/z/my-project/Factory-AI/datasets/production/dfire/test/images/AoF07458.jpg,exact_duplicate_dhash_d0
/home/z/my-project/Factory-AI/datasets/production/dfire/train/images/AoF02872.jpg,/home/z/my-project/Factory-AI/datasets/production/dfire/train/images/AoF02846.jpg,exact_duplicate_dhash_d0
/home/z/my-project/Factory-AI/datasets/production/dfire/train/images/AoF02873.jpg,/home/z/my-project/Factory-AI/datasets/production/dfire/test/images/AoF07457.jpg,exact_duplicate_dhash_d0
/home/z/my-project/Factory-AI/datasets/production/dfire/train/images/AoF02874.jpg,/home/z/my-project/Factory-AI/datasets/production/dfire/test/images/AoF07458.jpg,exact_duplicate_dhash_d0
/home/z/my-project/Factory-AI/datasets/production/dfire/train/images/AoF02875.jpg,/home/z/my-project/Factory-AI/datasets/production/dfire/test/images/AoF07458.jpg,exact_duplicate_dhash_d0
/home/z/my-project/Factory-AI/datasets/production/dfire/train/images/AoF02878.jpg,/home/z/my-project/Factory-AI/datasets/production/dfire/test/images/AoF07460.jpg,exact_duplicate_dhash_d0
/home/z/my-project/Factory-AI/datasets/production/dfire/train/images/AoF02880.jpg,/home/z/my-project/Factory-AI/datasets/production/dfire/test/images/AoF07463.jpg,exact_duplicate_dhash_d0
/home/z/my-project/Factory-AI/datasets/production/dfire/train/images/AoF02881.jpg,/home/z/my-project/Factory-AI/datasets/production/dfire/test/images/AoF07463.jpg,exact_duplicate_dhash_d0
/home/z/my-project/Factory-AI/datasets/production/dfire/train/images/AoF02883.jpg,/home/z/my-project/Factory-AI/datasets/production/dfire/train/images/AoF02882.jpg,exact_duplicate_dhash_d0
/home/z/my-project/Factory-AI/datasets/production/dfire/train/images/AoF02886.jpg,/home/z/my-project/Factory-AI/datasets/production/dfire/train/images/AoF02885.jpg,exact_duplicate_dhash_d0
/home/z/my-project/Factory-AI/datasets/production/dfire/train/images/AoF02892.jpg,/home/z/my-project/Factory-AI/datasets/production/dfire/test/images/AoF07464.jpg,exact_duplicate_dhash_d0
/home/z/my-project/Factory-AI/datasets/production/dfire/train/images/AoF02894.jpg,/home/z/my-project/Factory-AI/datasets/production/dfire/test/images/AoF07464.jpg,exact_duplicate_dhash_d0
/home/z/my-project/Factory-AI/datasets/production/dfire/train/images/AoF02896.jpg,/home/z/my-project/Factory-AI/datasets/production/dfire/test/images/AoF07465.jpg,exact_duplicate_dhash_d0
/home/z/my-project/Factory-AI/datasets/production/dfire/train/images/AoF02899.jpg,/home/z/my-project/Factory-AI/datasets/production/dfire/test/images/AoF07465.jpg,exact_duplicate_dhash_d0
/home/z/my-project/Factory-AI/datasets/production/dfire/train/images/AoF02903.jpg,/home/z/my-project/Factory-AI/datasets/production/dfire/train/images/AoF02902.jpg,exact_duplicate_dhash_d0
/home/z/my-project/Factory-AI/datasets/production/dfire/train/images/AoF02905.jpg,/home/z/my-project/Factory-AI/datasets/production/dfire/train/images/AoF02902.jpg,exact_duplicate_dhash_d0
/home/z/my-project/Factory-AI/datasets/production/dfire/train/images/AoF02906.jpg,/home/z/my-project/Factory-AI/datasets/production/dfire/train/images/AoF02902.jpg,exact_duplicate_dhash_d0
/home/z/my-project/Factory-AI/datasets/production/dfire/train/images/AoF02908.jpg,/home/z/my-project/Factory-AI/datasets/production/dfire/train/images/AoF02907.jpg,exact_duplicate_dhash_d0
/home/z/my-project/Factory-AI/datasets/production/dfire/train/images/AoF02909.jpg,/home/z/my-project/Factory-AI/datasets/production/dfire/test/images/AoF07468.jpg,exact_duplicate_dhash_d0
/home/z/my-project/Factory-AI/datasets/production/dfire/train/images/AoF02910.jpg,/home/z/my-project/Factory-AI/datasets/production/dfire/test/images/AoF07468.jpg,exact_duplicate_dhash_d0
/home/z/my-project/Factory-AI/datasets/production/dfire/train/images/AoF02914.jpg,/home/z/my-project/Factory-AI/datasets/production/dfire/train/images/AoF02912.jpg,exact_duplicate_dhash_d0
/home/z/my-project/Factory-AI/datasets/production/dfire/train/images/AoF02917.jpg,/home/z/my-project/Factory-AI/datasets/production/dfire/test/images/AoF07471.jpg,exact_duplicate_dhash_d0
/home/z/my-project/Factory-AI/datasets/production/dfire/train/images/AoF02918.jpg,/home/z/my-project/Factory-AI/datasets/production/dfire/test/images/AoF07471.jpg,exact_duplicate_dhash_d0
/home/z/my-project/Factory-AI/datasets/production/dfire/train/images/AoF02920.jpg,/home/z/my-project/Factory-AI/datasets/production/dfire/test/images/AoF07471.jpg,exact_duplicate_dhash_d0
/home/z/my-project/Factory-AI/datasets/production/dfire/train/images/AoF02921.jpg,/home/z/my-project/Factory-AI/datasets/production/dfire/train/images/AoF02919.jpg,exact_duplicate_dhash_d0
/home/z/my-project/Factory-AI/datasets/production/dfire/train/images/AoF02923.jpg,/home/z/my-project/Factory-AI/datasets/production/dfire/train/images/AoF02922.jpg,exact_duplicate_dhash_d0
/home/z/my-project/Factory-AI/datasets/production/dfire/train/images/AoF02925.jpg,/home/z/my-project/Factory-AI/datasets/production/dfire/train/images/AoF02922.jpg,exact_duplicate_dhash_d0
/home/z/my-project/Factory-AI/datasets/production/dfire/train/images/AoF02926.jpg,/home/z/my-project/Factory-AI/datasets/production/dfire/train/images/AoF02922.jpg,exact_duplicate_dhash_d0
/home/z/my-project/Factory-AI/datasets/production/dfire/train/images/AoF02927.jpg,/home/z/my-project/Factory-AI/datasets/production/dfire/train/images/AoF02919.jpg,exact_duplicate_dhash_d0
/home/z/my-project/Factory-AI/datasets/production/dfire/train/images/AoF02928.jpg,/home/z/my-project/Factory-AI/datasets/production/dfire/train/images/AoF02922.jpg,exact_duplicate_dhash_d0
/home/z/my-project/Factory-AI/datasets/production/dfire/train/images/AoF02930.jpg,/home/z/my-project/Factory-AI/datasets/production/dfire/train/images/AoF02929.jpg,exact_duplicate_dhash_d0
/home/z/my-project/Factory-AI/datasets/production/dfire/train/images/AoF02934.jpg,/home/z/my-project/Factory-AI/datasets/production/dfire/train/images/AoF02933.jpg,exact_duplicate_dhash_d0
/home/z/my-project/Factory-AI/datasets/production/dfire/train/images/AoF02938.jpg,/home/z/my-project/Factory-AI/datasets/production/dfire/train/images/AoF02937.jpg,exact_duplicate_dhash_d0
/home/z/my-project/Factory-AI/datasets/production/dfire/train/images/AoF02942.jpg,/home/z/my-project/Factory-AI/datasets/production/dfire/test/images/AoF07473.jpg,exact_duplicate_dhash_d0
/home/z/my-project/Factory-AI/datasets/production/dfire/train/images/AoF02953.jpg,/home/z/my-project/Factory-AI/datasets/production/dfire/test/images/AoF07481.jpg,exact_duplicate_dhash_d0
/home/z/my-project/Factory-AI/datasets/production/dfire/train/images/AoF02954.jpg,/home/z/my-project/Factory-AI/datasets/production/dfire/test/images/AoF07482.jpg,exact_duplicate_dhash_d0
/home/z/my-project/Factory-AI/datasets/production/dfire/train/images/AoF02955.jpg,/home/z/my-project/Factory-AI/datasets/production/dfire/test/images/AoF07482.jpg,exact_duplicate_dhash_d0
/home/z/my-project/Factory-AI/datasets/production/dfire/train/images/AoF02959.jpg,/home/z/my-project/Factory-AI/datasets/production/dfire/train/images/AoF02958.jpg,exact_duplicate_dhash_d0
/home/z/my-project/Factory-AI/datasets/production/dfire/train/images/AoF02961.jpg,/home/z/my-project/Factory-AI/datasets/production/dfire/test/images/AoF07484.jpg,exact_duplicate_dhash_d0
/home/z/my-project/Factory-AI/datasets/production/dfire/train/images/AoF02965.jpg,/home/z/my-project/Factory-AI/datasets/production/dfire/train/images/AoF02964.jpg,exact_duplicate_dhash_d0
/home/z/my-project/Factory-AI/datasets/production/dfire/train/images/AoF02966.jpg,/home/z/my-project/Factory-AI/datasets/production/dfire/test/images/AoF07478.jpg,exact_duplicate_dhash_d0
/home/z/my-project/Factory-AI/datasets/production/dfire/train/images/AoF02967.jpg,/home/z/my-project/Factory-AI/datasets/production/dfire/test/images/AoF07486.jpg,exact_duplicate_dhash_d0
/home/z/my-project/Factory-AI/datasets/production/dfire/train/images/AoF02968.jpg,/home/z/my-project/Factory-AI/datasets/production/dfire/test/images/AoF07486.jpg,exact_duplicate_dhash_d0
/home/z/my-project/Factory-AI/datasets/production/dfire/train/images/AoF02969.jpg,/home/z/my-project/Factory-AI/datasets/production/dfire/test/images/AoF07486.jpg,exact_duplicate_dhash_d0
/home/z/my-project/Factory-AI/datasets/production/dfire/train/images/AoF02971.jpg,/home/z/my-project/Factory-AI/datasets/production/dfire/test/images/AoF07486.jpg,exact_duplicate_dhash_d0
/home/z/my-project/Factory-AI/datasets/production/dfire/train/images/AoF02976.jpg,/home/z/my-project/Factory-AI/datasets/production/dfire/test/images/AoF07487.jpg,exact_duplicate_dhash_d0
/home/z/my-project/Factory-AI/datasets/production/dfire/train/images/AoF02977.jpg,/home/z/my-project/Factory-AI/datasets/production/dfire/test/images/AoF07487.jpg,exact_duplicate_dhash_d0
/home/z/my-project/Factory-AI/datasets/production/dfire/train/images/AoF02978.jpg,/home/z/my-project/Factory-AI/datasets/production/dfire/test/images/AoF07487.jpg,exact_duplicate_dhash_d0
/home/z/my-project/Factory-AI/datasets/production/dfire/train/images/AoF02979.jpg,/home/z/my-project/Factory-AI/datasets/production/dfire/test/images/AoF07488.jpg,exact_duplicate_dhash_d0
/home/z/my-project/Factory-AI/datasets/production/dfire/train/images/AoF02981.jpg,/home/z/my-project/Factory-AI/datasets/production/dfire/train/images/AoF02980.jpg,exact_duplicate_dhash_d0
/home/z/my-project/Factory-AI/datasets/production/dfire/train/images/AoF02982.jpg,/home/z/my-project/Factory-AI/datasets/production/dfire/train/images/AoF02980.jpg,exact_duplicate_dhash_d0
/home/z/my-project/Factory-AI/datasets/production/dfire/train/images/AoF02983.jpg,/home/z/my-project/Factory-AI/datasets/production/dfire/train/images/AoF02980.jpg,exact_duplicate_dhash_d0
/home/z/my-project/Factory-AI/datasets/production/dfire/train/images/AoF02987.jpg,/home/z/my-project/Factory-AI/datasets/production/dfire/test/images/AoF07492.jpg,exact_duplicate_dhash_d0
/home/z/my-project/Factory-AI/datasets/production/dfire/train/images/AoF02989.jpg,/home/z/my-project/Factory-AI/datasets/production/dfire/test/images/AoF07494.jpg,exact_duplicate_dhash_d0
/home/z/my-project/Factory-AI/datasets/production/dfire/train/images/AoF02991.jpg,/home/z/my-project/Factory-AI/datasets/production/dfire/train/images/AoF02988.jpg,exact_duplicate_dhash_d0
/home/z/my-project/Factory-AI/datasets/production/dfire/train/images/AoF02992.jpg,/home/z/my-project/Factory-AI/datasets/production/dfire/test/images/AoF07494.jpg,exact_duplicate_dhash_d0
/home/z/my-project/Factory-AI/datasets/production/dfire/train/images/AoF02994.jpg,/home/z/my-project/Factory-AI/datasets/production/dfire/train/images/AoF02993.jpg,exact_duplicate_dhash_d0
/home/z/my-project/Factory-AI/datasets/production/dfire/train/images/AoF02997.jpg,/home/z/my-project/Factory-AI/datasets/production/dfire/train/images/AoF02996.jpg,exact_duplicate_dhash_d0
/home/z/my-project/Factory-AI/datasets/production/dfire/train/images/AoF02999.jpg,/home/z/my-project/Factory-AI/datasets/production/dfire/train/images/AoF02998.jpg,exact_duplicate_dhash_d0
/home/z/my-project/Factory-AI/datasets/production/dfire/train/images/AoF03000.jpg,/home/z/my-project/Factory-AI/datasets/production/dfire/train/images/AoF02998.jpg,exact_duplicate_dhash_d0
/home/z/my-project/Factory-AI/datasets/production/dfire/train/images/AoF03003.jpg,/home/z/my-project/Factory-AI/datasets/production/dfire/train/images/AoF03002.jpg,exact_duplicate_dhash_d0
/home/z/my-project/Factory-AI/datasets/production/dfire/train/images/AoF03004.jpg,/home/z/my-project/Factory-AI/datasets/production/dfire/test/images/AoF07499.jpg,exact_duplicate_dhash_d0
/home/z/my-project/Factory-AI/datasets/production/dfire/train/images/AoF03005.jpg,/home/z/my-project/Factory-AI/datasets/production/dfire/test/images/AoF07499.jpg,exact_duplicate_dhash_d0
/home/z/my-project/Factory-AI/datasets/production/dfire/train/images/AoF03007.jpg,/home/z/my-project/Factory-AI/datasets/production/dfire/test/images/AoF07499.jpg,exact_duplicate_dhash_d0
/home/z/my-project/Factory-AI/datasets/production/dfire/train/images/AoF03010.jpg,/home/z/my-project/Factory-AI/datasets/production/dfire/train/images/AoF03009.jpg,exact_duplicate_dhash_d0
/home/z/my-project/Factory-AI/datasets/production/dfire/train/images/AoF03018.jpg,/home/z/my-project/Factory-AI/datasets/production/dfire/train/images/AoF03017.jpg,exact_duplicate_dhash_d0
/home/z/my-project/Factory-AI/datasets/production/dfire/train/images/AoF03023.jpg,/home/z/my-project/Factory-AI/datasets/production/dfire/test/images/AoF07501.jpg,exact_duplicate_dhash_d0
/home/z/my-project/Factory-AI/datasets/production/dfire/train/images/AoF03027.jpg,/home/z/my-project/Factory-AI/datasets/production/dfire/test/images/AoF07502.jpg,exact_duplicate_dhash_d0
/home/z/my-project/Factory-AI/datasets/production/dfire/train/images/AoF03030.jpg,/home/z/my-project/Factory-AI/datasets/production/dfire/test/images/AoF07504.jpg,exact_duplicate_dhash_d0
/home/z/my-project/Factory-AI/datasets/production/dfire/train/images/AoF03031.jpg,/home/z/my-project/Factory-AI/datasets/production/dfire/test/images/AoF07504.jpg,exact_duplicate_dhash_d0
/home/z/my-project/Factory-AI/datasets/production/dfire/train/images/AoF03035.jpg,/home/z/my-project/Factory-AI/datasets/production/dfire/test/images/AoF07507.jpg,exact_duplicate_dhash_d0
/home/z/my-project/Factory-AI/datasets/production/dfire/train/images/AoF03036.jpg,/home/z/my-project/Factory-AI/datasets/production/dfire/test/images/AoF07507.jpg,exact_duplicate_dhash_d0
/home/z/my-project/Factory-AI/datasets/production/dfire/train/images/AoF03038.jpg,/home/z/my-project/Factory-AI/datasets/production/dfire/train/images/AoF03037.jpg,exact_duplicate_dhash_d0
/home/z/my-project/Factory-AI/datasets/production/dfire/train/images/AoF03040.jpg,/home/z/my-project/Factory-AI/datasets/production/dfire/test/images/AoF07511.jpg,exact_duplicate_dhash_d0
/home/z/my-project/Factory-AI/datasets/production/dfire/train/images/AoF03041.jpg,/home/z/my-project/Factory-AI/datasets/production/dfire/test/images/AoF07511.jpg,exact_duplicate_dhash_d0
/home/z/my-project/Factory-AI/datasets/production/dfire/train/images/AoF03042.jpg,/home/z/my-project/Factory-AI/datasets/production/dfire/test/images/AoF07511.jpg,exact_duplicate_dhash_d0
/home/z/my-project/Factory-AI/datasets/production/dfire/train/images/AoF03044.jpg,/home/z/my-project/Factory-AI/datasets/production/dfire/train/images/AoF03043.jpg,exact_duplicate_dhash_d0
/home/z/my-project/Factory-AI/datasets/production/dfire/train/images/AoF03047.jpg,/home/z/my-project/Factory-AI/datasets/production/dfire/train/images/AoF03046.jpg,exact_duplicate_dhash_d0
/home/z/my-project/Factory-AI/datasets/production/dfire/train/images/AoF03050.jpg,/home/z/my-project/Factory-AI/datasets/production/dfire/train/images/AoF03049.jpg,exact_duplicate_dhash_d0
/home/z/my-project/Factory-AI/datasets/production/dfire/train/images/AoF03051.jpg,/home/z/my-project/Factory-AI/datasets/production/dfire/test/images/AoF07515.jpg,exact_duplicate_dhash_d0
/home/z/my-project/Factory-AI/datasets/production/dfire/train/images/AoF03053.jpg,/home/z/my-project/Factory-AI/datasets/production/dfire/train/images/AoF03052.jpg,exact_duplicate_dhash_d0
/home/z/my-project/Factory-AI/datasets/production/dfire/train/images/AoF03054.jpg,/home/z/my-project/Factory-AI/datasets/production/dfire/train/images/AoF03052.jpg,exact_duplicate_dhash_d0
/home/z/my-project/Factory-AI/datasets/production/dfire/train/images/AoF03056.jpg,/home/z/my-project/Factory-AI/datasets/production/dfire/train/images/AoF03048.jpg,exact_duplicate_dhash_d0
/home/z/my-project/Factory-AI/datasets/production/dfire/train/images/AoF03057.jpg,/home/z/my-project/Factory-AI/datasets/production/dfire/train/images/AoF03055.jpg,exact_duplicate_dhash_d0
/home/z/my-project/Factory-AI/datasets/production/dfire/train/images/AoF03060.jpg,/home/z/my-project/Factory-AI/datasets/production/dfire/train/images/AoF03059.jpg,exact_duplicate_dhash_d0
/home/z/my-project/Factory-AI/datasets/production/dfire/train/images/AoF03064.jpg,/home/z/my-project/Factory-AI/datasets/production/dfire/train/images/AoF03063.jpg,exact_duplicate_dhash_d0
/home/z/my-project/Factory-AI/datasets/production/dfire/train/images/AoF03071.jpg,/home/z/my-project/Factory-AI/datasets/production/dfire/train/images/AoF03070.jpg,exact_duplicate_dhash_d0
/home/z/my-project/Factory-AI/datasets/production/dfire/train/images/AoF03074.jpg,/home/z/my-project/Factory-AI/datasets/production/dfire/train/images/AoF03073.jpg,exact_duplicate_dhash_d0
/home/z/my-project/Factory-AI/datasets/production/dfire/train/images/AoF03076.jpg,/home/z/my-project/Factory-AI/datasets/production/dfire/train/images/AoF03075.jpg,exact_duplicate_dhash_d0
/home/z/my-project/Factory-AI/datasets/production/dfire/train/images/AoF03077.jpg,/home/z/my-project/Factory-AI/datasets/production/dfire/train/images/AoF03075.jpg,exact_duplicate_dhash_d0
/home/z/my-project/Factory-AI/datasets/production/dfire/train/images/AoF03079.jpg,/home/z/my-project/Factory-AI/datasets/production/dfire/train/images/AoF03075.jpg,exact_duplicate_dhash_d0
/home/z/my-project/Factory-AI/datasets/production/dfire/train/images/AoF03080.jpg,/home/z/my-project/Factory-AI/datasets/production/dfire/train/images/AoF03075.jpg,exact_duplicate_dhash_d0
/home/z/my-project/Factory-AI/datasets/production/dfire/train/images/AoF03081.jpg,/home/z/my-project/Factory-AI/datasets/production/dfire/train/images/AoF03075.jpg,exact_duplicate_dhash_d0
/home/z/my-project/Factory-AI/datasets/production/dfire/train/images/AoF03082.jpg,/home/z/my-project/Factory-AI/datasets/production/dfire/train/images/AoF03075.jpg,exact_duplicate_dhash_d0
/home/z/my-project/Factory-AI/datasets/production/dfire/train/images/AoF03083.jpg,/home/z/my-project/Factory-AI/datasets/production/dfire/train/images/AoF03075.jpg,exact_duplicate_dhash_d0
/home/z/my-project/Factory-AI/datasets/production/dfire/train/images/AoF03084.jpg,/home/z/my-project/Factory-AI/datasets/production/dfire/train/images/AoF03075.jpg,exact_duplicate_dhash_d0
/home/z/my-project/Factory-AI/datasets/production/dfire/train/images/AoF03086.jpg,/home/z/my-project/Factory-AI/datasets/production/dfire/train/images/AoF03085.jpg,exact_duplicate_dhash_d0
/home/z/my-project/Factory-AI/datasets/production/dfire/train/images/AoF03087.jpg,/home/z/my-project/Factory-AI/datasets/production/dfire/train/images/AoF03085.jpg,exact_duplicate_dhash_d0
/home/z/my-project/Factory-AI/datasets/production/dfire/train/images/AoF03088.jpg,/home/z/my-project/Factory-AI/datasets/production/dfire/train/images/AoF03085.jpg,exact_duplicate_dhash_d0
/home/z/my-project/Factory-AI/datasets/production/dfire/train/images/AoF03090.jpg,/home/z/my-project/Factory-AI/datasets/production/dfire/train/images/AoF03085.jpg,exact_duplicate_dhash_d0
/home/z/my-project/Factory-AI/datasets/production/dfire/train/images/AoF03091.jpg,/home/z/my-project/Factory-AI/datasets/production/dfire/train/images/AoF03085.jpg,exact_duplicate_dhash_d0
/home/z/my-project/Factory-AI/datasets/production/dfire/train/images/AoF03094.jpg,/home/z/my-project/Factory-AI/datasets/production/dfire/train/images/AoF03093.jpg,exact_duplicate_dhash_d0
/home/z/my-project/Factory-AI/datasets/production/dfire/train/images/AoF03095.jpg,/home/z/my-project/Factory-AI/datasets/production/dfire/train/images/AoF03093.jpg,exact_duplicate_dhash_d0
/home/z/my-project/Factory-AI/datasets/production/dfire/train/images/AoF03096.jpg,/home/z/my-project/Factory-AI/datasets/production/dfire/train/images/AoF03093.jpg,exact_duplicate_dhash_d0
/home/z/my-project/Factory-AI/datasets/production/dfire/train/images/AoF03098.jpg,/home/z/my-project/Factory-AI/datasets/production/dfire/test/images/AoF07519.jpg,exact_duplicate_dhash_d0
/home/z/my-project/Factory-AI/datasets/production/dfire/train/images/AoF03099.jpg,/home/z/my-project/Factory-AI/datasets/production/dfire/test/images/AoF07519.jpg,exact_duplicate_dhash_d0
/home/z/my-project/Factory-AI/datasets/production/dfire/train/images/AoF03100.jpg,/home/z/my-project/Factory-AI/datasets/production/dfire/test/images/AoF07517.jpg,exact_duplicate_dhash_d0
/home/z/my-project/Factory-AI/datasets/production/dfire/train/images/AoF03101.jpg,/home/z/my-project/Factory-AI/datasets/production/dfire/test/images/AoF07519.jpg,exact_duplicate_dhash_d0
/home/z/my-project/Factory-AI/datasets/production/dfire/train/images/AoF03102.jpg,/home/z/my-project/Factory-AI/datasets/production/dfire/test/images/AoF07519.jpg,exact_duplicate_dhash_d0
/home/z/my-project/Factory-AI/datasets/production/dfire/train/images/AoF03103.jpg,/home/z/my-project/Factory-AI/datasets/production/dfire/test/images/AoF07519.jpg,exact_duplicate_dhash_d0
/home/z/my-project/Factory-AI/datasets/production/dfire/train/images/AoF03104.jpg,/home/z/my-project/Factory-AI/datasets/production/dfire/test/images/AoF07517.jpg,exact_duplicate_dhash_d0
/home/z/my-project/Factory-AI/datasets/production/dfire/train/images/AoF03105.jpg,/home/z/my-project/Factory-AI/datasets/production/dfire/test/images/AoF07517.jpg,exact_duplicate_dhash_d0
/home/z/my-project/Factory-AI/datasets/production/dfire/train/images/AoF03106.jpg,/home/z/my-project/Factory-AI/datasets/production/dfire/test/images/AoF07517.jpg,exact_duplicate_dhash_d0
/home/z/my-project/Factory-AI/datasets/production/dfire/train/images/AoF03107.jpg,/home/z/my-project/Factory-AI/datasets/production/dfire/test/images/AoF07517.jpg,exact_duplicate_dhash_d0
/home/z/my-project/Factory-AI/datasets/production/dfire/train/images/AoF03108.jpg,/home/z/my-project/Factory-AI/datasets/production/dfire/test/images/AoF07517.jpg,exact_duplicate_dhash_d0
/home/z/my-project/Factory-AI/datasets/production/dfire/train/images/AoF03109.jpg,/home/z/my-project/Factory-AI/datasets/production/dfire/test/images/AoF07517.jpg,exact_duplicate_dhash_d0
/home/z/my-project/Factory-AI/datasets/production/dfire/train/images/AoF03110.jpg,/home/z/my-project/Factory-AI/datasets/production/dfire/test/images/AoF07517.jpg,exact_duplicate_dhash_d0
/home/z/my-project/Factory-AI/datasets/production/dfire/train/images/AoF03111.jpg,/home/z/my-project/Factory-AI/datasets/production/dfire/test/images/AoF07519.jpg,exact_duplicate_dhash_d0
/home/z/my-project/Factory-AI/datasets/production/dfire/train/images/AoF03112.jpg,/home/z/my-project/Factory-AI/datasets/production/dfire/test/images/AoF07519.jpg,exact_duplicate_dhash_d0
/home/z/my-project/Factory-AI/datasets/production/dfire/train/images/AoF03115.jpg,/home/z/my-project/Factory-AI/datasets/production/dfire/test/images/AoF07517.jpg,exact_duplicate_dhash_d0
/home/z/my-project/Factory-AI/datasets/production/dfire/train/images/AoF03116.jpg,/home/z/my-project/Factory-AI/datasets/production/dfire/test/images/AoF07517.jpg,exact_duplicate_dhash_d0
/home/z/my-project/Factory-AI/datasets/production/dfire/train/images/AoF03117.jpg,/home/z/my-project/Factory-AI/datasets/production/dfire/test/images/AoF07517.jpg,exact_duplicate_dhash_d0
/home/z/my-project/Factory-AI/datasets/production/dfire/train/images/AoF03118.jpg,/home/z/my-project/Factory-AI/datasets/production/dfire/test/images/AoF07517.jpg,exact_duplicate_dhash_d0
/home/z/my-project/Factory-AI/datasets/production/dfire/train/images/AoF03119.jpg,/home/z/my-project/Factory-AI/datasets/production/dfire/test/images/AoF07522.jpg,exact_duplicate_dhash_d0
/home/z/my-project/Factory-AI/datasets/production/dfire/train/images/AoF03120.jpg,/home/z/my-project/Factory-AI/datasets/production/dfire/test/images/AoF07522.jpg,exact_duplicate_dhash_d0
/home/z/my-project/Factory-AI/datasets/production/dfire/train/images/AoF03121.jpg,/home/z/my-project/Factory-AI/datasets/production/dfire/test/images/AoF07573.jpg,exact_duplicate_dhash_d0
/home/z/my-project/Factory-AI/datasets/production/dfire/train/images/AoF03122.jpg,/home/z/my-project/Factory-AI/datasets/production/dfire/test/images/AoF07522.jpg,exact_duplicate_dhash_d0
/home/z/my-project/Factory-AI/datasets/production/dfire/train/images/AoF03123.jpg,/home/z/my-project/Factory-AI/datasets/production/dfire/test/images/AoF07522.jpg,exact_duplicate_dhash_d0
/home/z/my-project/Factory-AI/datasets/production/dfire/train/images/AoF03124.jpg,/home/z/my-project/Factory-AI/datasets/production/dfire/test/images/AoF07488.jpg,exact_duplicate_dhash_d0
/home/z/my-project/Factory-AI/datasets/production/dfire/train/images/AoF03125.jpg,/home/z/my-project/Factory-AI/datasets/production/dfire/test/images/AoF07488.jpg,exact_duplicate_dhash_d0
/home/z/my-project/Factory-AI/datasets/production/dfire/train/images/AoF03127.jpg,/home/z/my-project/Factory-AI/datasets/production/dfire/test/images/AoF07488.jpg,exact_duplicate_dhash_d0
/home/z/my-project/Factory-AI/datasets/production/dfire/train/images/AoF03128.jpg,/home/z/my-project/Factory-AI/datasets/production/dfire/test/images/AoF07523.jpg,exact_duplicate_dhash_d0
/home/z/my-project/Factory-AI/datasets/production/dfire/train/images/AoF03129.jpg,/home/z/my-project/Factory-AI/datasets/production/dfire/test/images/AoF07523.jpg,exact_duplicate_dhash_d0
/home/z/my-project/Factory-AI/datasets/production/dfire/train/images/AoF03130.jpg,/home/z/my-project/Factory-AI/datasets/production/dfire/test/images/AoF07523.jpg,exact_duplicate_dhash_d0
/home/z/my-project/Factory-AI/datasets/production/dfire/train/images/AoF03131.jpg,/home/z/my-project/Factory-AI/datasets/production/dfire/test/images/AoF07523.jpg,exact_duplicate_dhash_d0
/home/z/my-project/Factory-AI/datasets/production/dfire/train/images/AoF03132.jpg,/home/z/my-project/Factory-AI/datasets/production/dfire/test/images/AoF07523.jpg,exact_duplicate_dhash_d0
/home/z/my-project/Factory-AI/datasets/production/dfire/train/images/AoF03134.jpg,/home/z/my-project/Factory-AI/datasets/production/dfire/train/images/AoF03133.jpg,exact_duplicate_dhash_d0
/home/z/my-project/Factory-AI/datasets/production/dfire/train/images/AoF03137.jpg,/home/z/my-project/Factory-AI/datasets/production/dfire/train/images/AoF03133.jpg,exact_duplicate_dhash_d0
/home/z/my-project/Factory-AI/datasets/production/dfire/train/images/AoF03138.jpg,/home/z/my-project/Factory-AI/datasets/production/dfire/test/images/AoF07523.jpg,exact_duplicate_dhash_d0
/home/z/my-project/Factory-AI/datasets/production/dfire/train/images/AoF03140.jpg,/home/z/my-project/Factory-AI/datasets/production/dfire/test/images/AoF07525.jpg,exact_duplicate_dhash_d0
/home/z/my-project/Factory-AI/datasets/production/dfire/train/images/AoF03141.jpg,/home/z/my-project/Factory-AI/datasets/production/dfire/train/images/AoF03139.jpg,exact_duplicate_dhash_d0
/home/z/my-project/Factory-AI/datasets/production/dfire/train/images/AoF03142.jpg,/home/z/my-project/Factory-AI/datasets/production/dfire/train/images/AoF03139.jpg,exact_duplicate_dhash_d0
/home/z/my-project/Factory-AI/datasets/production/dfire/train/images/AoF03144.jpg,/home/z/my-project/Factory-AI/datasets/production/dfire/test/images/AoF07528.jpg,exact_duplicate_dhash_d0
/home/z/my-project/Factory-AI/datasets/production/dfire/train/images/AoF03145.jpg,/home/z/my-project/Factory-AI/datasets/production/dfire/test/images/AoF07528.jpg,exact_duplicate_dhash_d0
/home/z/my-project/Factory-AI/datasets/production/dfire/train/images/AoF03146.jpg,/home/z/my-project/Factory-AI/datasets/production/dfire/test/images/AoF07527.jpg,exact_duplicate_dhash_d0
/home/z/my-project/Factory-AI/datasets/production/dfire/train/images/AoF03147.jpg,/home/z/my-project/Factory-AI/datasets/production/dfire/test/images/AoF07527.jpg,exact_duplicate_dhash_d0
/home/z/my-project/Factory-AI/datasets/production/dfire/train/images/AoF03149.jpg,/home/z/my-project/Factory-AI/datasets/production/dfire/train/images/AoF03148.jpg,exact_duplicate_dhash_d0
/home/z/my-project/Factory-AI/datasets/production/dfire/train/images/AoF03150.jpg,/home/z/my-project/Factory-AI/datasets/production/dfire/train/images/AoF03148.jpg,exact_duplicate_dhash_d0
/home/z/my-project/Factory-AI/datasets/production/dfire/train/images/AoF03151.jpg,/home/z/my-project/Factory-AI/datasets/production/dfire/train/images/AoF03148.jpg,exact_duplicate_dhash_d0
/home/z/my-project/Factory-AI/datasets/production/dfire/train/images/AoF03152.jpg,/home/z/my-project/Factory-AI/datasets/production/dfire/train/images/AoF03148.jpg,exact_duplicate_dhash_d0
/home/z/my-project/Factory-AI/datasets/production/dfire/train/images/AoF03154.jpg,/home/z/my-project/Factory-AI/datasets/production/dfire/train/images/AoF03148.jpg,exact_duplicate_dhash_d0
/home/z/my-project/Factory-AI/datasets/production/dfire/train/images/AoF03155.jpg,/home/z/my-project/Factory-AI/datasets/production/dfire/test/images/AoF07529.jpg,exact_duplicate_dhash_d0
/home/z/my-project/Factory-AI/datasets/production/dfire/train/images/AoF03156.jpg,/home/z/my-project/Factory-AI/datasets/production/dfire/test/images/AoF07529.jpg,exact_duplicate_dhash_d0
/home/z/my-project/Factory-AI/datasets/production/dfire/train/images/AoF03165.jpg,/home/z/my-project/Factory-AI/datasets/production/dfire/train/images/AoF03164.jpg,exact_duplicate_dhash_d0
/home/z/my-project/Factory-AI/datasets/production/dfire/train/images/AoF03169.jpg,/home/z/my-project/Factory-AI/datasets/production/dfire/train/images/AoF03168.jpg,exact_duplicate_dhash_d0
/home/z/my-project/Factory-AI/datasets/production/dfire/train/images/AoF03175.jpg,/home/z/my-project/Factory-AI/datasets/production/dfire/test/images/AoF07535.jpg,exact_duplicate_dhash_d0
/home/z/my-project/Factory-AI/datasets/production/dfire/train/images/AoF03176.jpg,/home/z/my-project/Factory-AI/datasets/production/dfire/test/images/AoF07535.jpg,exact_duplicate_dhash_d0
/home/z/my-project/Factory-AI/datasets/production/dfire/train/images/AoF03177.jpg,/home/z/my-project/Factory-AI/datasets/production/dfire/test/images/AoF07530.jpg,exact_duplicate_dhash_d0
/home/z/my-project/Factory-AI/datasets/production/dfire/train/images/AoF03179.jpg,/home/z/my-project/Factory-AI/datasets/production/dfire/train/images/AoF03174.jpg,exact_duplicate_dhash_d0
/home/z/my-project/Factory-AI/datasets/production/dfire/train/images/AoF03180.jpg,/home/z/my-project/Factory-AI/datasets/production/dfire/test/images/AoF07535.jpg,exact_duplicate_dhash_d0
/home/z/my-project/Factory-AI/datasets/production/dfire/train/images/AoF03181.jpg,/home/z/my-project/Factory-AI/datasets/production/dfire/test/images/AoF07532.jpg,exact_duplicate_dhash_d0
/home/z/my-project/Factory-AI/datasets/production/dfire/train/images/AoF03182.jpg,/home/z/my-project/Factory-AI/datasets/production/dfire/test/images/AoF07531.jpg,exact_duplicate_dhash_d0
/home/z/my-project/Factory-AI/datasets/production/dfire/train/images/AoF03184.jpg,/home/z/my-project/Factory-AI/datasets/production/dfire/test/images/AoF07535.jpg,exact_duplicate_dhash_d0
/home/z/my-project/Factory-AI/datasets/production/dfire/train/images/AoF03185.jpg,/home/z/my-project/Factory-AI/datasets/production/dfire/test/images/AoF07535.jpg,exact_duplicate_dhash_d0
/home/z/my-project/Factory-AI/datasets/production/dfire/train/images/AoF03186.jpg,/home/z/my-project/Factory-AI/datasets/production/dfire/test/images/AoF07535.jpg,exact_duplicate_dhash_d0
/home/z/my-project/Factory-AI/datasets/production/dfire/train/images/AoF03187.jpg,/home/z/my-project/Factory-AI/datasets/production/dfire/test/images/AoF07532.jpg,exact_duplicate_dhash_d0
/home/z/my-project/Factory-AI/datasets/production/dfire/train/images/AoF03188.jpg,/home/z/my-project/Factory-AI/datasets/production/dfire/test/images/AoF07532.jpg,exact_duplicate_dhash_d0
/home/z/my-project/Factory-AI/datasets/production/dfire/train/images/AoF03189.jpg,/home/z/my-project/Factory-AI/datasets/production/dfire/test/images/AoF07535.jpg,exact_duplicate_dhash_d0
/home/z/my-project/Factory-AI/datasets/production/dfire/train/images/AoF03191.jpg,/home/z/my-project/Factory-AI/datasets/production/dfire/test/images/AoF07532.jpg,exact_duplicate_dhash_d0
/home/z/my-project/Factory-AI/datasets/production/dfire/train/images/AoF03192.jpg,/home/z/my-project/Factory-AI/datasets/production/dfire/test/images/AoF07532.jpg,exact_duplicate_dhash_d0
/home/z/my-project/Factory-AI/datasets/production/dfire/train/images/AoF03193.jpg,/home/z/my-project/Factory-AI/datasets/production/dfire/test/images/AoF07535.jpg,exact_duplicate_dhash_d0
/home/z/my-project/Factory-AI/datasets/production/dfire/train/images/AoF03194.jpg,/home/z/my-project/Factory-AI/datasets/production/dfire/test/images/AoF07535.jpg,exact_duplicate_dhash_d0
/home/z/my-project/Factory-AI/datasets/production/dfire/train/images/AoF03195.jpg,/home/z/my-project/Factory-AI/datasets/production/dfire/test/images/AoF07535.jpg,exact_duplicate_dhash_d0
/home/z/my-project/Factory-AI/datasets/production/dfire/train/images/AoF03198.jpg,/home/z/my-project/Factory-AI/datasets/production/dfire/test/images/AoF07532.jpg,exact_duplicate_dhash_d0
/home/z/my-project/Factory-AI/datasets/production/dfire/train/images/AoF03199.jpg,/home/z/my-project/Factory-AI/datasets/production/dfire/test/images/AoF07532.jpg,exact_duplicate_dhash_d0
/home/z/my-project/Factory-AI/datasets/production/dfire/train/images/AoF03200.jpg,/home/z/my-project/Factory-AI/datasets/production/dfire/test/images/AoF07535.jpg,exact_duplicate_dhash_d0
/home/z/my-project/Factory-AI/datasets/production/dfire/train/images/AoF03202.jpg,/home/z/my-project/Factory-AI/datasets/production/dfire/test/images/AoF07542.jpg,exact_duplicate_dhash_d0
/home/z/my-project/Factory-AI/datasets/production/dfire/train/images/AoF03203.jpg,/home/z/my-project/Factory-AI/datasets/production/dfire/test/images/AoF07545.jpg,exact_duplicate_dhash_d0
/home/z/my-project/Factory-AI/datasets/production/dfire/train/images/AoF03204.jpg,/home/z/my-project/Factory-AI/datasets/production/dfire/test/images/AoF07545.jpg,exact_duplicate_dhash_d0
/home/z/my-project/Factory-AI/datasets/production/dfire/train/images/AoF03205.jpg,/home/z/my-project/Factory-AI/datasets/production/dfire/test/images/AoF07542.jpg,exact_duplicate_dhash_d0
/home/z/my-project/Factory-AI/datasets/production/dfire/train/images/AoF03206.jpg,/home/z/my-project/Factory-AI/datasets/production/dfire/test/images/AoF07542.jpg,exact_duplicate_dhash_d0
/home/z/my-project/Factory-AI/datasets/production/dfire/train/images/AoF03207.jpg,/home/z/my-project/Factory-AI/datasets/production/dfire/test/images/AoF07542.jpg,exact_duplicate_dhash_d0
/home/z/my-project/Factory-AI/datasets/production/dfire/train/images/AoF03208.jpg,/home/z/my-project/Factory-AI/datasets/production/dfire/test/images/AoF07542.jpg,exact_duplicate_dhash_d0
/home/z/my-project/Factory-AI/datasets/production/dfire/train/images/AoF03211.jpg,/home/z/my-project/Factory-AI/datasets/production/dfire/train/images/AoF03210.jpg,exact_duplicate_dhash_d0
/home/z/my-project/Factory-AI/datasets/production/dfire/train/images/AoF03213.jpg,/home/z/my-project/Factory-AI/datasets/production/dfire/train/images/AoF03210.jpg,exact_duplicate_dhash_d0
/home/z/my-project/Factory-AI/datasets/production/dfire/train/images/AoF03214.jpg,/home/z/my-project/Factory-AI/datasets/production/dfire/train/images/AoF03210.jpg,exact_duplicate_dhash_d0
/home/z/my-project/Factory-AI/datasets/production/dfire/train/images/AoF03217.jpg,/home/z/my-project/Factory-AI/datasets/production/dfire/train/images/AoF03216.jpg,exact_duplicate_dhash_d0
/home/z/my-project/Factory-AI/datasets/production/dfire/train/images/AoF03218.jpg,/home/z/my-project/Factory-AI/datasets/production/dfire/train/images/AoF03216.jpg,exact_duplicate_dhash_d0
/home/z/my-project/Factory-AI/datasets/production/dfire/train/images/AoF03219.jpg,/home/z/my-project/Factory-AI/datasets/production/dfire/train/images/AoF03216.jpg,exact_duplicate_dhash_d0
/home/z/my-project/Factory-AI/datasets/production/dfire/train/images/AoF03220.jpg,/home/z/my-project/Factory-AI/datasets/production/dfire/train/images/AoF03216.jpg,exact_duplicate_dhash_d0
/home/z/my-project/Factory-AI/datasets/production/dfire/train/images/AoF03221.jpg,/home/z/my-project/Factory-AI/datasets/production/dfire/train/images/AoF03216.jpg,exact_duplicate_dhash_d0
/home/z/my-project/Factory-AI/datasets/production/dfire/train/images/AoF03230.jpg,/home/z/my-project/Factory-AI/datasets/production/dfire/train/images/AoF03229.jpg,exact_duplicate_dhash_d0
/home/z/my-project/Factory-AI/datasets/production/dfire/train/images/AoF03240.jpg,/home/z/my-project/Factory-AI/datasets/production/dfire/test/images/AoF07547.jpg,exact_duplicate_dhash_d0
/home/z/my-project/Factory-AI/datasets/production/dfire/train/images/AoF03241.jpg,/home/z/my-project/Factory-AI/datasets/production/dfire/train/images/AoF03229.jpg,exact_duplicate_dhash_d0
/home/z/my-project/Factory-AI/datasets/production/dfire/train/images/AoF03242.jpg,/home/z/my-project/Factory-AI/datasets/production/dfire/train/images/AoF03229.jpg,exact_duplicate_dhash_d0
/home/z/my-project/Factory-AI/datasets/production/dfire/train/images/AoF03246.jpg,/home/z/my-project/Factory-AI/datasets/production/dfire/test/images/AoF07547.jpg,exact_duplicate_dhash_d0
/home/z/my-project/Factory-AI/datasets/production/dfire/train/images/AoF03247.jpg,/home/z/my-project/Factory-AI/datasets/production/dfire/train/images/AoF03229.jpg,exact_duplicate_dhash_d0
/home/z/my-project/Factory-AI/datasets/production/dfire/train/images/AoF03248.jpg,/home/z/my-project/Factory-AI/datasets/production/dfire/train/images/AoF03229.jpg,exact_duplicate_dhash_d0
/home/z/my-project/Factory-AI/datasets/production/dfire/train/images/AoF03252.jpg,/home/z/my-project/Factory-AI/datasets/production/dfire/test/images/AoF07547.jpg,exact_duplicate_dhash_d0
/home/z/my-project/Factory-AI/datasets/production/dfire/train/images/AoF03253.jpg,/home/z/my-project/Factory-AI/datasets/production/dfire/train/images/AoF03233.jpg,exact_duplicate_dhash_d0
/home/z/my-project/Factory-AI/datasets/production/dfire/train/images/AoF03254.jpg,/home/z/my-project/Factory-AI/datasets/production/dfire/train/images/AoF03229.jpg,exact_duplicate_dhash_d0
/home/z/my-project/Factory-AI/datasets/production/dfire/train/images/AoF03255.jpg,/home/z/my-project/Factory-AI/datasets/production/dfire/train/images/AoF03244.jpg,exact_duplicate_dhash_d0
/home/z/my-project/Factory-AI/datasets/production/dfire/train/images/AoF03258.jpg,/home/z/my-project/Factory-AI/datasets/production/dfire/test/images/AoF07550.jpg,exact_duplicate_dhash_d0
/home/z/my-project/Factory-AI/datasets/production/dfire/train/images/AoF03260.jpg,/home/z/my-project/Factory-AI/datasets/production/dfire/test/images/AoF07550.jpg,exact_duplicate_dhash_d0
/home/z/my-project/Factory-AI/datasets/production/dfire/train/images/AoF03261.jpg,/home/z/my-project/Factory-AI/datasets/production/dfire/test/images/AoF07553.jpg,exact_duplicate_dhash_d0
/home/z/my-project/Factory-AI/datasets/production/dfire/train/images/AoF03262.jpg,/home/z/my-project/Factory-AI/datasets/production/dfire/test/images/AoF07553.jpg,exact_duplicate_dhash_d0
/home/z/my-project/Factory-AI/datasets/production/dfire/train/images/AoF03263.jpg,/home/z/my-project/Factory-AI/datasets/production/dfire/test/images/AoF07553.jpg,exact_duplicate_dhash_d0
/home/z/my-project/Factory-AI/datasets/production/dfire/train/images/AoF03264.jpg,/home/z/my-project/Factory-AI/datasets/production/dfire/test/images/AoF07553.jpg,exact_duplicate_dhash_d0
/home/z/my-project/Factory-AI/datasets/production/dfire/train/images/AoF03266.jpg,/home/z/my-project/Factory-AI/datasets/production/dfire/test/images/AoF07554.jpg,exact_duplicate_dhash_d0
/home/z/my-project/Factory-AI/datasets/production/dfire/train/images/AoF03267.jpg,/home/z/my-project/Factory-AI/datasets/production/dfire/test/images/AoF07554.jpg,exact_duplicate_dhash_d0
/home/z/my-project/Factory-AI/datasets/production/dfire/train/images/AoF03268.jpg,/home/z/my-project/Factory-AI/datasets/production/dfire/test/images/AoF07554.jpg,exact_duplicate_dhash_d0
/home/z/my-project/Factory-AI/datasets/production/dfire/train/images/AoF03269.jpg,/home/z/my-project/Factory-AI/datasets/production/dfire/test/images/AoF07554.jpg,exact_duplicate_dhash_d0
/home/z/my-project/Factory-AI/datasets/production/dfire/train/images/AoF03270.jpg,/home/z/my-project/Factory-AI/datasets/production/dfire/test/images/AoF07554.jpg,exact_duplicate_dhash_d0
/home/z/my-project/Factory-AI/datasets/production/dfire/train/images/AoF03271.jpg,/home/z/my-project/Factory-AI/datasets/production/dfire/test/images/AoF07554.jpg,exact_duplicate_dhash_d0
/home/z/my-project/Factory-AI/datasets/production/dfire/train/images/AoF03272.jpg,/home/z/my-project/Factory-AI/datasets/production/dfire/test/images/AoF07554.jpg,exact_duplicate_dhash_d0
/home/z/my-project/Factory-AI/datasets/production/dfire/train/images/AoF03273.jpg,/home/z/my-project/Factory-AI/datasets/production/dfire/test/images/AoF07554.jpg,exact_duplicate_dhash_d0
/home/z/my-project/Factory-AI/datasets/production/dfire/train/images/AoF03274.jpg,/home/z/my-project/Factory-AI/datasets/production/dfire/test/images/AoF07554.jpg,exact_duplicate_dhash_d0
/home/z/my-project/Factory-AI/datasets/production/dfire/train/images/AoF03275.jpg,/home/z/my-project/Factory-AI/datasets/production/dfire/test/images/AoF07554.jpg,exact_duplicate_dhash_d0
/home/z/my-project/Factory-AI/datasets/production/dfire/train/images/AoF03276.jpg,/home/z/my-project/Factory-AI/datasets/production/dfire/test/images/AoF07557.jpg,exact_duplicate_dhash_d0
/home/z/my-project/Factory-AI/datasets/production/dfire/train/images/AoF03277.jpg,/home/z/my-project/Factory-AI/datasets/production/dfire/test/images/AoF07557.jpg,exact_duplicate_dhash_d0
/home/z/my-project/Factory-AI/datasets/production/dfire/train/images/AoF03280.jpg,/home/z/my-project/Factory-AI/datasets/production/dfire/train/images/AoF03278.jpg,exact_duplicate_dhash_d0
/home/z/my-project/Factory-AI/datasets/production/dfire/train/images/AoF03292.jpg,/home/z/my-project/Factory-AI/datasets/production/dfire/test/images/AoF07561.jpg,exact_duplicate_dhash_d0
/home/z/my-project/Factory-AI/datasets/production/dfire/train/images/AoF03293.jpg,/home/z/my-project/Factory-AI/datasets/production/dfire/test/images/AoF07561.jpg,exact_duplicate_dhash_d0
/home/z/my-project/Factory-AI/datasets/production/dfire/train/images/AoF03294.jpg,/home/z/my-project/Factory-AI/datasets/production/dfire/test/images/AoF07561.jpg,exact_duplicate_dhash_d0
/home/z/my-project/Factory-AI/datasets/production/dfire/train/images/AoF03295.jpg,/home/z/my-project/Factory-AI/datasets/production/dfire/test/images/AoF07561.jpg,exact_duplicate_dhash_d0
/home/z/my-project/Factory-AI/datasets/production/dfire/train/images/AoF03297.jpg,/home/z/my-project/Factory-AI/datasets/production/dfire/test/images/AoF07561.jpg,exact_duplicate_dhash_d0
/home/z/my-project/Factory-AI/datasets/production/dfire/train/images/AoF03299.jpg,/home/z/my-project/Factory-AI/datasets/production/dfire/train/images/AoF03298.jpg,exact_duplicate_dhash_d0
/home/z/my-project/Factory-AI/datasets/production/dfire/train/images/AoF03303.jpg,/home/z/my-project/Factory-AI/datasets/production/dfire/train/images/AoF03302.jpg,exact_duplicate_dhash_d0
/home/z/my-project/Factory-AI/datasets/production/dfire/train/images/AoF03311.jpg,/home/z/my-project/Factory-AI/datasets/production/dfire/test/images/AoF07565.jpg,exact_duplicate_dhash_d0
/home/z/my-project/Factory-AI/datasets/production/dfire/train/images/AoF03314.jpg,/home/z/my-project/Factory-AI/datasets/production/dfire/train/images/AoF03312.jpg,exact_duplicate_dhash_d0
/home/z/my-project/Factory-AI/datasets/production/dfire/train/images/AoF03315.jpg,/home/z/my-project/Factory-AI/datasets/production/dfire/train/images/AoF03312.jpg,exact_duplicate_dhash_d0
/home/z/my-project/Factory-AI/datasets/production/dfire/train/images/AoF03318.jpg,/home/z/my-project/Factory-AI/datasets/production/dfire/train/images/AoF03312.jpg,exact_duplicate_dhash_d0
/home/z/my-project/Factory-AI/datasets/production/dfire/train/images/AoF03322.jpg,/home/z/my-project/Factory-AI/datasets/production/dfire/test/images/AoF07567.jpg,exact_duplicate_dhash_d0
/home/z/my-project/Factory-AI/datasets/production/dfire/train/images/AoF03323.jpg,/home/z/my-project/Factory-AI/datasets/production/dfire/train/images/AoF03320.jpg,exact_duplicate_dhash_d0
/home/z/my-project/Factory-AI/datasets/production/dfire/train/images/AoF03325.jpg,/home/z/my-project/Factory-AI/datasets/production/dfire/test/images/AoF07568.jpg,exact_duplicate_dhash_d0
/home/z/my-project/Factory-AI/datasets/production/dfire/train/images/AoF03327.jpg,/home/z/my-project/Factory-AI/datasets/production/dfire/test/images/AoF07568.jpg,exact_duplicate_dhash_d0
/home/z/my-project/Factory-AI/datasets/production/dfire/train/images/AoF03328.jpg,/home/z/my-project/Factory-AI/datasets/production/dfire/test/images/AoF07568.jpg,exact_duplicate_dhash_d0
/home/z/my-project/Factory-AI/datasets/production/dfire/train/images/AoF03329.jpg,/home/z/my-project/Factory-AI/datasets/production/dfire/test/images/AoF07568.jpg,exact_duplicate_dhash_d0
/home/z/my-project/Factory-AI/datasets/production/dfire/train/images/AoF03331.jpg,/home/z/my-project/Factory-AI/datasets/production/dfire/train/images/AoF03330.jpg,exact_duplicate_dhash_d0
/home/z/my-project/Factory-AI/datasets/production/dfire/train/images/AoF03334.jpg,/home/z/my-project/Factory-AI/datasets/production/dfire/train/images/AoF03332.jpg,exact_duplicate_dhash_d0
/home/z/my-project/Factory-AI/datasets/production/dfire/train/images/AoF03336.jpg,/home/z/my-project/Factory-AI/datasets/production/dfire/train/images/AoF03335.jpg,exact_duplicate_dhash_d0
/home/z/my-project/Factory-AI/datasets/production/dfire/train/images/AoF03339.jpg,/home/z/my-project/Factory-AI/datasets/production/dfire/train/images/AoF03338.jpg,exact_duplicate_dhash_d0
/home/z/my-project/Factory-AI/datasets/production/dfire/train/images/AoF03340.jpg,/home/z/my-project/Factory-AI/datasets/production/dfire/train/images/AoF03338.jpg,exact_duplicate_dhash_d0
/home/z/my-project/Factory-AI/datasets/production/dfire/train/images/AoF03341.jpg,/home/z/my-project/Factory-AI/datasets/production/dfire/train/images/AoF03338.jpg,exact_duplicate_dhash_d0
/home/z/my-project/Factory-AI/datasets/production/dfire/train/images/AoF03345.jpg,/home/z/my-project/Factory-AI/datasets/production/dfire/train/images/AoF03344.jpg,exact_duplicate_dhash_d0
/home/z/my-project/Factory-AI/datasets/production/dfire/train/images/AoF03346.jpg,/home/z/my-project/Factory-AI/datasets/production/dfire/train/images/AoF03344.jpg,exact_duplicate_dhash_d0
/home/z/my-project/Factory-AI/datasets/production/dfire/train/images/AoF03347.jpg,/home/z/my-project/Factory-AI/datasets/production/dfire/train/images/AoF03344.jpg,exact_duplicate_dhash_d0
/home/z/my-project/Factory-AI/datasets/production/dfire/train/images/AoF03348.jpg,/home/z/my-project/Factory-AI/datasets/production/dfire/train/images/AoF03344.jpg,exact_duplicate_dhash_d0
/home/z/my-project/Factory-AI/datasets/production/dfire/train/images/AoF03350.jpg,/home/z/my-project/Factory-AI/datasets/production/dfire/train/images/AoF03349.jpg,exact_duplicate_dhash_d0
/home/z/my-project/Factory-AI/datasets/production/dfire/train/images/AoF03351.jpg,/home/z/my-project/Factory-AI/datasets/production/dfire/train/images/AoF03349.jpg,exact_duplicate_dhash_d0
/home/z/my-project/Factory-AI/datasets/production/dfire/train/images/AoF03355.jpg,/home/z/my-project/Factory-AI/datasets/production/dfire/train/images/AoF03353.jpg,exact_duplicate_dhash_d0
/home/z/my-project/Factory-AI/datasets/production/dfire/train/images/AoF03358.jpg,/home/z/my-project/Factory-AI/datasets/production/dfire/train/images/AoF03356.jpg,exact_duplicate_dhash_d0
/home/z/my-project/Factory-AI/datasets/production/dfire/train/images/AoF03359.jpg,/home/z/my-project/Factory-AI/datasets/production/dfire/train/images/AoF03357.jpg,exact_duplicate_dhash_d0
/home/z/my-project/Factory-AI/datasets/production/dfire/train/images/AoF03360.jpg,/home/z/my-project/Factory-AI/datasets/production/dfire/train/images/AoF03356.jpg,exact_duplicate_dhash_d0
/home/z/my-project/Factory-AI/datasets/production/dfire/train/images/AoF03361.jpg,/home/z/my-project/Factory-AI/datasets/production/dfire/train/images/AoF03356.jpg,exact_duplicate_dhash_d0
/home/z/my-project/Factory-AI/datasets/production/dfire/train/images/AoF03363.jpg,/home/z/my-project/Factory-AI/datasets/production/dfire/test/images/AoF07570.jpg,exact_duplicate_dhash_d0
/home/z/my-project/Factory-AI/datasets/production/dfire/train/images/AoF03365.jpg,/home/z/my-project/Factory-AI/datasets/production/dfire/test/images/AoF07570.jpg,exact_duplicate_dhash_d0
/home/z/my-project/Factory-AI/datasets/production/dfire/train/images/AoF03366.jpg,/home/z/my-project/Factory-AI/datasets/production/dfire/test/images/AoF07570.jpg,exact_duplicate_dhash_d0
/home/z/my-project/Factory-AI/datasets/production/dfire/train/images/AoF03367.jpg,/home/z/my-project/Factory-AI/datasets/production/dfire/train/images/AoF03362.jpg,exact_duplicate_dhash_d0
/home/z/my-project/Factory-AI/datasets/production/dfire/train/images/AoF03369.jpg,/home/z/my-project/Factory-AI/datasets/production/dfire/train/images/AoF03368.jpg,exact_duplicate_dhash_d0
/home/z/my-project/Factory-AI/datasets/production/dfire/train/images/AoF03370.jpg,/home/z/my-project/Factory-AI/datasets/production/dfire/train/images/AoF03368.jpg,exact_duplicate_dhash_d0
/home/z/my-project/Factory-AI/datasets/production/dfire/train/images/AoF03371.jpg,/home/z/my-project/Factory-AI/datasets/production/dfire/train/images/AoF03368.jpg,exact_duplicate_dhash_d0
/home/z/my-project/Factory-AI/datasets/production/dfire/train/images/AoF03373.jpg,/home/z/my-project/Factory-AI/datasets/production/dfire/train/images/AoF03372.jpg,exact_duplicate_dhash_d0
/home/z/my-project/Factory-AI/datasets/production/dfire/train/images/AoF03377.jpg,/home/z/my-project/Factory-AI/datasets/production/dfire/train/images/AoF03376.jpg,exact_duplicate_dhash_d0
/home/z/my-project/Factory-AI/datasets/production/dfire/train/images/AoF03378.jpg,/home/z/my-project/Factory-AI/datasets/production/dfire/train/images/AoF03376.jpg,exact_duplicate_dhash_d0
/home/z/my-project/Factory-AI/datasets/production/dfire/train/images/AoF03379.jpg,/home/z/my-project/Factory-AI/datasets/production/dfire/train/images/AoF03376.jpg,exact_duplicate_dhash_d0
/home/z/my-project/Factory-AI/datasets/production/dfire/train/images/AoF03380.jpg,/home/z/my-project/Factory-AI/datasets/production/dfire/train/images/AoF03376.jpg,exact_duplicate_dhash_d0
/home/z/my-project/Factory-AI/datasets/production/dfire/train/images/AoF03383.jpg,/home/z/my-project/Factory-AI/datasets/production/dfire/train/images/AoF03382.jpg,exact_duplicate_dhash_d0
/home/z/my-project/Factory-AI/datasets/production/dfire/train/images/AoF03384.jpg,/home/z/my-project/Factory-AI/datasets/production/dfire/train/images/AoF03382.jpg,exact_duplicate_dhash_d0
/home/z/my-project/Factory-AI/datasets/production/dfire/train/images/AoF03390.jpg,/home/z/my-project/Factory-AI/datasets/production/dfire/test/images/AoF07572.jpg,exact_duplicate_dhash_d0
/home/z/my-project/Factory-AI/datasets/production/dfire/train/images/AoF03391.jpg,/home/z/my-project/Factory-AI/datasets/production/dfire/test/images/AoF07572.jpg,exact_duplicate_dhash_d0
/home/z/my-project/Factory-AI/datasets/production/dfire/train/images/AoF03393.jpg,/home/z/my-project/Factory-AI/datasets/production/dfire/train/images/AoF03392.jpg,exact_duplicate_dhash_d0
/home/z/my-project/Factory-AI/datasets/production/dfire/train/images/AoF03394.jpg,/home/z/my-project/Factory-AI/datasets/production/dfire/train/images/AoF03392.jpg,exact_duplicate_dhash_d0
/home/z/my-project/Factory-AI/datasets/production/dfire/train/images/AoF03396.jpg,/home/z/my-project/Factory-AI/datasets/production/dfire/train/images/AoF03392.jpg,exact_duplicate_dhash_d0
/home/z/my-project/Factory-AI/datasets/production/dfire/train/images/AoF03397.jpg,/home/z/my-project/Factory-AI/datasets/production/dfire/train/images/AoF03392.jpg,exact_duplicate_dhash_d0
/home/z/my-project/Factory-AI/datasets/production/dfire/train/images/AoF03398.jpg,/home/z/my-project/Factory-AI/datasets/production/dfire/train/images/AoF03392.jpg,exact_duplicate_dhash_d0
/home/z/my-project/Factory-AI/datasets/production/dfire/train/images/AoF03399.jpg,/home/z/my-project/Factory-AI/datasets/production/dfire/test/images/AoF07573.jpg,exact_duplicate_dhash_d0
/home/z/my-project/Factory-AI/datasets/production/dfire/train/images/AoF03400.jpg,/home/z/my-project/Factory-AI/datasets/production/dfire/test/images/AoF07573.jpg,exact_duplicate_dhash_d0
/home/z/my-project/Factory-AI/datasets/production/dfire/train/images/AoF03401.jpg,/home/z/my-project/Factory-AI/datasets/production/dfire/test/images/AoF07573.jpg,exact_duplicate_dhash_d0
/home/z/my-project/Factory-AI/datasets/production/dfire/train/images/AoF03402.jpg,/home/z/my-project/Factory-AI/datasets/production/dfire/test/images/AoF07576.jpg,exact_duplicate_dhash_d0
/home/z/my-project/Factory-AI/datasets/production/dfire/train/images/AoF03405.jpg,/home/z/my-project/Factory-AI/datasets/production/dfire/train/images/AoF03404.jpg,exact_duplicate_dhash_d0
/home/z/my-project/Factory-AI/datasets/production/dfire/train/images/AoF03406.jpg,/home/z/my-project/Factory-AI/datasets/production/dfire/train/images/AoF03404.jpg,exact_duplicate_dhash_d0
/home/z/my-project/Factory-AI/datasets/production/dfire/train/images/AoF03407.jpg,/home/z/my-project/Factory-AI/datasets/production/dfire/train/images/AoF03404.jpg,exact_duplicate_dhash_d0
/home/z/my-project/Factory-AI/datasets/production/dfire/train/images/AoF03408.jpg,/home/z/my-project/Factory-AI/datasets/production/dfire/test/images/AoF07577.jpg,exact_duplicate_dhash_d0
/home/z/my-project/Factory-AI/datasets/production/dfire/train/images/AoF03409.jpg,/home/z/my-project/Factory-AI/datasets/production/dfire/test/images/AoF07578.jpg,exact_duplicate_dhash_d0
/home/z/my-project/Factory-AI/datasets/production/dfire/train/images/AoF03410.jpg,/home/z/my-project/Factory-AI/datasets/production/dfire/test/images/AoF07578.jpg,exact_duplicate_dhash_d0
/home/z/my-project/Factory-AI/datasets/production/dfire/train/images/AoF03412.jpg,/home/z/my-project/Factory-AI/datasets/production/dfire/test/images/AoF07579.jpg,exact_duplicate_dhash_d0
/home/z/my-project/Factory-AI/datasets/production/dfire/train/images/AoF03413.jpg,/home/z/my-project/Factory-AI/datasets/production/dfire/test/images/AoF07579.jpg,exact_duplicate_dhash_d0
/home/z/my-project/Factory-AI/datasets/production/dfire/train/images/AoF03414.jpg,/home/z/my-project/Factory-AI/datasets/production/dfire/test/images/AoF07579.jpg,exact_duplicate_dhash_d0
/home/z/my-project/Factory-AI/datasets/production/dfire/train/images/AoF03418.jpg,/home/z/my-project/Factory-AI/datasets/production/dfire/test/images/AoF07579.jpg,exact_duplicate_dhash_d0
/home/z/my-project/Factory-AI/datasets/production/dfire/train/images/AoF03419.jpg,/home/z/my-project/Factory-AI/datasets/production/dfire/test/images/AoF07579.jpg,exact_duplicate_dhash_d0
/home/z/my-project/Factory-AI/datasets/production/dfire/train/images/AoF03422.jpg,/home/z/my-project/Factory-AI/datasets/production/dfire/train/images/AoF03421.jpg,exact_duplicate_dhash_d0
/home/z/my-project/Factory-AI/datasets/production/dfire/train/images/AoF03423.jpg,/home/z/my-project/Factory-AI/datasets/production/dfire/train/images/AoF03420.jpg,exact_duplicate_dhash_d0
/home/z/my-project/Factory-AI/datasets/production/dfire/train/images/AoF03425.jpg,/home/z/my-project/Factory-AI/datasets/production/dfire/test/images/AoF07585.jpg,exact_duplicate_dhash_d0
/home/z/my-project/Factory-AI/datasets/production/dfire/train/images/AoF03427.jpg,/home/z/my-project/Factory-AI/datasets/production/dfire/test/images/AoF07585.jpg,exact_duplicate_dhash_d0
/home/z/my-project/Factory-AI/datasets/production/dfire/train/images/AoF03429.jpg,/home/z/my-project/Factory-AI/datasets/production/dfire/train/images/AoF03421.jpg,exact_duplicate_dhash_d0
/home/z/my-project/Factory-AI/datasets/production/dfire/train/images/AoF03430.jpg,/home/z/my-project/Factory-AI/datasets/production/dfire/test/images/AoF07585.jpg,exact_duplicate_dhash_d0
/home/z/my-project/Factory-AI/datasets/production/dfire/train/images/AoF03435.jpg,/home/z/my-project/Factory-AI/datasets/production/dfire/test/images/AoF07587.jpg,exact_duplicate_dhash_d0
/home/z/my-project/Factory-AI/datasets/production/dfire/train/images/AoF03436.jpg,/home/z/my-project/Factory-AI/datasets/production/dfire/test/images/AoF07589.jpg,exact_duplicate_dhash_d0
/home/z/my-project/Factory-AI/datasets/production/dfire/train/images/AoF03440.jpg,/home/z/my-project/Factory-AI/datasets/production/dfire/test/images/AoF07593.jpg,exact_duplicate_dhash_d0
/home/z/my-project/Factory-AI/datasets/production/dfire/train/images/AoF03441.jpg,/home/z/my-project/Factory-AI/datasets/production/dfire/test/images/AoF07593.jpg,exact_duplicate_dhash_d0
/home/z/my-project/Factory-AI/datasets/production/dfire/train/images/AoF03442.jpg,/home/z/my-project/Factory-AI/datasets/production/dfire/test/images/AoF07592.jpg,exact_duplicate_dhash_d0
/home/z/my-project/Factory-AI/datasets/production/dfire/train/images/AoF03444.jpg,/home/z/my-project/Factory-AI/datasets/production/dfire/test/images/AoF07591.jpg,exact_duplicate_dhash_d0
/home/z/my-project/Factory-AI/datasets/production/dfire/train/images/AoF03445.jpg,/home/z/my-project/Factory-AI/datasets/production/dfire/test/images/AoF07593.jpg,exact_duplicate_dhash_d0
/home/z/my-project/Factory-AI/datasets/production/dfire/train/images/AoF03446.jpg,/home/z/my-project/Factory-AI/datasets/production/dfire/test/images/AoF07592.jpg,exact_duplicate_dhash_d0
/home/z/my-project/Factory-AI/datasets/production/dfire/train/images/AoF03447.jpg,/home/z/my-project/Factory-AI/datasets/production/dfire/test/images/AoF07593.jpg,exact_duplicate_dhash_d0
/home/z/my-project/Factory-AI/datasets/production/dfire/train/images/AoF03448.jpg,/home/z/my-project/Factory-AI/datasets/production/dfire/test/images/AoF07592.jpg,exact_duplicate_dhash_d0
/home/z/my-project/Factory-AI/datasets/production/dfire/train/images/AoF03449.jpg,/home/z/my-project/Factory-AI/datasets/production/dfire/test/images/AoF07593.jpg,exact_duplicate_dhash_d0
/home/z/my-project/Factory-AI/datasets/production/dfire/train/images/AoF03450.jpg,/home/z/my-project/Factory-AI/datasets/production/dfire/test/images/AoF07593.jpg,exact_duplicate_dhash_d0
/home/z/my-project/Factory-AI/datasets/production/dfire/train/images/AoF03451.jpg,/home/z/my-project/Factory-AI/datasets/production/dfire/test/images/AoF07592.jpg,exact_duplicate_dhash_d0
/home/z/my-project/Factory-AI/datasets/production/dfire/train/images/AoF03452.jpg,/home/z/my-project/Factory-AI/datasets/production/dfire/test/images/AoF07592.jpg,exact_duplicate_dhash_d0
/home/z/my-project/Factory-AI/datasets/production/dfire/train/images/AoF03453.jpg,/home/z/my-project/Factory-AI/datasets/production/dfire/train/images/AoF03443.jpg,exact_duplicate_dhash_d0
/home/z/my-project/Factory-AI/datasets/production/dfire/train/images/AoF03454.jpg,/home/z/my-project/Factory-AI/datasets/production/dfire/test/images/AoF07591.jpg,exact_duplicate_dhash_d0
/home/z/my-project/Factory-AI/datasets/production/dfire/train/images/AoF03455.jpg,/home/z/my-project/Factory-AI/datasets/production/dfire/test/images/AoF07591.jpg,exact_duplicate_dhash_d0
/home/z/my-project/Factory-AI/datasets/production/dfire/train/images/AoF03456.jpg,/home/z/my-project/Factory-AI/datasets/production/dfire/test/images/AoF07591.jpg,exact_duplicate_dhash_d0
/home/z/my-project/Factory-AI/datasets/production/dfire/train/images/AoF03457.jpg,/home/z/my-project/Factory-AI/datasets/production/dfire/test/images/AoF07593.jpg,exact_duplicate_dhash_d0
/home/z/my-project/Factory-AI/datasets/production/dfire/train/images/AoF03459.jpg,/home/z/my-project/Factory-AI/datasets/production/dfire/test/images/AoF07592.jpg,exact_duplicate_dhash_d0
/home/z/my-project/Factory-AI/datasets/production/dfire/train/images/AoF03460.jpg,/home/z/my-project/Factory-AI/datasets/production/dfire/test/images/AoF07591.jpg,exact_duplicate_dhash_d0
/home/z/my-project/Factory-AI/datasets/production/dfire/train/images/AoF03462.jpg,/home/z/my-project/Factory-AI/datasets/production/dfire/test/images/AoF07591.jpg,exact_duplicate_dhash_d0
/home/z/my-project/Factory-AI/datasets/production/dfire/train/images/AoF03463.jpg,/home/z/my-project/Factory-AI/datasets/production/dfire/test/images/AoF07591.jpg,exact_duplicate_dhash_d0
/home/z/my-project/Factory-AI/datasets/production/dfire/train/images/AoF03464.jpg,/home/z/my-project/Factory-AI/datasets/production/dfire/test/images/AoF07591.jpg,exact_duplicate_dhash_d0
/home/z/my-project/Factory-AI/datasets/production/dfire/train/images/AoF03465.jpg,/home/z/my-project/Factory-AI/datasets/production/dfire/test/images/AoF07591.jpg,exact_duplicate_dhash_d0
/home/z/my-project/Factory-AI/datasets/production/dfire/train/images/AoF03466.jpg,/home/z/my-project/Factory-AI/datasets/production/dfire/test/images/AoF07591.jpg,exact_duplicate_dhash_d0
/home/z/my-project/Factory-AI/datasets/production/dfire/train/images/AoF03467.jpg,/home/z/my-project/Factory-AI/datasets/production/dfire/test/images/AoF07591.jpg,exact_duplicate_dhash_d0
/home/z/my-project/Factory-AI/datasets/production/dfire/train/images/AoF03468.jpg,/home/z/my-project/Factory-AI/datasets/production/dfire/test/images/AoF07592.jpg,exact_duplicate_dhash_d0
/home/z/my-project/Factory-AI/datasets/production/dfire/train/images/AoF03469.jpg,/home/z/my-project/Factory-AI/datasets/production/dfire/test/images/AoF07591.jpg,exact_duplicate_dhash_d0
/home/z/my-project/Factory-AI/datasets/production/dfire/train/images/AoF03470.jpg,/home/z/my-project/Factory-AI/datasets/production/dfire/test/images/AoF07592.jpg,exact_duplicate_dhash_d0
/home/z/my-project/Factory-AI/datasets/production/dfire/train/images/AoF03471.jpg,/home/z/my-project/Factory-AI/datasets/production/dfire/test/images/AoF07591.jpg,exact_duplicate_dhash_d0
/home/z/my-project/Factory-AI/datasets/production/dfire/train/images/AoF03472.jpg,/home/z/my-project/Factory-AI/datasets/production/dfire/test/images/AoF07592.jpg,exact_duplicate_dhash_d0
/home/z/my-project/Factory-AI/datasets/production/dfire/train/images/AoF03473.jpg,/home/z/my-project/Factory-AI/datasets/production/dfire/test/images/AoF07591.jpg,exact_duplicate_dhash_d0
/home/z/my-project/Factory-AI/datasets/production/dfire/train/images/AoF03474.jpg,/home/z/my-project/Factory-AI/datasets/production/dfire/test/images/AoF07591.jpg,exact_duplicate_dhash_d0
/home/z/my-project/Factory-AI/datasets/production/dfire/train/images/AoF03475.jpg,/home/z/my-project/Factory-AI/datasets/production/dfire/test/images/AoF07591.jpg,exact_duplicate_dhash_d0
/home/z/my-project/Factory-AI/datasets/production/dfire/train/images/AoF03476.jpg,/home/z/my-project/Factory-AI/datasets/production/dfire/test/images/AoF07591.jpg,exact_duplicate_dhash_d0
/home/z/my-project/Factory-AI/datasets/production/dfire/train/images/AoF03477.jpg,/home/z/my-project/Factory-AI/datasets/production/dfire/test/images/AoF07591.jpg,exact_duplicate_dhash_d0
/home/z/my-project/Factory-AI/datasets/production/dfire/train/images/AoF03478.jpg,/home/z/my-project/Factory-AI/datasets/production/dfire/test/images/AoF07592.jpg,exact_duplicate_dhash_d0
/home/z/my-project/Factory-AI/datasets/production/dfire/train/images/AoF03479.jpg,/home/z/my-project/Factory-AI/datasets/production/dfire/test/images/AoF07591.jpg,exact_duplicate_dhash_d0
/home/z/my-project/Factory-AI/datasets/production/dfire/train/images/AoF03480.jpg,/home/z/my-project/Factory-AI/datasets/production/dfire/test/images/AoF07596.jpg,exact_duplicate_dhash_d0
/home/z/my-project/Factory-AI/datasets/production/dfire/train/images/AoF03481.jpg,/home/z/my-project/Factory-AI/datasets/production/dfire/test/images/AoF07591.jpg,exact_duplicate_dhash_d0
/home/z/my-project/Factory-AI/datasets/production/dfire/train/images/AoF03482.jpg,/home/z/my-project/Factory-AI/datasets/production/dfire/test/images/AoF07591.jpg,exact_duplicate_dhash_d0
/home/z/my-project/Factory-AI/datasets/production/dfire/train/images/AoF03483.jpg,/home/z/my-project/Factory-AI/datasets/production/dfire/test/images/AoF07592.jpg,exact_duplicate_dhash_d0
/home/z/my-project/Factory-AI/datasets/production/dfire/train/images/AoF03484.jpg,/home/z/my-project/Factory-AI/datasets/production/dfire/test/images/AoF07591.jpg,exact_duplicate_dhash_d0
/home/z/my-project/Factory-AI/datasets/production/dfire/train/images/AoF03485.jpg,/home/z/my-project/Factory-AI/datasets/production/dfire/test/images/AoF07592.jpg,exact_duplicate_dhash_d0
/home/z/my-project/Factory-AI/datasets/production/dfire/train/images/AoF03486.jpg,/home/z/my-project/Factory-AI/datasets/production/dfire/test/images/AoF07592.jpg,exact_duplicate_dhash_d0
/home/z/my-project/Factory-AI/datasets/production/dfire/train/images/AoF03488.jpg,/home/z/my-project/Factory-AI/datasets/production/dfire/test/images/AoF07591.jpg,exact_duplicate_dhash_d0
/home/z/my-project/Factory-AI/datasets/production/dfire/train/images/AoF03489.jpg,/home/z/my-project/Factory-AI/datasets/production/dfire/test/images/AoF07591.jpg,exact_duplicate_dhash_d0
/home/z/my-project/Factory-AI/datasets/production/dfire/train/images/AoF03490.jpg,/home/z/my-project/Factory-AI/datasets/production/dfire/test/images/AoF07591.jpg,exact_duplicate_dhash_d0
/home/z/my-project/Factory-AI/datasets/production/dfire/train/images/AoF03491.jpg,/home/z/my-project/Factory-AI/datasets/production/dfire/test/images/AoF07592.jpg,exact_duplicate_dhash_d0
/home/z/my-project/Factory-AI/datasets/production/dfire/train/images/AoF03492.jpg,/home/z/my-project/Factory-AI/datasets/production/dfire/test/images/AoF07592.jpg,exact_duplicate_dhash_d0
/home/z/my-project/Factory-AI/datasets/production/dfire/train/images/AoF03497.jpg,/home/z/my-project/Factory-AI/datasets/production/dfire/train/images/AoF03496.jpg,exact_duplicate_dhash_d0
/home/z/my-project/Factory-AI/datasets/production/dfire/train/images/AoF03498.jpg,/home/z/my-project/Factory-AI/datasets/production/dfire/train/images/AoF03496.jpg,exact_duplicate_dhash_d0
/home/z/my-project/Factory-AI/datasets/production/dfire/train/images/AoF03499.jpg,/home/z/my-project/Factory-AI/datasets/production/dfire/test/images/AoF07605.jpg,exact_duplicate_dhash_d0
/home/z/my-project/Factory-AI/datasets/production/dfire/train/images/AoF03500.jpg,/home/z/my-project/Factory-AI/datasets/production/dfire/test/images/AoF07605.jpg,exact_duplicate_dhash_d0
/home/z/my-project/Factory-AI/datasets/production/dfire/train/images/AoF03501.jpg,/home/z/my-project/Factory-AI/datasets/production/dfire/test/images/AoF07605.jpg,exact_duplicate_dhash_d0
/home/z/my-project/Factory-AI/datasets/production/dfire/train/images/AoF03502.jpg,/home/z/my-project/Factory-AI/datasets/production/dfire/test/images/AoF07605.jpg,exact_duplicate_dhash_d0
/home/z/my-project/Factory-AI/datasets/production/dfire/train/images/AoF03503.jpg,/home/z/my-project/Factory-AI/datasets/production/dfire/test/images/AoF07607.jpg,exact_duplicate_dhash_d0
/home/z/my-project/Factory-AI/datasets/production/dfire/train/images/AoF03505.jpg,/home/z/my-project/Factory-AI/datasets/production/dfire/test/images/AoF07605.jpg,exact_duplicate_dhash_d0
/home/z/my-project/Factory-AI/datasets/production/dfire/train/images/AoF03506.jpg,/home/z/my-project/Factory-AI/datasets/production/dfire/test/images/AoF07605.jpg,exact_duplicate_dhash_d0
/home/z/my-project/Factory-AI/datasets/production/dfire/train/images/AoF03507.jpg,/home/z/my-project/Factory-AI/datasets/production/dfire/test/images/AoF07605.jpg,exact_duplicate_dhash_d0
/home/z/my-project/Factory-AI/datasets/production/dfire/train/images/AoF03508.jpg,/home/z/my-project/Factory-AI/datasets/production/dfire/test/images/AoF07605.jpg,exact_duplicate_dhash_d0
/home/z/my-project/Factory-AI/datasets/production/dfire/train/images/AoF03509.jpg,/home/z/my-project/Factory-AI/datasets/production/dfire/test/images/AoF07605.jpg,exact_duplicate_dhash_d0
/home/z/my-project/Factory-AI/datasets/production/dfire/train/images/AoF03510.jpg,/home/z/my-project/Factory-AI/datasets/production/dfire/test/images/AoF07605.jpg,exact_duplicate_dhash_d0
/home/z/my-project/Factory-AI/datasets/production/dfire/train/images/AoF03511.jpg,/home/z/my-project/Factory-AI/datasets/production/dfire/test/images/AoF07605.jpg,exact_duplicate_dhash_d0
/home/z/my-project/Factory-AI/datasets/production/dfire/train/images/AoF03512.jpg,/home/z/my-project/Factory-AI/datasets/production/dfire/test/images/AoF07605.jpg,exact_duplicate_dhash_d0
/home/z/my-project/Factory-AI/datasets/production/dfire/train/images/AoF03513.jpg,/home/z/my-project/Factory-AI/datasets/production/dfire/test/images/AoF07611.jpg,exact_duplicate_dhash_d0
/home/z/my-project/Factory-AI/datasets/production/dfire/train/images/AoF03514.jpg,/home/z/my-project/Factory-AI/datasets/production/dfire/test/images/AoF07605.jpg,exact_duplicate_dhash_d0
/home/z/my-project/Factory-AI/datasets/production/dfire/train/images/AoF03516.jpg,/home/z/my-project/Factory-AI/datasets/production/dfire/train/images/AoF03515.jpg,exact_duplicate_dhash_d0
/home/z/my-project/Factory-AI/datasets/production/dfire/train/images/AoF03517.jpg,/home/z/my-project/Factory-AI/datasets/production/dfire/train/images/AoF03515.jpg,exact_duplicate_dhash_d0
/home/z/my-project/Factory-AI/datasets/production/dfire/train/images/AoF03518.jpg,/home/z/my-project/Factory-AI/datasets/production/dfire/train/images/AoF03515.jpg,exact_duplicate_dhash_d0
/home/z/my-project/Factory-AI/datasets/production/dfire/train/images/AoF03519.jpg,/home/z/my-project/Factory-AI/datasets/production/dfire/train/images/AoF03515.jpg,exact_duplicate_dhash_d0
/home/z/my-project/Factory-AI/datasets/production/dfire/train/images/AoF03520.jpg,/home/z/my-project/Factory-AI/datasets/production/dfire/train/images/AoF03515.jpg,exact_duplicate_dhash_d0
/home/z/my-project/Factory-AI/datasets/production/dfire/train/images/AoF03522.jpg,/home/z/my-project/Factory-AI/datasets/production/dfire/train/images/AoF03521.jpg,exact_duplicate_dhash_d0
/home/z/my-project/Factory-AI/datasets/production/dfire/train/images/AoF03523.jpg,/home/z/my-project/Factory-AI/datasets/production/dfire/train/images/AoF03521.jpg,exact_duplicate_dhash_d0
/home/z/my-project/Factory-AI/datasets/production/dfire/train/images/AoF03525.jpg,/home/z/my-project/Factory-AI/datasets/production/dfire/train/images/AoF03521.jpg,exact_duplicate_dhash_d0
/home/z/my-project/Factory-AI/datasets/production/dfire/train/images/AoF03540.jpg,/home/z/my-project/Factory-AI/datasets/production/dfire/test/images/AoF07610.jpg,exact_duplicate_dhash_d0
/home/z/my-project/Factory-AI/datasets/production/dfire/train/images/AoF03542.jpg,/home/z/my-project/Factory-AI/datasets/production/dfire/test/images/AoF07610.jpg,exact_duplicate_dhash_d0
/home/z/my-project/Factory-AI/datasets/production/dfire/train/images/AoF03543.jpg,/home/z/my-project/Factory-AI/datasets/production/dfire/test/images/AoF07610.jpg,exact_duplicate_dhash_d0
/home/z/my-project/Factory-AI/datasets/production/dfire/train/images/AoF03544.jpg,/home/z/my-project/Factory-AI/datasets/production/dfire/test/images/AoF07610.jpg,exact_duplicate_dhash_d0
/home/z/my-project/Factory-AI/datasets/production/dfire/train/images/AoF03545.jpg,/home/z/my-project/Factory-AI/datasets/production/dfire/test/images/AoF07612.jpg,exact_duplicate_dhash_d0
/home/z/my-project/Factory-AI/datasets/production/dfire/train/images/AoF03546.jpg,/home/z/my-project/Factory-AI/datasets/production/dfire/test/images/AoF07612.jpg,exact_duplicate_dhash_d0
/home/z/my-project/Factory-AI/datasets/production/dfire/train/images/AoF03547.jpg,/home/z/my-project/Factory-AI/datasets/production/dfire/test/images/AoF07612.jpg,exact_duplicate_dhash_d0
/home/z/my-project/Factory-AI/datasets/production/dfire/train/images/AoF03548.jpg,/home/z/my-project/Factory-AI/datasets/production/dfire/test/images/AoF07612.jpg,exact_duplicate_dhash_d0
/home/z/my-project/Factory-AI/datasets/production/dfire/train/images/AoF03549.jpg,/home/z/my-project/Factory-AI/datasets/production/dfire/test/images/AoF07612.jpg,exact_duplicate_dhash_d0
/home/z/my-project/Factory-AI/datasets/production/dfire/train/images/AoF03550.jpg,/home/z/my-project/Factory-AI/datasets/production/dfire/test/images/AoF07613.jpg,exact_duplicate_dhash_d0
/home/z/my-project/Factory-AI/datasets/production/dfire/train/images/AoF03552.jpg,/home/z/my-project/Factory-AI/datasets/production/dfire/test/images/AoF07616.jpg,exact_duplicate_dhash_d0
/home/z/my-project/Factory-AI/datasets/production/dfire/train/images/AoF03553.jpg,/home/z/my-project/Factory-AI/datasets/production/dfire/test/images/AoF07614.jpg,exact_duplicate_dhash_d0
/home/z/my-project/Factory-AI/datasets/production/dfire/train/images/AoF03556.jpg,/home/z/my-project/Factory-AI/datasets/production/dfire/train/images/AoF03555.jpg,exact_duplicate_dhash_d0
/home/z/my-project/Factory-AI/datasets/production/dfire/train/images/AoF03557.jpg,/home/z/my-project/Factory-AI/datasets/production/dfire/train/images/AoF03555.jpg,exact_duplicate_dhash_d0
/home/z/my-project/Factory-AI/datasets/production/dfire/train/images/AoF03558.jpg,/home/z/my-project/Factory-AI/datasets/production/dfire/train/images/AoF03555.jpg,exact_duplicate_dhash_d0
/home/z/my-project/Factory-AI/datasets/production/dfire/train/images/AoF03559.jpg,/home/z/my-project/Factory-AI/datasets/production/dfire/train/images/AoF03555.jpg,exact_duplicate_dhash_d0
/home/z/my-project/Factory-AI/datasets/production/dfire/train/images/AoF03564.jpg,/home/z/my-project/Factory-AI/datasets/production/dfire/train/images/AoF03561.jpg,exact_duplicate_dhash_d0
/home/z/my-project/Factory-AI/datasets/production/dfire/train/images/AoF03577.jpg,/home/z/my-project/Factory-AI/datasets/production/dfire/test/images/AoF07620.jpg,exact_duplicate_dhash_d0
/home/z/my-project/Factory-AI/datasets/production/dfire/train/images/AoF03578.jpg,/home/z/my-project/Factory-AI/datasets/production/dfire/test/images/AoF07620.jpg,exact_duplicate_dhash_d0
/home/z/my-project/Factory-AI/datasets/production/dfire/train/images/AoF03579.jpg,/home/z/my-project/Factory-AI/datasets/production/dfire/test/images/AoF07620.jpg,exact_duplicate_dhash_d0
/home/z/my-project/Factory-AI/datasets/production/dfire/train/images/AoF03581.jpg,/home/z/my-project/Factory-AI/datasets/production/dfire/test/images/AoF07622.jpg,exact_duplicate_dhash_d0
/home/z/my-project/Factory-AI/datasets/production/dfire/train/images/AoF03582.jpg,/home/z/my-project/Factory-AI/datasets/production/dfire/test/images/AoF07622.jpg,exact_duplicate_dhash_d0
/home/z/my-project/Factory-AI/datasets/production/dfire/train/images/AoF03583.jpg,/home/z/my-project/Factory-AI/datasets/production/dfire/test/images/AoF07622.jpg,exact_duplicate_dhash_d0
/home/z/my-project/Factory-AI/datasets/production/dfire/train/images/AoF03584.jpg,/home/z/my-project/Factory-AI/datasets/production/dfire/test/images/AoF07622.jpg,exact_duplicate_dhash_d0
/home/z/my-project/Factory-AI/datasets/production/dfire/train/images/AoF03585.jpg,/home/z/my-project/Factory-AI/datasets/production/dfire/test/images/AoF07622.jpg,exact_duplicate_dhash_d0
/home/z/my-project/Factory-AI/datasets/production/dfire/train/images/AoF03586.jpg,/home/z/my-project/Factory-AI/datasets/production/dfire/test/images/AoF07619.jpg,exact_duplicate_dhash_d0
/home/z/my-project/Factory-AI/datasets/production/dfire/train/images/AoF03588.jpg,/home/z/my-project/Factory-AI/datasets/production/dfire/test/images/AoF07622.jpg,exact_duplicate_dhash_d0
/home/z/my-project/Factory-AI/datasets/production/dfire/train/images/AoF03589.jpg,/home/z/my-project/Factory-AI/datasets/production/dfire/test/images/AoF07622.jpg,exact_duplicate_dhash_d0
/home/z/my-project/Factory-AI/datasets/production/dfire/train/images/AoF03590.jpg,/home/z/my-project/Factory-AI/datasets/production/dfire/test/images/AoF07622.jpg,exact_duplicate_dhash_d0
/home/z/my-project/Factory-AI/datasets/production/dfire/train/images/AoF03591.jpg,/home/z/my-project/Factory-AI/datasets/production/dfire/test/images/AoF07622.jpg,exact_duplicate_dhash_d0
/home/z/my-project/Factory-AI/datasets/production/dfire/train/images/AoF03597.jpg,/home/z/my-project/Factory-AI/datasets/production/dfire/test/images/AoF07619.jpg,exact_duplicate_dhash_d0
/home/z/my-project/Factory-AI/datasets/production/dfire/train/images/AoF03606.jpg,/home/z/my-project/Factory-AI/datasets/production/dfire/train/images/AoF03604.jpg,exact_duplicate_dhash_d0
/home/z/my-project/Factory-AI/datasets/production/dfire/train/images/AoF03609.jpg,/home/z/my-project/Factory-AI/datasets/production/dfire/train/images/AoF03605.jpg,exact_duplicate_dhash_d0
/home/z/my-project/Factory-AI/datasets/production/dfire/train/images/AoF03611.jpg,/home/z/my-project/Factory-AI/datasets/production/dfire/test/images/AoF07628.jpg,exact_duplicate_dhash_d0
/home/z/my-project/Factory-AI/datasets/production/dfire/train/images/AoF03612.jpg,/home/z/my-project/Factory-AI/datasets/production/dfire/test/images/AoF07628.jpg,exact_duplicate_dhash_d0
/home/z/my-project/Factory-AI/datasets/production/dfire/train/images/AoF03613.jpg,/home/z/my-project/Factory-AI/datasets/production/dfire/test/images/AoF07627.jpg,exact_duplicate_dhash_d0
/home/z/my-project/Factory-AI/datasets/production/dfire/train/images/AoF03614.jpg,/home/z/my-project/Factory-AI/datasets/production/dfire/test/images/AoF07627.jpg,exact_duplicate_dhash_d0
/home/z/my-project/Factory-AI/datasets/production/dfire/train/images/AoF03615.jpg,/home/z/my-project/Factory-AI/datasets/production/dfire/test/images/AoF07627.jpg,exact_duplicate_dhash_d0
/home/z/my-project/Factory-AI/datasets/production/dfire/train/images/AoF03618.jpg,/home/z/my-project/Factory-AI/datasets/production/dfire/train/images/AoF03617.jpg,exact_duplicate_dhash_d0
/home/z/my-project/Factory-AI/datasets/production/dfire/train/images/AoF03619.jpg,/home/z/my-project/Factory-AI/datasets/production/dfire/train/images/AoF03617.jpg,exact_duplicate_dhash_d0
/home/z/my-project/Factory-AI/datasets/production/dfire/train/images/AoF03620.jpg,/home/z/my-project/Factory-AI/datasets/production/dfire/test/images/AoF07630.jpg,exact_duplicate_dhash_d0
/home/z/my-project/Factory-AI/datasets/production/dfire/train/images/AoF03624.jpg,/home/z/my-project/Factory-AI/datasets/production/dfire/train/images/AoF03622.jpg,exact_duplicate_dhash_d0
/home/z/my-project/Factory-AI/datasets/production/dfire/train/images/AoF03628.jpg,/home/z/my-project/Factory-AI/datasets/production/dfire/train/images/AoF03627.jpg,exact_duplicate_dhash_d0
/home/z/my-project/Factory-AI/datasets/production/dfire/train/images/AoF03629.jpg,/home/z/my-project/Factory-AI/datasets/production/dfire/test/images/AoF07632.jpg,exact_duplicate_dhash_d0
/home/z/my-project/Factory-AI/datasets/production/dfire/train/images/AoF03630.jpg,/home/z/my-project/Factory-AI/datasets/production/dfire/test/images/AoF07631.jpg,exact_duplicate_dhash_d0
/home/z/my-project/Factory-AI/datasets/production/dfire/train/images/AoF03631.jpg,/home/z/my-project/Factory-AI/datasets/production/dfire/test/images/AoF07632.jpg,exact_duplicate_dhash_d0
/home/z/my-project/Factory-AI/datasets/production/dfire/train/images/AoF03640.jpg,/home/z/my-project/Factory-AI/datasets/production/dfire/train/images/AoF03637.jpg,exact_duplicate_dhash_d0
/home/z/my-project/Factory-AI/datasets/production/dfire/train/images/AoF03641.jpg,/home/z/my-project/Factory-AI/datasets/production/dfire/train/images/AoF03639.jpg,exact_duplicate_dhash_d0
/home/z/my-project/Factory-AI/datasets/production/dfire/train/images/AoF03695.jpg,/home/z/my-project/Factory-AI/datasets/production/dfire/train/images/AoF03694.jpg,exact_duplicate_dhash_d0
/home/z/my-project/Factory-AI/datasets/production/dfire/train/images/AoF03717.jpg,/home/z/my-project/Factory-AI/datasets/production/dfire/train/images/AoF03715.jpg,exact_duplicate_dhash_d0
/home/z/my-project/Factory-AI/datasets/production/dfire/train/images/AoF03724.jpg,/home/z/my-project/Factory-AI/datasets/production/dfire/train/images/AoF03713.jpg,exact_duplicate_dhash_d0
/home/z/my-project/Factory-AI/datasets/production/dfire/train/images/AoF03725.jpg,/home/z/my-project/Factory-AI/datasets/production/dfire/test/images/AoF07650.jpg,exact_duplicate_dhash_d0
/home/z/my-project/Factory-AI/datasets/production/dfire/train/images/AoF03726.jpg,/home/z/my-project/Factory-AI/datasets/production/dfire/train/images/AoF03706.jpg,exact_duplicate_dhash_d0
/home/z/my-project/Factory-AI/datasets/production/dfire/train/images/AoF03728.jpg,/home/z/my-project/Factory-AI/datasets/production/dfire/test/images/AoF07652.jpg,exact_duplicate_dhash_d0
/home/z/my-project/Factory-AI/datasets/production/dfire/train/images/AoF03736.jpg,/home/z/my-project/Factory-AI/datasets/production/dfire/test/images/AoF07652.jpg,exact_duplicate_dhash_d0
/home/z/my-project/Factory-AI/datasets/production/dfire/train/images/AoF03740.jpg,/home/z/my-project/Factory-AI/datasets/production/dfire/test/images/AoF06741.jpg,exact_duplicate_dhash_d0
/home/z/my-project/Factory-AI/datasets/production/dfire/train/images/AoF03746.jpg,/home/z/my-project/Factory-AI/datasets/production/dfire/train/images/AoF03745.jpg,exact_duplicate_dhash_d0
/home/z/my-project/Factory-AI/datasets/production/dfire/train/images/AoF03751.jpg,/home/z/my-project/Factory-AI/datasets/production/dfire/test/images/AoF07655.jpg,exact_duplicate_dhash_d0
/home/z/my-project/Factory-AI/datasets/production/dfire/train/images/AoF03753.jpg,/home/z/my-project/Factory-AI/datasets/production/dfire/train/images/AoF03752.jpg,exact_duplicate_dhash_d0
/home/z/my-project/Factory-AI/datasets/production/dfire/train/images/AoF03755.jpg,/home/z/my-project/Factory-AI/datasets/production/dfire/train/images/AoF03754.jpg,exact_duplicate_dhash_d0
/home/z/my-project/Factory-AI/datasets/production/dfire/train/images/AoF03757.jpg,/home/z/my-project/Factory-AI/datasets/production/dfire/train/images/AoF03756.jpg,exact_duplicate_dhash_d0
/home/z/my-project/Factory-AI/datasets/production/dfire/train/images/AoF03761.jpg,/home/z/my-project/Factory-AI/datasets/production/dfire/train/images/AoF03759.jpg,exact_duplicate_dhash_d0
/home/z/my-project/Factory-AI/datasets/production/dfire/train/images/AoF03763.jpg,/home/z/my-project/Factory-AI/datasets/production/dfire/train/images/AoF03762.jpg,exact_duplicate_dhash_d0
/home/z/my-project/Factory-AI/datasets/production/dfire/train/images/AoF03764.jpg,/home/z/my-project/Factory-AI/datasets/production/dfire/train/images/AoF03762.jpg,exact_duplicate_dhash_d0
/home/z/my-project/Factory-AI/datasets/production/dfire/train/images/AoF03765.jpg,/home/z/my-project/Factory-AI/datasets/production/dfire/test/images/AoF07659.jpg,exact_duplicate_dhash_d0
/home/z/my-project/Factory-AI/datasets/production/dfire/train/images/AoF03766.jpg,/home/z/my-project/Factory-AI/datasets/production/dfire/test/images/AoF07659.jpg,exact_duplicate_dhash_d0
/home/z/my-project/Factory-AI/datasets/production/dfire/train/images/AoF03767.jpg,/home/z/my-project/Factory-AI/datasets/production/dfire/test/images/AoF07650.jpg,exact_duplicate_dhash_d0
/home/z/my-project/Factory-AI/datasets/production/dfire/train/images/AoF03769.jpg,/home/z/my-project/Factory-AI/datasets/production/dfire/test/images/AoF07661.jpg,exact_duplicate_dhash_d0
/home/z/my-project/Factory-AI/datasets/production/dfire/train/images/AoF03770.jpg,/home/z/my-project/Factory-AI/datasets/production/dfire/test/images/AoF07663.jpg,exact_duplicate_dhash_d0
/home/z/my-project/Factory-AI/datasets/production/dfire/train/images/AoF03771.jpg,/home/z/my-project/Factory-AI/datasets/production/dfire/test/images/AoF07663.jpg,exact_duplicate_dhash_d0
/home/z/my-project/Factory-AI/datasets/production/dfire/train/images/AoF03776.jpg,/home/z/my-project/Factory-AI/datasets/production/dfire/test/images/AoF07664.jpg,exact_duplicate_dhash_d0
/home/z/my-project/Factory-AI/datasets/production/dfire/train/images/AoF03779.jpg,/home/z/my-project/Factory-AI/datasets/production/dfire/train/images/AoF03778.jpg,exact_duplicate_dhash_d0
/home/z/my-project/Factory-AI/datasets/production/dfire/train/images/AoF03783.jpg,/home/z/my-project/Factory-AI/datasets/production/dfire/train/images/AoF03782.jpg,exact_duplicate_dhash_d0
/home/z/my-project/Factory-AI/datasets/production/dfire/train/images/AoF03785.jpg,/home/z/my-project/Factory-AI/datasets/production/dfire/train/images/AoF03784.jpg,exact_duplicate_dhash_d0
/home/z/my-project/Factory-AI/datasets/production/dfire/train/images/AoF03786.jpg,/home/z/my-project/Factory-AI/datasets/production/dfire/train/images/AoF03784.jpg,exact_duplicate_dhash_d0
/home/z/my-project/Factory-AI/datasets/production/dfire/train/images/AoF03787.jpg,/home/z/my-project/Factory-AI/datasets/production/dfire/test/images/AoF07667.jpg,exact_duplicate_dhash_d0
/home/z/my-project/Factory-AI/datasets/production/dfire/train/images/AoF03791.jpg,/home/z/my-project/Factory-AI/datasets/production/dfire/train/images/AoF03790.jpg,exact_duplicate_dhash_d0
/home/z/my-project/Factory-AI/datasets/production/dfire/train/images/AoF03797.jpg,/home/z/my-project/Factory-AI/datasets/production/dfire/test/images/AoF07673.jpg,exact_duplicate_dhash_d0
/home/z/my-project/Factory-AI/datasets/production/dfire/train/images/AoF03798.jpg,/home/z/my-project/Factory-AI/datasets/production/dfire/test/images/AoF07686.jpg,exact_duplicate_dhash_d0
/home/z/my-project/Factory-AI/datasets/production/dfire/train/images/AoF03799.jpg,/home/z/my-project/Factory-AI/datasets/production/dfire/test/images/AoF07686.jpg,exact_duplicate_dhash_d0
/home/z/my-project/Factory-AI/datasets/production/dfire/train/images/AoF03800.jpg,/home/z/my-project/Factory-AI/datasets/production/dfire/test/images/AoF07674.jpg,exact_duplicate_dhash_d0
/home/z/my-project/Factory-AI/datasets/production/dfire/train/images/AoF03801.jpg,/home/z/my-project/Factory-AI/datasets/production/dfire/test/images/AoF07674.jpg,exact_duplicate_dhash_d0
/home/z/my-project/Factory-AI/datasets/production/dfire/train/images/AoF03802.jpg,/home/z/my-project/Factory-AI/datasets/production/dfire/test/images/AoF07674.jpg,exact_duplicate_dhash_d0
/home/z/my-project/Factory-AI/datasets/production/dfire/train/images/AoF03808.jpg,/home/z/my-project/Factory-AI/datasets/production/dfire/train/images/AoF03805.jpg,exact_duplicate_dhash_d0
/home/z/my-project/Factory-AI/datasets/production/dfire/train/images/AoF03811.jpg,/home/z/my-project/Factory-AI/datasets/production/dfire/train/images/AoF03809.jpg,exact_duplicate_dhash_d0
/home/z/my-project/Factory-AI/datasets/production/dfire/train/images/AoF03819.jpg,/home/z/my-project/Factory-AI/datasets/production/dfire/test/images/AoF07682.jpg,exact_duplicate_dhash_d0
/home/z/my-project/Factory-AI/datasets/production/dfire/train/images/AoF03821.jpg,/home/z/my-project/Factory-AI/datasets/production/dfire/train/images/AoF03820.jpg,exact_duplicate_dhash_d0
/home/z/my-project/Factory-AI/datasets/production/dfire/train/images/AoF03822.jpg,/home/z/my-project/Factory-AI/datasets/production/dfire/train/images/AoF03820.jpg,exact_duplicate_dhash_d0
/home/z/my-project/Factory-AI/datasets/production/dfire/train/images/AoF03823.jpg,/home/z/my-project/Factory-AI/datasets/production/dfire/test/images/AoF06737.jpg,exact_duplicate_dhash_d0
/home/z/my-project/Factory-AI/datasets/production/dfire/train/images/AoF03824.jpg,/home/z/my-project/Factory-AI/datasets/production/dfire/test/images/AoF06737.jpg,exact_duplicate_dhash_d0
/home/z/my-project/Factory-AI/datasets/production/dfire/train/images/AoF03825.jpg,/home/z/my-project/Factory-AI/datasets/production/dfire/test/images/AoF06737.jpg,exact_duplicate_dhash_d0
/home/z/my-project/Factory-AI/datasets/production/dfire/train/images/AoF03827.jpg,/home/z/my-project/Factory-AI/datasets/production/dfire/train/images/AoF03826.jpg,exact_duplicate_dhash_d0
/home/z/my-project/Factory-AI/datasets/production/dfire/train/images/AoF03828.jpg,/home/z/my-project/Factory-AI/datasets/production/dfire/train/images/AoF03826.jpg,exact_duplicate_dhash_d0
/home/z/my-project/Factory-AI/datasets/production/dfire/train/images/AoF03829.jpg,/home/z/my-project/Factory-AI/datasets/production/dfire/test/images/AoF07674.jpg,exact_duplicate_dhash_d0
/home/z/my-project/Factory-AI/datasets/production/dfire/train/images/AoF03830.jpg,/home/z/my-project/Factory-AI/datasets/production/dfire/test/images/AoF07674.jpg,exact_duplicate_dhash_d0
/home/z/my-project/Factory-AI/datasets/production/dfire/train/images/AoF03833.jpg,/home/z/my-project/Factory-AI/datasets/production/dfire/train/images/AoF03832.jpg,exact_duplicate_dhash_d0
/home/z/my-project/Factory-AI/datasets/production/dfire/train/images/AoF03838.jpg,/home/z/my-project/Factory-AI/datasets/production/dfire/train/images/AoF03837.jpg,exact_duplicate_dhash_d0
/home/z/my-project/Factory-AI/datasets/production/dfire/train/images/AoF03839.jpg,/home/z/my-project/Factory-AI/datasets/production/dfire/train/images/AoF03837.jpg,exact_duplicate_dhash_d0
/home/z/my-project/Factory-AI/datasets/production/dfire/train/images/AoF03841.jpg,/home/z/my-project/Factory-AI/datasets/production/dfire/test/images/AoF06737.jpg,exact_duplicate_dhash_d0
/home/z/my-project/Factory-AI/datasets/production/dfire/train/images/AoF03842.jpg,/home/z/my-project/Factory-AI/datasets/production/dfire/test/images/AoF06737.jpg,exact_duplicate_dhash_d0
/home/z/my-project/Factory-AI/datasets/production/dfire/train/images/AoF03849.jpg,/home/z/my-project/Factory-AI/datasets/production/dfire/test/images/AoF07685.jpg,exact_duplicate_dhash_d0
/home/z/my-project/Factory-AI/datasets/production/dfire/train/images/AoF03850.jpg,/home/z/my-project/Factory-AI/datasets/production/dfire/test/images/AoF07685.jpg,exact_duplicate_dhash_d0
/home/z/my-project/Factory-AI/datasets/production/dfire/train/images/AoF03852.jpg,/home/z/my-project/Factory-AI/datasets/production/dfire/train/images/AoF03851.jpg,exact_duplicate_dhash_d0
/home/z/my-project/Factory-AI/datasets/production/dfire/train/images/AoF03853.jpg,/home/z/my-project/Factory-AI/datasets/production/dfire/train/images/AoF03851.jpg,exact_duplicate_dhash_d0
/home/z/my-project/Factory-AI/datasets/production/dfire/train/images/AoF03855.jpg,/home/z/my-project/Factory-AI/datasets/production/dfire/train/images/AoF03854.jpg,exact_duplicate_dhash_d0
/home/z/my-project/Factory-AI/datasets/production/dfire/train/images/AoF03856.jpg,/home/z/my-project/Factory-AI/datasets/production/dfire/train/images/AoF03854.jpg,exact_duplicate_dhash_d0
/home/z/my-project/Factory-AI/datasets/production/dfire/train/images/AoF03858.jpg,/home/z/my-project/Factory-AI/datasets/production/dfire/train/images/AoF03857.jpg,exact_duplicate_dhash_d0
/home/z/my-project/Factory-AI/datasets/production/dfire/train/images/AoF03859.jpg,/home/z/my-project/Factory-AI/datasets/production/dfire/train/images/AoF03857.jpg,exact_duplicate_dhash_d0
/home/z/my-project/Factory-AI/datasets/production/dfire/train/images/AoF03860.jpg,/home/z/my-project/Factory-AI/datasets/production/dfire/test/images/AoF07674.jpg,exact_duplicate_dhash_d0
/home/z/my-project/Factory-AI/datasets/production/dfire/train/images/AoF03861.jpg,/home/z/my-project/Factory-AI/datasets/production/dfire/test/images/AoF07686.jpg,exact_duplicate_dhash_d0
/home/z/my-project/Factory-AI/datasets/production/dfire/train/images/AoF03866.jpg,/home/z/my-project/Factory-AI/datasets/production/dfire/train/images/AoF03865.jpg,exact_duplicate_dhash_d0
/home/z/my-project/Factory-AI/datasets/production/dfire/train/images/AoF03870.jpg,/home/z/my-project/Factory-AI/datasets/production/dfire/test/images/AoF07688.jpg,exact_duplicate_dhash_d0
/home/z/my-project/Factory-AI/datasets/production/dfire/train/images/AoF03871.jpg,/home/z/my-project/Factory-AI/datasets/production/dfire/test/images/AoF07688.jpg,exact_duplicate_dhash_d0
/home/z/my-project/Factory-AI/datasets/production/dfire/train/images/AoF03872.jpg,/home/z/my-project/Factory-AI/datasets/production/dfire/test/images/AoF07688.jpg,exact_duplicate_dhash_d0
/home/z/my-project/Factory-AI/datasets/production/dfire/train/images/AoF03881.jpg,/home/z/my-project/Factory-AI/datasets/production/dfire/test/images/AoF07688.jpg,exact_duplicate_dhash_d0
/home/z/my-project/Factory-AI/datasets/production/dfire/train/images/AoF03882.jpg,/home/z/my-project/Factory-AI/datasets/production/dfire/test/images/AoF07688.jpg,exact_duplicate_dhash_d0
/home/z/my-project/Factory-AI/datasets/production/dfire/train/images/AoF03883.jpg,/home/z/my-project/Factory-AI/datasets/production/dfire/test/images/AoF06737.jpg,exact_duplicate_dhash_d0
/home/z/my-project/Factory-AI/datasets/production/dfire/train/images/AoF03884.jpg,/home/z/my-project/Factory-AI/datasets/production/dfire/test/images/AoF07691.jpg,exact_duplicate_dhash_d0
/home/z/my-project/Factory-AI/datasets/production/dfire/train/images/AoF03885.jpg,/home/z/my-project/Factory-AI/datasets/production/dfire/test/images/AoF07691.jpg,exact_duplicate_dhash_d0
/home/z/my-project/Factory-AI/datasets/production/dfire/train/images/AoF03886.jpg,/home/z/my-project/Factory-AI/datasets/production/dfire/test/images/AoF08282.jpg,exact_duplicate_dhash_d0
/home/z/my-project/Factory-AI/datasets/production/dfire/train/images/AoF03887.jpg,/home/z/my-project/Factory-AI/datasets/production/dfire/test/images/AoF08282.jpg,exact_duplicate_dhash_d0
/home/z/my-project/Factory-AI/datasets/production/dfire/train/images/AoF03888.jpg,/home/z/my-project/Factory-AI/datasets/production/dfire/test/images/AoF07691.jpg,exact_duplicate_dhash_d0
/home/z/my-project/Factory-AI/datasets/production/dfire/train/images/AoF03889.jpg,/home/z/my-project/Factory-AI/datasets/production/dfire/test/images/AoF07692.jpg,exact_duplicate_dhash_d0
/home/z/my-project/Factory-AI/datasets/production/dfire/train/images/AoF03891.jpg,/home/z/my-project/Factory-AI/datasets/production/dfire/test/images/AoF07693.jpg,exact_duplicate_dhash_d0
/home/z/my-project/Factory-AI/datasets/production/dfire/train/images/AoF03892.jpg,/home/z/my-project/Factory-AI/datasets/production/dfire/test/images/AoF07693.jpg,exact_duplicate_dhash_d0
/home/z/my-project/Factory-AI/datasets/production/dfire/train/images/AoF03893.jpg,/home/z/my-project/Factory-AI/datasets/production/dfire/train/images/AoF03805.jpg,exact_duplicate_dhash_d0
/home/z/my-project/Factory-AI/datasets/production/dfire/train/images/AoF03895.jpg,/home/z/my-project/Factory-AI/datasets/production/dfire/test/images/AoF07674.jpg,exact_duplicate_dhash_d0
/home/z/my-project/Factory-AI/datasets/production/dfire/train/images/AoF03896.jpg,/home/z/my-project/Factory-AI/datasets/production/dfire/test/images/AoF07674.jpg,exact_duplicate_dhash_d0
/home/z/my-project/Factory-AI/datasets/production/dfire/train/images/AoF03897.jpg,/home/z/my-project/Factory-AI/datasets/production/dfire/test/images/AoF07674.jpg,exact_duplicate_dhash_d0
/home/z/my-project/Factory-AI/datasets/production/dfire/train/images/AoF03900.jpg,/home/z/my-project/Factory-AI/datasets/production/dfire/test/images/AoF07686.jpg,exact_duplicate_dhash_d0
/home/z/my-project/Factory-AI/datasets/production/dfire/train/images/AoF03901.jpg,/home/z/my-project/Factory-AI/datasets/production/dfire/test/images/AoF07686.jpg,exact_duplicate_dhash_d0
/home/z/my-project/Factory-AI/datasets/production/dfire/train/images/AoF03902.jpg,/home/z/my-project/Factory-AI/datasets/production/dfire/test/images/AoF07686.jpg,exact_duplicate_dhash_d0
/home/z/my-project/Factory-AI/datasets/production/dfire/train/images/AoF03904.jpg,/home/z/my-project/Factory-AI/datasets/production/dfire/train/images/AoF03903.jpg,exact_duplicate_dhash_d0
/home/z/my-project/Factory-AI/datasets/production/dfire/train/images/AoF03906.jpg,/home/z/my-project/Factory-AI/datasets/production/dfire/train/images/AoF03905.jpg,exact_duplicate_dhash_d0
/home/z/my-project/Factory-AI/datasets/production/dfire/train/images/AoF03909.jpg,/home/z/my-project/Factory-AI/datasets/production/dfire/train/images/AoF03908.jpg,exact_duplicate_dhash_d0
/home/z/my-project/Factory-AI/datasets/production/dfire/train/images/AoF03911.jpg,/home/z/my-project/Factory-AI/datasets/production/dfire/test/images/AoF07697.jpg,exact_duplicate_dhash_d0
/home/z/my-project/Factory-AI/datasets/production/dfire/train/images/AoF03912.jpg,/home/z/my-project/Factory-AI/datasets/production/dfire/test/images/AoF07697.jpg,exact_duplicate_dhash_d0
/home/z/my-project/Factory-AI/datasets/production/dfire/train/images/AoF03913.jpg,/home/z/my-project/Factory-AI/datasets/production/dfire/test/images/AoF07698.jpg,exact_duplicate_dhash_d0
/home/z/my-project/Factory-AI/datasets/production/dfire/train/images/AoF03915.jpg,/home/z/my-project/Factory-AI/datasets/production/dfire/train/images/AoF03914.jpg,exact_duplicate_dhash_d0
/home/z/my-project/Factory-AI/datasets/production/dfire/train/images/AoF03919.jpg,/home/z/my-project/Factory-AI/datasets/production/dfire/test/images/AoF06747.jpg,exact_duplicate_dhash_d0
/home/z/my-project/Factory-AI/datasets/production/dfire/train/images/AoF03920.jpg,/home/z/my-project/Factory-AI/datasets/production/dfire/test/images/AoF06747.jpg,exact_duplicate_dhash_d0
/home/z/my-project/Factory-AI/datasets/production/dfire/train/images/AoF03921.jpg,/home/z/my-project/Factory-AI/datasets/production/dfire/test/images/AoF06737.jpg,exact_duplicate_dhash_d0
/home/z/my-project/Factory-AI/datasets/production/dfire/train/images/AoF03922.jpg,/home/z/my-project/Factory-AI/datasets/production/dfire/test/images/AoF06737.jpg,exact_duplicate_dhash_d0
/home/z/my-project/Factory-AI/datasets/production/dfire/train/images/AoF03924.jpg,/home/z/my-project/Factory-AI/datasets/production/dfire/train/images/AoF03923.jpg,exact_duplicate_dhash_d0
/home/z/my-project/Factory-AI/datasets/production/dfire/train/images/AoF03927.jpg,/home/z/my-project/Factory-AI/datasets/production/dfire/train/images/AoF03926.jpg,exact_duplicate_dhash_d0
/home/z/my-project/Factory-AI/datasets/production/dfire/train/images/AoF03928.jpg,/home/z/my-project/Factory-AI/datasets/production/dfire/train/images/AoF03926.jpg,exact_duplicate_dhash_d0
/home/z/my-project/Factory-AI/datasets/production/dfire/train/images/AoF03929.jpg,/home/z/my-project/Factory-AI/datasets/production/dfire/test/images/AoF07700.jpg,exact_duplicate_dhash_d0
/home/z/my-project/Factory-AI/datasets/production/dfire/train/images/AoF03930.jpg,/home/z/my-project/Factory-AI/datasets/production/dfire/test/images/AoF07700.jpg,exact_duplicate_dhash_d0
/home/z/my-project/Factory-AI/datasets/production/dfire/train/images/AoF03940.jpg,/home/z/my-project/Factory-AI/datasets/production/dfire/test/images/AoF07706.jpg,exact_duplicate_dhash_d0
/home/z/my-project/Factory-AI/datasets/production/dfire/train/images/AoF03941.jpg,/home/z/my-project/Factory-AI/datasets/production/dfire/test/images/AoF07706.jpg,exact_duplicate_dhash_d0
/home/z/my-project/Factory-AI/datasets/production/dfire/train/images/AoF03973.jpg,/home/z/my-project/Factory-AI/datasets/production/dfire/test/images/AoF07712.jpg,exact_duplicate_dhash_d0
/home/z/my-project/Factory-AI/datasets/production/dfire/train/images/AoF03976.jpg,/home/z/my-project/Factory-AI/datasets/production/dfire/train/images/AoF03975.jpg,exact_duplicate_dhash_d0
/home/z/my-project/Factory-AI/datasets/production/dfire/train/images/AoF03981.jpg,/home/z/my-project/Factory-AI/datasets/production/dfire/train/images/AoF03980.jpg,exact_duplicate_dhash_d0
/home/z/my-project/Factory-AI/datasets/production/dfire/train/images/AoF03987.jpg,/home/z/my-project/Factory-AI/datasets/production/dfire/train/images/AoF03986.jpg,exact_duplicate_dhash_d0
/home/z/my-project/Factory-AI/datasets/production/dfire/train/images/AoF03988.jpg,/home/z/my-project/Factory-AI/datasets/production/dfire/train/images/AoF03986.jpg,exact_duplicate_dhash_d0
/home/z/my-project/Factory-AI/datasets/production/dfire/train/images/AoF03991.jpg,/home/z/my-project/Factory-AI/datasets/production/dfire/train/images/AoF03990.jpg,exact_duplicate_dhash_d0
/home/z/my-project/Factory-AI/datasets/production/dfire/train/images/AoF04000.jpg,/home/z/my-project/Factory-AI/datasets/production/dfire/test/images/AoF07716.jpg,exact_duplicate_dhash_d0
/home/z/my-project/Factory-AI/datasets/production/dfire/train/images/AoF04003.jpg,/home/z/my-project/Factory-AI/datasets/production/dfire/train/images/AoF04002.jpg,exact_duplicate_dhash_d0
/home/z/my-project/Factory-AI/datasets/production/dfire/train/images/AoF04004.jpg,/home/z/my-project/Factory-AI/datasets/production/dfire/test/images/AoF06741.jpg,exact_duplicate_dhash_d0
/home/z/my-project/Factory-AI/datasets/production/dfire/train/images/AoF04005.jpg,/home/z/my-project/Factory-AI/datasets/production/dfire/test/images/AoF06741.jpg,exact_duplicate_dhash_d0
/home/z/my-project/Factory-AI/datasets/production/dfire/train/images/AoF04006.jpg,/home/z/my-project/Factory-AI/datasets/production/dfire/test/images/AoF06741.jpg,exact_duplicate_dhash_d0
/home/z/my-project/Factory-AI/datasets/production/dfire/train/images/AoF04008.jpg,/home/z/my-project/Factory-AI/datasets/production/dfire/test/images/AoF07717.jpg,exact_duplicate_dhash_d0
/home/z/my-project/Factory-AI/datasets/production/dfire/train/images/AoF04009.jpg,/home/z/my-project/Factory-AI/datasets/production/dfire/test/images/AoF07835.jpg,exact_duplicate_dhash_d0
/home/z/my-project/Factory-AI/datasets/production/dfire/train/images/AoF04013.jpg,/home/z/my-project/Factory-AI/datasets/production/dfire/train/images/AoF04012.jpg,exact_duplicate_dhash_d0
/home/z/my-project/Factory-AI/datasets/production/dfire/train/images/AoF04018.jpg,/home/z/my-project/Factory-AI/datasets/production/dfire/test/images/AoF07721.jpg,exact_duplicate_dhash_d0
/home/z/my-project/Factory-AI/datasets/production/dfire/train/images/AoF04022.jpg,/home/z/my-project/Factory-AI/datasets/production/dfire/test/images/AoF07724.jpg,exact_duplicate_dhash_d0
/home/z/my-project/Factory-AI/datasets/production/dfire/train/images/AoF04023.jpg,/home/z/my-project/Factory-AI/datasets/production/dfire/train/images/AoF04021.jpg,exact_duplicate_dhash_d0
/home/z/my-project/Factory-AI/datasets/production/dfire/train/images/AoF04024.jpg,/home/z/my-project/Factory-AI/datasets/production/dfire/test/images/AoF07722.jpg,exact_duplicate_dhash_d0
/home/z/my-project/Factory-AI/datasets/production/dfire/train/images/AoF04025.jpg,/home/z/my-project/Factory-AI/datasets/production/dfire/test/images/AoF07723.jpg,exact_duplicate_dhash_d0
/home/z/my-project/Factory-AI/datasets/production/dfire/train/images/AoF04030.jpg,/home/z/my-project/Factory-AI/datasets/production/dfire/train/images/AoF04029.jpg,exact_duplicate_dhash_d0
/home/z/my-project/Factory-AI/datasets/production/dfire/train/images/AoF04035.jpg,/home/z/my-project/Factory-AI/datasets/production/dfire/train/images/AoF04034.jpg,exact_duplicate_dhash_d0
/home/z/my-project/Factory-AI/datasets/production/dfire/train/images/AoF04088.jpg,/home/z/my-project/Factory-AI/datasets/production/dfire/train/images/AoF04086.jpg,exact_duplicate_dhash_d0
/home/z/my-project/Factory-AI/datasets/production/dfire/train/images/AoF04090.jpg,/home/z/my-project/Factory-AI/datasets/production/dfire/train/images/AoF04087.jpg,exact_duplicate_dhash_d0
/home/z/my-project/Factory-AI/datasets/production/dfire/train/images/AoF04091.jpg,/home/z/my-project/Factory-AI/datasets/production/dfire/test/images/AoF07752.jpg,exact_duplicate_dhash_d0
/home/z/my-project/Factory-AI/datasets/production/dfire/train/images/AoF04092.jpg,/home/z/my-project/Factory-AI/datasets/production/dfire/test/images/AoF07752.jpg,exact_duplicate_dhash_d0
/home/z/my-project/Factory-AI/datasets/production/dfire/train/images/AoF04093.jpg,/home/z/my-project/Factory-AI/datasets/production/dfire/test/images/AoF07741.jpg,exact_duplicate_dhash_d0
/home/z/my-project/Factory-AI/datasets/production/dfire/train/images/AoF04094.jpg,/home/z/my-project/Factory-AI/datasets/production/dfire/test/images/AoF07741.jpg,exact_duplicate_dhash_d0
/home/z/my-project/Factory-AI/datasets/production/dfire/train/images/AoF04096.jpg,/home/z/my-project/Factory-AI/datasets/production/dfire/test/images/AoF07743.jpg,exact_duplicate_dhash_d0
/home/z/my-project/Factory-AI/datasets/production/dfire/train/images/AoF04097.jpg,/home/z/my-project/Factory-AI/datasets/production/dfire/test/images/AoF07746.jpg,exact_duplicate_dhash_d0
/home/z/my-project/Factory-AI/datasets/production/dfire/train/images/AoF04098.jpg,/home/z/my-project/Factory-AI/datasets/production/dfire/test/images/AoF07747.jpg,exact_duplicate_dhash_d0
/home/z/my-project/Factory-AI/datasets/production/dfire/train/images/AoF04099.jpg,/home/z/my-project/Factory-AI/datasets/production/dfire/test/images/AoF07744.jpg,exact_duplicate_dhash_d0
/home/z/my-project/Factory-AI/datasets/production/dfire/train/images/AoF04100.jpg,/home/z/my-project/Factory-AI/datasets/production/dfire/test/images/AoF07744.jpg,exact_duplicate_dhash_d0
/home/z/my-project/Factory-AI/datasets/production/dfire/train/images/AoF04101.jpg,/home/z/my-project/Factory-AI/datasets/production/dfire/test/images/AoF07741.jpg,exact_duplicate_dhash_d0
/home/z/my-project/Factory-AI/datasets/production/dfire/train/images/AoF04102.jpg,/home/z/my-project/Factory-AI/datasets/production/dfire/test/images/AoF07746.jpg,exact_duplicate_dhash_d0
/home/z/my-project/Factory-AI/datasets/production/dfire/train/images/AoF04103.jpg,/home/z/my-project/Factory-AI/datasets/production/dfire/test/images/AoF07746.jpg,exact_duplicate_dhash_d0
/home/z/my-project/Factory-AI/datasets/production/dfire/train/images/AoF04104.jpg,/home/z/my-project/Factory-AI/datasets/production/dfire/test/images/AoF07743.jpg,exact_duplicate_dhash_d0
/home/z/my-project/Factory-AI/datasets/production/dfire/train/images/AoF04105.jpg,/home/z/my-project/Factory-AI/datasets/production/dfire/test/images/AoF07747.jpg,exact_duplicate_dhash_d0
/home/z/my-project/Factory-AI/datasets/production/dfire/train/images/AoF04106.jpg,/home/z/my-project/Factory-AI/datasets/production/dfire/test/images/AoF07743.jpg,exact_duplicate_dhash_d0
/home/z/my-project/Factory-AI/datasets/production/dfire/train/images/AoF04108.jpg,/home/z/my-project/Factory-AI/datasets/production/dfire/test/images/AoF07741.jpg,exact_duplicate_dhash_d0
/home/z/my-project/Factory-AI/datasets/production/dfire/train/images/AoF04109.jpg,/home/z/my-project/Factory-AI/datasets/production/dfire/test/images/AoF07741.jpg,exact_duplicate_dhash_d0
/home/z/my-project/Factory-AI/datasets/production/dfire/train/images/AoF04110.jpg,/home/z/my-project/Factory-AI/datasets/production/dfire/test/images/AoF07747.jpg,exact_duplicate_dhash_d0
/home/z/my-project/Factory-AI/datasets/production/dfire/train/images/AoF04111.jpg,/home/z/my-project/Factory-AI/datasets/production/dfire/test/images/AoF07743.jpg,exact_duplicate_dhash_d0
/home/z/my-project/Factory-AI/datasets/production/dfire/train/images/AoF04113.jpg,/home/z/my-project/Factory-AI/datasets/production/dfire/train/images/AoF04112.jpg,exact_duplicate_dhash_d0
/home/z/my-project/Factory-AI/datasets/production/dfire/train/images/AoF04114.jpg,/home/z/my-project/Factory-AI/datasets/production/dfire/test/images/AoF07746.jpg,exact_duplicate_dhash_d0
/home/z/my-project/Factory-AI/datasets/production/dfire/train/images/AoF04120.jpg,/home/z/my-project/Factory-AI/datasets/production/dfire/train/images/AoF04119.jpg,exact_duplicate_dhash_d0
/home/z/my-project/Factory-AI/datasets/production/dfire/train/images/AoF04122.jpg,/home/z/my-project/Factory-AI/datasets/production/dfire/train/images/AoF04118.jpg,exact_duplicate_dhash_d0
/home/z/my-project/Factory-AI/datasets/production/dfire/train/images/AoF04123.jpg,/home/z/my-project/Factory-AI/datasets/production/dfire/train/images/AoF04118.jpg,exact_duplicate_dhash_d0
/home/z/my-project/Factory-AI/datasets/production/dfire/train/images/AoF04124.jpg,/home/z/my-project/Factory-AI/datasets/production/dfire/test/images/AoF07746.jpg,exact_duplicate_dhash_d0
/home/z/my-project/Factory-AI/datasets/production/dfire/train/images/AoF04127.jpg,/home/z/my-project/Factory-AI/datasets/production/dfire/test/images/AoF07746.jpg,exact_duplicate_dhash_d0
/home/z/my-project/Factory-AI/datasets/production/dfire/train/images/AoF04128.jpg,/home/z/my-project/Factory-AI/datasets/production/dfire/train/images/AoF04118.jpg,exact_duplicate_dhash_d0
/home/z/my-project/Factory-AI/datasets/production/dfire/train/images/AoF04129.jpg,/home/z/my-project/Factory-AI/datasets/production/dfire/test/images/AoF07743.jpg,exact_duplicate_dhash_d0
/home/z/my-project/Factory-AI/datasets/production/dfire/train/images/AoF04130.jpg,/home/z/my-project/Factory-AI/datasets/production/dfire/test/images/AoF07743.jpg,exact_duplicate_dhash_d0
/home/z/my-project/Factory-AI/datasets/production/dfire/train/images/AoF04134.jpg,/home/z/my-project/Factory-AI/datasets/production/dfire/test/images/AoF07747.jpg,exact_duplicate_dhash_d0
/home/z/my-project/Factory-AI/datasets/production/dfire/train/images/AoF04135.jpg,/home/z/my-project/Factory-AI/datasets/production/dfire/test/images/AoF07750.jpg,exact_duplicate_dhash_d0
/home/z/my-project/Factory-AI/datasets/production/dfire/train/images/AoF04136.jpg,/home/z/my-project/Factory-AI/datasets/production/dfire/test/images/AoF07760.jpg,exact_duplicate_dhash_d0
/home/z/my-project/Factory-AI/datasets/production/dfire/train/images/AoF04137.jpg,/home/z/my-project/Factory-AI/datasets/production/dfire/test/images/AoF07759.jpg,exact_duplicate_dhash_d0
/home/z/my-project/Factory-AI/datasets/production/dfire/train/images/AoF04138.jpg,/home/z/my-project/Factory-AI/datasets/production/dfire/train/images/AoF04112.jpg,exact_duplicate_dhash_d0
/home/z/my-project/Factory-AI/datasets/production/dfire/train/images/AoF04140.jpg,/home/z/my-project/Factory-AI/datasets/production/dfire/test/images/AoF07747.jpg,exact_duplicate_dhash_d0
/home/z/my-project/Factory-AI/datasets/production/dfire/train/images/AoF04143.jpg,/home/z/my-project/Factory-AI/datasets/production/dfire/test/images/AoF07750.jpg,exact_duplicate_dhash_d0
/home/z/my-project/Factory-AI/datasets/production/dfire/train/images/AoF04144.jpg,/home/z/my-project/Factory-AI/datasets/production/dfire/test/images/AoF07757.jpg,exact_duplicate_dhash_d0
/home/z/my-project/Factory-AI/datasets/production/dfire/train/images/AoF04145.jpg,/home/z/my-project/Factory-AI/datasets/production/dfire/test/images/AoF07757.jpg,exact_duplicate_dhash_d0
/home/z/my-project/Factory-AI/datasets/production/dfire/train/images/AoF04146.jpg,/home/z/my-project/Factory-AI/datasets/production/dfire/train/images/AoF04141.jpg,exact_duplicate_dhash_d0
/home/z/my-project/Factory-AI/datasets/production/dfire/train/images/AoF04147.jpg,/home/z/my-project/Factory-AI/datasets/production/dfire/train/images/AoF04139.jpg,exact_duplicate_dhash_d0
/home/z/my-project/Factory-AI/datasets/production/dfire/train/images/AoF04148.jpg,/home/z/my-project/Factory-AI/datasets/production/dfire/test/images/AoF07760.jpg,exact_duplicate_dhash_d0
/home/z/my-project/Factory-AI/datasets/production/dfire/train/images/AoF04149.jpg,/home/z/my-project/Factory-AI/datasets/production/dfire/test/images/AoF07759.jpg,exact_duplicate_dhash_d0
/home/z/my-project/Factory-AI/datasets/production/dfire/train/images/AoF04151.jpg,/home/z/my-project/Factory-AI/datasets/production/dfire/test/images/AoF07751.jpg,exact_duplicate_dhash_d0
/home/z/my-project/Factory-AI/datasets/production/dfire/train/images/AoF04152.jpg,/home/z/my-project/Factory-AI/datasets/production/dfire/test/images/AoF07763.jpg,exact_duplicate_dhash_d0
/home/z/my-project/Factory-AI/datasets/production/dfire/train/images/AoF04153.jpg,/home/z/my-project/Factory-AI/datasets/production/dfire/test/images/AoF07751.jpg,exact_duplicate_dhash_d0
/home/z/my-project/Factory-AI/datasets/production/dfire/train/images/AoF04154.jpg,/home/z/my-project/Factory-AI/datasets/production/dfire/test/images/AoF07763.jpg,exact_duplicate_dhash_d0
/home/z/my-project/Factory-AI/datasets/production/dfire/train/images/AoF04155.jpg,/home/z/my-project/Factory-AI/datasets/production/dfire/train/images/AoF04131.jpg,exact_duplicate_dhash_d0
/home/z/my-project/Factory-AI/datasets/production/dfire/train/images/AoF04157.jpg,/home/z/my-project/Factory-AI/datasets/production/dfire/test/images/AoF07763.jpg,exact_duplicate_dhash_d0
/home/z/my-project/Factory-AI/datasets/production/dfire/train/images/AoF04158.jpg,/home/z/my-project/Factory-AI/datasets/production/dfire/test/images/AoF07751.jpg,exact_duplicate_dhash_d0
/home/z/my-project/Factory-AI/datasets/production/dfire/train/images/AoF04161.jpg,/home/z/my-project/Factory-AI/datasets/production/dfire/test/images/AoF07751.jpg,exact_duplicate_dhash_d0
/home/z/my-project/Factory-AI/datasets/production/dfire/train/images/AoF04162.jpg,/home/z/my-project/Factory-AI/datasets/production/dfire/train/images/AoF04131.jpg,exact_duplicate_dhash_d0
/home/z/my-project/Factory-AI/datasets/production/dfire/train/images/AoF04163.jpg,/home/z/my-project/Factory-AI/datasets/production/dfire/train/images/AoF04150.jpg,exact_duplicate_dhash_d0
/home/z/my-project/Factory-AI/datasets/production/dfire/train/images/AoF04164.jpg,/home/z/my-project/Factory-AI/datasets/production/dfire/test/images/AoF07769.jpg,exact_duplicate_dhash_d0
/home/z/my-project/Factory-AI/datasets/production/dfire/train/images/AoF04165.jpg,/home/z/my-project/Factory-AI/datasets/production/dfire/test/images/AoF07763.jpg,exact_duplicate_dhash_d0
/home/z/my-project/Factory-AI/datasets/production/dfire/train/images/AoF04166.jpg,/home/z/my-project/Factory-AI/datasets/production/dfire/test/images/AoF07763.jpg,exact_duplicate_dhash_d0
/home/z/my-project/Factory-AI/datasets/production/dfire/train/images/AoF04167.jpg,/home/z/my-project/Factory-AI/datasets/production/dfire/test/images/AoF07765.jpg,exact_duplicate_dhash_d0
/home/z/my-project/Factory-AI/datasets/production/dfire/train/images/AoF04169.jpg,/home/z/my-project/Factory-AI/datasets/production/dfire/test/images/AoF07772.jpg,exact_duplicate_dhash_d0
/home/z/my-project/Factory-AI/datasets/production/dfire/train/images/AoF04175.jpg,/home/z/my-project/Factory-AI/datasets/production/dfire/test/images/AoF07765.jpg,exact_duplicate_dhash_d0
/home/z/my-project/Factory-AI/datasets/production/dfire/train/images/AoF04176.jpg,/home/z/my-project/Factory-AI/datasets/production/dfire/test/images/AoF07763.jpg,exact_duplicate_dhash_d0
/home/z/my-project/Factory-AI/datasets/production/dfire/train/images/AoF04177.jpg,/home/z/my-project/Factory-AI/datasets/production/dfire/train/images/AoF04131.jpg,exact_duplicate_dhash_d0
/home/z/my-project/Factory-AI/datasets/production/dfire/train/images/AoF04180.jpg,/home/z/my-project/Factory-AI/datasets/production/dfire/test/images/AoF07769.jpg,exact_duplicate_dhash_d0
/home/z/my-project/Factory-AI/datasets/production/dfire/train/images/AoF04181.jpg,/home/z/my-project/Factory-AI/datasets/production/dfire/test/images/AoF07772.jpg,exact_duplicate_dhash_d0
/home/z/my-project/Factory-AI/datasets/production/dfire/train/images/AoF04182.jpg,/home/z/my-project/Factory-AI/datasets/production/dfire/test/images/AoF07765.jpg,exact_duplicate_dhash_d0
/home/z/my-project/Factory-AI/datasets/production/dfire/train/images/AoF04183.jpg,/home/z/my-project/Factory-AI/datasets/production/dfire/test/images/AoF07770.jpg,exact_duplicate_dhash_d0
/home/z/my-project/Factory-AI/datasets/production/dfire/train/images/AoF04184.jpg,/home/z/my-project/Factory-AI/datasets/production/dfire/test/images/AoF07770.jpg,exact_duplicate_dhash_d0
/home/z/my-project/Factory-AI/datasets/production/dfire/train/images/AoF04185.jpg,/home/z/my-project/Factory-AI/datasets/production/dfire/test/images/AoF07765.jpg,exact_duplicate_dhash_d0
/home/z/my-project/Factory-AI/datasets/production/dfire/train/images/AoF04186.jpg,/home/z/my-project/Factory-AI/datasets/production/dfire/test/images/AoF07765.jpg,exact_duplicate_dhash_d0
/home/z/my-project/Factory-AI/datasets/production/dfire/train/images/AoF04187.jpg,/home/z/my-project/Factory-AI/datasets/production/dfire/test/images/AoF07770.jpg,exact_duplicate_dhash_d0
/home/z/my-project/Factory-AI/datasets/production/dfire/train/images/AoF04188.jpg,/home/z/my-project/Factory-AI/datasets/production/dfire/train/images/AoF04178.jpg,exact_duplicate_dhash_d0
/home/z/my-project/Factory-AI/datasets/production/dfire/train/images/AoF04189.jpg,/home/z/my-project/Factory-AI/datasets/production/dfire/test/images/AoF07769.jpg,exact_duplicate_dhash_d0
/home/z/my-project/Factory-AI/datasets/production/dfire/train/images/AoF04190.jpg,/home/z/my-project/Factory-AI/datasets/production/dfire/test/images/AoF07770.jpg,exact_duplicate_dhash_d0
/home/z/my-project/Factory-AI/datasets/production/dfire/train/images/AoF04191.jpg,/home/z/my-project/Factory-AI/datasets/production/dfire/test/images/AoF07772.jpg,exact_duplicate_dhash_d0
/home/z/my-project/Factory-AI/datasets/production/dfire/train/images/AoF04192.jpg,/home/z/my-project/Factory-AI/datasets/production/dfire/test/images/AoF07770.jpg,exact_duplicate_dhash_d0
/home/z/my-project/Factory-AI/datasets/production/dfire/train/images/AoF04193.jpg,/home/z/my-project/Factory-AI/datasets/production/dfire/test/images/AoF07772.jpg,exact_duplicate_dhash_d0
/home/z/my-project/Factory-AI/datasets/production/dfire/train/images/AoF04194.jpg,/home/z/my-project/Factory-AI/datasets/production/dfire/test/images/AoF07765.jpg,exact_duplicate_dhash_d0
/home/z/my-project/Factory-AI/datasets/production/dfire/train/images/AoF04195.jpg,/home/z/my-project/Factory-AI/datasets/production/dfire/test/images/AoF07770.jpg,exact_duplicate_dhash_d0
/home/z/my-project/Factory-AI/datasets/production/dfire/train/images/AoF04196.jpg,/home/z/my-project/Factory-AI/datasets/production/dfire/test/images/AoF07770.jpg,exact_duplicate_dhash_d0
/home/z/my-project/Factory-AI/datasets/production/dfire/train/images/AoF04197.jpg,/home/z/my-project/Factory-AI/datasets/production/dfire/test/images/AoF07765.jpg,exact_duplicate_dhash_d0
/home/z/my-project/Factory-AI/datasets/production/dfire/train/images/AoF04198.jpg,/home/z/my-project/Factory-AI/datasets/production/dfire/train/images/AoF04131.jpg,exact_duplicate_dhash_d0
/home/z/my-project/Factory-AI/datasets/production/dfire/train/images/AoF04202.jpg,/home/z/my-project/Factory-AI/datasets/production/dfire/test/images/AoF07772.jpg,exact_duplicate_dhash_d0
/home/z/my-project/Factory-AI/datasets/production/dfire/train/images/AoF04203.jpg,/home/z/my-project/Factory-AI/datasets/production/dfire/test/images/AoF07763.jpg,exact_duplicate_dhash_d0
/home/z/my-project/Factory-AI/datasets/production/dfire/train/images/AoF04204.jpg,/home/z/my-project/Factory-AI/datasets/production/dfire/test/images/AoF07770.jpg,exact_duplicate_dhash_d0
/home/z/my-project/Factory-AI/datasets/production/dfire/train/images/AoF04205.jpg,/home/z/my-project/Factory-AI/datasets/production/dfire/test/images/AoF07770.jpg,exact_duplicate_dhash_d0
/home/z/my-project/Factory-AI/datasets/production/dfire/train/images/AoF04207.jpg,/home/z/my-project/Factory-AI/datasets/production/dfire/test/images/AoF07765.jpg,exact_duplicate_dhash_d0
/home/z/my-project/Factory-AI/datasets/production/dfire/train/images/AoF04208.jpg,/home/z/my-project/Factory-AI/datasets/production/dfire/test/images/AoF07765.jpg,exact_duplicate_dhash_d0
/home/z/my-project/Factory-AI/datasets/production/dfire/train/images/AoF04209.jpg,/home/z/my-project/Factory-AI/datasets/production/dfire/test/images/AoF07765.jpg,exact_duplicate_dhash_d0
/home/z/my-project/Factory-AI/datasets/production/dfire/train/images/AoF04211.jpg,/home/z/my-project/Factory-AI/datasets/production/dfire/test/images/AoF07765.jpg,exact_duplicate_dhash_d0
/home/z/my-project/Factory-AI/datasets/production/dfire/train/images/AoF04212.jpg,/home/z/my-project/Factory-AI/datasets/production/dfire/test/images/AoF07765.jpg,exact_duplicate_dhash_d0
/home/z/my-project/Factory-AI/datasets/production/dfire/train/images/AoF04213.jpg,/home/z/my-project/Factory-AI/datasets/production/dfire/test/images/AoF07765.jpg,exact_duplicate_dhash_d0
/home/z/my-project/Factory-AI/datasets/production/dfire/train/images/AoF04214.jpg,/home/z/my-project/Factory-AI/datasets/production/dfire/test/images/AoF07765.jpg,exact_duplicate_dhash_d0
/home/z/my-project/Factory-AI/datasets/production/dfire/train/images/AoF04215.jpg,/home/z/my-project/Factory-AI/datasets/production/dfire/test/images/AoF07770.jpg,exact_duplicate_dhash_d0
/home/z/my-project/Factory-AI/datasets/production/dfire/train/images/AoF04217.jpg,/home/z/my-project/Factory-AI/datasets/production/dfire/test/images/AoF07772.jpg,exact_duplicate_dhash_d0
/home/z/my-project/Factory-AI/datasets/production/dfire/train/images/AoF04218.jpg,/home/z/my-project/Factory-AI/datasets/production/dfire/test/images/AoF07769.jpg,exact_duplicate_dhash_d0
/home/z/my-project/Factory-AI/datasets/production/dfire/train/images/AoF04219.jpg,/home/z/my-project/Factory-AI/datasets/production/dfire/test/images/AoF07770.jpg,exact_duplicate_dhash_d0
/home/z/my-project/Factory-AI/datasets/production/dfire/train/images/AoF04221.jpg,/home/z/my-project/Factory-AI/datasets/production/dfire/test/images/AoF07769.jpg,exact_duplicate_dhash_d0
/home/z/my-project/Factory-AI/datasets/production/dfire/train/images/AoF04222.jpg,/home/z/my-project/Factory-AI/datasets/production/dfire/test/images/AoF07770.jpg,exact_duplicate_dhash_d0
/home/z/my-project/Factory-AI/datasets/production/dfire/train/images/AoF04223.jpg,/home/z/my-project/Factory-AI/datasets/production/dfire/test/images/AoF07769.jpg,exact_duplicate_dhash_d0
/home/z/my-project/Factory-AI/datasets/production/dfire/train/images/AoF04228.jpg,/home/z/my-project/Factory-AI/datasets/production/dfire/train/images/AoF04227.jpg,exact_duplicate_dhash_d0
/home/z/my-project/Factory-AI/datasets/production/dfire/train/images/AoF04229.jpg,/home/z/my-project/Factory-AI/datasets/production/dfire/train/images/AoF04227.jpg,exact_duplicate_dhash_d0
/home/z/my-project/Factory-AI/datasets/production/dfire/train/images/AoF04230.jpg,/home/z/my-project/Factory-AI/datasets/production/dfire/train/images/AoF04227.jpg,exact_duplicate_dhash_d0
/home/z/my-project/Factory-AI/datasets/production/dfire/train/images/AoF04233.jpg,/home/z/my-project/Factory-AI/datasets/production/dfire/train/images/AoF04225.jpg,exact_duplicate_dhash_d0
/home/z/my-project/Factory-AI/datasets/production/dfire/train/images/AoF04236.jpg,/home/z/my-project/Factory-AI/datasets/production/dfire/test/images/AoF07777.jpg,exact_duplicate_dhash_d0
/home/z/my-project/Factory-AI/datasets/production/dfire/train/images/AoF04238.jpg,/home/z/my-project/Factory-AI/datasets/production/dfire/test/images/AoF07777.jpg,exact_duplicate_dhash_d0
/home/z/my-project/Factory-AI/datasets/production/dfire/train/images/AoF04239.jpg,/home/z/my-project/Factory-AI/datasets/production/dfire/train/images/AoF04235.jpg,exact_duplicate_dhash_d0
/home/z/my-project/Factory-AI/datasets/production/dfire/train/images/AoF04240.jpg,/home/z/my-project/Factory-AI/datasets/production/dfire/train/images/AoF04235.jpg,exact_duplicate_dhash_d0
/home/z/my-project/Factory-AI/datasets/production/dfire/train/images/AoF04242.jpg,/home/z/my-project/Factory-AI/datasets/production/dfire/train/images/AoF04225.jpg,exact_duplicate_dhash_d0
/home/z/my-project/Factory-AI/datasets/production/dfire/train/images/AoF04244.jpg,/home/z/my-project/Factory-AI/datasets/production/dfire/train/images/AoF04243.jpg,exact_duplicate_dhash_d0
/home/z/my-project/Factory-AI/datasets/production/dfire/train/images/AoF04245.jpg,/home/z/my-project/Factory-AI/datasets/production/dfire/test/images/AoF07777.jpg,exact_duplicate_dhash_d0
/home/z/my-project/Factory-AI/datasets/production/dfire/train/images/AoF04246.jpg,/home/z/my-project/Factory-AI/datasets/production/dfire/test/images/AoF07777.jpg,exact_duplicate_dhash_d0
/home/z/my-project/Factory-AI/datasets/production/dfire/train/images/AoF04248.jpg,/home/z/my-project/Factory-AI/datasets/production/dfire/train/images/AoF04247.jpg,exact_duplicate_dhash_d0
/home/z/my-project/Factory-AI/datasets/production/dfire/train/images/AoF04249.jpg,/home/z/my-project/Factory-AI/datasets/production/dfire/test/images/AoF07777.jpg,exact_duplicate_dhash_d0
/home/z/my-project/Factory-AI/datasets/production/dfire/train/images/AoF04250.jpg,/home/z/my-project/Factory-AI/datasets/production/dfire/test/images/AoF07777.jpg,exact_duplicate_dhash_d0
/home/z/my-project/Factory-AI/datasets/production/dfire/train/images/AoF04252.jpg,/home/z/my-project/Factory-AI/datasets/production/dfire/train/images/AoF04241.jpg,exact_duplicate_dhash_d0
/home/z/my-project/Factory-AI/datasets/production/dfire/train/images/AoF04253.jpg,/home/z/my-project/Factory-AI/datasets/production/dfire/test/images/AoF07777.jpg,exact_duplicate_dhash_d0
/home/z/my-project/Factory-AI/datasets/production/dfire/train/images/AoF04254.jpg,/home/z/my-project/Factory-AI/datasets/production/dfire/train/images/AoF04243.jpg,exact_duplicate_dhash_d0
/home/z/my-project/Factory-AI/datasets/production/dfire/train/images/AoF04255.jpg,/home/z/my-project/Factory-AI/datasets/production/dfire/test/images/AoF07777.jpg,exact_duplicate_dhash_d0
/home/z/my-project/Factory-AI/datasets/production/dfire/train/images/AoF04256.jpg,/home/z/my-project/Factory-AI/datasets/production/dfire/test/images/AoF07777.jpg,exact_duplicate_dhash_d0
/home/z/my-project/Factory-AI/datasets/production/dfire/train/images/AoF04258.jpg,/home/z/my-project/Factory-AI/datasets/production/dfire/train/images/AoF04235.jpg,exact_duplicate_dhash_d0
/home/z/my-project/Factory-AI/datasets/production/dfire/train/images/AoF04261.jpg,/home/z/my-project/Factory-AI/datasets/production/dfire/train/images/AoF04257.jpg,exact_duplicate_dhash_d0
/home/z/my-project/Factory-AI/datasets/production/dfire/train/images/AoF04262.jpg,/home/z/my-project/Factory-AI/datasets/production/dfire/train/images/AoF04260.jpg,exact_duplicate_dhash_d0
/home/z/my-project/Factory-AI/datasets/production/dfire/train/images/AoF04263.jpg,/home/z/my-project/Factory-AI/datasets/production/dfire/train/images/AoF04241.jpg,exact_duplicate_dhash_d0
/home/z/my-project/Factory-AI/datasets/production/dfire/train/images/AoF04264.jpg,/home/z/my-project/Factory-AI/datasets/production/dfire/train/images/AoF04235.jpg,exact_duplicate_dhash_d0
/home/z/my-project/Factory-AI/datasets/production/dfire/train/images/AoF04265.jpg,/home/z/my-project/Factory-AI/datasets/production/dfire/test/images/AoF07781.jpg,exact_duplicate_dhash_d0
/home/z/my-project/Factory-AI/datasets/production/dfire/train/images/AoF04266.jpg,/home/z/my-project/Factory-AI/datasets/production/dfire/test/images/AoF07778.jpg,exact_duplicate_dhash_d0
/home/z/my-project/Factory-AI/datasets/production/dfire/train/images/AoF04268.jpg,/home/z/my-project/Factory-AI/datasets/production/dfire/train/images/AoF04234.jpg,exact_duplicate_dhash_d0
/home/z/my-project/Factory-AI/datasets/production/dfire/train/images/AoF04270.jpg,/home/z/my-project/Factory-AI/datasets/production/dfire/train/images/AoF04234.jpg,exact_duplicate_dhash_d0
/home/z/my-project/Factory-AI/datasets/production/dfire/train/images/AoF04271.jpg,/home/z/my-project/Factory-AI/datasets/production/dfire/train/images/AoF04234.jpg,exact_duplicate_dhash_d0
/home/z/my-project/Factory-AI/datasets/production/dfire/train/images/AoF04272.jpg,/home/z/my-project/Factory-AI/datasets/production/dfire/train/images/AoF04234.jpg,exact_duplicate_dhash_d0
/home/z/my-project/Factory-AI/datasets/production/dfire/train/images/AoF04273.jpg,/home/z/my-project/Factory-AI/datasets/production/dfire/train/images/AoF04234.jpg,exact_duplicate_dhash_d0
/home/z/my-project/Factory-AI/datasets/production/dfire/train/images/AoF04274.jpg,/home/z/my-project/Factory-AI/datasets/production/dfire/test/images/AoF07777.jpg,exact_duplicate_dhash_d0
/home/z/my-project/Factory-AI/datasets/production/dfire/train/images/AoF04275.jpg,/home/z/my-project/Factory-AI/datasets/production/dfire/test/images/AoF07781.jpg,exact_duplicate_dhash_d0
/home/z/my-project/Factory-AI/datasets/production/dfire/train/images/AoF04276.jpg,/home/z/my-project/Factory-AI/datasets/production/dfire/train/images/AoF04267.jpg,exact_duplicate_dhash_d0
/home/z/my-project/Factory-AI/datasets/production/dfire/train/images/AoF04277.jpg,/home/z/my-project/Factory-AI/datasets/production/dfire/train/images/AoF04267.jpg,exact_duplicate_dhash_d0
/home/z/my-project/Factory-AI/datasets/production/dfire/train/images/AoF04278.jpg,/home/z/my-project/Factory-AI/datasets/production/dfire/train/images/AoF04227.jpg,exact_duplicate_dhash_d0
/home/z/my-project/Factory-AI/datasets/production/dfire/train/images/AoF04279.jpg,/home/z/my-project/Factory-AI/datasets/production/dfire/train/images/AoF04234.jpg,exact_duplicate_dhash_d0
/home/z/my-project/Factory-AI/datasets/production/dfire/train/images/AoF04281.jpg,/home/z/my-project/Factory-AI/datasets/production/dfire/test/images/AoF07783.jpg,exact_duplicate_dhash_d0
/home/z/my-project/Factory-AI/datasets/production/dfire/train/images/AoF04287.jpg,/home/z/my-project/Factory-AI/datasets/production/dfire/test/images/AoF07781.jpg,exact_duplicate_dhash_d0
/home/z/my-project/Factory-AI/datasets/production/dfire/train/images/AoF04288.jpg,/home/z/my-project/Factory-AI/datasets/production/dfire/test/images/AoF07782.jpg,exact_duplicate_dhash_d0
/home/z/my-project/Factory-AI/datasets/production/dfire/train/images/AoF04290.jpg,/home/z/my-project/Factory-AI/datasets/production/dfire/train/images/AoF04285.jpg,exact_duplicate_dhash_d0
/home/z/my-project/Factory-AI/datasets/production/dfire/train/images/AoF04296.jpg,/home/z/my-project/Factory-AI/datasets/production/dfire/train/images/AoF04295.jpg,exact_duplicate_dhash_d0
/home/z/my-project/Factory-AI/datasets/production/dfire/train/images/AoF04300.jpg,/home/z/my-project/Factory-AI/datasets/production/dfire/test/images/AoF07790.jpg,exact_duplicate_dhash_d0
/home/z/my-project/Factory-AI/datasets/production/dfire/train/images/AoF04301.jpg,/home/z/my-project/Factory-AI/datasets/production/dfire/test/images/AoF07796.jpg,exact_duplicate_dhash_d0
/home/z/my-project/Factory-AI/datasets/production/dfire/train/images/AoF04303.jpg,/home/z/my-project/Factory-AI/datasets/production/dfire/test/images/AoF07796.jpg,exact_duplicate_dhash_d0
/home/z/my-project/Factory-AI/datasets/production/dfire/train/images/AoF04304.jpg,/home/z/my-project/Factory-AI/datasets/production/dfire/train/images/AoF04298.jpg,exact_duplicate_dhash_d0
/home/z/my-project/Factory-AI/datasets/production/dfire/train/images/AoF04305.jpg,/home/z/my-project/Factory-AI/datasets/production/dfire/test/images/AoF07796.jpg,exact_duplicate_dhash_d0
/home/z/my-project/Factory-AI/datasets/production/dfire/train/images/AoF04306.jpg,/home/z/my-project/Factory-AI/datasets/production/dfire/test/images/AoF07787.jpg,exact_duplicate_dhash_d0
/home/z/my-project/Factory-AI/datasets/production/dfire/train/images/AoF04307.jpg,/home/z/my-project/Factory-AI/datasets/production/dfire/test/images/AoF07796.jpg,exact_duplicate_dhash_d0
/home/z/my-project/Factory-AI/datasets/production/dfire/train/images/AoF04308.jpg,/home/z/my-project/Factory-AI/datasets/production/dfire/test/images/AoF07796.jpg,exact_duplicate_dhash_d0
/home/z/my-project/Factory-AI/datasets/production/dfire/train/images/AoF04309.jpg,/home/z/my-project/Factory-AI/datasets/production/dfire/test/images/AoF07790.jpg,exact_duplicate_dhash_d0
/home/z/my-project/Factory-AI/datasets/production/dfire/train/images/AoF04310.jpg,/home/z/my-project/Factory-AI/datasets/production/dfire/test/images/AoF07790.jpg,exact_duplicate_dhash_d0
/home/z/my-project/Factory-AI/datasets/production/dfire/train/images/AoF04311.jpg,/home/z/my-project/Factory-AI/datasets/production/dfire/test/images/AoF07786.jpg,exact_duplicate_dhash_d0
/home/z/my-project/Factory-AI/datasets/production/dfire/train/images/AoF04312.jpg,/home/z/my-project/Factory-AI/datasets/production/dfire/test/images/AoF07796.jpg,exact_duplicate_dhash_d0
/home/z/my-project/Factory-AI/datasets/production/dfire/train/images/AoF04313.jpg,/home/z/my-project/Factory-AI/datasets/production/dfire/test/images/AoF07792.jpg,exact_duplicate_dhash_d0
/home/z/my-project/Factory-AI/datasets/production/dfire/train/images/AoF04314.jpg,/home/z/my-project/Factory-AI/datasets/production/dfire/test/images/AoF07796.jpg,exact_duplicate_dhash_d0
/home/z/my-project/Factory-AI/datasets/production/dfire/train/images/AoF04315.jpg,/home/z/my-project/Factory-AI/datasets/production/dfire/test/images/AoF07796.jpg,exact_duplicate_dhash_d0
/home/z/my-project/Factory-AI/datasets/production/dfire/train/images/AoF04316.jpg,/home/z/my-project/Factory-AI/datasets/production/dfire/test/images/AoF07796.jpg,exact_duplicate_dhash_d0
/home/z/my-project/Factory-AI/datasets/production/dfire/train/images/AoF04317.jpg,/home/z/my-project/Factory-AI/datasets/production/dfire/test/images/AoF07788.jpg,exact_duplicate_dhash_d0
/home/z/my-project/Factory-AI/datasets/production/dfire/train/images/AoF04318.jpg,/home/z/my-project/Factory-AI/datasets/production/dfire/test/images/AoF07788.jpg,exact_duplicate_dhash_d0
/home/z/my-project/Factory-AI/datasets/production/dfire/train/images/AoF04319.jpg,/home/z/my-project/Factory-AI/datasets/production/dfire/test/images/AoF07792.jpg,exact_duplicate_dhash_d0
/home/z/my-project/Factory-AI/datasets/production/dfire/train/images/AoF04320.jpg,/home/z/my-project/Factory-AI/datasets/production/dfire/test/images/AoF07792.jpg,exact_duplicate_dhash_d0
/home/z/my-project/Factory-AI/datasets/production/dfire/train/images/AoF04323.jpg,/home/z/my-project/Factory-AI/datasets/production/dfire/test/images/AoF07790.jpg,exact_duplicate_dhash_d0
/home/z/my-project/Factory-AI/datasets/production/dfire/train/images/AoF04324.jpg,/home/z/my-project/Factory-AI/datasets/production/dfire/test/images/AoF07790.jpg,exact_duplicate_dhash_d0
/home/z/my-project/Factory-AI/datasets/production/dfire/train/images/AoF04325.jpg,/home/z/my-project/Factory-AI/datasets/production/dfire/test/images/AoF07792.jpg,exact_duplicate_dhash_d0
/home/z/my-project/Factory-AI/datasets/production/dfire/train/images/AoF04326.jpg,/home/z/my-project/Factory-AI/datasets/production/dfire/test/images/AoF07790.jpg,exact_duplicate_dhash_d0
/home/z/my-project/Factory-AI/datasets/production/dfire/train/images/AoF04330.jpg,/home/z/my-project/Factory-AI/datasets/production/dfire/train/images/AoF04328.jpg,exact_duplicate_dhash_d0
/home/z/my-project/Factory-AI/datasets/production/dfire/train/images/AoF04332.jpg,/home/z/my-project/Factory-AI/datasets/production/dfire/test/images/AoF07799.jpg,exact_duplicate_dhash_d0
/home/z/my-project/Factory-AI/datasets/production/dfire/train/images/AoF04338.jpg,/home/z/my-project/Factory-AI/datasets/production/dfire/train/images/AoF04337.jpg,exact_duplicate_dhash_d0
/home/z/my-project/Factory-AI/datasets/production/dfire/train/images/AoF04339.jpg,/home/z/my-project/Factory-AI/datasets/production/dfire/train/images/AoF04336.jpg,exact_duplicate_dhash_d0
/home/z/my-project/Factory-AI/datasets/production/dfire/train/images/AoF04341.jpg,/home/z/my-project/Factory-AI/datasets/production/dfire/train/images/AoF04336.jpg,exact_duplicate_dhash_d0
/home/z/my-project/Factory-AI/datasets/production/dfire/train/images/AoF04344.jpg,/home/z/my-project/Factory-AI/datasets/production/dfire/train/images/AoF04343.jpg,exact_duplicate_dhash_d0
/home/z/my-project/Factory-AI/datasets/production/dfire/train/images/AoF04346.jpg,/home/z/my-project/Factory-AI/datasets/production/dfire/train/images/AoF04342.jpg,exact_duplicate_dhash_d0
/home/z/my-project/Factory-AI/datasets/production/dfire/train/images/AoF04349.jpg,/home/z/my-project/Factory-AI/datasets/production/dfire/test/images/AoF07803.jpg,exact_duplicate_dhash_d0
/home/z/my-project/Factory-AI/datasets/production/dfire/train/images/AoF04351.jpg,/home/z/my-project/Factory-AI/datasets/production/dfire/test/images/AoF07807.jpg,exact_duplicate_dhash_d0
/home/z/my-project/Factory-AI/datasets/production/dfire/train/images/AoF04352.jpg,/home/z/my-project/Factory-AI/datasets/production/dfire/test/images/AoF07806.jpg,exact_duplicate_dhash_d0
/home/z/my-project/Factory-AI/datasets/production/dfire/train/images/AoF04355.jpg,/home/z/my-project/Factory-AI/datasets/production/dfire/train/images/AoF04354.jpg,exact_duplicate_dhash_d0
/home/z/my-project/Factory-AI/datasets/production/dfire/train/images/AoF04356.jpg,/home/z/my-project/Factory-AI/datasets/production/dfire/train/images/AoF04354.jpg,exact_duplicate_dhash_d0
/home/z/my-project/Factory-AI/datasets/production/dfire/train/images/AoF04357.jpg,/home/z/my-project/Factory-AI/datasets/production/dfire/test/images/AoF07809.jpg,exact_duplicate_dhash_d0
/home/z/my-project/Factory-AI/datasets/production/dfire/train/images/AoF04359.jpg,/home/z/my-project/Factory-AI/datasets/production/dfire/test/images/AoF07807.jpg,exact_duplicate_dhash_d0
/home/z/my-project/Factory-AI/datasets/production/dfire/train/images/AoF04360.jpg,/home/z/my-project/Factory-AI/datasets/production/dfire/test/images/AoF07809.jpg,exact_duplicate_dhash_d0
/home/z/my-project/Factory-AI/datasets/production/dfire/train/images/AoF04361.jpg,/home/z/my-project/Factory-AI/datasets/production/dfire/test/images/AoF07809.jpg,exact_duplicate_dhash_d0
/home/z/my-project/Factory-AI/datasets/production/dfire/train/images/AoF04362.jpg,/home/z/my-project/Factory-AI/datasets/production/dfire/test/images/AoF07807.jpg,exact_duplicate_dhash_d0
/home/z/my-project/Factory-AI/datasets/production/dfire/train/images/AoF04363.jpg,/home/z/my-project/Factory-AI/datasets/production/dfire/test/images/AoF07807.jpg,exact_duplicate_dhash_d0
/home/z/my-project/Factory-AI/datasets/production/dfire/train/images/AoF04364.jpg,/home/z/my-project/Factory-AI/datasets/production/dfire/test/images/AoF07807.jpg,exact_duplicate_dhash_d0
/home/z/my-project/Factory-AI/datasets/production/dfire/train/images/AoF04369.jpg,/home/z/my-project/Factory-AI/datasets/production/dfire/train/images/AoF04367.jpg,exact_duplicate_dhash_d0
/home/z/my-project/Factory-AI/datasets/production/dfire/train/images/AoF04370.jpg,/home/z/my-project/Factory-AI/datasets/production/dfire/train/images/AoF04367.jpg,exact_duplicate_dhash_d0
/home/z/my-project/Factory-AI/datasets/production/dfire/train/images/AoF04397.jpg,/home/z/my-project/Factory-AI/datasets/production/dfire/test/images/AoF07816.jpg,exact_duplicate_dhash_d0
/home/z/my-project/Factory-AI/datasets/production/dfire/train/images/AoF04398.jpg,/home/z/my-project/Factory-AI/datasets/production/dfire/test/images/AoF07816.jpg,exact_duplicate_dhash_d0
/home/z/my-project/Factory-AI/datasets/production/dfire/train/images/AoF04399.jpg,/home/z/my-project/Factory-AI/datasets/production/dfire/test/images/AoF07816.jpg,exact_duplicate_dhash_d0
/home/z/my-project/Factory-AI/datasets/production/dfire/train/images/AoF04400.jpg,/home/z/my-project/Factory-AI/datasets/production/dfire/test/images/AoF07817.jpg,exact_duplicate_dhash_d0
/home/z/my-project/Factory-AI/datasets/production/dfire/train/images/AoF04414.jpg,/home/z/my-project/Factory-AI/datasets/production/dfire/train/images/AoF04413.jpg,exact_duplicate_dhash_d0
/home/z/my-project/Factory-AI/datasets/production/dfire/train/images/AoF04416.jpg,/home/z/my-project/Factory-AI/datasets/production/dfire/train/images/AoF04413.jpg,exact_duplicate_dhash_d0
/home/z/my-project/Factory-AI/datasets/production/dfire/train/images/AoF04421.jpg,/home/z/my-project/Factory-AI/datasets/production/dfire/test/images/AoF07828.jpg,exact_duplicate_dhash_d0
/home/z/my-project/Factory-AI/datasets/production/dfire/train/images/AoF04428.jpg,/home/z/my-project/Factory-AI/datasets/production/dfire/train/images/AoF04427.jpg,exact_duplicate_dhash_d0
/home/z/my-project/Factory-AI/datasets/production/dfire/train/images/AoF04500.jpg,/home/z/my-project/Factory-AI/datasets/production/dfire/test/images/AoF07860.jpg,exact_duplicate_dhash_d0
/home/z/my-project/Factory-AI/datasets/production/dfire/train/images/AoF04507.jpg,/home/z/my-project/Factory-AI/datasets/production/dfire/test/images/AoF07846.jpg,exact_duplicate_dhash_d0
/home/z/my-project/Factory-AI/datasets/production/dfire/train/images/AoF04508.jpg,/home/z/my-project/Factory-AI/datasets/production/dfire/test/images/AoF07862.jpg,exact_duplicate_dhash_d0
/home/z/my-project/Factory-AI/datasets/production/dfire/train/images/AoF04515.jpg,/home/z/my-project/Factory-AI/datasets/production/dfire/test/images/AoF07857.jpg,exact_duplicate_dhash_d0
/home/z/my-project/Factory-AI/datasets/production/dfire/train/images/AoF04517.jpg,/home/z/my-project/Factory-AI/datasets/production/dfire/test/images/AoF07859.jpg,exact_duplicate_dhash_d0
/home/z/my-project/Factory-AI/datasets/production/dfire/train/images/AoF04518.jpg,/home/z/my-project/Factory-AI/datasets/production/dfire/train/images/AoF04494.jpg,exact_duplicate_dhash_d0
/home/z/my-project/Factory-AI/datasets/production/dfire/train/images/AoF04523.jpg,/home/z/my-project/Factory-AI/datasets/production/dfire/train/images/AoF04513.jpg,exact_duplicate_dhash_d0
/home/z/my-project/Factory-AI/datasets/production/dfire/train/images/AoF04525.jpg,/home/z/my-project/Factory-AI/datasets/production/dfire/test/images/AoF07849.jpg,exact_duplicate_dhash_d0
/home/z/my-project/Factory-AI/datasets/production/dfire/train/images/AoF04538.jpg,/home/z/my-project/Factory-AI/datasets/production/dfire/test/images/AoF07862.jpg,exact_duplicate_dhash_d0
/home/z/my-project/Factory-AI/datasets/production/dfire/train/images/AoF04540.jpg,/home/z/my-project/Factory-AI/datasets/production/dfire/test/images/AoF07846.jpg,exact_duplicate_dhash_d0
/home/z/my-project/Factory-AI/datasets/production/dfire/train/images/AoF04541.jpg,/home/z/my-project/Factory-AI/datasets/production/dfire/train/images/AoF04513.jpg,exact_duplicate_dhash_d0
/home/z/my-project/Factory-AI/datasets/production/dfire/train/images/AoF04545.jpg,/home/z/my-project/Factory-AI/datasets/production/dfire/train/images/AoF04501.jpg,exact_duplicate_dhash_d0
/home/z/my-project/Factory-AI/datasets/production/dfire/train/images/AoF04546.jpg,/home/z/my-project/Factory-AI/datasets/production/dfire/test/images/AoF07854.jpg,exact_duplicate_dhash_d0
/home/z/my-project/Factory-AI/datasets/production/dfire/train/images/AoF04547.jpg,/home/z/my-project/Factory-AI/datasets/production/dfire/train/images/AoF04501.jpg,exact_duplicate_dhash_d0
/home/z/my-project/Factory-AI/datasets/production/dfire/train/images/AoF04552.jpg,/home/z/my-project/Factory-AI/datasets/production/dfire/test/images/AoF07852.jpg,exact_duplicate_dhash_d0
/home/z/my-project/Factory-AI/datasets/production/dfire/train/images/AoF04607.jpg,/home/z/my-project/Factory-AI/datasets/production/dfire/test/images/AoF07876.jpg,exact_duplicate_dhash_d0
/home/z/my-project/Factory-AI/datasets/production/dfire/train/images/AoF04608.jpg,/home/z/my-project/Factory-AI/datasets/production/dfire/test/images/AoF07876.jpg,exact_duplicate_dhash_d0
/home/z/my-project/Factory-AI/datasets/production/dfire/train/images/AoF04609.jpg,/home/z/my-project/Factory-AI/datasets/production/dfire/test/images/AoF07876.jpg,exact_duplicate_dhash_d0
/home/z/my-project/Factory-AI/datasets/production/dfire/train/images/AoF04610.jpg,/home/z/my-project/Factory-AI/datasets/production/dfire/test/images/AoF07876.jpg,exact_duplicate_dhash_d0
/home/z/my-project/Factory-AI/datasets/production/dfire/train/images/AoF04611.jpg,/home/z/my-project/Factory-AI/datasets/production/dfire/test/images/AoF07876.jpg,exact_duplicate_dhash_d0
/home/z/my-project/Factory-AI/datasets/production/dfire/train/images/AoF04612.jpg,/home/z/my-project/Factory-AI/datasets/production/dfire/test/images/AoF07876.jpg,exact_duplicate_dhash_d0
/home/z/my-project/Factory-AI/datasets/production/dfire/train/images/AoF04613.jpg,/home/z/my-project/Factory-AI/datasets/production/dfire/test/images/AoF07876.jpg,exact_duplicate_dhash_d0
/home/z/my-project/Factory-AI/datasets/production/dfire/train/images/AoF04614.jpg,/home/z/my-project/Factory-AI/datasets/production/dfire/test/images/AoF07876.jpg,exact_duplicate_dhash_d0
/home/z/my-project/Factory-AI/datasets/production/dfire/train/images/AoF04615.jpg,/home/z/my-project/Factory-AI/datasets/production/dfire/test/images/AoF07876.jpg,exact_duplicate_dhash_d0
/home/z/my-project/Factory-AI/datasets/production/dfire/train/images/AoF04616.jpg,/home/z/my-project/Factory-AI/datasets/production/dfire/test/images/AoF07876.jpg,exact_duplicate_dhash_d0
/home/z/my-project/Factory-AI/datasets/production/dfire/train/images/AoF04619.jpg,/home/z/my-project/Factory-AI/datasets/production/dfire/test/images/AoF07876.jpg,exact_duplicate_dhash_d0
/home/z/my-project/Factory-AI/datasets/production/dfire/train/images/AoF04620.jpg,/home/z/my-project/Factory-AI/datasets/production/dfire/test/images/AoF07876.jpg,exact_duplicate_dhash_d0
/home/z/my-project/Factory-AI/datasets/production/dfire/train/images/AoF04621.jpg,/home/z/my-project/Factory-AI/datasets/production/dfire/test/images/AoF07876.jpg,exact_duplicate_dhash_d0
/home/z/my-project/Factory-AI/datasets/production/dfire/train/images/AoF04622.jpg,/home/z/my-project/Factory-AI/datasets/production/dfire/test/images/AoF07876.jpg,exact_duplicate_dhash_d0
/home/z/my-project/Factory-AI/datasets/production/dfire/train/images/AoF04625.jpg,/home/z/my-project/Factory-AI/datasets/production/dfire/test/images/AoF07878.jpg,exact_duplicate_dhash_d0
/home/z/my-project/Factory-AI/datasets/production/dfire/train/images/AoF04626.jpg,/home/z/my-project/Factory-AI/datasets/production/dfire/test/images/AoF07878.jpg,exact_duplicate_dhash_d0
/home/z/my-project/Factory-AI/datasets/production/dfire/train/images/AoF04627.jpg,/home/z/my-project/Factory-AI/datasets/production/dfire/test/images/AoF07881.jpg,exact_duplicate_dhash_d0
/home/z/my-project/Factory-AI/datasets/production/dfire/train/images/AoF04628.jpg,/home/z/my-project/Factory-AI/datasets/production/dfire/test/images/AoF07881.jpg,exact_duplicate_dhash_d0
/home/z/my-project/Factory-AI/datasets/production/dfire/train/images/AoF04629.jpg,/home/z/my-project/Factory-AI/datasets/production/dfire/test/images/AoF07881.jpg,exact_duplicate_dhash_d0
/home/z/my-project/Factory-AI/datasets/production/dfire/train/images/AoF04630.jpg,/home/z/my-project/Factory-AI/datasets/production/dfire/test/images/AoF07878.jpg,exact_duplicate_dhash_d0
/home/z/my-project/Factory-AI/datasets/production/dfire/train/images/AoF04631.jpg,/home/z/my-project/Factory-AI/datasets/production/dfire/test/images/AoF07878.jpg,exact_duplicate_dhash_d0
/home/z/my-project/Factory-AI/datasets/production/dfire/train/images/AoF04632.jpg,/home/z/my-project/Factory-AI/datasets/production/dfire/test/images/AoF07880.jpg,exact_duplicate_dhash_d0
/home/z/my-project/Factory-AI/datasets/production/dfire/train/images/AoF04634.jpg,/home/z/my-project/Factory-AI/datasets/production/dfire/test/images/AoF07878.jpg,exact_duplicate_dhash_d0
/home/z/my-project/Factory-AI/datasets/production/dfire/train/images/AoF04635.jpg,/home/z/my-project/Factory-AI/datasets/production/dfire/test/images/AoF07896.jpg,exact_duplicate_dhash_d0
/home/z/my-project/Factory-AI/datasets/production/dfire/train/images/AoF04636.jpg,/home/z/my-project/Factory-AI/datasets/production/dfire/test/images/AoF07896.jpg,exact_duplicate_dhash_d0
/home/z/my-project/Factory-AI/datasets/production/dfire/train/images/AoF04637.jpg,/home/z/my-project/Factory-AI/datasets/production/dfire/test/images/AoF07881.jpg,exact_duplicate_dhash_d0
/home/z/my-project/Factory-AI/datasets/production/dfire/train/images/AoF04638.jpg,/home/z/my-project/Factory-AI/datasets/production/dfire/test/images/AoF07881.jpg,exact_duplicate_dhash_d0
/home/z/my-project/Factory-AI/datasets/production/dfire/train/images/AoF04639.jpg,/home/z/my-project/Factory-AI/datasets/production/dfire/test/images/AoF07878.jpg,exact_duplicate_dhash_d0
/home/z/my-project/Factory-AI/datasets/production/dfire/train/images/AoF04640.jpg,/home/z/my-project/Factory-AI/datasets/production/dfire/test/images/AoF07881.jpg,exact_duplicate_dhash_d0
/home/z/my-project/Factory-AI/datasets/production/dfire/train/images/AoF04641.jpg,/home/z/my-project/Factory-AI/datasets/production/dfire/test/images/AoF07878.jpg,exact_duplicate_dhash_d0
/home/z/my-project/Factory-AI/datasets/production/dfire/train/images/AoF04642.jpg,/home/z/my-project/Factory-AI/datasets/production/dfire/test/images/AoF07896.jpg,exact_duplicate_dhash_d0
/home/z/my-project/Factory-AI/datasets/production/dfire/train/images/AoF04643.jpg,/home/z/my-project/Factory-AI/datasets/production/dfire/test/images/AoF07880.jpg,exact_duplicate_dhash_d0
/home/z/my-project/Factory-AI/datasets/production/dfire/train/images/AoF04644.jpg,/home/z/my-project/Factory-AI/datasets/production/dfire/test/images/AoF07880.jpg,exact_duplicate_dhash_d0
/home/z/my-project/Factory-AI/datasets/production/dfire/train/images/AoF04645.jpg,/home/z/my-project/Factory-AI/datasets/production/dfire/test/images/AoF07878.jpg,exact_duplicate_dhash_d0
/home/z/my-project/Factory-AI/datasets/production/dfire/train/images/AoF04646.jpg,/home/z/my-project/Factory-AI/datasets/production/dfire/test/images/AoF07878.jpg,exact_duplicate_dhash_d0
/home/z/my-project/Factory-AI/datasets/production/dfire/train/images/AoF04647.jpg,/home/z/my-project/Factory-AI/datasets/production/dfire/test/images/AoF07896.jpg,exact_duplicate_dhash_d0
/home/z/my-project/Factory-AI/datasets/production/dfire/train/images/AoF04648.jpg,/home/z/my-project/Factory-AI/datasets/production/dfire/test/images/AoF07881.jpg,exact_duplicate_dhash_d0
/home/z/my-project/Factory-AI/datasets/production/dfire/train/images/AoF04649.jpg,/home/z/my-project/Factory-AI/datasets/production/dfire/test/images/AoF07881.jpg,exact_duplicate_dhash_d0
/home/z/my-project/Factory-AI/datasets/production/dfire/train/images/AoF04650.jpg,/home/z/my-project/Factory-AI/datasets/production/dfire/test/images/AoF07881.jpg,exact_duplicate_dhash_d0
/home/z/my-project/Factory-AI/datasets/production/dfire/train/images/AoF04651.jpg,/home/z/my-project/Factory-AI/datasets/production/dfire/test/images/AoF07881.jpg,exact_duplicate_dhash_d0
/home/z/my-project/Factory-AI/datasets/production/dfire/train/images/AoF04653.jpg,/home/z/my-project/Factory-AI/datasets/production/dfire/test/images/AoF07881.jpg,exact_duplicate_dhash_d0
/home/z/my-project/Factory-AI/datasets/production/dfire/train/images/AoF04654.jpg,/home/z/my-project/Factory-AI/datasets/production/dfire/test/images/AoF07896.jpg,exact_duplicate_dhash_d0
/home/z/my-project/Factory-AI/datasets/production/dfire/train/images/AoF04655.jpg,/home/z/my-project/Factory-AI/datasets/production/dfire/test/images/AoF07880.jpg,exact_duplicate_dhash_d0
/home/z/my-project/Factory-AI/datasets/production/dfire/train/images/AoF04656.jpg,/home/z/my-project/Factory-AI/datasets/production/dfire/test/images/AoF07880.jpg,exact_duplicate_dhash_d0
/home/z/my-project/Factory-AI/datasets/production/dfire/train/images/AoF04657.jpg,/home/z/my-project/Factory-AI/datasets/production/dfire/test/images/AoF07878.jpg,exact_duplicate_dhash_d0
/home/z/my-project/Factory-AI/datasets/production/dfire/train/images/AoF04658.jpg,/home/z/my-project/Factory-AI/datasets/production/dfire/test/images/AoF07897.jpg,exact_duplicate_dhash_d0
/home/z/my-project/Factory-AI/datasets/production/dfire/train/images/AoF04659.jpg,/home/z/my-project/Factory-AI/datasets/production/dfire/test/images/AoF07896.jpg,exact_duplicate_dhash_d0
/home/z/my-project/Factory-AI/datasets/production/dfire/train/images/AoF04660.jpg,/home/z/my-project/Factory-AI/datasets/production/dfire/test/images/AoF07896.jpg,exact_duplicate_dhash_d0
/home/z/my-project/Factory-AI/datasets/production/dfire/train/images/AoF04661.jpg,/home/z/my-project/Factory-AI/datasets/production/dfire/test/images/AoF07878.jpg,exact_duplicate_dhash_d0
/home/z/my-project/Factory-AI/datasets/production/dfire/train/images/AoF04662.jpg,/home/z/my-project/Factory-AI/datasets/production/dfire/test/images/AoF07881.jpg,exact_duplicate_dhash_d0
/home/z/my-project/Factory-AI/datasets/production/dfire/train/images/AoF04663.jpg,/home/z/my-project/Factory-AI/datasets/production/dfire/test/images/AoF07881.jpg,exact_duplicate_dhash_d0
/home/z/my-project/Factory-AI/datasets/production/dfire/train/images/AoF04664.jpg,/home/z/my-project/Factory-AI/datasets/production/dfire/test/images/AoF07881.jpg,exact_duplicate_dhash_d0
/home/z/my-project/Factory-AI/datasets/production/dfire/train/images/AoF04665.jpg,/home/z/my-project/Factory-AI/datasets/production/dfire/test/images/AoF07879.jpg,exact_duplicate_dhash_d0
/home/z/my-project/Factory-AI/datasets/production/dfire/train/images/AoF04666.jpg,/home/z/my-project/Factory-AI/datasets/production/dfire/test/images/AoF07879.jpg,exact_duplicate_dhash_d0
/home/z/my-project/Factory-AI/datasets/production/dfire/train/images/AoF04667.jpg,/home/z/my-project/Factory-AI/datasets/production/dfire/test/images/AoF07879.jpg,exact_duplicate_dhash_d0
/home/z/my-project/Factory-AI/datasets/production/dfire/train/images/AoF04668.jpg,/home/z/my-project/Factory-AI/datasets/production/dfire/test/images/AoF07896.jpg,exact_duplicate_dhash_d0
/home/z/my-project/Factory-AI/datasets/production/dfire/train/images/AoF04669.jpg,/home/z/my-project/Factory-AI/datasets/production/dfire/test/images/AoF07896.jpg,exact_duplicate_dhash_d0
/home/z/my-project/Factory-AI/datasets/production/dfire/train/images/AoF04670.jpg,/home/z/my-project/Factory-AI/datasets/production/dfire/test/images/AoF07896.jpg,exact_duplicate_dhash_d0
/home/z/my-project/Factory-AI/datasets/production/dfire/train/images/AoF04671.jpg,/home/z/my-project/Factory-AI/datasets/production/dfire/test/images/AoF07881.jpg,exact_duplicate_dhash_d0
/home/z/my-project/Factory-AI/datasets/production/dfire/train/images/AoF04672.jpg,/home/z/my-project/Factory-AI/datasets/production/dfire/test/images/AoF07881.jpg,exact_duplicate_dhash_d0
/home/z/my-project/Factory-AI/datasets/production/dfire/train/images/AoF04673.jpg,/home/z/my-project/Factory-AI/datasets/production/dfire/test/images/AoF07896.jpg,exact_duplicate_dhash_d0
/home/z/my-project/Factory-AI/datasets/production/dfire/train/images/AoF04674.jpg,/home/z/my-project/Factory-AI/datasets/production/dfire/test/images/AoF07880.jpg,exact_duplicate_dhash_d0
/home/z/my-project/Factory-AI/datasets/production/dfire/train/images/AoF04675.jpg,/home/z/my-project/Factory-AI/datasets/production/dfire/test/images/AoF07896.jpg,exact_duplicate_dhash_d0
/home/z/my-project/Factory-AI/datasets/production/dfire/train/images/AoF04676.jpg,/home/z/my-project/Factory-AI/datasets/production/dfire/test/images/AoF07881.jpg,exact_duplicate_dhash_d0
/home/z/my-project/Factory-AI/datasets/production/dfire/train/images/AoF04677.jpg,/home/z/my-project/Factory-AI/datasets/production/dfire/test/images/AoF07881.jpg,exact_duplicate_dhash_d0
/home/z/my-project/Factory-AI/datasets/production/dfire/train/images/AoF04678.jpg,/home/z/my-project/Factory-AI/datasets/production/dfire/test/images/AoF07879.jpg,exact_duplicate_dhash_d0
/home/z/my-project/Factory-AI/datasets/production/dfire/train/images/AoF04679.jpg,/home/z/my-project/Factory-AI/datasets/production/dfire/train/images/AoF04652.jpg,exact_duplicate_dhash_d0
/home/z/my-project/Factory-AI/datasets/production/dfire/train/images/AoF04680.jpg,/home/z/my-project/Factory-AI/datasets/production/dfire/test/images/AoF07878.jpg,exact_duplicate_dhash_d0
/home/z/my-project/Factory-AI/datasets/production/dfire/train/images/AoF04681.jpg,/home/z/my-project/Factory-AI/datasets/production/dfire/train/images/AoF04652.jpg,exact_duplicate_dhash_d0
/home/z/my-project/Factory-AI/datasets/production/dfire/train/images/AoF04682.jpg,/home/z/my-project/Factory-AI/datasets/production/dfire/test/images/AoF07881.jpg,exact_duplicate_dhash_d0
/home/z/my-project/Factory-AI/datasets/production/dfire/train/images/AoF04683.jpg,/home/z/my-project/Factory-AI/datasets/production/dfire/test/images/AoF07879.jpg,exact_duplicate_dhash_d0
/home/z/my-project/Factory-AI/datasets/production/dfire/train/images/AoF04684.jpg,/home/z/my-project/Factory-AI/datasets/production/dfire/test/images/AoF07881.jpg,exact_duplicate_dhash_d0
/home/z/my-project/Factory-AI/datasets/production/dfire/train/images/AoF04685.jpg,/home/z/my-project/Factory-AI/datasets/production/dfire/test/images/AoF07881.jpg,exact_duplicate_dhash_d0
/home/z/my-project/Factory-AI/datasets/production/dfire/train/images/AoF04686.jpg,/home/z/my-project/Factory-AI/datasets/production/dfire/test/images/AoF07881.jpg,exact_duplicate_dhash_d0
/home/z/my-project/Factory-AI/datasets/production/dfire/train/images/AoF04687.jpg,/home/z/my-project/Factory-AI/datasets/production/dfire/test/images/AoF07881.jpg,exact_duplicate_dhash_d0
/home/z/my-project/Factory-AI/datasets/production/dfire/train/images/AoF04688.jpg,/home/z/my-project/Factory-AI/datasets/production/dfire/test/images/AoF07881.jpg,exact_duplicate_dhash_d0
/home/z/my-project/Factory-AI/datasets/production/dfire/train/images/AoF04689.jpg,/home/z/my-project/Factory-AI/datasets/production/dfire/test/images/AoF07881.jpg,exact_duplicate_dhash_d0
/home/z/my-project/Factory-AI/datasets/production/dfire/train/images/AoF04690.jpg,/home/z/my-project/Factory-AI/datasets/production/dfire/test/images/AoF07881.jpg,exact_duplicate_dhash_d0
/home/z/my-project/Factory-AI/datasets/production/dfire/train/images/AoF04691.jpg,/home/z/my-project/Factory-AI/datasets/production/dfire/test/images/AoF07881.jpg,exact_duplicate_dhash_d0
/home/z/my-project/Factory-AI/datasets/production/dfire/train/images/AoF04692.jpg,/home/z/my-project/Factory-AI/datasets/production/dfire/test/images/AoF07878.jpg,exact_duplicate_dhash_d0
/home/z/my-project/Factory-AI/datasets/production/dfire/train/images/AoF04693.jpg,/home/z/my-project/Factory-AI/datasets/production/dfire/test/images/AoF07878.jpg,exact_duplicate_dhash_d0
/home/z/my-project/Factory-AI/datasets/production/dfire/train/images/AoF04695.jpg,/home/z/my-project/Factory-AI/datasets/production/dfire/test/images/AoF07881.jpg,exact_duplicate_dhash_d0
/home/z/my-project/Factory-AI/datasets/production/dfire/train/images/AoF04696.jpg,/home/z/my-project/Factory-AI/datasets/production/dfire/test/images/AoF07881.jpg,exact_duplicate_dhash_d0
/home/z/my-project/Factory-AI/datasets/production/dfire/train/images/AoF04697.jpg,/home/z/my-project/Factory-AI/datasets/production/dfire/test/images/AoF07896.jpg,exact_duplicate_dhash_d0
/home/z/my-project/Factory-AI/datasets/production/dfire/train/images/AoF04698.jpg,/home/z/my-project/Factory-AI/datasets/production/dfire/test/images/AoF07896.jpg,exact_duplicate_dhash_d0
/home/z/my-project/Factory-AI/datasets/production/dfire/train/images/AoF04699.jpg,/home/z/my-project/Factory-AI/datasets/production/dfire/test/images/AoF07878.jpg,exact_duplicate_dhash_d0
/home/z/my-project/Factory-AI/datasets/production/dfire/train/images/AoF04700.jpg,/home/z/my-project/Factory-AI/datasets/production/dfire/test/images/AoF07881.jpg,exact_duplicate_dhash_d0
/home/z/my-project/Factory-AI/datasets/production/dfire/train/images/AoF04701.jpg,/home/z/my-project/Factory-AI/datasets/production/dfire/test/images/AoF07881.jpg,exact_duplicate_dhash_d0
/home/z/my-project/Factory-AI/datasets/production/dfire/train/images/AoF04702.jpg,/home/z/my-project/Factory-AI/datasets/production/dfire/test/images/AoF07896.jpg,exact_duplicate_dhash_d0
/home/z/my-project/Factory-AI/datasets/production/dfire/train/images/AoF04703.jpg,/home/z/my-project/Factory-AI/datasets/production/dfire/test/images/AoF07879.jpg,exact_duplicate_dhash_d0
/home/z/my-project/Factory-AI/datasets/production/dfire/train/images/AoF04705.jpg,/home/z/my-project/Factory-AI/datasets/production/dfire/test/images/AoF07881.jpg,exact_duplicate_dhash_d0
/home/z/my-project/Factory-AI/datasets/production/dfire/train/images/AoF04706.jpg,/home/z/my-project/Factory-AI/datasets/production/dfire/test/images/AoF07878.jpg,exact_duplicate_dhash_d0
/home/z/my-project/Factory-AI/datasets/production/dfire/train/images/AoF04707.jpg,/home/z/my-project/Factory-AI/datasets/production/dfire/test/images/AoF07896.jpg,exact_duplicate_dhash_d0
/home/z/my-project/Factory-AI/datasets/production/dfire/train/images/AoF04708.jpg,/home/z/my-project/Factory-AI/datasets/production/dfire/test/images/AoF07878.jpg,exact_duplicate_dhash_d0
/home/z/my-project/Factory-AI/datasets/production/dfire/train/images/AoF04709.jpg,/home/z/my-project/Factory-AI/datasets/production/dfire/test/images/AoF07880.jpg,exact_duplicate_dhash_d0
/home/z/my-project/Factory-AI/datasets/production/dfire/train/images/AoF04710.jpg,/home/z/my-project/Factory-AI/datasets/production/dfire/test/images/AoF07880.jpg,exact_duplicate_dhash_d0
/home/z/my-project/Factory-AI/datasets/production/dfire/train/images/AoF04711.jpg,/home/z/my-project/Factory-AI/datasets/production/dfire/test/images/AoF07880.jpg,exact_duplicate_dhash_d0
/home/z/my-project/Factory-AI/datasets/production/dfire/train/images/AoF04712.jpg,/home/z/my-project/Factory-AI/datasets/production/dfire/test/images/AoF07896.jpg,exact_duplicate_dhash_d0
/home/z/my-project/Factory-AI/datasets/production/dfire/train/images/AoF04713.jpg,/home/z/my-project/Factory-AI/datasets/production/dfire/test/images/AoF07881.jpg,exact_duplicate_dhash_d0
/home/z/my-project/Factory-AI/datasets/production/dfire/train/images/AoF04714.jpg,/home/z/my-project/Factory-AI/datasets/production/dfire/test/images/AoF07881.jpg,exact_duplicate_dhash_d0
/home/z/my-project/Factory-AI/datasets/production/dfire/train/images/AoF04715.jpg,/home/z/my-project/Factory-AI/datasets/production/dfire/test/images/AoF07881.jpg,exact_duplicate_dhash_d0
/home/z/my-project/Factory-AI/datasets/production/dfire/train/images/AoF04716.jpg,/home/z/my-project/Factory-AI/datasets/production/dfire/test/images/AoF07879.jpg,exact_duplicate_dhash_d0
/home/z/my-project/Factory-AI/datasets/production/dfire/train/images/AoF04717.jpg,/home/z/my-project/Factory-AI/datasets/production/dfire/test/images/AoF07896.jpg,exact_duplicate_dhash_d0
/home/z/my-project/Factory-AI/datasets/production/dfire/train/images/AoF04718.jpg,/home/z/my-project/Factory-AI/datasets/production/dfire/test/images/AoF07896.jpg,exact_duplicate_dhash_d0
/home/z/my-project/Factory-AI/datasets/production/dfire/train/images/AoF04719.jpg,/home/z/my-project/Factory-AI/datasets/production/dfire/test/images/AoF07896.jpg,exact_duplicate_dhash_d0
/home/z/my-project/Factory-AI/datasets/production/dfire/train/images/AoF04720.jpg,/home/z/my-project/Factory-AI/datasets/production/dfire/test/images/AoF07879.jpg,exact_duplicate_dhash_d0
/home/z/my-project/Factory-AI/datasets/production/dfire/train/images/AoF04721.jpg,/home/z/my-project/Factory-AI/datasets/production/dfire/test/images/AoF07881.jpg,exact_duplicate_dhash_d0
/home/z/my-project/Factory-AI/datasets/production/dfire/train/images/AoF04722.jpg,/home/z/my-project/Factory-AI/datasets/production/dfire/test/images/AoF07879.jpg,exact_duplicate_dhash_d0
/home/z/my-project/Factory-AI/datasets/production/dfire/train/images/AoF04723.jpg,/home/z/my-project/Factory-AI/datasets/production/dfire/test/images/AoF07881.jpg,exact_duplicate_dhash_d0
/home/z/my-project/Factory-AI/datasets/production/dfire/train/images/AoF04724.jpg,/home/z/my-project/Factory-AI/datasets/production/dfire/test/images/AoF07881.jpg,exact_duplicate_dhash_d0
/home/z/my-project/Factory-AI/datasets/production/dfire/train/images/AoF04725.jpg,/home/z/my-project/Factory-AI/datasets/production/dfire/test/images/AoF07881.jpg,exact_duplicate_dhash_d0
/home/z/my-project/Factory-AI/datasets/production/dfire/train/images/AoF04726.jpg,/home/z/my-project/Factory-AI/datasets/production/dfire/test/images/AoF07881.jpg,exact_duplicate_dhash_d0
/home/z/my-project/Factory-AI/datasets/production/dfire/train/images/AoF04727.jpg,/home/z/my-project/Factory-AI/datasets/production/dfire/train/images/AoF04652.jpg,exact_duplicate_dhash_d0
/home/z/my-project/Factory-AI/datasets/production/dfire/train/images/AoF04729.jpg,/home/z/my-project/Factory-AI/datasets/production/dfire/train/images/AoF04652.jpg,exact_duplicate_dhash_d0
/home/z/my-project/Factory-AI/datasets/production/dfire/train/images/AoF04730.jpg,/home/z/my-project/Factory-AI/datasets/production/dfire/test/images/AoF07879.jpg,exact_duplicate_dhash_d0
/home/z/my-project/Factory-AI/datasets/production/dfire/train/images/AoF04731.jpg,/home/z/my-project/Factory-AI/datasets/production/dfire/test/images/AoF07881.jpg,exact_duplicate_dhash_d0
/home/z/my-project/Factory-AI/datasets/production/dfire/train/images/AoF04732.jpg,/home/z/my-project/Factory-AI/datasets/production/dfire/test/images/AoF07881.jpg,exact_duplicate_dhash_d0
/home/z/my-project/Factory-AI/datasets/production/dfire/train/images/AoF04733.jpg,/home/z/my-project/Factory-AI/datasets/production/dfire/test/images/AoF07881.jpg,exact_duplicate_dhash_d0
/home/z/my-project/Factory-AI/datasets/production/dfire/train/images/AoF04734.jpg,/home/z/my-project/Factory-AI/datasets/production/dfire/test/images/AoF07881.jpg,exact_duplicate_dhash_d0
/home/z/my-project/Factory-AI/datasets/production/dfire/train/images/AoF04735.jpg,/home/z/my-project/Factory-AI/datasets/production/dfire/test/images/AoF07881.jpg,exact_duplicate_dhash_d0
/home/z/my-project/Factory-AI/datasets/production/dfire/train/images/AoF04736.jpg,/home/z/my-project/Factory-AI/datasets/production/dfire/test/images/AoF07881.jpg,exact_duplicate_dhash_d0
/home/z/my-project/Factory-AI/datasets/production/dfire/train/images/AoF04737.jpg,/home/z/my-project/Factory-AI/datasets/production/dfire/test/images/AoF07879.jpg,exact_duplicate_dhash_d0
/home/z/my-project/Factory-AI/datasets/production/dfire/train/images/AoF04738.jpg,/home/z/my-project/Factory-AI/datasets/production/dfire/test/images/AoF07879.jpg,exact_duplicate_dhash_d0
/home/z/my-project/Factory-AI/datasets/production/dfire/train/images/AoF04739.jpg,/home/z/my-project/Factory-AI/datasets/production/dfire/test/images/AoF07881.jpg,exact_duplicate_dhash_d0
/home/z/my-project/Factory-AI/datasets/production/dfire/train/images/AoF04740.jpg,/home/z/my-project/Factory-AI/datasets/production/dfire/test/images/AoF07881.jpg,exact_duplicate_dhash_d0
/home/z/my-project/Factory-AI/datasets/production/dfire/train/images/AoF04741.jpg,/home/z/my-project/Factory-AI/datasets/production/dfire/test/images/AoF07902.jpg,exact_duplicate_dhash_d0
/home/z/my-project/Factory-AI/datasets/production/dfire/train/images/AoF04742.jpg,/home/z/my-project/Factory-AI/datasets/production/dfire/test/images/AoF07896.jpg,exact_duplicate_dhash_d0
/home/z/my-project/Factory-AI/datasets/production/dfire/train/images/AoF04743.jpg,/home/z/my-project/Factory-AI/datasets/production/dfire/test/images/AoF07896.jpg,exact_duplicate_dhash_d0
/home/z/my-project/Factory-AI/datasets/production/dfire/train/images/AoF04744.jpg,/home/z/my-project/Factory-AI/datasets/production/dfire/test/images/AoF07881.jpg,exact_duplicate_dhash_d0
/home/z/my-project/Factory-AI/datasets/production/dfire/train/images/AoF04745.jpg,/home/z/my-project/Factory-AI/datasets/production/dfire/test/images/AoF07879.jpg,exact_duplicate_dhash_d0
/home/z/my-project/Factory-AI/datasets/production/dfire/train/images/AoF04746.jpg,/home/z/my-project/Factory-AI/datasets/production/dfire/test/images/AoF07879.jpg,exact_duplicate_dhash_d0
/home/z/my-project/Factory-AI/datasets/production/dfire/train/images/AoF04747.jpg,/home/z/my-project/Factory-AI/datasets/production/dfire/test/images/AoF07881.jpg,exact_duplicate_dhash_d0
/home/z/my-project/Factory-AI/datasets/production/dfire/train/images/AoF04748.jpg,/home/z/my-project/Factory-AI/datasets/production/dfire/test/images/AoF07881.jpg,exact_duplicate_dhash_d0
/home/z/my-project/Factory-AI/datasets/production/dfire/train/images/AoF04749.jpg,/home/z/my-project/Factory-AI/datasets/production/dfire/test/images/AoF07881.jpg,exact_duplicate_dhash_d0
/home/z/my-project/Factory-AI/datasets/production/dfire/train/images/AoF04751.jpg,/home/z/my-project/Factory-AI/datasets/production/dfire/train/images/AoF04704.jpg,exact_duplicate_dhash_d0
/home/z/my-project/Factory-AI/datasets/production/dfire/train/images/AoF04752.jpg,/home/z/my-project/Factory-AI/datasets/production/dfire/test/images/AoF07881.jpg,exact_duplicate_dhash_d0
/home/z/my-project/Factory-AI/datasets/production/dfire/train/images/AoF04753.jpg,/home/z/my-project/Factory-AI/datasets/production/dfire/test/images/AoF07881.jpg,exact_duplicate_dhash_d0
/home/z/my-project/Factory-AI/datasets/production/dfire/train/images/AoF04754.jpg,/home/z/my-project/Factory-AI/datasets/production/dfire/test/images/AoF07879.jpg,exact_duplicate_dhash_d0
/home/z/my-project/Factory-AI/datasets/production/dfire/train/images/AoF04755.jpg,/home/z/my-project/Factory-AI/datasets/production/dfire/test/images/AoF07881.jpg,exact_duplicate_dhash_d0
/home/z/my-project/Factory-AI/datasets/production/dfire/train/images/AoF04756.jpg,/home/z/my-project/Factory-AI/datasets/production/dfire/train/images/AoF04652.jpg,exact_duplicate_dhash_d0
/home/z/my-project/Factory-AI/datasets/production/dfire/train/images/AoF04757.jpg,/home/z/my-project/Factory-AI/datasets/production/dfire/test/images/AoF07881.jpg,exact_duplicate_dhash_d0
/home/z/my-project/Factory-AI/datasets/production/dfire/train/images/AoF04758.jpg,/home/z/my-project/Factory-AI/datasets/production/dfire/test/images/AoF07879.jpg,exact_duplicate_dhash_d0
/home/z/my-project/Factory-AI/datasets/production/dfire/train/images/AoF04759.jpg,/home/z/my-project/Factory-AI/datasets/production/dfire/test/images/AoF07879.jpg,exact_duplicate_dhash_d0
/home/z/my-project/Factory-AI/datasets/production/dfire/train/images/AoF04760.jpg,/home/z/my-project/Factory-AI/datasets/production/dfire/test/images/AoF07879.jpg,exact_duplicate_dhash_d0
/home/z/my-project/Factory-AI/datasets/production/dfire/train/images/AoF04761.jpg,/home/z/my-project/Factory-AI/datasets/production/dfire/test/images/AoF07881.jpg,exact_duplicate_dhash_d0
/home/z/my-project/Factory-AI/datasets/production/dfire/train/images/AoF04762.jpg,/home/z/my-project/Factory-AI/datasets/production/dfire/test/images/AoF07881.jpg,exact_duplicate_dhash_d0
/home/z/my-project/Factory-AI/datasets/production/dfire/train/images/AoF04763.jpg,/home/z/my-project/Factory-AI/datasets/production/dfire/test/images/AoF07881.jpg,exact_duplicate_dhash_d0
/home/z/my-project/Factory-AI/datasets/production/dfire/train/images/AoF04764.jpg,/home/z/my-project/Factory-AI/datasets/production/dfire/test/images/AoF07881.jpg,exact_duplicate_dhash_d0
/home/z/my-project/Factory-AI/datasets/production/dfire/train/images/AoF04765.jpg,/home/z/my-project/Factory-AI/datasets/production/dfire/test/images/AoF07879.jpg,exact_duplicate_dhash_d0
/home/z/my-project/Factory-AI/datasets/production/dfire/train/images/AoF04766.jpg,/home/z/my-project/Factory-AI/datasets/production/dfire/test/images/AoF07879.jpg,exact_duplicate_dhash_d0
/home/z/my-project/Factory-AI/datasets/production/dfire/train/images/AoF04767.jpg,/home/z/my-project/Factory-AI/datasets/production/dfire/test/images/AoF07880.jpg,exact_duplicate_dhash_d0
/home/z/my-project/Factory-AI/datasets/production/dfire/train/images/AoF04768.jpg,/home/z/my-project/Factory-AI/datasets/production/dfire/test/images/AoF07880.jpg,exact_duplicate_dhash_d0
/home/z/my-project/Factory-AI/datasets/production/dfire/train/images/AoF04769.jpg,/home/z/my-project/Factory-AI/datasets/production/dfire/test/images/AoF07880.jpg,exact_duplicate_dhash_d0
/home/z/my-project/Factory-AI/datasets/production/dfire/train/images/AoF04770.jpg,/home/z/my-project/Factory-AI/datasets/production/dfire/test/images/AoF07878.jpg,exact_duplicate_dhash_d0
/home/z/my-project/Factory-AI/datasets/production/dfire/train/images/AoF04771.jpg,/home/z/my-project/Factory-AI/datasets/production/dfire/test/images/AoF07878.jpg,exact_duplicate_dhash_d0
/home/z/my-project/Factory-AI/datasets/production/dfire/train/images/AoF04772.jpg,/home/z/my-project/Factory-AI/datasets/production/dfire/test/images/AoF07878.jpg,exact_duplicate_dhash_d0
/home/z/my-project/Factory-AI/datasets/production/dfire/train/images/AoF04773.jpg,/home/z/my-project/Factory-AI/datasets/production/dfire/test/images/AoF07878.jpg,exact_duplicate_dhash_d0
/home/z/my-project/Factory-AI/datasets/production/dfire/train/images/AoF04774.jpg,/home/z/my-project/Factory-AI/datasets/production/dfire/test/images/AoF07878.jpg,exact_duplicate_dhash_d0
/home/z/my-project/Factory-AI/datasets/production/dfire/train/images/AoF04776.jpg,/home/z/my-project/Factory-AI/datasets/production/dfire/test/images/AoF07881.jpg,exact_duplicate_dhash_d0
/home/z/my-project/Factory-AI/datasets/production/dfire/train/images/AoF04777.jpg,/home/z/my-project/Factory-AI/datasets/production/dfire/test/images/AoF07881.jpg,exact_duplicate_dhash_d0
/home/z/my-project/Factory-AI/datasets/production/dfire/train/images/AoF04778.jpg,/home/z/my-project/Factory-AI/datasets/production/dfire/test/images/AoF07881.jpg,exact_duplicate_dhash_d0
/home/z/my-project/Factory-AI/datasets/production/dfire/train/images/AoF04779.jpg,/home/z/my-project/Factory-AI/datasets/production/dfire/test/images/AoF07879.jpg,exact_duplicate_dhash_d0
/home/z/my-project/Factory-AI/datasets/production/dfire/train/images/AoF04780.jpg,/home/z/my-project/Factory-AI/datasets/production/dfire/test/images/AoF07879.jpg,exact_duplicate_dhash_d0
/home/z/my-project/Factory-AI/datasets/production/dfire/train/images/AoF04781.jpg,/home/z/my-project/Factory-AI/datasets/production/dfire/test/images/AoF07879.jpg,exact_duplicate_dhash_d0
/home/z/my-project/Factory-AI/datasets/production/dfire/train/images/AoF04782.jpg,/home/z/my-project/Factory-AI/datasets/production/dfire/test/images/AoF07879.jpg,exact_duplicate_dhash_d0
/home/z/my-project/Factory-AI/datasets/production/dfire/train/images/AoF04783.jpg,/home/z/my-project/Factory-AI/datasets/production/dfire/test/images/AoF07881.jpg,exact_duplicate_dhash_d0
/home/z/my-project/Factory-AI/datasets/production/dfire/train/images/AoF04785.jpg,/home/z/my-project/Factory-AI/datasets/production/dfire/test/images/AoF07881.jpg,exact_duplicate_dhash_d0
/home/z/my-project/Factory-AI/datasets/production/dfire/train/images/AoF04786.jpg,/home/z/my-project/Factory-AI/datasets/production/dfire/test/images/AoF07879.jpg,exact_duplicate_dhash_d0
/home/z/my-project/Factory-AI/datasets/production/dfire/train/images/AoF04787.jpg,/home/z/my-project/Factory-AI/datasets/production/dfire/test/images/AoF07881.jpg,exact_duplicate_dhash_d0
/home/z/my-project/Factory-AI/datasets/production/dfire/train/images/AoF04788.jpg,/home/z/my-project/Factory-AI/datasets/production/dfire/test/images/AoF07881.jpg,exact_duplicate_dhash_d0
/home/z/my-project/Factory-AI/datasets/production/dfire/train/images/AoF04789.jpg,/home/z/my-project/Factory-AI/datasets/production/dfire/test/images/AoF07881.jpg,exact_duplicate_dhash_d0
/home/z/my-project/Factory-AI/datasets/production/dfire/train/images/AoF04790.jpg,/home/z/my-project/Factory-AI/datasets/production/dfire/test/images/AoF07881.jpg,exact_duplicate_dhash_d0
/home/z/my-project/Factory-AI/datasets/production/dfire/train/images/AoF04791.jpg,/home/z/my-project/Factory-AI/datasets/production/dfire/test/images/AoF07879.jpg,exact_duplicate_dhash_d0
/home/z/my-project/Factory-AI/datasets/production/dfire/train/images/AoF04792.jpg,/home/z/my-project/Factory-AI/datasets/production/dfire/test/images/AoF07881.jpg,exact_duplicate_dhash_d0
/home/z/my-project/Factory-AI/datasets/production/dfire/train/images/AoF04793.jpg,/home/z/my-project/Factory-AI/datasets/production/dfire/test/images/AoF07878.jpg,exact_duplicate_dhash_d0
/home/z/my-project/Factory-AI/datasets/production/dfire/train/images/AoF04794.jpg,/home/z/my-project/Factory-AI/datasets/production/dfire/test/images/AoF07878.jpg,exact_duplicate_dhash_d0
/home/z/my-project/Factory-AI/datasets/production/dfire/train/images/AoF04795.jpg,/home/z/my-project/Factory-AI/datasets/production/dfire/test/images/AoF07878.jpg,exact_duplicate_dhash_d0
/home/z/my-project/Factory-AI/datasets/production/dfire/train/images/AoF04796.jpg,/home/z/my-project/Factory-AI/datasets/production/dfire/test/images/AoF07878.jpg,exact_duplicate_dhash_d0
/home/z/my-project/Factory-AI/datasets/production/dfire/train/images/AoF04797.jpg,/home/z/my-project/Factory-AI/datasets/production/dfire/test/images/AoF07879.jpg,exact_duplicate_dhash_d0
/home/z/my-project/Factory-AI/datasets/production/dfire/train/images/AoF04798.jpg,/home/z/my-project/Factory-AI/datasets/production/dfire/test/images/AoF07881.jpg,exact_duplicate_dhash_d0
/home/z/my-project/Factory-AI/datasets/production/dfire/train/images/AoF04799.jpg,/home/z/my-project/Factory-AI/datasets/production/dfire/test/images/AoF07881.jpg,exact_duplicate_dhash_d0
/home/z/my-project/Factory-AI/datasets/production/dfire/train/images/AoF04800.jpg,/home/z/my-project/Factory-AI/datasets/production/dfire/test/images/AoF07881.jpg,exact_duplicate_dhash_d0
/home/z/my-project/Factory-AI/datasets/production/dfire/train/images/AoF04801.jpg,/home/z/my-project/Factory-AI/datasets/production/dfire/test/images/AoF07881.jpg,exact_duplicate_dhash_d0
/home/z/my-project/Factory-AI/datasets/production/dfire/train/images/AoF04802.jpg,/home/z/my-project/Factory-AI/datasets/production/dfire/test/images/AoF07881.jpg,exact_duplicate_dhash_d0
/home/z/my-project/Factory-AI/datasets/production/dfire/train/images/AoF04803.jpg,/home/z/my-project/Factory-AI/datasets/production/dfire/test/images/AoF07879.jpg,exact_duplicate_dhash_d0
/home/z/my-project/Factory-AI/datasets/production/dfire/train/images/AoF04805.jpg,/home/z/my-project/Factory-AI/datasets/production/dfire/test/images/AoF07881.jpg,exact_duplicate_dhash_d0
/home/z/my-project/Factory-AI/datasets/production/dfire/train/images/AoF04806.jpg,/home/z/my-project/Factory-AI/datasets/production/dfire/test/images/AoF07881.jpg,exact_duplicate_dhash_d0
/home/z/my-project/Factory-AI/datasets/production/dfire/train/images/AoF04807.jpg,/home/z/my-project/Factory-AI/datasets/production/dfire/train/images/AoF04728.jpg,exact_duplicate_dhash_d0
/home/z/my-project/Factory-AI/datasets/production/dfire/train/images/AoF04808.jpg,/home/z/my-project/Factory-AI/datasets/production/dfire/train/images/AoF04775.jpg,exact_duplicate_dhash_d0
/home/z/my-project/Factory-AI/datasets/production/dfire/train/images/AoF04809.jpg,/home/z/my-project/Factory-AI/datasets/production/dfire/train/images/AoF04728.jpg,exact_duplicate_dhash_d0
/home/z/my-project/Factory-AI/datasets/production/dfire/train/images/AoF04810.jpg,/home/z/my-project/Factory-AI/datasets/production/dfire/test/images/AoF07896.jpg,exact_duplicate_dhash_d0
/home/z/my-project/Factory-AI/datasets/production/dfire/train/images/AoF04811.jpg,/home/z/my-project/Factory-AI/datasets/production/dfire/test/images/AoF07878.jpg,exact_duplicate_dhash_d0
/home/z/my-project/Factory-AI/datasets/production/dfire/train/images/AoF04812.jpg,/home/z/my-project/Factory-AI/datasets/production/dfire/test/images/AoF07878.jpg,exact_duplicate_dhash_d0
/home/z/my-project/Factory-AI/datasets/production/dfire/train/images/AoF04813.jpg,/home/z/my-project/Factory-AI/datasets/production/dfire/test/images/AoF07896.jpg,exact_duplicate_dhash_d0
/home/z/my-project/Factory-AI/datasets/production/dfire/train/images/AoF04814.jpg,/home/z/my-project/Factory-AI/datasets/production/dfire/test/images/AoF07896.jpg,exact_duplicate_dhash_d0
/home/z/my-project/Factory-AI/datasets/production/dfire/train/images/AoF04815.jpg,/home/z/my-project/Factory-AI/datasets/production/dfire/test/images/AoF07878.jpg,exact_duplicate_dhash_d0
/home/z/my-project/Factory-AI/datasets/production/dfire/train/images/AoF04816.jpg,/home/z/my-project/Factory-AI/datasets/production/dfire/test/images/AoF07878.jpg,exact_duplicate_dhash_d0
/home/z/my-project/Factory-AI/datasets/production/dfire/train/images/AoF04817.jpg,/home/z/my-project/Factory-AI/datasets/production/dfire/test/images/AoF07878.jpg,exact_duplicate_dhash_d0
/home/z/my-project/Factory-AI/datasets/production/dfire/train/images/AoF04818.jpg,/home/z/my-project/Factory-AI/datasets/production/dfire/test/images/AoF07879.jpg,exact_duplicate_dhash_d0
/home/z/my-project/Factory-AI/datasets/production/dfire/train/images/AoF04819.jpg,/home/z/my-project/Factory-AI/datasets/production/dfire/test/images/AoF07879.jpg,exact_duplicate_dhash_d0
/home/z/my-project/Factory-AI/datasets/production/dfire/train/images/AoF04820.jpg,/home/z/my-project/Factory-AI/datasets/production/dfire/test/images/AoF07881.jpg,exact_duplicate_dhash_d0
/home/z/my-project/Factory-AI/datasets/production/dfire/train/images/AoF04821.jpg,/home/z/my-project/Factory-AI/datasets/production/dfire/test/images/AoF07881.jpg,exact_duplicate_dhash_d0
/home/z/my-project/Factory-AI/datasets/production/dfire/train/images/AoF04822.jpg,/home/z/my-project/Factory-AI/datasets/production/dfire/test/images/AoF07881.jpg,exact_duplicate_dhash_d0
/home/z/my-project/Factory-AI/datasets/production/dfire/train/images/AoF04823.jpg,/home/z/my-project/Factory-AI/datasets/production/dfire/train/images/AoF04804.jpg,exact_duplicate_dhash_d0
/home/z/my-project/Factory-AI/datasets/production/dfire/train/images/AoF04826.jpg,/home/z/my-project/Factory-AI/datasets/production/dfire/test/images/AoF07915.jpg,exact_duplicate_dhash_d0
/home/z/my-project/Factory-AI/datasets/production/dfire/train/images/AoF04830.jpg,/home/z/my-project/Factory-AI/datasets/production/dfire/train/images/AoF04827.jpg,exact_duplicate_dhash_d0
/home/z/my-project/Factory-AI/datasets/production/dfire/train/images/AoF04840.jpg,/home/z/my-project/Factory-AI/datasets/production/dfire/test/images/AoF07919.jpg,exact_duplicate_dhash_d0
/home/z/my-project/Factory-AI/datasets/production/dfire/train/images/AoF04846.jpg,/home/z/my-project/Factory-AI/datasets/production/dfire/train/images/AoF04845.jpg,exact_duplicate_dhash_d0
/home/z/my-project/Factory-AI/datasets/production/dfire/train/images/AoF04848.jpg,/home/z/my-project/Factory-AI/datasets/production/dfire/train/images/AoF04845.jpg,exact_duplicate_dhash_d0
/home/z/my-project/Factory-AI/datasets/production/dfire/train/images/AoF04861.jpg,/home/z/my-project/Factory-AI/datasets/production/dfire/train/images/AoF04860.jpg,exact_duplicate_dhash_d0
/home/z/my-project/Factory-AI/datasets/production/dfire/train/images/AoF04862.jpg,/home/z/my-project/Factory-AI/datasets/production/dfire/train/images/AoF04860.jpg,exact_duplicate_dhash_d0
/home/z/my-project/Factory-AI/datasets/production/dfire/train/images/AoF04865.jpg,/home/z/my-project/Factory-AI/datasets/production/dfire/train/images/AoF04859.jpg,exact_duplicate_dhash_d0
/home/z/my-project/Factory-AI/datasets/production/dfire/train/images/AoF04880.jpg,/home/z/my-project/Factory-AI/datasets/production/dfire/train/images/AoF04879.jpg,exact_duplicate_dhash_d0
/home/z/my-project/Factory-AI/datasets/production/dfire/train/images/AoF04888.jpg,/home/z/my-project/Factory-AI/datasets/production/dfire/train/images/AoF04885.jpg,exact_duplicate_dhash_d0
/home/z/my-project/Factory-AI/datasets/production/dfire/train/images/AoF04890.jpg,/home/z/my-project/Factory-AI/datasets/production/dfire/train/images/AoF04889.jpg,exact_duplicate_dhash_d0
/home/z/my-project/Factory-AI/datasets/production/dfire/train/images/AoF04893.jpg,/home/z/my-project/Factory-AI/datasets/production/dfire/test/images/AoF07925.jpg,exact_duplicate_dhash_d0
/home/z/my-project/Factory-AI/datasets/production/dfire/train/images/AoF04900.jpg,/home/z/my-project/Factory-AI/datasets/production/dfire/test/images/AoF07926.jpg,exact_duplicate_dhash_d0
/home/z/my-project/Factory-AI/datasets/production/dfire/train/images/AoF04906.jpg,/home/z/my-project/Factory-AI/datasets/production/dfire/train/images/AoF04904.jpg,exact_duplicate_dhash_d0
/home/z/my-project/Factory-AI/datasets/production/dfire/train/images/AoF04914.jpg,/home/z/my-project/Factory-AI/datasets/production/dfire/test/images/AoF07931.jpg,exact_duplicate_dhash_d0
/home/z/my-project/Factory-AI/datasets/production/dfire/train/images/AoF04918.jpg,/home/z/my-project/Factory-AI/datasets/production/dfire/test/images/AoF07932.jpg,exact_duplicate_dhash_d0
/home/z/my-project/Factory-AI/datasets/production/dfire/train/images/AoF04919.jpg,/home/z/my-project/Factory-AI/datasets/production/dfire/test/images/AoF07932.jpg,exact_duplicate_dhash_d0
/home/z/my-project/Factory-AI/datasets/production/dfire/train/images/AoF04920.jpg,/home/z/my-project/Factory-AI/datasets/production/dfire/train/images/AoF04917.jpg,exact_duplicate_dhash_d0
/home/z/my-project/Factory-AI/datasets/production/dfire/train/images/AoF04922.jpg,/home/z/my-project/Factory-AI/datasets/production/dfire/test/images/AoF07932.jpg,exact_duplicate_dhash_d0
/home/z/my-project/Factory-AI/datasets/production/dfire/train/images/AoF04923.jpg,/home/z/my-project/Factory-AI/datasets/production/dfire/test/images/AoF07932.jpg,exact_duplicate_dhash_d0
/home/z/my-project/Factory-AI/datasets/production/dfire/train/images/AoF04924.jpg,/home/z/my-project/Factory-AI/datasets/production/dfire/test/images/AoF07932.jpg,exact_duplicate_dhash_d0
/home/z/my-project/Factory-AI/datasets/production/dfire/train/images/AoF04925.jpg,/home/z/my-project/Factory-AI/datasets/production/dfire/test/images/AoF07932.jpg,exact_duplicate_dhash_d0
/home/z/my-project/Factory-AI/datasets/production/dfire/train/images/AoF04926.jpg,/home/z/my-project/Factory-AI/datasets/production/dfire/test/images/AoF07932.jpg,exact_duplicate_dhash_d0
/home/z/my-project/Factory-AI/datasets/production/dfire/train/images/AoF04927.jpg,/home/z/my-project/Factory-AI/datasets/production/dfire/test/images/AoF07934.jpg,exact_duplicate_dhash_d0
/home/z/my-project/Factory-AI/datasets/production/dfire/train/images/AoF04928.jpg,/home/z/my-project/Factory-AI/datasets/production/dfire/test/images/AoF07934.jpg,exact_duplicate_dhash_d0
/home/z/my-project/Factory-AI/datasets/production/dfire/train/images/AoF04929.jpg,/home/z/my-project/Factory-AI/datasets/production/dfire/test/images/AoF07934.jpg,exact_duplicate_dhash_d0
/home/z/my-project/Factory-AI/datasets/production/dfire/train/images/AoF04930.jpg,/home/z/my-project/Factory-AI/datasets/production/dfire/test/images/AoF07932.jpg,exact_duplicate_dhash_d0
/home/z/my-project/Factory-AI/datasets/production/dfire/train/images/AoF04932.jpg,/home/z/my-project/Factory-AI/datasets/production/dfire/train/images/AoF04931.jpg,exact_duplicate_dhash_d0
/home/z/my-project/Factory-AI/datasets/production/dfire/train/images/AoF04934.jpg,/home/z/my-project/Factory-AI/datasets/production/dfire/train/images/AoF04933.jpg,exact_duplicate_dhash_d0
/home/z/my-project/Factory-AI/datasets/production/dfire/train/images/AoF04935.jpg,/home/z/my-project/Factory-AI/datasets/production/dfire/test/images/AoF07937.jpg,exact_duplicate_dhash_d0
/home/z/my-project/Factory-AI/datasets/production/dfire/train/images/AoF04936.jpg,/home/z/my-project/Factory-AI/datasets/production/dfire/train/images/AoF04933.jpg,exact_duplicate_dhash_d0
/home/z/my-project/Factory-AI/datasets/production/dfire/train/images/AoF04937.jpg,/home/z/my-project/Factory-AI/datasets/production/dfire/train/images/AoF04931.jpg,exact_duplicate_dhash_d0
/home/z/my-project/Factory-AI/datasets/production/dfire/train/images/AoF04938.jpg,/home/z/my-project/Factory-AI/datasets/production/dfire/train/images/AoF04931.jpg,exact_duplicate_dhash_d0
/home/z/my-project/Factory-AI/datasets/production/dfire/train/images/AoF04939.jpg,/home/z/my-project/Factory-AI/datasets/production/dfire/test/images/AoF07934.jpg,exact_duplicate_dhash_d0
/home/z/my-project/Factory-AI/datasets/production/dfire/train/images/AoF04940.jpg,/home/z/my-project/Factory-AI/datasets/production/dfire/test/images/AoF07932.jpg,exact_duplicate_dhash_d0
/home/z/my-project/Factory-AI/datasets/production/dfire/train/images/AoF04941.jpg,/home/z/my-project/Factory-AI/datasets/production/dfire/test/images/AoF07934.jpg,exact_duplicate_dhash_d0
/home/z/my-project/Factory-AI/datasets/production/dfire/train/images/AoF04942.jpg,/home/z/my-project/Factory-AI/datasets/production/dfire/test/images/AoF07939.jpg,exact_duplicate_dhash_d0
/home/z/my-project/Factory-AI/datasets/production/dfire/train/images/AoF04944.jpg,/home/z/my-project/Factory-AI/datasets/production/dfire/test/images/AoF07938.jpg,exact_duplicate_dhash_d0
/home/z/my-project/Factory-AI/datasets/production/dfire/train/images/AoF04945.jpg,/home/z/my-project/Factory-AI/datasets/production/dfire/test/images/AoF07938.jpg,exact_duplicate_dhash_d0
/home/z/my-project/Factory-AI/datasets/production/dfire/train/images/AoF04947.jpg,/home/z/my-project/Factory-AI/datasets/production/dfire/test/images/AoF07939.jpg,exact_duplicate_dhash_d0
/home/z/my-project/Factory-AI/datasets/production/dfire/train/images/AoF04948.jpg,/home/z/my-project/Factory-AI/datasets/production/dfire/train/images/AoF04943.jpg,exact_duplicate_dhash_d0
/home/z/my-project/Factory-AI/datasets/production/dfire/train/images/AoF04949.jpg,/home/z/my-project/Factory-AI/datasets/production/dfire/test/images/AoF07934.jpg,exact_duplicate_dhash_d0
/home/z/my-project/Factory-AI/datasets/production/dfire/train/images/AoF04950.jpg,/home/z/my-project/Factory-AI/datasets/production/dfire/test/images/AoF07934.jpg,exact_duplicate_dhash_d0
/home/z/my-project/Factory-AI/datasets/production/dfire/train/images/AoF04951.jpg,/home/z/my-project/Factory-AI/datasets/production/dfire/test/images/AoF07939.jpg,exact_duplicate_dhash_d0
/home/z/my-project/Factory-AI/datasets/production/dfire/train/images/AoF04952.jpg,/home/z/my-project/Factory-AI/datasets/production/dfire/test/images/AoF07939.jpg,exact_duplicate_dhash_d0
/home/z/my-project/Factory-AI/datasets/production/dfire/train/images/AoF04953.jpg,/home/z/my-project/Factory-AI/datasets/production/dfire/test/images/AoF07939.jpg,exact_duplicate_dhash_d0
/home/z/my-project/Factory-AI/datasets/production/dfire/train/images/AoF04954.jpg,/home/z/my-project/Factory-AI/datasets/production/dfire/test/images/AoF07939.jpg,exact_duplicate_dhash_d0
/home/z/my-project/Factory-AI/datasets/production/dfire/train/images/AoF04959.jpg,/home/z/my-project/Factory-AI/datasets/production/dfire/test/images/AoF07941.jpg,exact_duplicate_dhash_d0
/home/z/my-project/Factory-AI/datasets/production/dfire/train/images/AoF04961.jpg,/home/z/my-project/Factory-AI/datasets/production/dfire/train/images/AoF04943.jpg,exact_duplicate_dhash_d0
/home/z/my-project/Factory-AI/datasets/production/dfire/train/images/AoF04962.jpg,/home/z/my-project/Factory-AI/datasets/production/dfire/train/images/AoF04943.jpg,exact_duplicate_dhash_d0
/home/z/my-project/Factory-AI/datasets/production/dfire/train/images/AoF04965.jpg,/home/z/my-project/Factory-AI/datasets/production/dfire/train/images/AoF04957.jpg,exact_duplicate_dhash_d0
/home/z/my-project/Factory-AI/datasets/production/dfire/train/images/AoF04970.jpg,/home/z/my-project/Factory-AI/datasets/production/dfire/train/images/AoF04943.jpg,exact_duplicate_dhash_d0
/home/z/my-project/Factory-AI/datasets/production/dfire/train/images/AoF04974.jpg,/home/z/my-project/Factory-AI/datasets/production/dfire/train/images/AoF04972.jpg,exact_duplicate_dhash_d0
/home/z/my-project/Factory-AI/datasets/production/dfire/train/images/AoF04975.jpg,/home/z/my-project/Factory-AI/datasets/production/dfire/train/images/AoF04973.jpg,exact_duplicate_dhash_d0
/home/z/my-project/Factory-AI/datasets/production/dfire/train/images/AoF04976.jpg,/home/z/my-project/Factory-AI/datasets/production/dfire/train/images/AoF04972.jpg,exact_duplicate_dhash_d0
/home/z/my-project/Factory-AI/datasets/production/dfire/train/images/AoF04977.jpg,/home/z/my-project/Factory-AI/datasets/production/dfire/train/images/AoF04973.jpg,exact_duplicate_dhash_d0
/home/z/my-project/Factory-AI/datasets/production/dfire/train/images/AoF04982.jpg,/home/z/my-project/Factory-AI/datasets/production/dfire/train/images/AoF04979.jpg,exact_duplicate_dhash_d0
/home/z/my-project/Factory-AI/datasets/production/dfire/train/images/AoF04983.jpg,/home/z/my-project/Factory-AI/datasets/production/dfire/train/images/AoF04978.jpg,exact_duplicate_dhash_d0
/home/z/my-project/Factory-AI/datasets/production/dfire/train/images/AoF04987.jpg,/home/z/my-project/Factory-AI/datasets/production/dfire/test/images/AoF07945.jpg,exact_duplicate_dhash_d0
/home/z/my-project/Factory-AI/datasets/production/dfire/train/images/AoF04988.jpg,/home/z/my-project/Factory-AI/datasets/production/dfire/train/images/AoF04979.jpg,exact_duplicate_dhash_d0
/home/z/my-project/Factory-AI/datasets/production/dfire/train/images/AoF04989.jpg,/home/z/my-project/Factory-AI/datasets/production/dfire/train/images/AoF04985.jpg,exact_duplicate_dhash_d0
/home/z/my-project/Factory-AI/datasets/production/dfire/train/images/AoF04991.jpg,/home/z/my-project/Factory-AI/datasets/production/dfire/test/images/AoF07953.jpg,exact_duplicate_dhash_d0
/home/z/my-project/Factory-AI/datasets/production/dfire/train/images/AoF04996.jpg,/home/z/my-project/Factory-AI/datasets/production/dfire/test/images/AoF07945.jpg,exact_duplicate_dhash_d0
/home/z/my-project/Factory-AI/datasets/production/dfire/train/images/AoF04997.jpg,/home/z/my-project/Factory-AI/datasets/production/dfire/test/images/AoF07953.jpg,exact_duplicate_dhash_d0
/home/z/my-project/Factory-AI/datasets/production/dfire/train/images/AoF04998.jpg,/home/z/my-project/Factory-AI/datasets/production/dfire/train/images/AoF04979.jpg,exact_duplicate_dhash_d0
/home/z/my-project/Factory-AI/datasets/production/dfire/train/images/AoF05000.jpg,/home/z/my-project/Factory-AI/datasets/production/dfire/test/images/AoF07953.jpg,exact_duplicate_dhash_d0
/home/z/my-project/Factory-AI/datasets/production/dfire/train/images/AoF05003.jpg,/home/z/my-project/Factory-AI/datasets/production/dfire/test/images/AoF07949.jpg,exact_duplicate_dhash_d0
/home/z/my-project/Factory-AI/datasets/production/dfire/train/images/AoF05004.jpg,/home/z/my-project/Factory-AI/datasets/production/dfire/test/images/AoF07949.jpg,exact_duplicate_dhash_d0
/home/z/my-project/Factory-AI/datasets/production/dfire/train/images/AoF05005.jpg,/home/z/my-project/Factory-AI/datasets/production/dfire/test/images/AoF07949.jpg,exact_duplicate_dhash_d0
/home/z/my-project/Factory-AI/datasets/production/dfire/train/images/AoF05007.jpg,/home/z/my-project/Factory-AI/datasets/production/dfire/train/images/AoF04980.jpg,exact_duplicate_dhash_d0
/home/z/my-project/Factory-AI/datasets/production/dfire/train/images/AoF05009.jpg,/home/z/my-project/Factory-AI/datasets/production/dfire/test/images/AoF07953.jpg,exact_duplicate_dhash_d0
/home/z/my-project/Factory-AI/datasets/production/dfire/train/images/AoF05010.jpg,/home/z/my-project/Factory-AI/datasets/production/dfire/test/images/AoF07953.jpg,exact_duplicate_dhash_d0
/home/z/my-project/Factory-AI/datasets/production/dfire/train/images/AoF05011.jpg,/home/z/my-project/Factory-AI/datasets/production/dfire/test/images/AoF07953.jpg,exact_duplicate_dhash_d0
/home/z/my-project/Factory-AI/datasets/production/dfire/train/images/AoF05013.jpg,/home/z/my-project/Factory-AI/datasets/production/dfire/train/images/AoF05012.jpg,exact_duplicate_dhash_d0
/home/z/my-project/Factory-AI/datasets/production/dfire/train/images/AoF05014.jpg,/home/z/my-project/Factory-AI/datasets/production/dfire/train/images/AoF05001.jpg,exact_duplicate_dhash_d0
/home/z/my-project/Factory-AI/datasets/production/dfire/train/images/AoF05015.jpg,/home/z/my-project/Factory-AI/datasets/production/dfire/test/images/AoF07945.jpg,exact_duplicate_dhash_d0
/home/z/my-project/Factory-AI/datasets/production/dfire/train/images/AoF05016.jpg,/home/z/my-project/Factory-AI/datasets/production/dfire/train/images/AoF05001.jpg,exact_duplicate_dhash_d0
/home/z/my-project/Factory-AI/datasets/production/dfire/train/images/AoF05017.jpg,/home/z/my-project/Factory-AI/datasets/production/dfire/train/images/AoF04979.jpg,exact_duplicate_dhash_d0
/home/z/my-project/Factory-AI/datasets/production/dfire/train/images/AoF05019.jpg,/home/z/my-project/Factory-AI/datasets/production/dfire/test/images/AoF07950.jpg,exact_duplicate_dhash_d0
/home/z/my-project/Factory-AI/datasets/production/dfire/train/images/AoF05020.jpg,/home/z/my-project/Factory-AI/datasets/production/dfire/test/images/AoF07957.jpg,exact_duplicate_dhash_d0
/home/z/my-project/Factory-AI/datasets/production/dfire/train/images/AoF05022.jpg,/home/z/my-project/Factory-AI/datasets/production/dfire/train/images/AoF05018.jpg,exact_duplicate_dhash_d0
/home/z/my-project/Factory-AI/datasets/production/dfire/train/images/AoF05025.jpg,/home/z/my-project/Factory-AI/datasets/production/dfire/train/images/AoF05024.jpg,exact_duplicate_dhash_d0
/home/z/my-project/Factory-AI/datasets/production/dfire/train/images/AoF05026.jpg,/home/z/my-project/Factory-AI/datasets/production/dfire/test/images/AoF07955.jpg,exact_duplicate_dhash_d0
/home/z/my-project/Factory-AI/datasets/production/dfire/train/images/AoF05027.jpg,/home/z/my-project/Factory-AI/datasets/production/dfire/test/images/AoF07955.jpg,exact_duplicate_dhash_d0
/home/z/my-project/Factory-AI/datasets/production/dfire/train/images/AoF05028.jpg,/home/z/my-project/Factory-AI/datasets/production/dfire/test/images/AoF07955.jpg,exact_duplicate_dhash_d0
/home/z/my-project/Factory-AI/datasets/production/dfire/train/images/AoF05030.jpg,/home/z/my-project/Factory-AI/datasets/production/dfire/test/images/AoF07953.jpg,exact_duplicate_dhash_d0
/home/z/my-project/Factory-AI/datasets/production/dfire/train/images/AoF05031.jpg,/home/z/my-project/Factory-AI/datasets/production/dfire/train/images/AoF05024.jpg,exact_duplicate_dhash_d0
/home/z/my-project/Factory-AI/datasets/production/dfire/train/images/AoF05033.jpg,/home/z/my-project/Factory-AI/datasets/production/dfire/test/images/AoF07955.jpg,exact_duplicate_dhash_d0
/home/z/my-project/Factory-AI/datasets/production/dfire/train/images/AoF05034.jpg,/home/z/my-project/Factory-AI/datasets/production/dfire/test/images/AoF07955.jpg,exact_duplicate_dhash_d0
/home/z/my-project/Factory-AI/datasets/production/dfire/train/images/AoF05035.jpg,/home/z/my-project/Factory-AI/datasets/production/dfire/test/images/AoF07955.jpg,exact_duplicate_dhash_d0
/home/z/my-project/Factory-AI/datasets/production/dfire/train/images/AoF05036.jpg,/home/z/my-project/Factory-AI/datasets/production/dfire/train/images/AoF05021.jpg,exact_duplicate_dhash_d0
/home/z/my-project/Factory-AI/datasets/production/dfire/train/images/AoF05037.jpg,/home/z/my-project/Factory-AI/datasets/production/dfire/train/images/AoF05021.jpg,exact_duplicate_dhash_d0
/home/z/my-project/Factory-AI/datasets/production/dfire/train/images/AoF05039.jpg,/home/z/my-project/Factory-AI/datasets/production/dfire/train/images/AoF05021.jpg,exact_duplicate_dhash_d0
/home/z/my-project/Factory-AI/datasets/production/dfire/train/images/AoF05040.jpg,/home/z/my-project/Factory-AI/datasets/production/dfire/train/images/AoF05024.jpg,exact_duplicate_dhash_d0
/home/z/my-project/Factory-AI/datasets/production/dfire/train/images/AoF05041.jpg,/home/z/my-project/Factory-AI/datasets/production/dfire/train/images/AoF04086.jpg,exact_duplicate_dhash_d0
/home/z/my-project/Factory-AI/datasets/production/dfire/train/images/AoF05042.jpg,/home/z/my-project/Factory-AI/datasets/production/dfire/test/images/AoF07957.jpg,exact_duplicate_dhash_d0
/home/z/my-project/Factory-AI/datasets/production/dfire/train/images/AoF05043.jpg,/home/z/my-project/Factory-AI/datasets/production/dfire/test/images/AoF07958.jpg,exact_duplicate_dhash_d0
/home/z/my-project/Factory-AI/datasets/production/dfire/train/images/AoF05046.jpg,/home/z/my-project/Factory-AI/datasets/production/dfire/train/images/AoF05021.jpg,exact_duplicate_dhash_d0
/home/z/my-project/Factory-AI/datasets/production/dfire/train/images/AoF05048.jpg,/home/z/my-project/Factory-AI/datasets/production/dfire/train/images/AoF04087.jpg,exact_duplicate_dhash_d0
/home/z/my-project/Factory-AI/datasets/production/dfire/train/images/AoF05049.jpg,/home/z/my-project/Factory-AI/datasets/production/dfire/train/images/AoF04087.jpg,exact_duplicate_dhash_d0
/home/z/my-project/Factory-AI/datasets/production/dfire/train/images/AoF05050.jpg,/home/z/my-project/Factory-AI/datasets/production/dfire/train/images/AoF04115.jpg,exact_duplicate_dhash_d0
/home/z/my-project/Factory-AI/datasets/production/dfire/train/images/AoF05051.jpg,/home/z/my-project/Factory-AI/datasets/production/dfire/train/images/AoF04115.jpg,exact_duplicate_dhash_d0
/home/z/my-project/Factory-AI/datasets/production/dfire/train/images/AoF05052.jpg,/home/z/my-project/Factory-AI/datasets/production/dfire/test/images/AoF07744.jpg,exact_duplicate_dhash_d0
/home/z/my-project/Factory-AI/datasets/production/dfire/train/images/AoF05053.jpg,/home/z/my-project/Factory-AI/datasets/production/dfire/test/images/AoF07744.jpg,exact_duplicate_dhash_d0
/home/z/my-project/Factory-AI/datasets/production/dfire/train/images/AoF05054.jpg,/home/z/my-project/Factory-AI/datasets/production/dfire/test/images/AoF07752.jpg,exact_duplicate_dhash_d0
/home/z/my-project/Factory-AI/datasets/production/dfire/train/images/AoF05056.jpg,/home/z/my-project/Factory-AI/datasets/production/dfire/test/images/AoF07744.jpg,exact_duplicate_dhash_d0
/home/z/my-project/Factory-AI/datasets/production/dfire/train/images/AoF05057.jpg,/home/z/my-project/Factory-AI/datasets/production/dfire/train/images/AoF04126.jpg,exact_duplicate_dhash_d0
/home/z/my-project/Factory-AI/datasets/production/dfire/train/images/AoF05059.jpg,/home/z/my-project/Factory-AI/datasets/production/dfire/test/images/AoF07747.jpg,exact_duplicate_dhash_d0
/home/z/my-project/Factory-AI/datasets/production/dfire/train/images/AoF05060.jpg,/home/z/my-project/Factory-AI/datasets/production/dfire/test/images/AoF07750.jpg,exact_duplicate_dhash_d0
/home/z/my-project/Factory-AI/datasets/production/dfire/train/images/AoF05061.jpg,/home/z/my-project/Factory-AI/datasets/production/dfire/train/images/AoF05045.jpg,exact_duplicate_dhash_d0
/home/z/my-project/Factory-AI/datasets/production/dfire/train/images/AoF05062.jpg,/home/z/my-project/Factory-AI/datasets/production/dfire/train/images/AoF05021.jpg,exact_duplicate_dhash_d0
/home/z/my-project/Factory-AI/datasets/production/dfire/train/images/AoF05063.jpg,/home/z/my-project/Factory-AI/datasets/production/dfire/test/images/AoF07958.jpg,exact_duplicate_dhash_d0
/home/z/my-project/Factory-AI/datasets/production/dfire/train/images/AoF05064.jpg,/home/z/my-project/Factory-AI/datasets/production/dfire/train/images/AoF05021.jpg,exact_duplicate_dhash_d0
/home/z/my-project/Factory-AI/datasets/production/dfire/train/images/AoF05065.jpg,/home/z/my-project/Factory-AI/datasets/production/dfire/test/images/AoF07747.jpg,exact_duplicate_dhash_d0
/home/z/my-project/Factory-AI/datasets/production/dfire/train/images/AoF05066.jpg,/home/z/my-project/Factory-AI/datasets/production/dfire/test/images/AoF07747.jpg,exact_duplicate_dhash_d0
/home/z/my-project/Factory-AI/datasets/production/dfire/train/images/AoF05067.jpg,/home/z/my-project/Factory-AI/datasets/production/dfire/test/images/AoF07962.jpg,exact_duplicate_dhash_d0
/home/z/my-project/Factory-AI/datasets/production/dfire/train/images/AoF05068.jpg,/home/z/my-project/Factory-AI/datasets/production/dfire/test/images/AoF07962.jpg,exact_duplicate_dhash_d0
/home/z/my-project/Factory-AI/datasets/production/dfire/train/images/AoF05069.jpg,/home/z/my-project/Factory-AI/datasets/production/dfire/test/images/AoF07744.jpg,exact_duplicate_dhash_d0
/home/z/my-project/Factory-AI/datasets/production/dfire/train/images/AoF05070.jpg,/home/z/my-project/Factory-AI/datasets/production/dfire/train/images/AoF04087.jpg,exact_duplicate_dhash_d0
/home/z/my-project/Factory-AI/datasets/production/dfire/train/images/AoF05072.jpg,/home/z/my-project/Factory-AI/datasets/production/dfire/test/images/AoF07957.jpg,exact_duplicate_dhash_d0
/home/z/my-project/Factory-AI/datasets/production/dfire/train/images/AoF05073.jpg,/home/z/my-project/Factory-AI/datasets/production/dfire/test/images/AoF07964.jpg,exact_duplicate_dhash_d0
/home/z/my-project/Factory-AI/datasets/production/dfire/train/images/AoF05076.jpg,/home/z/my-project/Factory-AI/datasets/production/dfire/test/images/AoF07964.jpg,exact_duplicate_dhash_d0
/home/z/my-project/Factory-AI/datasets/production/dfire/train/images/AoF05077.jpg,/home/z/my-project/Factory-AI/datasets/production/dfire/test/images/AoF07964.jpg,exact_duplicate_dhash_d0
/home/z/my-project/Factory-AI/datasets/production/dfire/train/images/AoF05137.jpg,/home/z/my-project/Factory-AI/datasets/production/dfire/test/images/AoF07986.jpg,exact_duplicate_dhash_d0
/home/z/my-project/Factory-AI/datasets/production/dfire/train/images/AoF05138.jpg,/home/z/my-project/Factory-AI/datasets/production/dfire/test/images/AoF07986.jpg,exact_duplicate_dhash_d0
/home/z/my-project/Factory-AI/datasets/production/dfire/train/images/AoF05139.jpg,/home/z/my-project/Factory-AI/datasets/production/dfire/test/images/AoF07988.jpg,exact_duplicate_dhash_d0
/home/z/my-project/Factory-AI/datasets/production/dfire/train/images/AoF05140.jpg,/home/z/my-project/Factory-AI/datasets/production/dfire/test/images/AoF07988.jpg,exact_duplicate_dhash_d0
/home/z/my-project/Factory-AI/datasets/production/dfire/train/images/AoF05141.jpg,/home/z/my-project/Factory-AI/datasets/production/dfire/test/images/AoF07988.jpg,exact_duplicate_dhash_d0
/home/z/my-project/Factory-AI/datasets/production/dfire/train/images/AoF05142.jpg,/home/z/my-project/Factory-AI/datasets/production/dfire/test/images/AoF07988.jpg,exact_duplicate_dhash_d0
/home/z/my-project/Factory-AI/datasets/production/dfire/train/images/AoF05143.jpg,/home/z/my-project/Factory-AI/datasets/production/dfire/test/images/AoF07988.jpg,exact_duplicate_dhash_d0
/home/z/my-project/Factory-AI/datasets/production/dfire/train/images/AoF05144.jpg,/home/z/my-project/Factory-AI/datasets/production/dfire/test/images/AoF07988.jpg,exact_duplicate_dhash_d0
/home/z/my-project/Factory-AI/datasets/production/dfire/train/images/AoF05145.jpg,/home/z/my-project/Factory-AI/datasets/production/dfire/test/images/AoF07988.jpg,exact_duplicate_dhash_d0
/home/z/my-project/Factory-AI/datasets/production/dfire/train/images/AoF05151.jpg,/home/z/my-project/Factory-AI/datasets/production/dfire/test/images/AoF07992.jpg,exact_duplicate_dhash_d0
/home/z/my-project/Factory-AI/datasets/production/dfire/train/images/AoF05152.jpg,/home/z/my-project/Factory-AI/datasets/production/dfire/train/images/AoF05146.jpg,exact_duplicate_dhash_d0
/home/z/my-project/Factory-AI/datasets/production/dfire/train/images/AoF05155.jpg,/home/z/my-project/Factory-AI/datasets/production/dfire/test/images/AoF08001.jpg,exact_duplicate_dhash_d0
/home/z/my-project/Factory-AI/datasets/production/dfire/train/images/AoF05157.jpg,/home/z/my-project/Factory-AI/datasets/production/dfire/test/images/AoF07997.jpg,exact_duplicate_dhash_d0
/home/z/my-project/Factory-AI/datasets/production/dfire/train/images/AoF05159.jpg,/home/z/my-project/Factory-AI/datasets/production/dfire/train/images/AoF05146.jpg,exact_duplicate_dhash_d0
/home/z/my-project/Factory-AI/datasets/production/dfire/train/images/AoF05165.jpg,/home/z/my-project/Factory-AI/datasets/production/dfire/test/images/AoF07999.jpg,exact_duplicate_dhash_d0
/home/z/my-project/Factory-AI/datasets/production/dfire/train/images/AoF05167.jpg,/home/z/my-project/Factory-AI/datasets/production/dfire/train/images/AoF05166.jpg,exact_duplicate_dhash_d0
/home/z/my-project/Factory-AI/datasets/production/dfire/train/images/AoF05168.jpg,/home/z/my-project/Factory-AI/datasets/production/dfire/train/images/AoF05146.jpg,exact_duplicate_dhash_d0
/home/z/my-project/Factory-AI/datasets/production/dfire/train/images/AoF05169.jpg,/home/z/my-project/Factory-AI/datasets/production/dfire/train/images/AoF05166.jpg,exact_duplicate_dhash_d0
/home/z/my-project/Factory-AI/datasets/production/dfire/train/images/AoF05170.jpg,/home/z/my-project/Factory-AI/datasets/production/dfire/test/images/AoF08000.jpg,exact_duplicate_dhash_d0
/home/z/my-project/Factory-AI/datasets/production/dfire/train/images/AoF05172.jpg,/home/z/my-project/Factory-AI/datasets/production/dfire/test/images/AoF08001.jpg,exact_duplicate_dhash_d0
/home/z/my-project/Factory-AI/datasets/production/dfire/train/images/AoF05173.jpg,/home/z/my-project/Factory-AI/datasets/production/dfire/test/images/AoF08001.jpg,exact_duplicate_dhash_d0
/home/z/my-project/Factory-AI/datasets/production/dfire/train/images/AoF05177.jpg,/home/z/my-project/Factory-AI/datasets/production/dfire/train/images/AoF05146.jpg,exact_duplicate_dhash_d0
/home/z/my-project/Factory-AI/datasets/production/dfire/train/images/AoF05179.jpg,/home/z/my-project/Factory-AI/datasets/production/dfire/train/images/AoF05178.jpg,exact_duplicate_dhash_d0
/home/z/my-project/Factory-AI/datasets/production/dfire/train/images/AoF05181.jpg,/home/z/my-project/Factory-AI/datasets/production/dfire/test/images/AoF08002.jpg,exact_duplicate_dhash_d0
/home/z/my-project/Factory-AI/datasets/production/dfire/train/images/AoF05184.jpg,/home/z/my-project/Factory-AI/datasets/production/dfire/train/images/AoF05183.jpg,exact_duplicate_dhash_d0
/home/z/my-project/Factory-AI/datasets/production/dfire/train/images/AoF05186.jpg,/home/z/my-project/Factory-AI/datasets/production/dfire/test/images/AoF08004.jpg,exact_duplicate_dhash_d0
/home/z/my-project/Factory-AI/datasets/production/dfire/train/images/AoF05187.jpg,/home/z/my-project/Factory-AI/datasets/production/dfire/test/images/AoF08004.jpg,exact_duplicate_dhash_d0
/home/z/my-project/Factory-AI/datasets/production/dfire/train/images/AoF05189.jpg,/home/z/my-project/Factory-AI/datasets/production/dfire/train/images/AoF05188.jpg,exact_duplicate_dhash_d0
/home/z/my-project/Factory-AI/datasets/production/dfire/train/images/AoF05191.jpg,/home/z/my-project/Factory-AI/datasets/production/dfire/test/images/AoF08006.jpg,exact_duplicate_dhash_d0
/home/z/my-project/Factory-AI/datasets/production/dfire/train/images/AoF05192.jpg,/home/z/my-project/Factory-AI/datasets/production/dfire/test/images/AoF06898.jpg,exact_duplicate_dhash_d0
/home/z/my-project/Factory-AI/datasets/production/dfire/train/images/AoF05193.jpg,/home/z/my-project/Factory-AI/datasets/production/dfire/test/images/AoF06910.jpg,exact_duplicate_dhash_d0
/home/z/my-project/Factory-AI/datasets/production/dfire/train/images/AoF05194.jpg,/home/z/my-project/Factory-AI/datasets/production/dfire/train/images/AoF05185.jpg,exact_duplicate_dhash_d0
/home/z/my-project/Factory-AI/datasets/production/dfire/train/images/AoF05195.jpg,/home/z/my-project/Factory-AI/datasets/production/dfire/test/images/AoF06898.jpg,exact_duplicate_dhash_d0
/home/z/my-project/Factory-AI/datasets/production/dfire/train/images/AoF05196.jpg,/home/z/my-project/Factory-AI/datasets/production/dfire/test/images/AoF06921.jpg,exact_duplicate_dhash_d0
/home/z/my-project/Factory-AI/datasets/production/dfire/train/images/AoF05197.jpg,/home/z/my-project/Factory-AI/datasets/production/dfire/test/images/AoF06898.jpg,exact_duplicate_dhash_d0
/home/z/my-project/Factory-AI/datasets/production/dfire/train/images/AoF05199.jpg,/home/z/my-project/Factory-AI/datasets/production/dfire/train/images/AoF00888.jpg,exact_duplicate_dhash_d0
/home/z/my-project/Factory-AI/datasets/production/dfire/train/images/AoF05200.jpg,/home/z/my-project/Factory-AI/datasets/production/dfire/test/images/AoF08011.jpg,exact_duplicate_dhash_d0
/home/z/my-project/Factory-AI/datasets/production/dfire/train/images/AoF05202.jpg,/home/z/my-project/Factory-AI/datasets/production/dfire/test/images/AoF08011.jpg,exact_duplicate_dhash_d0
/home/z/my-project/Factory-AI/datasets/production/dfire/train/images/AoF05203.jpg,/home/z/my-project/Factory-AI/datasets/production/dfire/test/images/AoF08011.jpg,exact_duplicate_dhash_d0
/home/z/my-project/Factory-AI/datasets/production/dfire/train/images/AoF05204.jpg,/home/z/my-project/Factory-AI/datasets/production/dfire/train/images/AoF00888.jpg,exact_duplicate_dhash_d0
/home/z/my-project/Factory-AI/datasets/production/dfire/train/images/AoF05205.jpg,/home/z/my-project/Factory-AI/datasets/production/dfire/train/images/AoF00888.jpg,exact_duplicate_dhash_d0
/home/z/my-project/Factory-AI/datasets/production/dfire/train/images/AoF05206.jpg,/home/z/my-project/Factory-AI/datasets/production/dfire/test/images/AoF08011.jpg,exact_duplicate_dhash_d0
/home/z/my-project/Factory-AI/datasets/production/dfire/train/images/AoF05207.jpg,/home/z/my-project/Factory-AI/datasets/production/dfire/test/images/AoF08011.jpg,exact_duplicate_dhash_d0
/home/z/my-project/Factory-AI/datasets/production/dfire/train/images/AoF05208.jpg,/home/z/my-project/Factory-AI/datasets/production/dfire/test/images/AoF08011.jpg,exact_duplicate_dhash_d0
/home/z/my-project/Factory-AI/datasets/production/dfire/train/images/AoF05209.jpg,/home/z/my-project/Factory-AI/datasets/production/dfire/test/images/AoF08011.jpg,exact_duplicate_dhash_d0
/home/z/my-project/Factory-AI/datasets/production/dfire/train/images/AoF05210.jpg,/home/z/my-project/Factory-AI/datasets/production/dfire/test/images/AoF08011.jpg,exact_duplicate_dhash_d0
/home/z/my-project/Factory-AI/datasets/production/dfire/train/images/AoF05211.jpg,/home/z/my-project/Factory-AI/datasets/production/dfire/test/images/AoF08015.jpg,exact_duplicate_dhash_d0
/home/z/my-project/Factory-AI/datasets/production/dfire/train/images/AoF05212.jpg,/home/z/my-project/Factory-AI/datasets/production/dfire/test/images/AoF08015.jpg,exact_duplicate_dhash_d0
/home/z/my-project/Factory-AI/datasets/production/dfire/train/images/AoF05213.jpg,/home/z/my-project/Factory-AI/datasets/production/dfire/test/images/AoF08015.jpg,exact_duplicate_dhash_d0
/home/z/my-project/Factory-AI/datasets/production/dfire/train/images/AoF05215.jpg,/home/z/my-project/Factory-AI/datasets/production/dfire/train/images/AoF05214.jpg,exact_duplicate_dhash_d0
/home/z/my-project/Factory-AI/datasets/production/dfire/train/images/AoF05216.jpg,/home/z/my-project/Factory-AI/datasets/production/dfire/train/images/AoF05214.jpg,exact_duplicate_dhash_d0
/home/z/my-project/Factory-AI/datasets/production/dfire/train/images/AoF05217.jpg,/home/z/my-project/Factory-AI/datasets/production/dfire/test/images/AoF08015.jpg,exact_duplicate_dhash_d0
/home/z/my-project/Factory-AI/datasets/production/dfire/train/images/AoF05218.jpg,/home/z/my-project/Factory-AI/datasets/production/dfire/train/images/AoF05201.jpg,exact_duplicate_dhash_d0
/home/z/my-project/Factory-AI/datasets/production/dfire/train/images/AoF05219.jpg,/home/z/my-project/Factory-AI/datasets/production/dfire/test/images/AoF08015.jpg,exact_duplicate_dhash_d0
/home/z/my-project/Factory-AI/datasets/production/dfire/train/images/AoF05221.jpg,/home/z/my-project/Factory-AI/datasets/production/dfire/test/images/AoF08019.jpg,exact_duplicate_dhash_d0
/home/z/my-project/Factory-AI/datasets/production/dfire/train/images/AoF05222.jpg,/home/z/my-project/Factory-AI/datasets/production/dfire/test/images/AoF08013.jpg,exact_duplicate_dhash_d0
/home/z/my-project/Factory-AI/datasets/production/dfire/train/images/AoF05223.jpg,/home/z/my-project/Factory-AI/datasets/production/dfire/test/images/AoF08025.jpg,exact_duplicate_dhash_d0
/home/z/my-project/Factory-AI/datasets/production/dfire/train/images/AoF05224.jpg,/home/z/my-project/Factory-AI/datasets/production/dfire/test/images/AoF08025.jpg,exact_duplicate_dhash_d0
/home/z/my-project/Factory-AI/datasets/production/dfire/train/images/AoF05229.jpg,/home/z/my-project/Factory-AI/datasets/production/dfire/test/images/AoF08025.jpg,exact_duplicate_dhash_d0
/home/z/my-project/Factory-AI/datasets/production/dfire/train/images/AoF05230.jpg,/home/z/my-project/Factory-AI/datasets/production/dfire/test/images/AoF08025.jpg,exact_duplicate_dhash_d0
/home/z/my-project/Factory-AI/datasets/production/dfire/train/images/AoF05233.jpg,/home/z/my-project/Factory-AI/datasets/production/dfire/test/images/AoF08025.jpg,exact_duplicate_dhash_d0
/home/z/my-project/Factory-AI/datasets/production/dfire/train/images/AoF05236.jpg,/home/z/my-project/Factory-AI/datasets/production/dfire/train/images/AoF05235.jpg,exact_duplicate_dhash_d0
/home/z/my-project/Factory-AI/datasets/production/dfire/train/images/AoF05237.jpg,/home/z/my-project/Factory-AI/datasets/production/dfire/train/images/AoF05231.jpg,exact_duplicate_dhash_d0
/home/z/my-project/Factory-AI/datasets/production/dfire/train/images/AoF05238.jpg,/home/z/my-project/Factory-AI/datasets/production/dfire/train/images/AoF05201.jpg,exact_duplicate_dhash_d0
/home/z/my-project/Factory-AI/datasets/production/dfire/train/images/AoF05244.jpg,/home/z/my-project/Factory-AI/datasets/production/dfire/train/images/AoF05214.jpg,exact_duplicate_dhash_d0
/home/z/my-project/Factory-AI/datasets/production/dfire/train/images/AoF05245.jpg,/home/z/my-project/Factory-AI/datasets/production/dfire/test/images/AoF08015.jpg,exact_duplicate_dhash_d0
/home/z/my-project/Factory-AI/datasets/production/dfire/train/images/AoF05246.jpg,/home/z/my-project/Factory-AI/datasets/production/dfire/test/images/AoF08015.jpg,exact_duplicate_dhash_d0
/home/z/my-project/Factory-AI/datasets/production/dfire/train/images/AoF05247.jpg,/home/z/my-project/Factory-AI/datasets/production/dfire/test/images/AoF08012.jpg,exact_duplicate_dhash_d0
/home/z/my-project/Factory-AI/datasets/production/dfire/train/images/AoF05255.jpg,/home/z/my-project/Factory-AI/datasets/production/dfire/train/images/AoF05201.jpg,exact_duplicate_dhash_d0
/home/z/my-project/Factory-AI/datasets/production/dfire/train/images/AoF05256.jpg,/home/z/my-project/Factory-AI/datasets/production/dfire/test/images/AoF08023.jpg,exact_duplicate_dhash_d0
/home/z/my-project/Factory-AI/datasets/production/dfire/train/images/AoF05257.jpg,/home/z/my-project/Factory-AI/datasets/production/dfire/test/images/AoF06978.jpg,exact_duplicate_dhash_d0
/home/z/my-project/Factory-AI/datasets/production/dfire/train/images/AoF05258.jpg,/home/z/my-project/Factory-AI/datasets/production/dfire/test/images/AoF08025.jpg,exact_duplicate_dhash_d0
/home/z/my-project/Factory-AI/datasets/production/dfire/train/images/AoF05259.jpg,/home/z/my-project/Factory-AI/datasets/production/dfire/test/images/AoF08025.jpg,exact_duplicate_dhash_d0
/home/z/my-project/Factory-AI/datasets/production/dfire/train/images/AoF05260.jpg,/home/z/my-project/Factory-AI/datasets/production/dfire/test/images/AoF08024.jpg,exact_duplicate_dhash_d0
/home/z/my-project/Factory-AI/datasets/production/dfire/train/images/AoF05262.jpg,/home/z/my-project/Factory-AI/datasets/production/dfire/train/images/AoF05227.jpg,exact_duplicate_dhash_d0
/home/z/my-project/Factory-AI/datasets/production/dfire/train/images/AoF05264.jpg,/home/z/my-project/Factory-AI/datasets/production/dfire/test/images/AoF08032.jpg,exact_duplicate_dhash_d0
/home/z/my-project/Factory-AI/datasets/production/dfire/train/images/AoF05266.jpg,/home/z/my-project/Factory-AI/datasets/production/dfire/train/images/AoF05265.jpg,exact_duplicate_dhash_d0
/home/z/my-project/Factory-AI/datasets/production/dfire/train/images/AoF05267.jpg,/home/z/my-project/Factory-AI/datasets/production/dfire/train/images/AoF00953.jpg,exact_duplicate_dhash_d0
/home/z/my-project/Factory-AI/datasets/production/dfire/train/images/AoF05269.jpg,/home/z/my-project/Factory-AI/datasets/production/dfire/train/images/AoF05268.jpg,exact_duplicate_dhash_d0
/home/z/my-project/Factory-AI/datasets/production/dfire/train/images/AoF05272.jpg,/home/z/my-project/Factory-AI/datasets/production/dfire/train/images/AoF05271.jpg,exact_duplicate_dhash_d0
/home/z/my-project/Factory-AI/datasets/production/dfire/train/images/AoF05273.jpg,/home/z/my-project/Factory-AI/datasets/production/dfire/train/images/AoF05271.jpg,exact_duplicate_dhash_d0
/home/z/my-project/Factory-AI/datasets/production/dfire/train/images/AoF05274.jpg,/home/z/my-project/Factory-AI/datasets/production/dfire/test/images/AoF08032.jpg,exact_duplicate_dhash_d0
/home/z/my-project/Factory-AI/datasets/production/dfire/train/images/AoF05276.jpg,/home/z/my-project/Factory-AI/datasets/production/dfire/test/images/AoF08026.jpg,exact_duplicate_dhash_d0
/home/z/my-project/Factory-AI/datasets/production/dfire/train/images/AoF05277.jpg,/home/z/my-project/Factory-AI/datasets/production/dfire/test/images/AoF08025.jpg,exact_duplicate_dhash_d0
/home/z/my-project/Factory-AI/datasets/production/dfire/train/images/AoF05278.jpg,/home/z/my-project/Factory-AI/datasets/production/dfire/test/images/AoF08025.jpg,exact_duplicate_dhash_d0
/home/z/my-project/Factory-AI/datasets/production/dfire/train/images/AoF05279.jpg,/home/z/my-project/Factory-AI/datasets/production/dfire/test/images/AoF08025.jpg,exact_duplicate_dhash_d0
/home/z/my-project/Factory-AI/datasets/production/dfire/train/images/AoF05281.jpg,/home/z/my-project/Factory-AI/datasets/production/dfire/test/images/AoF08027.jpg,exact_duplicate_dhash_d0
/home/z/my-project/Factory-AI/datasets/production/dfire/train/images/AoF05282.jpg,/home/z/my-project/Factory-AI/datasets/production/dfire/test/images/AoF08032.jpg,exact_duplicate_dhash_d0
/home/z/my-project/Factory-AI/datasets/production/dfire/train/images/AoF05284.jpg,/home/z/my-project/Factory-AI/datasets/production/dfire/train/images/AoF05283.jpg,exact_duplicate_dhash_d0
/home/z/my-project/Factory-AI/datasets/production/dfire/train/images/AoF05285.jpg,/home/z/my-project/Factory-AI/datasets/production/dfire/train/images/AoF05283.jpg,exact_duplicate_dhash_d0
/home/z/my-project/Factory-AI/datasets/production/dfire/train/images/AoF05286.jpg,/home/z/my-project/Factory-AI/datasets/production/dfire/test/images/AoF08019.jpg,exact_duplicate_dhash_d0
/home/z/my-project/Factory-AI/datasets/production/dfire/train/images/AoF05287.jpg,/home/z/my-project/Factory-AI/datasets/production/dfire/test/images/AoF08019.jpg,exact_duplicate_dhash_d0
/home/z/my-project/Factory-AI/datasets/production/dfire/train/images/AoF05288.jpg,/home/z/my-project/Factory-AI/datasets/production/dfire/test/images/AoF08019.jpg,exact_duplicate_dhash_d0
/home/z/my-project/Factory-AI/datasets/production/dfire/train/images/AoF05289.jpg,/home/z/my-project/Factory-AI/datasets/production/dfire/test/images/AoF08025.jpg,exact_duplicate_dhash_d0
/home/z/my-project/Factory-AI/datasets/production/dfire/train/images/AoF05290.jpg,/home/z/my-project/Factory-AI/datasets/production/dfire/test/images/AoF08025.jpg,exact_duplicate_dhash_d0
/home/z/my-project/Factory-AI/datasets/production/dfire/train/images/AoF05292.jpg,/home/z/my-project/Factory-AI/datasets/production/dfire/test/images/AoF08032.jpg,exact_duplicate_dhash_d0
/home/z/my-project/Factory-AI/datasets/production/dfire/train/images/AoF05293.jpg,/home/z/my-project/Factory-AI/datasets/production/dfire/train/images/AoF05280.jpg,exact_duplicate_dhash_d0
/home/z/my-project/Factory-AI/datasets/production/dfire/train/images/AoF05294.jpg,/home/z/my-project/Factory-AI/datasets/production/dfire/test/images/AoF08025.jpg,exact_duplicate_dhash_d0
/home/z/my-project/Factory-AI/datasets/production/dfire/train/images/AoF05295.jpg,/home/z/my-project/Factory-AI/datasets/production/dfire/test/images/AoF08025.jpg,exact_duplicate_dhash_d0
/home/z/my-project/Factory-AI/datasets/production/dfire/train/images/AoF05296.jpg,/home/z/my-project/Factory-AI/datasets/production/dfire/test/images/AoF08025.jpg,exact_duplicate_dhash_d0
/home/z/my-project/Factory-AI/datasets/production/dfire/train/images/AoF05297.jpg,/home/z/my-project/Factory-AI/datasets/production/dfire/test/images/AoF08025.jpg,exact_duplicate_dhash_d0
/home/z/my-project/Factory-AI/datasets/production/dfire/train/images/AoF05298.jpg,/home/z/my-project/Factory-AI/datasets/production/dfire/train/images/AoF05280.jpg,exact_duplicate_dhash_d0
/home/z/my-project/Factory-AI/datasets/production/dfire/train/images/AoF05299.jpg,/home/z/my-project/Factory-AI/datasets/production/dfire/test/images/AoF08045.jpg,exact_duplicate_dhash_d0
/home/z/my-project/Factory-AI/datasets/production/dfire/train/images/AoF05300.jpg,/home/z/my-project/Factory-AI/datasets/production/dfire/test/images/AoF08045.jpg,exact_duplicate_dhash_d0
/home/z/my-project/Factory-AI/datasets/production/dfire/train/images/AoF05301.jpg,/home/z/my-project/Factory-AI/datasets/production/dfire/test/images/AoF08045.jpg,exact_duplicate_dhash_d0
/home/z/my-project/Factory-AI/datasets/production/dfire/train/images/AoF05308.jpg,/home/z/my-project/Factory-AI/datasets/production/dfire/test/images/AoF08036.jpg,exact_duplicate_dhash_d0
/home/z/my-project/Factory-AI/datasets/production/dfire/train/images/AoF05309.jpg,/home/z/my-project/Factory-AI/datasets/production/dfire/test/images/AoF08054.jpg,exact_duplicate_dhash_d0
/home/z/my-project/Factory-AI/datasets/production/dfire/train/images/AoF05310.jpg,/home/z/my-project/Factory-AI/datasets/production/dfire/test/images/AoF08035.jpg,exact_duplicate_dhash_d0
/home/z/my-project/Factory-AI/datasets/production/dfire/train/images/AoF05312.jpg,/home/z/my-project/Factory-AI/datasets/production/dfire/test/images/AoF08036.jpg,exact_duplicate_dhash_d0
/home/z/my-project/Factory-AI/datasets/production/dfire/train/images/AoF05313.jpg,/home/z/my-project/Factory-AI/datasets/production/dfire/test/images/AoF08036.jpg,exact_duplicate_dhash_d0
/home/z/my-project/Factory-AI/datasets/production/dfire/train/images/AoF05315.jpg,/home/z/my-project/Factory-AI/datasets/production/dfire/test/images/AoF08036.jpg,exact_duplicate_dhash_d0
/home/z/my-project/Factory-AI/datasets/production/dfire/train/images/AoF05316.jpg,/home/z/my-project/Factory-AI/datasets/production/dfire/test/images/AoF08036.jpg,exact_duplicate_dhash_d0
/home/z/my-project/Factory-AI/datasets/production/dfire/train/images/AoF05317.jpg,/home/z/my-project/Factory-AI/datasets/production/dfire/test/images/AoF08032.jpg,exact_duplicate_dhash_d0
/home/z/my-project/Factory-AI/datasets/production/dfire/train/images/AoF05318.jpg,/home/z/my-project/Factory-AI/datasets/production/dfire/train/images/AoF05311.jpg,exact_duplicate_dhash_d0
/home/z/my-project/Factory-AI/datasets/production/dfire/train/images/AoF05319.jpg,/home/z/my-project/Factory-AI/datasets/production/dfire/test/images/AoF08035.jpg,exact_duplicate_dhash_d0
/home/z/my-project/Factory-AI/datasets/production/dfire/train/images/AoF05320.jpg,/home/z/my-project/Factory-AI/datasets/production/dfire/train/images/AoF05311.jpg,exact_duplicate_dhash_d0
/home/z/my-project/Factory-AI/datasets/production/dfire/train/images/AoF05321.jpg,/home/z/my-project/Factory-AI/datasets/production/dfire/train/images/AoF05307.jpg,exact_duplicate_dhash_d0
/home/z/my-project/Factory-AI/datasets/production/dfire/train/images/AoF05322.jpg,/home/z/my-project/Factory-AI/datasets/production/dfire/test/images/AoF08036.jpg,exact_duplicate_dhash_d0
/home/z/my-project/Factory-AI/datasets/production/dfire/train/images/AoF05323.jpg,/home/z/my-project/Factory-AI/datasets/production/dfire/test/images/AoF08036.jpg,exact_duplicate_dhash_d0
/home/z/my-project/Factory-AI/datasets/production/dfire/train/images/AoF05325.jpg,/home/z/my-project/Factory-AI/datasets/production/dfire/train/images/AoF05324.jpg,exact_duplicate_dhash_d0
/home/z/my-project/Factory-AI/datasets/production/dfire/train/images/AoF05326.jpg,/home/z/my-project/Factory-AI/datasets/production/dfire/test/images/AoF08032.jpg,exact_duplicate_dhash_d0
/home/z/my-project/Factory-AI/datasets/production/dfire/train/images/AoF05330.jpg,/home/z/my-project/Factory-AI/datasets/production/dfire/test/images/AoF08039.jpg,exact_duplicate_dhash_d0
/home/z/my-project/Factory-AI/datasets/production/dfire/train/images/AoF05332.jpg,/home/z/my-project/Factory-AI/datasets/production/dfire/test/images/AoF08032.jpg,exact_duplicate_dhash_d0
/home/z/my-project/Factory-AI/datasets/production/dfire/train/images/AoF05334.jpg,/home/z/my-project/Factory-AI/datasets/production/dfire/train/images/AoF05333.jpg,exact_duplicate_dhash_d0
/home/z/my-project/Factory-AI/datasets/production/dfire/train/images/AoF05335.jpg,/home/z/my-project/Factory-AI/datasets/production/dfire/test/images/AoF08045.jpg,exact_duplicate_dhash_d0
/home/z/my-project/Factory-AI/datasets/production/dfire/train/images/AoF05336.jpg,/home/z/my-project/Factory-AI/datasets/production/dfire/test/images/AoF08045.jpg,exact_duplicate_dhash_d0
/home/z/my-project/Factory-AI/datasets/production/dfire/train/images/AoF05337.jpg,/home/z/my-project/Factory-AI/datasets/production/dfire/test/images/AoF08036.jpg,exact_duplicate_dhash_d0
/home/z/my-project/Factory-AI/datasets/production/dfire/train/images/AoF05338.jpg,/home/z/my-project/Factory-AI/datasets/production/dfire/test/images/AoF08061.jpg,exact_duplicate_dhash_d0
/home/z/my-project/Factory-AI/datasets/production/dfire/train/images/AoF05340.jpg,/home/z/my-project/Factory-AI/datasets/production/dfire/test/images/AoF08044.jpg,exact_duplicate_dhash_d0
/home/z/my-project/Factory-AI/datasets/production/dfire/train/images/AoF05341.jpg,/home/z/my-project/Factory-AI/datasets/production/dfire/test/images/AoF08046.jpg,exact_duplicate_dhash_d0
/home/z/my-project/Factory-AI/datasets/production/dfire/train/images/AoF05342.jpg,/home/z/my-project/Factory-AI/datasets/production/dfire/test/images/AoF07986.jpg,exact_duplicate_dhash_d0
/home/z/my-project/Factory-AI/datasets/production/dfire/train/images/AoF05344.jpg,/home/z/my-project/Factory-AI/datasets/production/dfire/train/images/AoF05343.jpg,exact_duplicate_dhash_d0
/home/z/my-project/Factory-AI/datasets/production/dfire/train/images/AoF05347.jpg,/home/z/my-project/Factory-AI/datasets/production/dfire/train/images/AoF05346.jpg,exact_duplicate_dhash_d0
/home/z/my-project/Factory-AI/datasets/production/dfire/train/images/AoF05348.jpg,/home/z/my-project/Factory-AI/datasets/production/dfire/train/images/AoF05346.jpg,exact_duplicate_dhash_d0
/home/z/my-project/Factory-AI/datasets/production/dfire/train/images/AoF05349.jpg,/home/z/my-project/Factory-AI/datasets/production/dfire/test/images/AoF08047.jpg,exact_duplicate_dhash_d0
/home/z/my-project/Factory-AI/datasets/production/dfire/train/images/AoF05351.jpg,/home/z/my-project/Factory-AI/datasets/production/dfire/test/images/AoF07986.jpg,exact_duplicate_dhash_d0
/home/z/my-project/Factory-AI/datasets/production/dfire/train/images/AoF05353.jpg,/home/z/my-project/Factory-AI/datasets/production/dfire/train/images/AoF05333.jpg,exact_duplicate_dhash_d0
/home/z/my-project/Factory-AI/datasets/production/dfire/train/images/AoF05354.jpg,/home/z/my-project/Factory-AI/datasets/production/dfire/test/images/AoF08036.jpg,exact_duplicate_dhash_d0
/home/z/my-project/Factory-AI/datasets/production/dfire/train/images/AoF05355.jpg,/home/z/my-project/Factory-AI/datasets/production/dfire/test/images/AoF08036.jpg,exact_duplicate_dhash_d0
/home/z/my-project/Factory-AI/datasets/production/dfire/train/images/AoF05356.jpg,/home/z/my-project/Factory-AI/datasets/production/dfire/test/images/AoF08036.jpg,exact_duplicate_dhash_d0
/home/z/my-project/Factory-AI/datasets/production/dfire/train/images/AoF05357.jpg,/home/z/my-project/Factory-AI/datasets/production/dfire/test/images/AoF08054.jpg,exact_duplicate_dhash_d0
/home/z/my-project/Factory-AI/datasets/production/dfire/train/images/AoF05359.jpg,/home/z/my-project/Factory-AI/datasets/production/dfire/test/images/AoF07986.jpg,exact_duplicate_dhash_d0
/home/z/my-project/Factory-AI/datasets/production/dfire/train/images/AoF05363.jpg,/home/z/my-project/Factory-AI/datasets/production/dfire/test/images/AoF08056.jpg,exact_duplicate_dhash_d0
/home/z/my-project/Factory-AI/datasets/production/dfire/train/images/AoF05368.jpg,/home/z/my-project/Factory-AI/datasets/production/dfire/train/images/AoF05367.jpg,exact_duplicate_dhash_d0
/home/z/my-project/Factory-AI/datasets/production/dfire/train/images/AoF05369.jpg,/home/z/my-project/Factory-AI/datasets/production/dfire/train/images/AoF05185.jpg,exact_duplicate_dhash_d0
/home/z/my-project/Factory-AI/datasets/production/dfire/train/images/AoF05373.jpg,/home/z/my-project/Factory-AI/datasets/production/dfire/train/images/AoF05303.jpg,exact_duplicate_dhash_d0
/home/z/my-project/Factory-AI/datasets/production/dfire/train/images/AoF05374.jpg,/home/z/my-project/Factory-AI/datasets/production/dfire/train/images/AoF05303.jpg,exact_duplicate_dhash_d0
/home/z/my-project/Factory-AI/datasets/production/dfire/train/images/AoF05378.jpg,/home/z/my-project/Factory-AI/datasets/production/dfire/test/images/AoF08061.jpg,exact_duplicate_dhash_d0
/home/z/my-project/Factory-AI/datasets/production/dfire/train/images/AoF05379.jpg,/home/z/my-project/Factory-AI/datasets/production/dfire/test/images/AoF08060.jpg,exact_duplicate_dhash_d0
/home/z/my-project/Factory-AI/datasets/production/dfire/train/images/AoF05380.jpg,/home/z/my-project/Factory-AI/datasets/production/dfire/test/images/AoF08061.jpg,exact_duplicate_dhash_d0
/home/z/my-project/Factory-AI/datasets/production/dfire/train/images/AoF05381.jpg,/home/z/my-project/Factory-AI/datasets/production/dfire/test/images/AoF08036.jpg,exact_duplicate_dhash_d0
/home/z/my-project/Factory-AI/datasets/production/dfire/train/images/AoF05385.jpg,/home/z/my-project/Factory-AI/datasets/production/dfire/test/images/AoF08053.jpg,exact_duplicate_dhash_d0
/home/z/my-project/Factory-AI/datasets/production/dfire/train/images/AoF05389.jpg,/home/z/my-project/Factory-AI/datasets/production/dfire/test/images/AoF08060.jpg,exact_duplicate_dhash_d0
/home/z/my-project/Factory-AI/datasets/production/dfire/train/images/AoF05392.jpg,/home/z/my-project/Factory-AI/datasets/production/dfire/train/images/AoF05307.jpg,exact_duplicate_dhash_d0
/home/z/my-project/Factory-AI/datasets/production/dfire/train/images/AoF05393.jpg,/home/z/my-project/Factory-AI/datasets/production/dfire/train/images/AoF05307.jpg,exact_duplicate_dhash_d0
/home/z/my-project/Factory-AI/datasets/production/dfire/train/images/AoF05394.jpg,/home/z/my-project/Factory-AI/datasets/production/dfire/test/images/AoF08054.jpg,exact_duplicate_dhash_d0
/home/z/my-project/Factory-AI/datasets/production/dfire/train/images/AoF05395.jpg,/home/z/my-project/Factory-AI/datasets/production/dfire/test/images/AoF08054.jpg,exact_duplicate_dhash_d0
/home/z/my-project/Factory-AI/datasets/production/dfire/train/images/AoF05396.jpg,/home/z/my-project/Factory-AI/datasets/production/dfire/test/images/AoF08036.jpg,exact_duplicate_dhash_d0
/home/z/my-project/Factory-AI/datasets/production/dfire/train/images/AoF05397.jpg,/home/z/my-project/Factory-AI/datasets/production/dfire/train/images/AoF05339.jpg,exact_duplicate_dhash_d0
/home/z/my-project/Factory-AI/datasets/production/dfire/train/images/AoF05398.jpg,/home/z/my-project/Factory-AI/datasets/production/dfire/train/images/AoF05339.jpg,exact_duplicate_dhash_d0
/home/z/my-project/Factory-AI/datasets/production/dfire/train/images/AoF05399.jpg,/home/z/my-project/Factory-AI/datasets/production/dfire/train/images/AoF05339.jpg,exact_duplicate_dhash_d0
/home/z/my-project/Factory-AI/datasets/production/dfire/train/images/AoF05400.jpg,/home/z/my-project/Factory-AI/datasets/production/dfire/test/images/AoF08060.jpg,exact_duplicate_dhash_d0
/home/z/my-project/Factory-AI/datasets/production/dfire/train/images/AoF05401.jpg,/home/z/my-project/Factory-AI/datasets/production/dfire/test/images/AoF08054.jpg,exact_duplicate_dhash_d0
/home/z/my-project/Factory-AI/datasets/production/dfire/train/images/AoF05402.jpg,/home/z/my-project/Factory-AI/datasets/production/dfire/train/images/AoF05364.jpg,exact_duplicate_dhash_d0
/home/z/my-project/Factory-AI/datasets/production/dfire/train/images/AoF05403.jpg,/home/z/my-project/Factory-AI/datasets/production/dfire/train/images/AoF05364.jpg,exact_duplicate_dhash_d0
/home/z/my-project/Factory-AI/datasets/production/dfire/train/images/AoF05405.jpg,/home/z/my-project/Factory-AI/datasets/production/dfire/test/images/AoF08036.jpg,exact_duplicate_dhash_d0
/home/z/my-project/Factory-AI/datasets/production/dfire/train/images/AoF05409.jpg,/home/z/my-project/Factory-AI/datasets/production/dfire/train/images/AoF05367.jpg,exact_duplicate_dhash_d0
/home/z/my-project/Factory-AI/datasets/production/dfire/train/images/AoF05410.jpg,/home/z/my-project/Factory-AI/datasets/production/dfire/train/images/AoF05367.jpg,exact_duplicate_dhash_d0
/home/z/my-project/Factory-AI/datasets/production/dfire/train/images/AoF05413.jpg,/home/z/my-project/Factory-AI/datasets/production/dfire/train/images/AoF05364.jpg,exact_duplicate_dhash_d0
/home/z/my-project/Factory-AI/datasets/production/dfire/train/images/AoF05416.jpg,/home/z/my-project/Factory-AI/datasets/production/dfire/train/images/AoF01139.jpg,exact_duplicate_dhash_d0
/home/z/my-project/Factory-AI/datasets/production/dfire/train/images/AoF05418.jpg,/home/z/my-project/Factory-AI/datasets/production/dfire/train/images/AoF05417.jpg,exact_duplicate_dhash_d0
/home/z/my-project/Factory-AI/datasets/production/dfire/train/images/AoF05419.jpg,/home/z/my-project/Factory-AI/datasets/production/dfire/test/images/AoF08064.jpg,exact_duplicate_dhash_d0
/home/z/my-project/Factory-AI/datasets/production/dfire/train/images/AoF05421.jpg,/home/z/my-project/Factory-AI/datasets/production/dfire/train/images/AoF05420.jpg,exact_duplicate_dhash_d0
/home/z/my-project/Factory-AI/datasets/production/dfire/train/images/AoF05422.jpg,/home/z/my-project/Factory-AI/datasets/production/dfire/test/images/AoF08060.jpg,exact_duplicate_dhash_d0
/home/z/my-project/Factory-AI/datasets/production/dfire/train/images/AoF05424.jpg,/home/z/my-project/Factory-AI/datasets/production/dfire/test/images/AoF08064.jpg,exact_duplicate_dhash_d0
/home/z/my-project/Factory-AI/datasets/production/dfire/train/images/AoF05425.jpg,/home/z/my-project/Factory-AI/datasets/production/dfire/test/images/AoF08064.jpg,exact_duplicate_dhash_d0
/home/z/my-project/Factory-AI/datasets/production/dfire/train/images/AoF05426.jpg,/home/z/my-project/Factory-AI/datasets/production/dfire/test/images/AoF08064.jpg,exact_duplicate_dhash_d0
/home/z/my-project/Factory-AI/datasets/production/dfire/train/images/AoF05428.jpg,/home/z/my-project/Factory-AI/datasets/production/dfire/train/images/AoF05427.jpg,exact_duplicate_dhash_d0
/home/z/my-project/Factory-AI/datasets/production/dfire/train/images/AoF05432.jpg,/home/z/my-project/Factory-AI/datasets/production/dfire/test/images/AoF08060.jpg,exact_duplicate_dhash_d0
/home/z/my-project/Factory-AI/datasets/production/dfire/train/images/AoF05433.jpg,/home/z/my-project/Factory-AI/datasets/production/dfire/train/images/AoF05430.jpg,exact_duplicate_dhash_d0
/home/z/my-project/Factory-AI/datasets/production/dfire/train/images/AoF05435.jpg,/home/z/my-project/Factory-AI/datasets/production/dfire/test/images/AoF08065.jpg,exact_duplicate_dhash_d0
/home/z/my-project/Factory-AI/datasets/production/dfire/train/images/AoF05436.jpg,/home/z/my-project/Factory-AI/datasets/production/dfire/train/images/AoF05430.jpg,exact_duplicate_dhash_d0
/home/z/my-project/Factory-AI/datasets/production/dfire/train/images/AoF05437.jpg,/home/z/my-project/Factory-AI/datasets/production/dfire/train/images/AoF05430.jpg,exact_duplicate_dhash_d0
/home/z/my-project/Factory-AI/datasets/production/dfire/train/images/AoF05438.jpg,/home/z/my-project/Factory-AI/datasets/production/dfire/test/images/AoF08065.jpg,exact_duplicate_dhash_d0
/home/z/my-project/Factory-AI/datasets/production/dfire/train/images/AoF05439.jpg,/home/z/my-project/Factory-AI/datasets/production/dfire/test/images/AoF08067.jpg,exact_duplicate_dhash_d0
/home/z/my-project/Factory-AI/datasets/production/dfire/train/images/AoF05441.jpg,/home/z/my-project/Factory-AI/datasets/production/dfire/train/images/AoF05430.jpg,exact_duplicate_dhash_d0
/home/z/my-project/Factory-AI/datasets/production/dfire/train/images/AoF05443.jpg,/home/z/my-project/Factory-AI/datasets/production/dfire/train/images/AoF05430.jpg,exact_duplicate_dhash_d0
/home/z/my-project/Factory-AI/datasets/production/dfire/train/images/AoF05449.jpg,/home/z/my-project/Factory-AI/datasets/production/dfire/test/images/AoF08067.jpg,exact_duplicate_dhash_d0
/home/z/my-project/Factory-AI/datasets/production/dfire/train/images/AoF05450.jpg,/home/z/my-project/Factory-AI/datasets/production/dfire/test/images/AoF08065.jpg,exact_duplicate_dhash_d0
/home/z/my-project/Factory-AI/datasets/production/dfire/train/images/AoF05451.jpg,/home/z/my-project/Factory-AI/datasets/production/dfire/train/images/AoF05442.jpg,exact_duplicate_dhash_d0
/home/z/my-project/Factory-AI/datasets/production/dfire/train/images/AoF05452.jpg,/home/z/my-project/Factory-AI/datasets/production/dfire/test/images/AoF08065.jpg,exact_duplicate_dhash_d0
/home/z/my-project/Factory-AI/datasets/production/dfire/train/images/AoF05453.jpg,/home/z/my-project/Factory-AI/datasets/production/dfire/train/images/AoF05430.jpg,exact_duplicate_dhash_d0
/home/z/my-project/Factory-AI/datasets/production/dfire/train/images/AoF05454.jpg,/home/z/my-project/Factory-AI/datasets/production/dfire/train/images/AoF05430.jpg,exact_duplicate_dhash_d0
/home/z/my-project/Factory-AI/datasets/production/dfire/train/images/AoF05455.jpg,/home/z/my-project/Factory-AI/datasets/production/dfire/train/images/AoF05430.jpg,exact_duplicate_dhash_d0
/home/z/my-project/Factory-AI/datasets/production/dfire/train/images/AoF05456.jpg,/home/z/my-project/Factory-AI/datasets/production/dfire/train/images/AoF05430.jpg,exact_duplicate_dhash_d0
/home/z/my-project/Factory-AI/datasets/production/dfire/train/images/AoF05457.jpg,/home/z/my-project/Factory-AI/datasets/production/dfire/train/images/AoF05446.jpg,exact_duplicate_dhash_d0
/home/z/my-project/Factory-AI/datasets/production/dfire/train/images/AoF05458.jpg,/home/z/my-project/Factory-AI/datasets/production/dfire/test/images/AoF08069.jpg,exact_duplicate_dhash_d0
/home/z/my-project/Factory-AI/datasets/production/dfire/train/images/AoF05459.jpg,/home/z/my-project/Factory-AI/datasets/production/dfire/test/images/AoF08069.jpg,exact_duplicate_dhash_d0
/home/z/my-project/Factory-AI/datasets/production/dfire/train/images/AoF05460.jpg,/home/z/my-project/Factory-AI/datasets/production/dfire/test/images/AoF08069.jpg,exact_duplicate_dhash_d0
/home/z/my-project/Factory-AI/datasets/production/dfire/train/images/AoF05461.jpg,/home/z/my-project/Factory-AI/datasets/production/dfire/test/images/AoF08069.jpg,exact_duplicate_dhash_d0
/home/z/my-project/Factory-AI/datasets/production/dfire/train/images/AoF05463.jpg,/home/z/my-project/Factory-AI/datasets/production/dfire/test/images/AoF08069.jpg,exact_duplicate_dhash_d0
/home/z/my-project/Factory-AI/datasets/production/dfire/train/images/AoF05464.jpg,/home/z/my-project/Factory-AI/datasets/production/dfire/test/images/AoF08069.jpg,exact_duplicate_dhash_d0
/home/z/my-project/Factory-AI/datasets/production/dfire/train/images/AoF05466.jpg,/home/z/my-project/Factory-AI/datasets/production/dfire/test/images/AoF08069.jpg,exact_duplicate_dhash_d0
/home/z/my-project/Factory-AI/datasets/production/dfire/train/images/AoF05468.jpg,/home/z/my-project/Factory-AI/datasets/production/dfire/test/images/AoF08069.jpg,exact_duplicate_dhash_d0
/home/z/my-project/Factory-AI/datasets/production/dfire/train/images/AoF05469.jpg,/home/z/my-project/Factory-AI/datasets/production/dfire/test/images/AoF08069.jpg,exact_duplicate_dhash_d0
/home/z/my-project/Factory-AI/datasets/production/dfire/train/images/AoF05471.jpg,/home/z/my-project/Factory-AI/datasets/production/dfire/train/images/AoF05470.jpg,exact_duplicate_dhash_d0
/home/z/my-project/Factory-AI/datasets/production/dfire/train/images/AoF05472.jpg,/home/z/my-project/Factory-AI/datasets/production/dfire/test/images/AoF08060.jpg,exact_duplicate_dhash_d0
/home/z/my-project/Factory-AI/datasets/production/dfire/train/images/AoF05473.jpg,/home/z/my-project/Factory-AI/datasets/production/dfire/train/images/AoF05470.jpg,exact_duplicate_dhash_d0
/home/z/my-project/Factory-AI/datasets/production/dfire/train/images/AoF05474.jpg,/home/z/my-project/Factory-AI/datasets/production/dfire/train/images/AoF05470.jpg,exact_duplicate_dhash_d0
/home/z/my-project/Factory-AI/datasets/production/dfire/train/images/AoF05475.jpg,/home/z/my-project/Factory-AI/datasets/production/dfire/train/images/AoF05470.jpg,exact_duplicate_dhash_d0
/home/z/my-project/Factory-AI/datasets/production/dfire/train/images/AoF05477.jpg,/home/z/my-project/Factory-AI/datasets/production/dfire/train/images/AoF05476.jpg,exact_duplicate_dhash_d0
/home/z/my-project/Factory-AI/datasets/production/dfire/train/images/AoF05479.jpg,/home/z/my-project/Factory-AI/datasets/production/dfire/train/images/AoF05478.jpg,exact_duplicate_dhash_d0
/home/z/my-project/Factory-AI/datasets/production/dfire/train/images/AoF05480.jpg,/home/z/my-project/Factory-AI/datasets/production/dfire/train/images/AoF05476.jpg,exact_duplicate_dhash_d0
/home/z/my-project/Factory-AI/datasets/production/dfire/train/images/AoF05481.jpg,/home/z/my-project/Factory-AI/datasets/production/dfire/train/images/AoF05476.jpg,exact_duplicate_dhash_d0
/home/z/my-project/Factory-AI/datasets/production/dfire/train/images/AoF05482.jpg,/home/z/my-project/Factory-AI/datasets/production/dfire/train/images/AoF05476.jpg,exact_duplicate_dhash_d0
/home/z/my-project/Factory-AI/datasets/production/dfire/train/images/AoF05491.jpg,/home/z/my-project/Factory-AI/datasets/production/dfire/train/images/AoF05483.jpg,exact_duplicate_dhash_d0
/home/z/my-project/Factory-AI/datasets/production/dfire/train/images/AoF05500.jpg,/home/z/my-project/Factory-AI/datasets/production/dfire/train/images/AoF05499.jpg,exact_duplicate_dhash_d0
/home/z/my-project/Factory-AI/datasets/production/dfire/train/images/AoF05508.jpg,/home/z/my-project/Factory-AI/datasets/production/dfire/test/images/AoF08060.jpg,exact_duplicate_dhash_d0
/home/z/my-project/Factory-AI/datasets/production/dfire/train/images/AoF05516.jpg,/home/z/my-project/Factory-AI/datasets/production/dfire/test/images/AoF08060.jpg,exact_duplicate_dhash_d0
/home/z/my-project/Factory-AI/datasets/production/dfire/train/images/AoF05520.jpg,/home/z/my-project/Factory-AI/datasets/production/dfire/test/images/AoF08093.jpg,exact_duplicate_dhash_d0
/home/z/my-project/Factory-AI/datasets/production/dfire/train/images/AoF05521.jpg,/home/z/my-project/Factory-AI/datasets/production/dfire/test/images/AoF08082.jpg,exact_duplicate_dhash_d0
/home/z/my-project/Factory-AI/datasets/production/dfire/train/images/AoF05524.jpg,/home/z/my-project/Factory-AI/datasets/production/dfire/train/images/AoF05523.jpg,exact_duplicate_dhash_d0
/home/z/my-project/Factory-AI/datasets/production/dfire/train/images/AoF05531.jpg,/home/z/my-project/Factory-AI/datasets/production/dfire/test/images/AoF08084.jpg,exact_duplicate_dhash_d0
/home/z/my-project/Factory-AI/datasets/production/dfire/train/images/AoF05533.jpg,/home/z/my-project/Factory-AI/datasets/production/dfire/test/images/AoF08060.jpg,exact_duplicate_dhash_d0
/home/z/my-project/Factory-AI/datasets/production/dfire/train/images/AoF05535.jpg,/home/z/my-project/Factory-AI/datasets/production/dfire/test/images/AoF08088.jpg,exact_duplicate_dhash_d0
/home/z/my-project/Factory-AI/datasets/production/dfire/train/images/AoF05539.jpg,/home/z/my-project/Factory-AI/datasets/production/dfire/test/images/AoF08060.jpg,exact_duplicate_dhash_d0
/home/z/my-project/Factory-AI/datasets/production/dfire/train/images/AoF05545.jpg,/home/z/my-project/Factory-AI/datasets/production/dfire/test/images/AoF08093.jpg,exact_duplicate_dhash_d0
/home/z/my-project/Factory-AI/datasets/production/dfire/train/images/AoF05546.jpg,/home/z/my-project/Factory-AI/datasets/production/dfire/test/images/AoF08060.jpg,exact_duplicate_dhash_d0
/home/z/my-project/Factory-AI/datasets/production/dfire/train/images/AoF05556.jpg,/home/z/my-project/Factory-AI/datasets/production/dfire/train/images/AoF05525.jpg,exact_duplicate_dhash_d0
/home/z/my-project/Factory-AI/datasets/production/dfire/train/images/AoF05557.jpg,/home/z/my-project/Factory-AI/datasets/production/dfire/train/images/AoF05555.jpg,exact_duplicate_dhash_d0
/home/z/my-project/Factory-AI/datasets/production/dfire/train/images/AoF05564.jpg,/home/z/my-project/Factory-AI/datasets/production/dfire/train/images/AoF05563.jpg,exact_duplicate_dhash_d0
/home/z/my-project/Factory-AI/datasets/production/dfire/train/images/AoF05567.jpg,/home/z/my-project/Factory-AI/datasets/production/dfire/test/images/AoF08060.jpg,exact_duplicate_dhash_d0
/home/z/my-project/Factory-AI/datasets/production/dfire/train/images/AoF05575.jpg,/home/z/my-project/Factory-AI/datasets/production/dfire/test/images/AoF08060.jpg,exact_duplicate_dhash_d0
/home/z/my-project/Factory-AI/datasets/production/dfire/train/images/AoF05578.jpg,/home/z/my-project/Factory-AI/datasets/production/dfire/train/images/AoF05577.jpg,exact_duplicate_dhash_d0
/home/z/my-project/Factory-AI/datasets/production/dfire/train/images/AoF05589.jpg,/home/z/my-project/Factory-AI/datasets/production/dfire/train/images/AoF05588.jpg,exact_duplicate_dhash_d0
/home/z/my-project/Factory-AI/datasets/production/dfire/train/images/AoF05591.jpg,/home/z/my-project/Factory-AI/datasets/production/dfire/test/images/AoF08060.jpg,exact_duplicate_dhash_d0
/home/z/my-project/Factory-AI/datasets/production/dfire/train/images/AoF05594.jpg,/home/z/my-project/Factory-AI/datasets/production/dfire/train/images/AoF05554.jpg,exact_duplicate_dhash_d0
/home/z/my-project/Factory-AI/datasets/production/dfire/train/images/AoF05595.jpg,/home/z/my-project/Factory-AI/datasets/production/dfire/test/images/AoF08107.jpg,exact_duplicate_dhash_d0
/home/z/my-project/Factory-AI/datasets/production/dfire/train/images/AoF05598.jpg,/home/z/my-project/Factory-AI/datasets/production/dfire/test/images/AoF08060.jpg,exact_duplicate_dhash_d0
/home/z/my-project/Factory-AI/datasets/production/dfire/train/images/AoF05613.jpg,/home/z/my-project/Factory-AI/datasets/production/dfire/test/images/AoF08060.jpg,exact_duplicate_dhash_d0
/home/z/my-project/Factory-AI/datasets/production/dfire/train/images/AoF05619.jpg,/home/z/my-project/Factory-AI/datasets/production/dfire/train/images/AoF05617.jpg,exact_duplicate_dhash_d0
/home/z/my-project/Factory-AI/datasets/production/dfire/train/images/AoF05621.jpg,/home/z/my-project/Factory-AI/datasets/production/dfire/test/images/AoF08117.jpg,exact_duplicate_dhash_d0
/home/z/my-project/Factory-AI/datasets/production/dfire/train/images/AoF05622.jpg,/home/z/my-project/Factory-AI/datasets/production/dfire/test/images/AoF08117.jpg,exact_duplicate_dhash_d0
/home/z/my-project/Factory-AI/datasets/production/dfire/train/images/AoF05624.jpg,/home/z/my-project/Factory-AI/datasets/production/dfire/test/images/AoF08120.jpg,exact_duplicate_dhash_d0
/home/z/my-project/Factory-AI/datasets/production/dfire/train/images/AoF05625.jpg,/home/z/my-project/Factory-AI/datasets/production/dfire/test/images/AoF08121.jpg,exact_duplicate_dhash_d0
/home/z/my-project/Factory-AI/datasets/production/dfire/train/images/AoF05626.jpg,/home/z/my-project/Factory-AI/datasets/production/dfire/test/images/AoF08121.jpg,exact_duplicate_dhash_d0
/home/z/my-project/Factory-AI/datasets/production/dfire/train/images/AoF05627.jpg,/home/z/my-project/Factory-AI/datasets/production/dfire/test/images/AoF08121.jpg,exact_duplicate_dhash_d0
/home/z/my-project/Factory-AI/datasets/production/dfire/train/images/AoF05628.jpg,/home/z/my-project/Factory-AI/datasets/production/dfire/test/images/AoF08121.jpg,exact_duplicate_dhash_d0
/home/z/my-project/Factory-AI/datasets/production/dfire/train/images/AoF05629.jpg,/home/z/my-project/Factory-AI/datasets/production/dfire/test/images/AoF08060.jpg,exact_duplicate_dhash_d0
/home/z/my-project/Factory-AI/datasets/production/dfire/train/images/AoF05630.jpg,/home/z/my-project/Factory-AI/datasets/production/dfire/test/images/AoF08120.jpg,exact_duplicate_dhash_d0
/home/z/my-project/Factory-AI/datasets/production/dfire/train/images/AoF05631.jpg,/home/z/my-project/Factory-AI/datasets/production/dfire/test/images/AoF08121.jpg,exact_duplicate_dhash_d0
/home/z/my-project/Factory-AI/datasets/production/dfire/train/images/AoF05632.jpg,/home/z/my-project/Factory-AI/datasets/production/dfire/test/images/AoF08121.jpg,exact_duplicate_dhash_d0
/home/z/my-project/Factory-AI/datasets/production/dfire/train/images/AoF05633.jpg,/home/z/my-project/Factory-AI/datasets/production/dfire/test/images/AoF08121.jpg,exact_duplicate_dhash_d0
/home/z/my-project/Factory-AI/datasets/production/dfire/train/images/AoF05634.jpg,/home/z/my-project/Factory-AI/datasets/production/dfire/test/images/AoF08121.jpg,exact_duplicate_dhash_d0
/home/z/my-project/Factory-AI/datasets/production/dfire/train/images/AoF05636.jpg,/home/z/my-project/Factory-AI/datasets/production/dfire/train/images/AoF05635.jpg,exact_duplicate_dhash_d0
/home/z/my-project/Factory-AI/datasets/production/dfire/train/images/AoF05638.jpg,/home/z/my-project/Factory-AI/datasets/production/dfire/train/images/AoF05635.jpg,exact_duplicate_dhash_d0
/home/z/my-project/Factory-AI/datasets/production/dfire/train/images/AoF05639.jpg,/home/z/my-project/Factory-AI/datasets/production/dfire/train/images/AoF05637.jpg,exact_duplicate_dhash_d0
/home/z/my-project/Factory-AI/datasets/production/dfire/train/images/AoF05640.jpg,/home/z/my-project/Factory-AI/datasets/production/dfire/test/images/AoF08060.jpg,exact_duplicate_dhash_d0
/home/z/my-project/Factory-AI/datasets/production/dfire/train/images/AoF05646.jpg,/home/z/my-project/Factory-AI/datasets/production/dfire/train/images/AoF05643.jpg,exact_duplicate_dhash_d0
/home/z/my-project/Factory-AI/datasets/production/dfire/train/images/AoF05648.jpg,/home/z/my-project/Factory-AI/datasets/production/dfire/train/images/AoF05647.jpg,exact_duplicate_dhash_d0
/home/z/my-project/Factory-AI/datasets/production/dfire/train/images/AoF05649.jpg,/home/z/my-project/Factory-AI/datasets/production/dfire/test/images/AoF08060.jpg,exact_duplicate_dhash_d0
/home/z/my-project/Factory-AI/datasets/production/dfire/train/images/AoF05651.jpg,/home/z/my-project/Factory-AI/datasets/production/dfire/train/images/AoF05647.jpg,exact_duplicate_dhash_d0
/home/z/my-project/Factory-AI/datasets/production/dfire/train/images/AoF05654.jpg,/home/z/my-project/Factory-AI/datasets/production/dfire/train/images/AoF05653.jpg,exact_duplicate_dhash_d0
/home/z/my-project/Factory-AI/datasets/production/dfire/train/images/AoF05655.jpg,/home/z/my-project/Factory-AI/datasets/production/dfire/train/images/AoF05653.jpg,exact_duplicate_dhash_d0
/home/z/my-project/Factory-AI/datasets/production/dfire/train/images/AoF05656.jpg,/home/z/my-project/Factory-AI/datasets/production/dfire/test/images/AoF08124.jpg,exact_duplicate_dhash_d0
/home/z/my-project/Factory-AI/datasets/production/dfire/train/images/AoF05657.jpg,/home/z/my-project/Factory-AI/datasets/production/dfire/test/images/AoF08124.jpg,exact_duplicate_dhash_d0
/home/z/my-project/Factory-AI/datasets/production/dfire/train/images/AoF05658.jpg,/home/z/my-project/Factory-AI/datasets/production/dfire/test/images/AoF08124.jpg,exact_duplicate_dhash_d0
/home/z/my-project/Factory-AI/datasets/production/dfire/train/images/AoF05659.jpg,/home/z/my-project/Factory-AI/datasets/production/dfire/test/images/AoF08124.jpg,exact_duplicate_dhash_d0
/home/z/my-project/Factory-AI/datasets/production/dfire/train/images/AoF05660.jpg,/home/z/my-project/Factory-AI/datasets/production/dfire/test/images/AoF08060.jpg,exact_duplicate_dhash_d0
/home/z/my-project/Factory-AI/datasets/production/dfire/train/images/AoF05661.jpg,/home/z/my-project/Factory-AI/datasets/production/dfire/test/images/AoF08124.jpg,exact_duplicate_dhash_d0
/home/z/my-project/Factory-AI/datasets/production/dfire/train/images/AoF05662.jpg,/home/z/my-project/Factory-AI/datasets/production/dfire/test/images/AoF08124.jpg,exact_duplicate_dhash_d0
/home/z/my-project/Factory-AI/datasets/production/dfire/train/images/AoF05663.jpg,/home/z/my-project/Factory-AI/datasets/production/dfire/test/images/AoF08124.jpg,exact_duplicate_dhash_d0
/home/z/my-project/Factory-AI/datasets/production/dfire/train/images/AoF05664.jpg,/home/z/my-project/Factory-AI/datasets/production/dfire/test/images/AoF08125.jpg,exact_duplicate_dhash_d0
/home/z/my-project/Factory-AI/datasets/production/dfire/train/images/AoF05666.jpg,/home/z/my-project/Factory-AI/datasets/production/dfire/train/images/AoF05665.jpg,exact_duplicate_dhash_d0
/home/z/my-project/Factory-AI/datasets/production/dfire/train/images/AoF05667.jpg,/home/z/my-project/Factory-AI/datasets/production/dfire/train/images/AoF05665.jpg,exact_duplicate_dhash_d0
/home/z/my-project/Factory-AI/datasets/production/dfire/train/images/AoF05668.jpg,/home/z/my-project/Factory-AI/datasets/production/dfire/train/images/AoF05665.jpg,exact_duplicate_dhash_d0
/home/z/my-project/Factory-AI/datasets/production/dfire/train/images/AoF05669.jpg,/home/z/my-project/Factory-AI/datasets/production/dfire/train/images/AoF05665.jpg,exact_duplicate_dhash_d0
/home/z/my-project/Factory-AI/datasets/production/dfire/train/images/AoF05672.jpg,/home/z/my-project/Factory-AI/datasets/production/dfire/train/images/AoF05670.jpg,exact_duplicate_dhash_d0
/home/z/my-project/Factory-AI/datasets/production/dfire/train/images/AoF05673.jpg,/home/z/my-project/Factory-AI/datasets/production/dfire/train/images/AoF05671.jpg,exact_duplicate_dhash_d0
/home/z/my-project/Factory-AI/datasets/production/dfire/train/images/AoF05677.jpg,/home/z/my-project/Factory-AI/datasets/production/dfire/test/images/AoF08060.jpg,exact_duplicate_dhash_d0
/home/z/my-project/Factory-AI/datasets/production/dfire/train/images/AoF05683.jpg,/home/z/my-project/Factory-AI/datasets/production/dfire/train/images/AoF05682.jpg,exact_duplicate_dhash_d0
/home/z/my-project/Factory-AI/datasets/production/dfire/train/images/AoF05685.jpg,/home/z/my-project/Factory-AI/datasets/production/dfire/train/images/AoF05684.jpg,exact_duplicate_dhash_d0
/home/z/my-project/Factory-AI/datasets/production/dfire/train/images/AoF05686.jpg,/home/z/my-project/Factory-AI/datasets/production/dfire/train/images/AoF05684.jpg,exact_duplicate_dhash_d0
/home/z/my-project/Factory-AI/datasets/production/dfire/train/images/AoF05687.jpg,/home/z/my-project/Factory-AI/datasets/production/dfire/test/images/AoF08129.jpg,exact_duplicate_dhash_d0
/home/z/my-project/Factory-AI/datasets/production/dfire/train/images/AoF05688.jpg,/home/z/my-project/Factory-AI/datasets/production/dfire/test/images/AoF08060.jpg,exact_duplicate_dhash_d0
/home/z/my-project/Factory-AI/datasets/production/dfire/train/images/AoF05689.jpg,/home/z/my-project/Factory-AI/datasets/production/dfire/test/images/AoF08129.jpg,exact_duplicate_dhash_d0
/home/z/my-project/Factory-AI/datasets/production/dfire/train/images/AoF05690.jpg,/home/z/my-project/Factory-AI/datasets/production/dfire/test/images/AoF08129.jpg,exact_duplicate_dhash_d0
/home/z/my-project/Factory-AI/datasets/production/dfire/train/images/AoF05692.jpg,/home/z/my-project/Factory-AI/datasets/production/dfire/test/images/AoF08131.jpg,exact_duplicate_dhash_d0
/home/z/my-project/Factory-AI/datasets/production/dfire/train/images/AoF05693.jpg,/home/z/my-project/Factory-AI/datasets/production/dfire/test/images/AoF08131.jpg,exact_duplicate_dhash_d0
/home/z/my-project/Factory-AI/datasets/production/dfire/train/images/AoF05694.jpg,/home/z/my-project/Factory-AI/datasets/production/dfire/test/images/AoF08131.jpg,exact_duplicate_dhash_d0
/home/z/my-project/Factory-AI/datasets/production/dfire/train/images/AoF05695.jpg,/home/z/my-project/Factory-AI/datasets/production/dfire/test/images/AoF08131.jpg,exact_duplicate_dhash_d0
/home/z/my-project/Factory-AI/datasets/production/dfire/train/images/AoF05696.jpg,/home/z/my-project/Factory-AI/datasets/production/dfire/test/images/AoF08060.jpg,exact_duplicate_dhash_d0
/home/z/my-project/Factory-AI/datasets/production/dfire/train/images/AoF05700.jpg,/home/z/my-project/Factory-AI/datasets/production/dfire/train/images/AoF05699.jpg,exact_duplicate_dhash_d0
/home/z/my-project/Factory-AI/datasets/production/dfire/train/images/AoF05701.jpg,/home/z/my-project/Factory-AI/datasets/production/dfire/train/images/AoF05698.jpg,exact_duplicate_dhash_d0
/home/z/my-project/Factory-AI/datasets/production/dfire/train/images/AoF05702.jpg,/home/z/my-project/Factory-AI/datasets/production/dfire/test/images/AoF08060.jpg,exact_duplicate_dhash_d0
/home/z/my-project/Factory-AI/datasets/production/dfire/train/images/AoF05709.jpg,/home/z/my-project/Factory-AI/datasets/production/dfire/test/images/AoF08060.jpg,exact_duplicate_dhash_d0
/home/z/my-project/Factory-AI/datasets/production/dfire/train/images/AoF05718.jpg,/home/z/my-project/Factory-AI/datasets/production/dfire/test/images/AoF08060.jpg,exact_duplicate_dhash_d0
/home/z/my-project/Factory-AI/datasets/production/dfire/train/images/AoF05719.jpg,/home/z/my-project/Factory-AI/datasets/production/dfire/train/images/AoF05717.jpg,exact_duplicate_dhash_d0
/home/z/my-project/Factory-AI/datasets/production/dfire/train/images/AoF05721.jpg,/home/z/my-project/Factory-AI/datasets/production/dfire/train/images/AoF05720.jpg,exact_duplicate_dhash_d0
/home/z/my-project/Factory-AI/datasets/production/dfire/train/images/AoF05722.jpg,/home/z/my-project/Factory-AI/datasets/production/dfire/train/images/AoF05720.jpg,exact_duplicate_dhash_d0
/home/z/my-project/Factory-AI/datasets/production/dfire/train/images/AoF05723.jpg,/home/z/my-project/Factory-AI/datasets/production/dfire/train/images/AoF05720.jpg,exact_duplicate_dhash_d0
/home/z/my-project/Factory-AI/datasets/production/dfire/train/images/AoF05724.jpg,/home/z/my-project/Factory-AI/datasets/production/dfire/train/images/AoF05720.jpg,exact_duplicate_dhash_d0
/home/z/my-project/Factory-AI/datasets/production/dfire/train/images/AoF05725.jpg,/home/z/my-project/Factory-AI/datasets/production/dfire/train/images/AoF05720.jpg,exact_duplicate_dhash_d0
/home/z/my-project/Factory-AI/datasets/production/dfire/train/images/AoF05726.jpg,/home/z/my-project/Factory-AI/datasets/production/dfire/train/images/AoF05720.jpg,exact_duplicate_dhash_d0
/home/z/my-project/Factory-AI/datasets/production/dfire/train/images/AoF05727.jpg,/home/z/my-project/Factory-AI/datasets/production/dfire/train/images/AoF05720.jpg,exact_duplicate_dhash_d0
/home/z/my-project/Factory-AI/datasets/production/dfire/train/images/AoF05728.jpg,/home/z/my-project/Factory-AI/datasets/production/dfire/train/images/AoF05720.jpg,exact_duplicate_dhash_d0
/home/z/my-project/Factory-AI/datasets/production/dfire/train/images/AoF05730.jpg,/home/z/my-project/Factory-AI/datasets/production/dfire/train/images/AoF05720.jpg,exact_duplicate_dhash_d0
/home/z/my-project/Factory-AI/datasets/production/dfire/train/images/AoF05731.jpg,/home/z/my-project/Factory-AI/datasets/production/dfire/train/images/AoF05729.jpg,exact_duplicate_dhash_d0
/home/z/my-project/Factory-AI/datasets/production/dfire/train/images/AoF05732.jpg,/home/z/my-project/Factory-AI/datasets/production/dfire/train/images/AoF05729.jpg,exact_duplicate_dhash_d0
/home/z/my-project/Factory-AI/datasets/production/dfire/train/images/AoF05734.jpg,/home/z/my-project/Factory-AI/datasets/production/dfire/train/images/AoF05729.jpg,exact_duplicate_dhash_d0
/home/z/my-project/Factory-AI/datasets/production/dfire/train/images/AoF05735.jpg,/home/z/my-project/Factory-AI/datasets/production/dfire/train/images/AoF05729.jpg,exact_duplicate_dhash_d0
/home/z/my-project/Factory-AI/datasets/production/dfire/train/images/AoF05736.jpg,/home/z/my-project/Factory-AI/datasets/production/dfire/train/images/AoF05733.jpg,exact_duplicate_dhash_d0
/home/z/my-project/Factory-AI/datasets/production/dfire/train/images/AoF05753.jpg,/home/z/my-project/Factory-AI/datasets/production/dfire/train/images/AoF05751.jpg,exact_duplicate_dhash_d0
/home/z/my-project/Factory-AI/datasets/production/dfire/train/images/AoF05759.jpg,/home/z/my-project/Factory-AI/datasets/production/dfire/train/images/AoF05758.jpg,exact_duplicate_dhash_d0
/home/z/my-project/Factory-AI/datasets/production/dfire/train/images/AoF05764.jpg,/home/z/my-project/Factory-AI/datasets/production/dfire/test/images/AoF08151.jpg,exact_duplicate_dhash_d0
/home/z/my-project/Factory-AI/datasets/production/dfire/train/images/AoF05766.jpg,/home/z/my-project/Factory-AI/datasets/production/dfire/train/images/AoF05765.jpg,exact_duplicate_dhash_d0
/home/z/my-project/Factory-AI/datasets/production/dfire/train/images/AoF05768.jpg,/home/z/my-project/Factory-AI/datasets/production/dfire/test/images/AoF08152.jpg,exact_duplicate_dhash_d0
/home/z/my-project/Factory-AI/datasets/production/dfire/train/images/AoF05769.jpg,/home/z/my-project/Factory-AI/datasets/production/dfire/test/images/AoF08152.jpg,exact_duplicate_dhash_d0
/home/z/my-project/Factory-AI/datasets/production/dfire/train/images/AoF05770.jpg,/home/z/my-project/Factory-AI/datasets/production/dfire/test/images/AoF08152.jpg,exact_duplicate_dhash_d0
/home/z/my-project/Factory-AI/datasets/production/dfire/train/images/AoF05772.jpg,/home/z/my-project/Factory-AI/datasets/production/dfire/test/images/AoF08152.jpg,exact_duplicate_dhash_d0
/home/z/my-project/Factory-AI/datasets/production/dfire/train/images/AoF05774.jpg,/home/z/my-project/Factory-AI/datasets/production/dfire/train/images/AoF05773.jpg,exact_duplicate_dhash_d0
/home/z/my-project/Factory-AI/datasets/production/dfire/train/images/AoF05775.jpg,/home/z/my-project/Factory-AI/datasets/production/dfire/train/images/AoF05773.jpg,exact_duplicate_dhash_d0
/home/z/my-project/Factory-AI/datasets/production/dfire/train/images/AoF05777.jpg,/home/z/my-project/Factory-AI/datasets/production/dfire/test/images/AoF08155.jpg,exact_duplicate_dhash_d0
/home/z/my-project/Factory-AI/datasets/production/dfire/train/images/AoF05778.jpg,/home/z/my-project/Factory-AI/datasets/production/dfire/test/images/AoF08155.jpg,exact_duplicate_dhash_d0
/home/z/my-project/Factory-AI/datasets/production/dfire/train/images/AoF05780.jpg,/home/z/my-project/Factory-AI/datasets/production/dfire/test/images/AoF08155.jpg,exact_duplicate_dhash_d0
/home/z/my-project/Factory-AI/datasets/production/dfire/train/images/AoF05781.jpg,/home/z/my-project/Factory-AI/datasets/production/dfire/test/images/AoF08155.jpg,exact_duplicate_dhash_d0
/home/z/my-project/Factory-AI/datasets/production/dfire/train/images/AoF05782.jpg,/home/z/my-project/Factory-AI/datasets/production/dfire/test/images/AoF08155.jpg,exact_duplicate_dhash_d0
/home/z/my-project/Factory-AI/datasets/production/dfire/train/images/AoF05785.jpg,/home/z/my-project/Factory-AI/datasets/production/dfire/train/images/AoF05783.jpg,exact_duplicate_dhash_d0
/home/z/my-project/Factory-AI/datasets/production/dfire/train/images/AoF05791.jpg,/home/z/my-project/Factory-AI/datasets/production/dfire/train/images/AoF05790.jpg,exact_duplicate_dhash_d0
/home/z/my-project/Factory-AI/datasets/production/dfire/train/images/AoF05793.jpg,/home/z/my-project/Factory-AI/datasets/production/dfire/train/images/AoF05792.jpg,exact_duplicate_dhash_d0
/home/z/my-project/Factory-AI/datasets/production/dfire/train/images/AoF05803.jpg,/home/z/my-project/Factory-AI/datasets/production/dfire/test/images/AoF08158.jpg,exact_duplicate_dhash_d0
/home/z/my-project/Factory-AI/datasets/production/dfire/train/images/AoF05805.jpg,/home/z/my-project/Factory-AI/datasets/production/dfire/train/images/AoF05804.jpg,exact_duplicate_dhash_d0
/home/z/my-project/Factory-AI/datasets/production/dfire/train/images/AoF05812.jpg,/home/z/my-project/Factory-AI/datasets/production/dfire/train/images/AoF05811.jpg,exact_duplicate_dhash_d0
/home/z/my-project/Factory-AI/datasets/production/dfire/train/images/AoF05813.jpg,/home/z/my-project/Factory-AI/datasets/production/dfire/test/images/AoF08161.jpg,exact_duplicate_dhash_d0
/home/z/my-project/Factory-AI/datasets/production/dfire/train/images/AoF05815.jpg,/home/z/my-project/Factory-AI/datasets/production/dfire/test/images/AoF08161.jpg,exact_duplicate_dhash_d0
/home/z/my-project/Factory-AI/datasets/production/dfire/train/images/AoF05818.jpg,/home/z/my-project/Factory-AI/datasets/production/dfire/test/images/AoF08160.jpg,exact_duplicate_dhash_d0
/home/z/my-project/Factory-AI/datasets/production/dfire/train/images/AoF05819.jpg,/home/z/my-project/Factory-AI/datasets/production/dfire/test/images/AoF08160.jpg,exact_duplicate_dhash_d0
/home/z/my-project/Factory-AI/datasets/production/dfire/train/images/AoF05820.jpg,/home/z/my-project/Factory-AI/datasets/production/dfire/test/images/AoF08160.jpg,exact_duplicate_dhash_d0
/home/z/my-project/Factory-AI/datasets/production/dfire/train/images/AoF05821.jpg,/home/z/my-project/Factory-AI/datasets/production/dfire/test/images/AoF08163.jpg,exact_duplicate_dhash_d0
/home/z/my-project/Factory-AI/datasets/production/dfire/train/images/AoF05822.jpg,/home/z/my-project/Factory-AI/datasets/production/dfire/test/images/AoF08163.jpg,exact_duplicate_dhash_d0
/home/z/my-project/Factory-AI/datasets/production/dfire/train/images/AoF05823.jpg,/home/z/my-project/Factory-AI/datasets/production/dfire/test/images/AoF08163.jpg,exact_duplicate_dhash_d0
/home/z/my-project/Factory-AI/datasets/production/dfire/train/images/AoF05824.jpg,/home/z/my-project/Factory-AI/datasets/production/dfire/test/images/AoF08163.jpg,exact_duplicate_dhash_d0
/home/z/my-project/Factory-AI/datasets/production/dfire/train/images/AoF05825.jpg,/home/z/my-project/Factory-AI/datasets/production/dfire/test/images/AoF08164.jpg,exact_duplicate_dhash_d0
/home/z/my-project/Factory-AI/datasets/production/dfire/train/images/AoF05827.jpg,/home/z/my-project/Factory-AI/datasets/production/dfire/test/images/AoF08164.jpg,exact_duplicate_dhash_d0
/home/z/my-project/Factory-AI/datasets/production/dfire/train/images/AoF05828.jpg,/home/z/my-project/Factory-AI/datasets/production/dfire/test/images/AoF08164.jpg,exact_duplicate_dhash_d0
/home/z/my-project/Factory-AI/datasets/production/dfire/train/images/AoF05829.jpg,/home/z/my-project/Factory-AI/datasets/production/dfire/test/images/AoF08164.jpg,exact_duplicate_dhash_d0
/home/z/my-project/Factory-AI/datasets/production/dfire/train/images/AoF05830.jpg,/home/z/my-project/Factory-AI/datasets/production/dfire/test/images/AoF08164.jpg,exact_duplicate_dhash_d0
/home/z/my-project/Factory-AI/datasets/production/dfire/train/images/AoF05831.jpg,/home/z/my-project/Factory-AI/datasets/production/dfire/test/images/AoF08164.jpg,exact_duplicate_dhash_d0
/home/z/my-project/Factory-AI/datasets/production/dfire/train/images/AoF05832.jpg,/home/z/my-project/Factory-AI/datasets/production/dfire/test/images/AoF08164.jpg,exact_duplicate_dhash_d0
/home/z/my-project/Factory-AI/datasets/production/dfire/train/images/AoF05833.jpg,/home/z/my-project/Factory-AI/datasets/production/dfire/test/images/AoF08164.jpg,exact_duplicate_dhash_d0
/home/z/my-project/Factory-AI/datasets/production/dfire/train/images/AoF05834.jpg,/home/z/my-project/Factory-AI/datasets/production/dfire/test/images/AoF08164.jpg,exact_duplicate_dhash_d0
/home/z/my-project/Factory-AI/datasets/production/dfire/train/images/AoF05836.jpg,/home/z/my-project/Factory-AI/datasets/production/dfire/test/images/AoF08165.jpg,exact_duplicate_dhash_d0
/home/z/my-project/Factory-AI/datasets/production/dfire/train/images/AoF05837.jpg,/home/z/my-project/Factory-AI/datasets/production/dfire/test/images/AoF08165.jpg,exact_duplicate_dhash_d0
/home/z/my-project/Factory-AI/datasets/production/dfire/train/images/AoF05838.jpg,/home/z/my-project/Factory-AI/datasets/production/dfire/test/images/AoF08164.jpg,exact_duplicate_dhash_d0
/home/z/my-project/Factory-AI/datasets/production/dfire/train/images/AoF05840.jpg,/home/z/my-project/Factory-AI/datasets/production/dfire/test/images/AoF08168.jpg,exact_duplicate_dhash_d0
/home/z/my-project/Factory-AI/datasets/production/dfire/train/images/AoF05843.jpg,/home/z/my-project/Factory-AI/datasets/production/dfire/train/images/AoF05842.jpg,exact_duplicate_dhash_d0
/home/z/my-project/Factory-AI/datasets/production/dfire/train/images/AoF05844.jpg,/home/z/my-project/Factory-AI/datasets/production/dfire/train/images/AoF05842.jpg,exact_duplicate_dhash_d0
/home/z/my-project/Factory-AI/datasets/production/dfire/train/images/AoF05845.jpg,/home/z/my-project/Factory-AI/datasets/production/dfire/train/images/AoF05842.jpg,exact_duplicate_dhash_d0
/home/z/my-project/Factory-AI/datasets/production/dfire/train/images/AoF05846.jpg,/home/z/my-project/Factory-AI/datasets/production/dfire/test/images/AoF08170.jpg,exact_duplicate_dhash_d0
/home/z/my-project/Factory-AI/datasets/production/dfire/train/images/AoF05847.jpg,/home/z/my-project/Factory-AI/datasets/production/dfire/test/images/AoF08170.jpg,exact_duplicate_dhash_d0
/home/z/my-project/Factory-AI/datasets/production/dfire/train/images/AoF05849.jpg,/home/z/my-project/Factory-AI/datasets/production/dfire/train/images/AoF05848.jpg,exact_duplicate_dhash_d0
/home/z/my-project/Factory-AI/datasets/production/dfire/train/images/AoF05850.jpg,/home/z/my-project/Factory-AI/datasets/production/dfire/train/images/AoF05848.jpg,exact_duplicate_dhash_d0
/home/z/my-project/Factory-AI/datasets/production/dfire/train/images/AoF05853.jpg,/home/z/my-project/Factory-AI/datasets/production/dfire/train/images/AoF05851.jpg,exact_duplicate_dhash_d0
/home/z/my-project/Factory-AI/datasets/production/dfire/train/images/AoF05854.jpg,/home/z/my-project/Factory-AI/datasets/production/dfire/train/images/AoF05851.jpg,exact_duplicate_dhash_d0
/home/z/my-project/Factory-AI/datasets/production/dfire/train/images/AoF05856.jpg,/home/z/my-project/Factory-AI/datasets/production/dfire/train/images/AoF05855.jpg,exact_duplicate_dhash_d0
/home/z/my-project/Factory-AI/datasets/production/dfire/train/images/AoF05857.jpg,/home/z/my-project/Factory-AI/datasets/production/dfire/train/images/AoF05851.jpg,exact_duplicate_dhash_d0
/home/z/my-project/Factory-AI/datasets/production/dfire/train/images/AoF05859.jpg,/home/z/my-project/Factory-AI/datasets/production/dfire/train/images/AoF05858.jpg,exact_duplicate_dhash_d0
/home/z/my-project/Factory-AI/datasets/production/dfire/train/images/AoF05860.jpg,/home/z/my-project/Factory-AI/datasets/production/dfire/train/images/AoF05858.jpg,exact_duplicate_dhash_d0
/home/z/my-project/Factory-AI/datasets/production/dfire/train/images/AoF05862.jpg,/home/z/my-project/Factory-AI/datasets/production/dfire/train/images/AoF05861.jpg,exact_duplicate_dhash_d0
/home/z/my-project/Factory-AI/datasets/production/dfire/train/images/AoF05864.jpg,/home/z/my-project/Factory-AI/datasets/production/dfire/train/images/AoF05858.jpg,exact_duplicate_dhash_d0
/home/z/my-project/Factory-AI/datasets/production/dfire/train/images/AoF05866.jpg,/home/z/my-project/Factory-AI/datasets/production/dfire/train/images/AoF05865.jpg,exact_duplicate_dhash_d0
/home/z/my-project/Factory-AI/datasets/production/dfire/train/images/AoF05867.jpg,/home/z/my-project/Factory-AI/datasets/production/dfire/train/images/AoF05865.jpg,exact_duplicate_dhash_d0
/home/z/my-project/Factory-AI/datasets/production/dfire/train/images/AoF05868.jpg,/home/z/my-project/Factory-AI/datasets/production/dfire/train/images/AoF05865.jpg,exact_duplicate_dhash_d0
/home/z/my-project/Factory-AI/datasets/production/dfire/train/images/AoF05869.jpg,/home/z/my-project/Factory-AI/datasets/production/dfire/train/images/AoF05865.jpg,exact_duplicate_dhash_d0
/home/z/my-project/Factory-AI/datasets/production/dfire/train/images/AoF05870.jpg,/home/z/my-project/Factory-AI/datasets/production/dfire/train/images/AoF05865.jpg,exact_duplicate_dhash_d0
/home/z/my-project/Factory-AI/datasets/production/dfire/train/images/AoF05871.jpg,/home/z/my-project/Factory-AI/datasets/production/dfire/test/images/AoF08171.jpg,exact_duplicate_dhash_d0
/home/z/my-project/Factory-AI/datasets/production/dfire/train/images/AoF05872.jpg,/home/z/my-project/Factory-AI/datasets/production/dfire/test/images/AoF08171.jpg,exact_duplicate_dhash_d0
/home/z/my-project/Factory-AI/datasets/production/dfire/train/images/AoF05875.jpg,/home/z/my-project/Factory-AI/datasets/production/dfire/test/images/AoF08171.jpg,exact_duplicate_dhash_d0
/home/z/my-project/Factory-AI/datasets/production/dfire/train/images/AoF05878.jpg,/home/z/my-project/Factory-AI/datasets/production/dfire/test/images/AoF08171.jpg,exact_duplicate_dhash_d0
/home/z/my-project/Factory-AI/datasets/production/dfire/train/images/AoF05879.jpg,/home/z/my-project/Factory-AI/datasets/production/dfire/train/images/AoF05877.jpg,exact_duplicate_dhash_d0
/home/z/my-project/Factory-AI/datasets/production/dfire/train/images/AoF05880.jpg,/home/z/my-project/Factory-AI/datasets/production/dfire/train/images/AoF05877.jpg,exact_duplicate_dhash_d0
/home/z/my-project/Factory-AI/datasets/production/dfire/train/images/AoF05881.jpg,/home/z/my-project/Factory-AI/datasets/production/dfire/train/images/AoF05877.jpg,exact_duplicate_dhash_d0
/home/z/my-project/Factory-AI/datasets/production/dfire/train/images/AoF05882.jpg,/home/z/my-project/Factory-AI/datasets/production/dfire/test/images/AoF08171.jpg,exact_duplicate_dhash_d0
/home/z/my-project/Factory-AI/datasets/production/dfire/train/images/AoF05888.jpg,/home/z/my-project/Factory-AI/datasets/production/dfire/train/images/AoF05885.jpg,exact_duplicate_dhash_d0
/home/z/my-project/Factory-AI/datasets/production/dfire/train/images/AoF05893.jpg,/home/z/my-project/Factory-AI/datasets/production/dfire/train/images/AoF05892.jpg,exact_duplicate_dhash_d0
/home/z/my-project/Factory-AI/datasets/production/dfire/train/images/AoF05894.jpg,/home/z/my-project/Factory-AI/datasets/production/dfire/train/images/AoF05892.jpg,exact_duplicate_dhash_d0
/home/z/my-project/Factory-AI/datasets/production/dfire/train/images/AoF05896.jpg,/home/z/my-project/Factory-AI/datasets/production/dfire/train/images/AoF05892.jpg,exact_duplicate_dhash_d0
/home/z/my-project/Factory-AI/datasets/production/dfire/train/images/AoF05897.jpg,/home/z/my-project/Factory-AI/datasets/production/dfire/test/images/AoF08172.jpg,exact_duplicate_dhash_d0
/home/z/my-project/Factory-AI/datasets/production/dfire/train/images/AoF05899.jpg,/home/z/my-project/Factory-AI/datasets/production/dfire/train/images/AoF05898.jpg,exact_duplicate_dhash_d0
/home/z/my-project/Factory-AI/datasets/production/dfire/train/images/AoF05900.jpg,/home/z/my-project/Factory-AI/datasets/production/dfire/train/images/AoF05898.jpg,exact_duplicate_dhash_d0
/home/z/my-project/Factory-AI/datasets/production/dfire/train/images/AoF05901.jpg,/home/z/my-project/Factory-AI/datasets/production/dfire/test/images/AoF08173.jpg,exact_duplicate_dhash_d0
/home/z/my-project/Factory-AI/datasets/production/dfire/train/images/AoF05902.jpg,/home/z/my-project/Factory-AI/datasets/production/dfire/test/images/AoF08173.jpg,exact_duplicate_dhash_d0
/home/z/my-project/Factory-AI/datasets/production/dfire/train/images/AoF05903.jpg,/home/z/my-project/Factory-AI/datasets/production/dfire/test/images/AoF08173.jpg,exact_duplicate_dhash_d0
/home/z/my-project/Factory-AI/datasets/production/dfire/train/images/AoF05904.jpg,/home/z/my-project/Factory-AI/datasets/production/dfire/test/images/AoF08173.jpg,exact_duplicate_dhash_d0
/home/z/my-project/Factory-AI/datasets/production/dfire/train/images/AoF05906.jpg,/home/z/my-project/Factory-AI/datasets/production/dfire/test/images/AoF08173.jpg,exact_duplicate_dhash_d0
/home/z/my-project/Factory-AI/datasets/production/dfire/train/images/AoF05907.jpg,/home/z/my-project/Factory-AI/datasets/production/dfire/test/images/AoF08173.jpg,exact_duplicate_dhash_d0
/home/z/my-project/Factory-AI/datasets/production/dfire/train/images/AoF05908.jpg,/home/z/my-project/Factory-AI/datasets/production/dfire/test/images/AoF08175.jpg,exact_duplicate_dhash_d0
/home/z/my-project/Factory-AI/datasets/production/dfire/train/images/AoF05909.jpg,/home/z/my-project/Factory-AI/datasets/production/dfire/test/images/AoF08175.jpg,exact_duplicate_dhash_d0
/home/z/my-project/Factory-AI/datasets/production/dfire/train/images/AoF05915.jpg,/home/z/my-project/Factory-AI/datasets/production/dfire/train/images/AoF05914.jpg,exact_duplicate_dhash_d0
/home/z/my-project/Factory-AI/datasets/production/dfire/train/images/AoF05916.jpg,/home/z/my-project/Factory-AI/datasets/production/dfire/train/images/AoF05914.jpg,exact_duplicate_dhash_d0
/home/z/my-project/Factory-AI/datasets/production/dfire/train/images/AoF05917.jpg,/home/z/my-project/Factory-AI/datasets/production/dfire/train/images/AoF05914.jpg,exact_duplicate_dhash_d0
/home/z/my-project/Factory-AI/datasets/production/dfire/train/images/AoF05918.jpg,/home/z/my-project/Factory-AI/datasets/production/dfire/train/images/AoF05914.jpg,exact_duplicate_dhash_d0
/home/z/my-project/Factory-AI/datasets/production/dfire/train/images/AoF05920.jpg,/home/z/my-project/Factory-AI/datasets/production/dfire/test/images/AoF08176.jpg,exact_duplicate_dhash_d0
/home/z/my-project/Factory-AI/datasets/production/dfire/train/images/AoF05921.jpg,/home/z/my-project/Factory-AI/datasets/production/dfire/test/images/AoF08177.jpg,exact_duplicate_dhash_d0
/home/z/my-project/Factory-AI/datasets/production/dfire/train/images/AoF05922.jpg,/home/z/my-project/Factory-AI/datasets/production/dfire/test/images/AoF08179.jpg,exact_duplicate_dhash_d0
/home/z/my-project/Factory-AI/datasets/production/dfire/train/images/AoF05923.jpg,/home/z/my-project/Factory-AI/datasets/production/dfire/test/images/AoF08179.jpg,exact_duplicate_dhash_d0
/home/z/my-project/Factory-AI/datasets/production/dfire/train/images/AoF05925.jpg,/home/z/my-project/Factory-AI/datasets/production/dfire/test/images/AoF08179.jpg,exact_duplicate_dhash_d0
/home/z/my-project/Factory-AI/datasets/production/dfire/train/images/AoF05926.jpg,/home/z/my-project/Factory-AI/datasets/production/dfire/test/images/AoF08179.jpg,exact_duplicate_dhash_d0
/home/z/my-project/Factory-AI/datasets/production/dfire/train/images/AoF05927.jpg,/home/z/my-project/Factory-AI/datasets/production/dfire/test/images/AoF08180.jpg,exact_duplicate_dhash_d0
/home/z/my-project/Factory-AI/datasets/production/dfire/train/images/AoF05928.jpg,/home/z/my-project/Factory-AI/datasets/production/dfire/test/images/AoF08180.jpg,exact_duplicate_dhash_d0
/home/z/my-project/Factory-AI/datasets/production/dfire/train/images/AoF05929.jpg,/home/z/my-project/Factory-AI/datasets/production/dfire/test/images/AoF08180.jpg,exact_duplicate_dhash_d0
/home/z/my-project/Factory-AI/datasets/production/dfire/train/images/AoF05931.jpg,/home/z/my-project/Factory-AI/datasets/production/dfire/test/images/AoF08180.jpg,exact_duplicate_dhash_d0
/home/z/my-project/Factory-AI/datasets/production/dfire/train/images/AoF05932.jpg,/home/z/my-project/Factory-AI/datasets/production/dfire/test/images/AoF08180.jpg,exact_duplicate_dhash_d0
/home/z/my-project/Factory-AI/datasets/production/dfire/train/images/AoF05934.jpg,/home/z/my-project/Factory-AI/datasets/production/dfire/test/images/AoF08180.jpg,exact_duplicate_dhash_d0
/home/z/my-project/Factory-AI/datasets/production/dfire/train/images/AoF05935.jpg,/home/z/my-project/Factory-AI/datasets/production/dfire/test/images/AoF08180.jpg,exact_duplicate_dhash_d0
/home/z/my-project/Factory-AI/datasets/production/dfire/train/images/AoF05936.jpg,/home/z/my-project/Factory-AI/datasets/production/dfire/train/images/AoF05933.jpg,exact_duplicate_dhash_d0
/home/z/my-project/Factory-AI/datasets/production/dfire/train/images/AoF05937.jpg,/home/z/my-project/Factory-AI/datasets/production/dfire/test/images/AoF08184.jpg,exact_duplicate_dhash_d0
/home/z/my-project/Factory-AI/datasets/production/dfire/train/images/AoF05938.jpg,/home/z/my-project/Factory-AI/datasets/production/dfire/test/images/AoF08183.jpg,exact_duplicate_dhash_d0
/home/z/my-project/Factory-AI/datasets/production/dfire/train/images/AoF05940.jpg,/home/z/my-project/Factory-AI/datasets/production/dfire/test/images/AoF08183.jpg,exact_duplicate_dhash_d0
/home/z/my-project/Factory-AI/datasets/production/dfire/train/images/AoF05941.jpg,/home/z/my-project/Factory-AI/datasets/production/dfire/test/images/AoF08184.jpg,exact_duplicate_dhash_d0
/home/z/my-project/Factory-AI/datasets/production/dfire/train/images/AoF05942.jpg,/home/z/my-project/Factory-AI/datasets/production/dfire/test/images/AoF08184.jpg,exact_duplicate_dhash_d0
/home/z/my-project/Factory-AI/datasets/production/dfire/train/images/AoF05943.jpg,/home/z/my-project/Factory-AI/datasets/production/dfire/test/images/AoF08184.jpg,exact_duplicate_dhash_d0
/home/z/my-project/Factory-AI/datasets/production/dfire/train/images/AoF05944.jpg,/home/z/my-project/Factory-AI/datasets/production/dfire/test/images/AoF08184.jpg,exact_duplicate_dhash_d0
/home/z/my-project/Factory-AI/datasets/production/dfire/train/images/AoF05945.jpg,/home/z/my-project/Factory-AI/datasets/production/dfire/test/images/AoF08183.jpg,exact_duplicate_dhash_d0
/home/z/my-project/Factory-AI/datasets/production/dfire/train/images/AoF05946.jpg,/home/z/my-project/Factory-AI/datasets/production/dfire/test/images/AoF08184.jpg,exact_duplicate_dhash_d0
/home/z/my-project/Factory-AI/datasets/production/dfire/train/images/AoF05947.jpg,/home/z/my-project/Factory-AI/datasets/production/dfire/test/images/AoF08183.jpg,exact_duplicate_dhash_d0
/home/z/my-project/Factory-AI/datasets/production/dfire/train/images/AoF05948.jpg,/home/z/my-project/Factory-AI/datasets/production/dfire/test/images/AoF08183.jpg,exact_duplicate_dhash_d0
/home/z/my-project/Factory-AI/datasets/production/dfire/train/images/AoF05950.jpg,/home/z/my-project/Factory-AI/datasets/production/dfire/test/images/AoF08184.jpg,exact_duplicate_dhash_d0
/home/z/my-project/Factory-AI/datasets/production/dfire/train/images/AoF05951.jpg,/home/z/my-project/Factory-AI/datasets/production/dfire/test/images/AoF08184.jpg,exact_duplicate_dhash_d0
/home/z/my-project/Factory-AI/datasets/production/dfire/train/images/AoF05952.jpg,/home/z/my-project/Factory-AI/datasets/production/dfire/test/images/AoF08184.jpg,exact_duplicate_dhash_d0
/home/z/my-project/Factory-AI/datasets/production/dfire/train/images/AoF05954.jpg,/home/z/my-project/Factory-AI/datasets/production/dfire/train/images/AoF05953.jpg,exact_duplicate_dhash_d0
/home/z/my-project/Factory-AI/datasets/production/dfire/train/images/AoF05960.jpg,/home/z/my-project/Factory-AI/datasets/production/dfire/train/images/AoF05958.jpg,exact_duplicate_dhash_d0
/home/z/my-project/Factory-AI/datasets/production/dfire/train/images/AoF05962.jpg,/home/z/my-project/Factory-AI/datasets/production/dfire/test/images/AoF08185.jpg,exact_duplicate_dhash_d0
/home/z/my-project/Factory-AI/datasets/production/dfire/train/images/AoF05963.jpg,/home/z/my-project/Factory-AI/datasets/production/dfire/test/images/AoF08185.jpg,exact_duplicate_dhash_d0
/home/z/my-project/Factory-AI/datasets/production/dfire/train/images/AoF05964.jpg,/home/z/my-project/Factory-AI/datasets/production/dfire/test/images/AoF08185.jpg,exact_duplicate_dhash_d0
/home/z/my-project/Factory-AI/datasets/production/dfire/train/images/AoF05965.jpg,/home/z/my-project/Factory-AI/datasets/production/dfire/test/images/AoF08185.jpg,exact_duplicate_dhash_d0
/home/z/my-project/Factory-AI/datasets/production/dfire/train/images/AoF05966.jpg,/home/z/my-project/Factory-AI/datasets/production/dfire/test/images/AoF08185.jpg,exact_duplicate_dhash_d0
/home/z/my-project/Factory-AI/datasets/production/dfire/train/images/AoF05968.jpg,/home/z/my-project/Factory-AI/datasets/production/dfire/train/images/AoF05967.jpg,exact_duplicate_dhash_d0
/home/z/my-project/Factory-AI/datasets/production/dfire/train/images/AoF05969.jpg,/home/z/my-project/Factory-AI/datasets/production/dfire/test/images/AoF08191.jpg,exact_duplicate_dhash_d0
/home/z/my-project/Factory-AI/datasets/production/dfire/train/images/AoF05970.jpg,/home/z/my-project/Factory-AI/datasets/production/dfire/test/images/AoF08186.jpg,exact_duplicate_dhash_d0
/home/z/my-project/Factory-AI/datasets/production/dfire/train/images/AoF05972.jpg,/home/z/my-project/Factory-AI/datasets/production/dfire/train/images/AoF05967.jpg,exact_duplicate_dhash_d0
/home/z/my-project/Factory-AI/datasets/production/dfire/train/images/AoF05973.jpg,/home/z/my-project/Factory-AI/datasets/production/dfire/test/images/AoF08188.jpg,exact_duplicate_dhash_d0
/home/z/my-project/Factory-AI/datasets/production/dfire/train/images/AoF05975.jpg,/home/z/my-project/Factory-AI/datasets/production/dfire/test/images/AoF08187.jpg,exact_duplicate_dhash_d0
/home/z/my-project/Factory-AI/datasets/production/dfire/train/images/AoF05976.jpg,/home/z/my-project/Factory-AI/datasets/production/dfire/test/images/AoF08188.jpg,exact_duplicate_dhash_d0
/home/z/my-project/Factory-AI/datasets/production/dfire/train/images/AoF05977.jpg,/home/z/my-project/Factory-AI/datasets/production/dfire/test/images/AoF08191.jpg,exact_duplicate_dhash_d0
/home/z/my-project/Factory-AI/datasets/production/dfire/train/images/AoF05980.jpg,/home/z/my-project/Factory-AI/datasets/production/dfire/train/images/AoF05978.jpg,exact_duplicate_dhash_d0
/home/z/my-project/Factory-AI/datasets/production/dfire/train/images/AoF05981.jpg,/home/z/my-project/Factory-AI/datasets/production/dfire/test/images/AoF08187.jpg,exact_duplicate_dhash_d0
/home/z/my-project/Factory-AI/datasets/production/dfire/train/images/AoF05982.jpg,/home/z/my-project/Factory-AI/datasets/production/dfire/train/images/AoF05978.jpg,exact_duplicate_dhash_d0
/home/z/my-project/Factory-AI/datasets/production/dfire/train/images/AoF05983.jpg,/home/z/my-project/Factory-AI/datasets/production/dfire/test/images/AoF08188.jpg,exact_duplicate_dhash_d0
/home/z/my-project/Factory-AI/datasets/production/dfire/train/images/AoF05984.jpg,/home/z/my-project/Factory-AI/datasets/production/dfire/test/images/AoF08188.jpg,exact_duplicate_dhash_d0
/home/z/my-project/Factory-AI/datasets/production/dfire/train/images/AoF05985.jpg,/home/z/my-project/Factory-AI/datasets/production/dfire/test/images/AoF08187.jpg,exact_duplicate_dhash_d0
/home/z/my-project/Factory-AI/datasets/production/dfire/train/images/AoF05986.jpg,/home/z/my-project/Factory-AI/datasets/production/dfire/test/images/AoF08188.jpg,exact_duplicate_dhash_d0
/home/z/my-project/Factory-AI/datasets/production/dfire/train/images/AoF05988.jpg,/home/z/my-project/Factory-AI/datasets/production/dfire/test/images/AoF08188.jpg,exact_duplicate_dhash_d0
/home/z/my-project/Factory-AI/datasets/production/dfire/train/images/AoF05989.jpg,/home/z/my-project/Factory-AI/datasets/production/dfire/test/images/AoF08193.jpg,exact_duplicate_dhash_d0
/home/z/my-project/Factory-AI/datasets/production/dfire/train/images/AoF05990.jpg,/home/z/my-project/Factory-AI/datasets/production/dfire/test/images/AoF08193.jpg,exact_duplicate_dhash_d0
/home/z/my-project/Factory-AI/datasets/production/dfire/train/images/AoF05991.jpg,/home/z/my-project/Factory-AI/datasets/production/dfire/test/images/AoF08193.jpg,exact_duplicate_dhash_d0
/home/z/my-project/Factory-AI/datasets/production/dfire/train/images/AoF05994.jpg,/home/z/my-project/Factory-AI/datasets/production/dfire/test/images/AoF08191.jpg,exact_duplicate_dhash_d0
/home/z/my-project/Factory-AI/datasets/production/dfire/train/images/AoF05997.jpg,/home/z/my-project/Factory-AI/datasets/production/dfire/test/images/AoF08196.jpg,exact_duplicate_dhash_d0
/home/z/my-project/Factory-AI/datasets/production/dfire/train/images/AoF05998.jpg,/home/z/my-project/Factory-AI/datasets/production/dfire/test/images/AoF08196.jpg,exact_duplicate_dhash_d0
/home/z/my-project/Factory-AI/datasets/production/dfire/train/images/AoF05999.jpg,/home/z/my-project/Factory-AI/datasets/production/dfire/test/images/AoF08196.jpg,exact_duplicate_dhash_d0
/home/z/my-project/Factory-AI/datasets/production/dfire/train/images/AoF06002.jpg,/home/z/my-project/Factory-AI/datasets/production/dfire/test/images/AoF08191.jpg,exact_duplicate_dhash_d0
/home/z/my-project/Factory-AI/datasets/production/dfire/train/images/AoF06004.jpg,/home/z/my-project/Factory-AI/datasets/production/dfire/test/images/AoF08197.jpg,exact_duplicate_dhash_d0
/home/z/my-project/Factory-AI/datasets/production/dfire/train/images/AoF06010.jpg,/home/z/my-project/Factory-AI/datasets/production/dfire/train/images/AoF06009.jpg,exact_duplicate_dhash_d0
/home/z/my-project/Factory-AI/datasets/production/dfire/train/images/AoF06012.jpg,/home/z/my-project/Factory-AI/datasets/production/dfire/test/images/AoF06803.jpg,exact_duplicate_dhash_d0
/home/z/my-project/Factory-AI/datasets/production/dfire/train/images/AoF06014.jpg,/home/z/my-project/Factory-AI/datasets/production/dfire/train/images/AoF06013.jpg,exact_duplicate_dhash_d0
/home/z/my-project/Factory-AI/datasets/production/dfire/train/images/AoF06015.jpg,/home/z/my-project/Factory-AI/datasets/production/dfire/test/images/AoF08198.jpg,exact_duplicate_dhash_d0
/home/z/my-project/Factory-AI/datasets/production/dfire/train/images/AoF06018.jpg,/home/z/my-project/Factory-AI/datasets/production/dfire/train/images/AoF06017.jpg,exact_duplicate_dhash_d0
/home/z/my-project/Factory-AI/datasets/production/dfire/train/images/AoF06021.jpg,/home/z/my-project/Factory-AI/datasets/production/dfire/train/images/AoF06020.jpg,exact_duplicate_dhash_d0
/home/z/my-project/Factory-AI/datasets/production/dfire/train/images/AoF06022.jpg,/home/z/my-project/Factory-AI/datasets/production/dfire/train/images/AoF00229.jpg,exact_duplicate_dhash_d0
/home/z/my-project/Factory-AI/datasets/production/dfire/train/images/AoF06023.jpg,/home/z/my-project/Factory-AI/datasets/production/dfire/test/images/AoF08199.jpg,exact_duplicate_dhash_d0
/home/z/my-project/Factory-AI/datasets/production/dfire/train/images/AoF06026.jpg,/home/z/my-project/Factory-AI/datasets/production/dfire/test/images/AoF08203.jpg,exact_duplicate_dhash_d0
/home/z/my-project/Factory-AI/datasets/production/dfire/train/images/AoF06028.jpg,/home/z/my-project/Factory-AI/datasets/production/dfire/test/images/AoF06803.jpg,exact_duplicate_dhash_d0
/home/z/my-project/Factory-AI/datasets/production/dfire/train/images/AoF06029.jpg,/home/z/my-project/Factory-AI/datasets/production/dfire/test/images/AoF08204.jpg,exact_duplicate_dhash_d0
/home/z/my-project/Factory-AI/datasets/production/dfire/train/images/AoF06030.jpg,/home/z/my-project/Factory-AI/datasets/production/dfire/test/images/AoF08204.jpg,exact_duplicate_dhash_d0
/home/z/my-project/Factory-AI/datasets/production/dfire/train/images/AoF06040.jpg,/home/z/my-project/Factory-AI/datasets/production/dfire/train/images/AoF06039.jpg,exact_duplicate_dhash_d0
/home/z/my-project/Factory-AI/datasets/production/dfire/train/images/AoF06051.jpg,/home/z/my-project/Factory-AI/datasets/production/dfire/train/images/AoF06050.jpg,exact_duplicate_dhash_d0
/home/z/my-project/Factory-AI/datasets/production/dfire/train/images/AoF06052.jpg,/home/z/my-project/Factory-AI/datasets/production/dfire/train/images/AoF06050.jpg,exact_duplicate_dhash_d0
/home/z/my-project/Factory-AI/datasets/production/dfire/train/images/AoF06064.jpg,/home/z/my-project/Factory-AI/datasets/production/dfire/test/images/AoF08214.jpg,exact_duplicate_dhash_d0
/home/z/my-project/Factory-AI/datasets/production/dfire/train/images/AoF06068.jpg,/home/z/my-project/Factory-AI/datasets/production/dfire/train/images/AoF06066.jpg,exact_duplicate_dhash_d0
/home/z/my-project/Factory-AI/datasets/production/dfire/train/images/AoF06071.jpg,/home/z/my-project/Factory-AI/datasets/production/dfire/train/images/AoF06070.jpg,exact_duplicate_dhash_d0
/home/z/my-project/Factory-AI/datasets/production/dfire/train/images/AoF06072.jpg,/home/z/my-project/Factory-AI/datasets/production/dfire/test/images/AoF08219.jpg,exact_duplicate_dhash_d0
/home/z/my-project/Factory-AI/datasets/production/dfire/train/images/AoF06073.jpg,/home/z/my-project/Factory-AI/datasets/production/dfire/test/images/AoF08218.jpg,exact_duplicate_dhash_d0
/home/z/my-project/Factory-AI/datasets/production/dfire/train/images/AoF06074.jpg,/home/z/my-project/Factory-AI/datasets/production/dfire/test/images/AoF08218.jpg,exact_duplicate_dhash_d0
/home/z/my-project/Factory-AI/datasets/production/dfire/train/images/AoF06075.jpg,/home/z/my-project/Factory-AI/datasets/production/dfire/test/images/AoF07622.jpg,exact_duplicate_dhash_d0
/home/z/my-project/Factory-AI/datasets/production/dfire/train/images/AoF06076.jpg,/home/z/my-project/Factory-AI/datasets/production/dfire/test/images/AoF08223.jpg,exact_duplicate_dhash_d0
/home/z/my-project/Factory-AI/datasets/production/dfire/train/images/AoF06077.jpg,/home/z/my-project/Factory-AI/datasets/production/dfire/test/images/AoF08220.jpg,exact_duplicate_dhash_d0
/home/z/my-project/Factory-AI/datasets/production/dfire/train/images/AoF06080.jpg,/home/z/my-project/Factory-AI/datasets/production/dfire/train/images/AoF06079.jpg,exact_duplicate_dhash_d0
/home/z/my-project/Factory-AI/datasets/production/dfire/train/images/AoF06081.jpg,/home/z/my-project/Factory-AI/datasets/production/dfire/test/images/AoF08221.jpg,exact_duplicate_dhash_d0
/home/z/my-project/Factory-AI/datasets/production/dfire/train/images/AoF06082.jpg,/home/z/my-project/Factory-AI/datasets/production/dfire/test/images/AoF08221.jpg,exact_duplicate_dhash_d0
/home/z/my-project/Factory-AI/datasets/production/dfire/train/images/AoF06083.jpg,/home/z/my-project/Factory-AI/datasets/production/dfire/test/images/AoF08221.jpg,exact_duplicate_dhash_d0
/home/z/my-project/Factory-AI/datasets/production/dfire/train/images/AoF06092.jpg,/home/z/my-project/Factory-AI/datasets/production/dfire/test/images/AoF08223.jpg,exact_duplicate_dhash_d0
/home/z/my-project/Factory-AI/datasets/production/dfire/train/images/AoF06093.jpg,/home/z/my-project/Factory-AI/datasets/production/dfire/test/images/AoF08223.jpg,exact_duplicate_dhash_d0
/home/z/my-project/Factory-AI/datasets/production/dfire/train/images/AoF06094.jpg,/home/z/my-project/Factory-AI/datasets/production/dfire/test/images/AoF08223.jpg,exact_duplicate_dhash_d0
/home/z/my-project/Factory-AI/datasets/production/dfire/train/images/AoF06095.jpg,/home/z/my-project/Factory-AI/datasets/production/dfire/test/images/AoF08223.jpg,exact_duplicate_dhash_d0
/home/z/my-project/Factory-AI/datasets/production/dfire/train/images/AoF06097.jpg,/home/z/my-project/Factory-AI/datasets/production/dfire/test/images/AoF08227.jpg,exact_duplicate_dhash_d0
/home/z/my-project/Factory-AI/datasets/production/dfire/train/images/AoF06098.jpg,/home/z/my-project/Factory-AI/datasets/production/dfire/test/images/AoF08226.jpg,exact_duplicate_dhash_d0
/home/z/my-project/Factory-AI/datasets/production/dfire/train/images/AoF06099.jpg,/home/z/my-project/Factory-AI/datasets/production/dfire/test/images/AoF08226.jpg,exact_duplicate_dhash_d0
/home/z/my-project/Factory-AI/datasets/production/dfire/train/images/AoF06100.jpg,/home/z/my-project/Factory-AI/datasets/production/dfire/test/images/AoF08227.jpg,exact_duplicate_dhash_d0
/home/z/my-project/Factory-AI/datasets/production/dfire/train/images/AoF06104.jpg,/home/z/my-project/Factory-AI/datasets/production/dfire/train/images/AoF06103.jpg,exact_duplicate_dhash_d0
/home/z/my-project/Factory-AI/datasets/production/dfire/train/images/AoF06135.jpg,/home/z/my-project/Factory-AI/datasets/production/dfire/test/images/AoF08239.jpg,exact_duplicate_dhash_d0
/home/z/my-project/Factory-AI/datasets/production/dfire/train/images/AoF06137.jpg,/home/z/my-project/Factory-AI/datasets/production/dfire/train/images/AoF06136.jpg,exact_duplicate_dhash_d0
/home/z/my-project/Factory-AI/datasets/production/dfire/train/images/AoF06138.jpg,/home/z/my-project/Factory-AI/datasets/production/dfire/train/images/AoF06136.jpg,exact_duplicate_dhash_d0
/home/z/my-project/Factory-AI/datasets/production/dfire/train/images/AoF06140.jpg,/home/z/my-project/Factory-AI/datasets/production/dfire/train/images/AoF06139.jpg,exact_duplicate_dhash_d0
/home/z/my-project/Factory-AI/datasets/production/dfire/train/images/AoF06141.jpg,/home/z/my-project/Factory-AI/datasets/production/dfire/train/images/AoF06139.jpg,exact_duplicate_dhash_d0
/home/z/my-project/Factory-AI/datasets/production/dfire/train/images/AoF06144.jpg,/home/z/my-project/Factory-AI/datasets/production/dfire/train/images/AoF06143.jpg,exact_duplicate_dhash_d0
/home/z/my-project/Factory-AI/datasets/production/dfire/train/images/AoF06146.jpg,/home/z/my-project/Factory-AI/datasets/production/dfire/test/images/AoF08252.jpg,exact_duplicate_dhash_d0
/home/z/my-project/Factory-AI/datasets/production/dfire/train/images/AoF06147.jpg,/home/z/my-project/Factory-AI/datasets/production/dfire/test/images/AoF08252.jpg,exact_duplicate_dhash_d0
/home/z/my-project/Factory-AI/datasets/production/dfire/train/images/AoF06149.jpg,/home/z/my-project/Factory-AI/datasets/production/dfire/test/images/AoF08243.jpg,exact_duplicate_dhash_d0
/home/z/my-project/Factory-AI/datasets/production/dfire/train/images/AoF06150.jpg,/home/z/my-project/Factory-AI/datasets/production/dfire/test/images/AoF08243.jpg,exact_duplicate_dhash_d0
/home/z/my-project/Factory-AI/datasets/production/dfire/train/images/AoF06151.jpg,/home/z/my-project/Factory-AI/datasets/production/dfire/test/images/AoF08243.jpg,exact_duplicate_dhash_d0
/home/z/my-project/Factory-AI/datasets/production/dfire/train/images/AoF06152.jpg,/home/z/my-project/Factory-AI/datasets/production/dfire/train/images/AoF06148.jpg,exact_duplicate_dhash_d0
/home/z/my-project/Factory-AI/datasets/production/dfire/train/images/AoF06153.jpg,/home/z/my-project/Factory-AI/datasets/production/dfire/train/images/AoF06148.jpg,exact_duplicate_dhash_d0
/home/z/my-project/Factory-AI/datasets/production/dfire/train/images/AoF06154.jpg,/home/z/my-project/Factory-AI/datasets/production/dfire/test/images/AoF08252.jpg,exact_duplicate_dhash_d0
/home/z/my-project/Factory-AI/datasets/production/dfire/train/images/AoF06155.jpg,/home/z/my-project/Factory-AI/datasets/production/dfire/test/images/AoF08241.jpg,exact_duplicate_dhash_d0
/home/z/my-project/Factory-AI/datasets/production/dfire/train/images/AoF06166.jpg,/home/z/my-project/Factory-AI/datasets/production/dfire/test/images/AoF08245.jpg,exact_duplicate_dhash_d0
/home/z/my-project/Factory-AI/datasets/production/dfire/train/images/AoF06170.jpg,/home/z/my-project/Factory-AI/datasets/production/dfire/train/images/AoF06169.jpg,exact_duplicate_dhash_d0
/home/z/my-project/Factory-AI/datasets/production/dfire/train/images/AoF06176.jpg,/home/z/my-project/Factory-AI/datasets/production/dfire/train/images/AoF06175.jpg,exact_duplicate_dhash_d0
/home/z/my-project/Factory-AI/datasets/production/dfire/train/images/AoF06177.jpg,/home/z/my-project/Factory-AI/datasets/production/dfire/train/images/AoF06167.jpg,exact_duplicate_dhash_d0
/home/z/my-project/Factory-AI/datasets/production/dfire/train/images/AoF06188.jpg,/home/z/my-project/Factory-AI/datasets/production/dfire/test/images/AoF08247.jpg,exact_duplicate_dhash_d0
/home/z/my-project/Factory-AI/datasets/production/dfire/train/images/AoF06190.jpg,/home/z/my-project/Factory-AI/datasets/production/dfire/train/images/AoF06189.jpg,exact_duplicate_dhash_d0
/home/z/my-project/Factory-AI/datasets/production/dfire/train/images/AoF06199.jpg,/home/z/my-project/Factory-AI/datasets/production/dfire/test/images/AoF08251.jpg,exact_duplicate_dhash_d0
/home/z/my-project/Factory-AI/datasets/production/dfire/train/images/AoF06200.jpg,/home/z/my-project/Factory-AI/datasets/production/dfire/test/images/AoF08251.jpg,exact_duplicate_dhash_d0
/home/z/my-project/Factory-AI/datasets/production/dfire/train/images/AoF06203.jpg,/home/z/my-project/Factory-AI/datasets/production/dfire/train/images/AoF06202.jpg,exact_duplicate_dhash_d0
/home/z/my-project/Factory-AI/datasets/production/dfire/train/images/AoF06204.jpg,/home/z/my-project/Factory-AI/datasets/production/dfire/train/images/AoF06148.jpg,exact_duplicate_dhash_d0
/home/z/my-project/Factory-AI/datasets/production/dfire/train/images/AoF06206.jpg,/home/z/my-project/Factory-AI/datasets/production/dfire/test/images/AoF08243.jpg,exact_duplicate_dhash_d0
/home/z/my-project/Factory-AI/datasets/production/dfire/train/images/AoF06207.jpg,/home/z/my-project/Factory-AI/datasets/production/dfire/test/images/AoF08243.jpg,exact_duplicate_dhash_d0
/home/z/my-project/Factory-AI/datasets/production/dfire/train/images/AoF06208.jpg,/home/z/my-project/Factory-AI/datasets/production/dfire/train/images/AoF06136.jpg,exact_duplicate_dhash_d0
/home/z/my-project/Factory-AI/datasets/production/dfire/train/images/AoF06214.jpg,/home/z/my-project/Factory-AI/datasets/production/dfire/train/images/AoF06213.jpg,exact_duplicate_dhash_d0
/home/z/my-project/Factory-AI/datasets/production/dfire/train/images/AoF06215.jpg,/home/z/my-project/Factory-AI/datasets/production/dfire/train/images/AoF06213.jpg,exact_duplicate_dhash_d0
/home/z/my-project/Factory-AI/datasets/production/dfire/train/images/AoF06223.jpg,/home/z/my-project/Factory-AI/datasets/production/dfire/train/images/AoF06222.jpg,exact_duplicate_dhash_d0
/home/z/my-project/Factory-AI/datasets/production/dfire/train/images/AoF06224.jpg,/home/z/my-project/Factory-AI/datasets/production/dfire/train/images/AoF06222.jpg,exact_duplicate_dhash_d0
/home/z/my-project/Factory-AI/datasets/production/dfire/train/images/AoF06225.jpg,/home/z/my-project/Factory-AI/datasets/production/dfire/test/images/AoF08255.jpg,exact_duplicate_dhash_d0
/home/z/my-project/Factory-AI/datasets/production/dfire/train/images/AoF06226.jpg,/home/z/my-project/Factory-AI/datasets/production/dfire/test/images/AoF08255.jpg,exact_duplicate_dhash_d0
/home/z/my-project/Factory-AI/datasets/production/dfire/train/images/AoF06227.jpg,/home/z/my-project/Factory-AI/datasets/production/dfire/test/images/AoF08256.jpg,exact_duplicate_dhash_d0
/home/z/my-project/Factory-AI/datasets/production/dfire/train/images/AoF06228.jpg,/home/z/my-project/Factory-AI/datasets/production/dfire/test/images/AoF08256.jpg,exact_duplicate_dhash_d0
/home/z/my-project/Factory-AI/datasets/production/dfire/train/images/AoF06229.jpg,/home/z/my-project/Factory-AI/datasets/production/dfire/test/images/AoF08258.jpg,exact_duplicate_dhash_d0
/home/z/my-project/Factory-AI/datasets/production/dfire/train/images/AoF06232.jpg,/home/z/my-project/Factory-AI/datasets/production/dfire/train/images/AoF06231.jpg,exact_duplicate_dhash_d0
/home/z/my-project/Factory-AI/datasets/production/dfire/train/images/AoF06237.jpg,/home/z/my-project/Factory-AI/datasets/production/dfire/train/images/AoF06236.jpg,exact_duplicate_dhash_d0
/home/z/my-project/Factory-AI/datasets/production/dfire/train/images/AoF06242.jpg,/home/z/my-project/Factory-AI/datasets/production/dfire/test/images/AoF08259.jpg,exact_duplicate_dhash_d0
/home/z/my-project/Factory-AI/datasets/production/dfire/train/images/AoF06243.jpg,/home/z/my-project/Factory-AI/datasets/production/dfire/test/images/AoF08259.jpg,exact_duplicate_dhash_d0
/home/z/my-project/Factory-AI/datasets/production/dfire/train/images/AoF06245.jpg,/home/z/my-project/Factory-AI/datasets/production/dfire/train/images/AoF06244.jpg,exact_duplicate_dhash_d0
/home/z/my-project/Factory-AI/datasets/production/dfire/train/images/AoF06246.jpg,/home/z/my-project/Factory-AI/datasets/production/dfire/train/images/AoF06244.jpg,exact_duplicate_dhash_d0
/home/z/my-project/Factory-AI/datasets/production/dfire/train/images/AoF06247.jpg,/home/z/my-project/Factory-AI/datasets/production/dfire/test/images/AoF08261.jpg,exact_duplicate_dhash_d0
/home/z/my-project/Factory-AI/datasets/production/dfire/train/images/AoF06248.jpg,/home/z/my-project/Factory-AI/datasets/production/dfire/test/images/AoF08262.jpg,exact_duplicate_dhash_d0
/home/z/my-project/Factory-AI/datasets/production/dfire/train/images/AoF06249.jpg,/home/z/my-project/Factory-AI/datasets/production/dfire/test/images/AoF08262.jpg,exact_duplicate_dhash_d0
/home/z/my-project/Factory-AI/datasets/production/dfire/train/images/AoF06251.jpg,/home/z/my-project/Factory-AI/datasets/production/dfire/test/images/AoF08263.jpg,exact_duplicate_dhash_d0
/home/z/my-project/Factory-AI/datasets/production/dfire/train/images/AoF06254.jpg,/home/z/my-project/Factory-AI/datasets/production/dfire/train/images/AoF06252.jpg,exact_duplicate_dhash_d0
/home/z/my-project/Factory-AI/datasets/production/dfire/train/images/AoF06256.jpg,/home/z/my-project/Factory-AI/datasets/production/dfire/train/images/AoF06255.jpg,exact_duplicate_dhash_d0
/home/z/my-project/Factory-AI/datasets/production/dfire/train/images/AoF06257.jpg,/home/z/my-project/Factory-AI/datasets/production/dfire/train/images/AoF06255.jpg,exact_duplicate_dhash_d0
/home/z/my-project/Factory-AI/datasets/production/dfire/train/images/AoF06259.jpg,/home/z/my-project/Factory-AI/datasets/production/dfire/train/images/AoF06258.jpg,exact_duplicate_dhash_d0
/home/z/my-project/Factory-AI/datasets/production/dfire/train/images/AoF06260.jpg,/home/z/my-project/Factory-AI/datasets/production/dfire/test/images/AoF08263.jpg,exact_duplicate_dhash_d0
/home/z/my-project/Factory-AI/datasets/production/dfire/train/images/AoF06262.jpg,/home/z/my-project/Factory-AI/datasets/production/dfire/test/images/AoF08263.jpg,exact_duplicate_dhash_d0
/home/z/my-project/Factory-AI/datasets/production/dfire/train/images/AoF06264.jpg,/home/z/my-project/Factory-AI/datasets/production/dfire/test/images/AoF08263.jpg,exact_duplicate_dhash_d0
/home/z/my-project/Factory-AI/datasets/production/dfire/train/images/AoF06265.jpg,/home/z/my-project/Factory-AI/datasets/production/dfire/test/images/AoF08263.jpg,exact_duplicate_dhash_d0
/home/z/my-project/Factory-AI/datasets/production/dfire/train/images/AoF06266.jpg,/home/z/my-project/Factory-AI/datasets/production/dfire/test/images/AoF08263.jpg,exact_duplicate_dhash_d0
/home/z/my-project/Factory-AI/datasets/production/dfire/train/images/AoF06267.jpg,/home/z/my-project/Factory-AI/datasets/production/dfire/test/images/AoF08267.jpg,exact_duplicate_dhash_d0
/home/z/my-project/Factory-AI/datasets/production/dfire/train/images/AoF06268.jpg,/home/z/my-project/Factory-AI/datasets/production/dfire/test/images/AoF08267.jpg,exact_duplicate_dhash_d0
/home/z/my-project/Factory-AI/datasets/production/dfire/train/images/AoF06270.jpg,/home/z/my-project/Factory-AI/datasets/production/dfire/train/images/AoF06269.jpg,exact_duplicate_dhash_d0
/home/z/my-project/Factory-AI/datasets/production/dfire/train/images/AoF06271.jpg,/home/z/my-project/Factory-AI/datasets/production/dfire/train/images/AoF06269.jpg,exact_duplicate_dhash_d0
/home/z/my-project/Factory-AI/datasets/production/dfire/train/images/AoF06273.jpg,/home/z/my-project/Factory-AI/datasets/production/dfire/train/images/AoF06272.jpg,exact_duplicate_dhash_d0
/home/z/my-project/Factory-AI/datasets/production/dfire/train/images/AoF06276.jpg,/home/z/my-project/Factory-AI/datasets/production/dfire/train/images/AoF06255.jpg,exact_duplicate_dhash_d0
/home/z/my-project/Factory-AI/datasets/production/dfire/train/images/AoF06277.jpg,/home/z/my-project/Factory-AI/datasets/production/dfire/train/images/AoF06255.jpg,exact_duplicate_dhash_d0
/home/z/my-project/Factory-AI/datasets/production/dfire/train/images/AoF06278.jpg,/home/z/my-project/Factory-AI/datasets/production/dfire/train/images/AoF06255.jpg,exact_duplicate_dhash_d0
/home/z/my-project/Factory-AI/datasets/production/dfire/train/images/AoF06279.jpg,/home/z/my-project/Factory-AI/datasets/production/dfire/test/images/AoF08263.jpg,exact_duplicate_dhash_d0
/home/z/my-project/Factory-AI/datasets/production/dfire/train/images/AoF06280.jpg,/home/z/my-project/Factory-AI/datasets/production/dfire/train/images/AoF06263.jpg,exact_duplicate_dhash_d0
/home/z/my-project/Factory-AI/datasets/production/dfire/train/images/AoF06281.jpg,/home/z/my-project/Factory-AI/datasets/production/dfire/test/images/AoF08255.jpg,exact_duplicate_dhash_d0
/home/z/my-project/Factory-AI/datasets/production/dfire/train/images/AoF06286.jpg,/home/z/my-project/Factory-AI/datasets/production/dfire/train/images/AoF06285.jpg,exact_duplicate_dhash_d0
/home/z/my-project/Factory-AI/datasets/production/dfire/train/images/AoF06289.jpg,/home/z/my-project/Factory-AI/datasets/production/dfire/train/images/AoF06288.jpg,exact_duplicate_dhash_d0
/home/z/my-project/Factory-AI/datasets/production/dfire/train/images/AoF06292.jpg,/home/z/my-project/Factory-AI/datasets/production/dfire/train/images/AoF06291.jpg,exact_duplicate_dhash_d0
/home/z/my-project/Factory-AI/datasets/production/dfire/train/images/AoF06294.jpg,/home/z/my-project/Factory-AI/datasets/production/dfire/train/images/AoF06293.jpg,exact_duplicate_dhash_d0
/home/z/my-project/Factory-AI/datasets/production/dfire/train/images/AoF06296.jpg,/home/z/my-project/Factory-AI/datasets/production/dfire/train/images/AoF06295.jpg,exact_duplicate_dhash_d0
/home/z/my-project/Factory-AI/datasets/production/dfire/train/images/AoF06299.jpg,/home/z/my-project/Factory-AI/datasets/production/dfire/train/images/AoF06298.jpg,exact_duplicate_dhash_d0
/home/z/my-project/Factory-AI/datasets/production/dfire/train/images/AoF06310.jpg,/home/z/my-project/Factory-AI/datasets/production/dfire/train/images/AoF06309.jpg,exact_duplicate_dhash_d0
/home/z/my-project/Factory-AI/datasets/production/dfire/train/images/AoF06312.jpg,/home/z/my-project/Factory-AI/datasets/production/dfire/train/images/AoF06311.jpg,exact_duplicate_dhash_d0
/home/z/my-project/Factory-AI/datasets/production/dfire/train/images/AoF06315.jpg,/home/z/my-project/Factory-AI/datasets/production/dfire/train/images/AoF06314.jpg,exact_duplicate_dhash_d0
/home/z/my-project/Factory-AI/datasets/production/dfire/train/images/AoF06317.jpg,/home/z/my-project/Factory-AI/datasets/production/dfire/train/images/AoF06316.jpg,exact_duplicate_dhash_d0
/home/z/my-project/Factory-AI/datasets/production/dfire/train/images/AoF06325.jpg,/home/z/my-project/Factory-AI/datasets/production/dfire/train/images/AoF06324.jpg,exact_duplicate_dhash_d0
/home/z/my-project/Factory-AI/datasets/production/dfire/train/images/AoF06326.jpg,/home/z/my-project/Factory-AI/datasets/production/dfire/train/images/AoF06324.jpg,exact_duplicate_dhash_d0
/home/z/my-project/Factory-AI/datasets/production/dfire/train/images/AoF06329.jpg,/home/z/my-project/Factory-AI/datasets/production/dfire/test/images/AoF08277.jpg,exact_duplicate_dhash_d0
/home/z/my-project/Factory-AI/datasets/production/dfire/train/images/AoF06331.jpg,/home/z/my-project/Factory-AI/datasets/production/dfire/train/images/AoF06330.jpg,exact_duplicate_dhash_d0
/home/z/my-project/Factory-AI/datasets/production/dfire/train/images/AoF06332.jpg,/home/z/my-project/Factory-AI/datasets/production/dfire/train/images/AoF06330.jpg,exact_duplicate_dhash_d0
/home/z/my-project/Factory-AI/datasets/production/dfire/train/images/AoF06334.jpg,/home/z/my-project/Factory-AI/datasets/production/dfire/train/images/AoF06333.jpg,exact_duplicate_dhash_d0
/home/z/my-project/Factory-AI/datasets/production/dfire/train/images/AoF06336.jpg,/home/z/my-project/Factory-AI/datasets/production/dfire/test/images/AoF08317.jpg,exact_duplicate_dhash_d0
/home/z/my-project/Factory-AI/datasets/production/dfire/train/images/AoF06337.jpg,/home/z/my-project/Factory-AI/datasets/production/dfire/test/images/AoF08317.jpg,exact_duplicate_dhash_d0
/home/z/my-project/Factory-AI/datasets/production/dfire/train/images/AoF06341.jpg,/home/z/my-project/Factory-AI/datasets/production/dfire/train/images/AoF06340.jpg,exact_duplicate_dhash_d0
/home/z/my-project/Factory-AI/datasets/production/dfire/train/images/AoF06342.jpg,/home/z/my-project/Factory-AI/datasets/production/dfire/test/images/AoF08279.jpg,exact_duplicate_dhash_d0
/home/z/my-project/Factory-AI/datasets/production/dfire/train/images/AoF06343.jpg,/home/z/my-project/Factory-AI/datasets/production/dfire/test/images/AoF07691.jpg,exact_duplicate_dhash_d0
/home/z/my-project/Factory-AI/datasets/production/dfire/train/images/AoF06344.jpg,/home/z/my-project/Factory-AI/datasets/production/dfire/test/images/AoF07691.jpg,exact_duplicate_dhash_d0
/home/z/my-project/Factory-AI/datasets/production/dfire/train/images/AoF06345.jpg,/home/z/my-project/Factory-AI/datasets/production/dfire/test/images/AoF08282.jpg,exact_duplicate_dhash_d0
/home/z/my-project/Factory-AI/datasets/production/dfire/train/images/AoF06346.jpg,/home/z/my-project/Factory-AI/datasets/production/dfire/test/images/AoF08284.jpg,exact_duplicate_dhash_d0
/home/z/my-project/Factory-AI/datasets/production/dfire/train/images/AoF06347.jpg,/home/z/my-project/Factory-AI/datasets/production/dfire/test/images/AoF08284.jpg,exact_duplicate_dhash_d0
/home/z/my-project/Factory-AI/datasets/production/dfire/train/images/AoF06348.jpg,/home/z/my-project/Factory-AI/datasets/production/dfire/test/images/AoF08284.jpg,exact_duplicate_dhash_d0
/home/z/my-project/Factory-AI/datasets/production/dfire/train/images/AoF06350.jpg,/home/z/my-project/Factory-AI/datasets/production/dfire/test/images/AoF08283.jpg,exact_duplicate_dhash_d0
/home/z/my-project/Factory-AI/datasets/production/dfire/train/images/AoF06351.jpg,/home/z/my-project/Factory-AI/datasets/production/dfire/test/images/AoF08292.jpg,exact_duplicate_dhash_d0
/home/z/my-project/Factory-AI/datasets/production/dfire/train/images/AoF06352.jpg,/home/z/my-project/Factory-AI/datasets/production/dfire/test/images/AoF08292.jpg,exact_duplicate_dhash_d0
/home/z/my-project/Factory-AI/datasets/production/dfire/train/images/AoF06353.jpg,/home/z/my-project/Factory-AI/datasets/production/dfire/test/images/AoF08292.jpg,exact_duplicate_dhash_d0
/home/z/my-project/Factory-AI/datasets/production/dfire/train/images/AoF06354.jpg,/home/z/my-project/Factory-AI/datasets/production/dfire/test/images/AoF08284.jpg,exact_duplicate_dhash_d0
/home/z/my-project/Factory-AI/datasets/production/dfire/train/images/AoF06355.jpg,/home/z/my-project/Factory-AI/datasets/production/dfire/test/images/AoF08284.jpg,exact_duplicate_dhash_d0
/home/z/my-project/Factory-AI/datasets/production/dfire/train/images/AoF06356.jpg,/home/z/my-project/Factory-AI/datasets/production/dfire/test/images/AoF08284.jpg,exact_duplicate_dhash_d0
/home/z/my-project/Factory-AI/datasets/production/dfire/train/images/AoF06357.jpg,/home/z/my-project/Factory-AI/datasets/production/dfire/test/images/AoF08284.jpg,exact_duplicate_dhash_d0
/home/z/my-project/Factory-AI/datasets/production/dfire/train/images/AoF06358.jpg,/home/z/my-project/Factory-AI/datasets/production/dfire/test/images/AoF08282.jpg,exact_duplicate_dhash_d0
/home/z/my-project/Factory-AI/datasets/production/dfire/train/images/AoF06359.jpg,/home/z/my-project/Factory-AI/datasets/production/dfire/test/images/AoF08286.jpg,exact_duplicate_dhash_d0
/home/z/my-project/Factory-AI/datasets/production/dfire/train/images/AoF06360.jpg,/home/z/my-project/Factory-AI/datasets/production/dfire/train/images/AoF00491.jpg,exact_duplicate_dhash_d0
/home/z/my-project/Factory-AI/datasets/production/dfire/train/images/AoF06361.jpg,/home/z/my-project/Factory-AI/datasets/production/dfire/test/images/AoF08284.jpg,exact_duplicate_dhash_d0
/home/z/my-project/Factory-AI/datasets/production/dfire/train/images/AoF06362.jpg,/home/z/my-project/Factory-AI/datasets/production/dfire/test/images/AoF08289.jpg,exact_duplicate_dhash_d0
/home/z/my-project/Factory-AI/datasets/production/dfire/train/images/AoF06364.jpg,/home/z/my-project/Factory-AI/datasets/production/dfire/test/images/AoF08304.jpg,exact_duplicate_dhash_d0
/home/z/my-project/Factory-AI/datasets/production/dfire/train/images/AoF06366.jpg,/home/z/my-project/Factory-AI/datasets/production/dfire/test/images/AoF07691.jpg,exact_duplicate_dhash_d0
/home/z/my-project/Factory-AI/datasets/production/dfire/train/images/AoF06367.jpg,/home/z/my-project/Factory-AI/datasets/production/dfire/test/images/AoF07691.jpg,exact_duplicate_dhash_d0
/home/z/my-project/Factory-AI/datasets/production/dfire/train/images/AoF06368.jpg,/home/z/my-project/Factory-AI/datasets/production/dfire/test/images/AoF07691.jpg,exact_duplicate_dhash_d0
/home/z/my-project/Factory-AI/datasets/production/dfire/train/images/AoF06369.jpg,/home/z/my-project/Factory-AI/datasets/production/dfire/test/images/AoF07691.jpg,exact_duplicate_dhash_d0
/home/z/my-project/Factory-AI/datasets/production/dfire/train/images/AoF06370.jpg,/home/z/my-project/Factory-AI/datasets/production/dfire/test/images/AoF07691.jpg,exact_duplicate_dhash_d0
/home/z/my-project/Factory-AI/datasets/production/dfire/train/images/AoF06371.jpg,/home/z/my-project/Factory-AI/datasets/production/dfire/test/images/AoF08284.jpg,exact_duplicate_dhash_d0
/home/z/my-project/Factory-AI/datasets/production/dfire/train/images/AoF06372.jpg,/home/z/my-project/Factory-AI/datasets/production/dfire/test/images/AoF08284.jpg,exact_duplicate_dhash_d0
/home/z/my-project/Factory-AI/datasets/production/dfire/train/images/AoF06373.jpg,/home/z/my-project/Factory-AI/datasets/production/dfire/test/images/AoF08284.jpg,exact_duplicate_dhash_d0
/home/z/my-project/Factory-AI/datasets/production/dfire/train/images/AoF06374.jpg,/home/z/my-project/Factory-AI/datasets/production/dfire/test/images/AoF08292.jpg,exact_duplicate_dhash_d0
/home/z/my-project/Factory-AI/datasets/production/dfire/train/images/AoF06375.jpg,/home/z/my-project/Factory-AI/datasets/production/dfire/test/images/AoF07691.jpg,exact_duplicate_dhash_d0
/home/z/my-project/Factory-AI/datasets/production/dfire/train/images/AoF06376.jpg,/home/z/my-project/Factory-AI/datasets/production/dfire/test/images/AoF07691.jpg,exact_duplicate_dhash_d0
/home/z/my-project/Factory-AI/datasets/production/dfire/train/images/AoF06377.jpg,/home/z/my-project/Factory-AI/datasets/production/dfire/test/images/AoF08304.jpg,exact_duplicate_dhash_d0
/home/z/my-project/Factory-AI/datasets/production/dfire/train/images/AoF06378.jpg,/home/z/my-project/Factory-AI/datasets/production/dfire/test/images/AoF08292.jpg,exact_duplicate_dhash_d0
/home/z/my-project/Factory-AI/datasets/production/dfire/train/images/AoF06379.jpg,/home/z/my-project/Factory-AI/datasets/production/dfire/test/images/AoF08292.jpg,exact_duplicate_dhash_d0
/home/z/my-project/Factory-AI/datasets/production/dfire/train/images/AoF06380.jpg,/home/z/my-project/Factory-AI/datasets/production/dfire/test/images/AoF08292.jpg,exact_duplicate_dhash_d0
/home/z/my-project/Factory-AI/datasets/production/dfire/train/images/AoF06381.jpg,/home/z/my-project/Factory-AI/datasets/production/dfire/test/images/AoF08307.jpg,exact_duplicate_dhash_d0
/home/z/my-project/Factory-AI/datasets/production/dfire/train/images/AoF06382.jpg,/home/z/my-project/Factory-AI/datasets/production/dfire/test/images/AoF07691.jpg,exact_duplicate_dhash_d0
/home/z/my-project/Factory-AI/datasets/production/dfire/train/images/AoF06383.jpg,/home/z/my-project/Factory-AI/datasets/production/dfire/test/images/AoF07673.jpg,exact_duplicate_dhash_d0
/home/z/my-project/Factory-AI/datasets/production/dfire/train/images/AoF06384.jpg,/home/z/my-project/Factory-AI/datasets/production/dfire/test/images/AoF07673.jpg,exact_duplicate_dhash_d0
/home/z/my-project/Factory-AI/datasets/production/dfire/train/images/AoF06385.jpg,/home/z/my-project/Factory-AI/datasets/production/dfire/test/images/AoF08289.jpg,exact_duplicate_dhash_d0
/home/z/my-project/Factory-AI/datasets/production/dfire/train/images/AoF06387.jpg,/home/z/my-project/Factory-AI/datasets/production/dfire/test/images/AoF08307.jpg,exact_duplicate_dhash_d0
/home/z/my-project/Factory-AI/datasets/production/dfire/train/images/AoF06388.jpg,/home/z/my-project/Factory-AI/datasets/production/dfire/train/images/AoF06386.jpg,exact_duplicate_dhash_d0
/home/z/my-project/Factory-AI/datasets/production/dfire/train/images/AoF06389.jpg,/home/z/my-project/Factory-AI/datasets/production/dfire/test/images/AoF08295.jpg,exact_duplicate_dhash_d0
/home/z/my-project/Factory-AI/datasets/production/dfire/train/images/AoF06393.jpg,/home/z/my-project/Factory-AI/datasets/production/dfire/test/images/AoF07691.jpg,exact_duplicate_dhash_d0
/home/z/my-project/Factory-AI/datasets/production/dfire/train/images/AoF06394.jpg,/home/z/my-project/Factory-AI/datasets/production/dfire/test/images/AoF07691.jpg,exact_duplicate_dhash_d0
/home/z/my-project/Factory-AI/datasets/production/dfire/train/images/AoF06395.jpg,/home/z/my-project/Factory-AI/datasets/production/dfire/test/images/AoF08292.jpg,exact_duplicate_dhash_d0
/home/z/my-project/Factory-AI/datasets/production/dfire/train/images/AoF06396.jpg,/home/z/my-project/Factory-AI/datasets/production/dfire/test/images/AoF08292.jpg,exact_duplicate_dhash_d0
/home/z/my-project/Factory-AI/datasets/production/dfire/train/images/AoF06397.jpg,/home/z/my-project/Factory-AI/datasets/production/dfire/test/images/AoF07691.jpg,exact_duplicate_dhash_d0
/home/z/my-project/Factory-AI/datasets/production/dfire/train/images/AoF06398.jpg,/home/z/my-project/Factory-AI/datasets/production/dfire/test/images/AoF07691.jpg,exact_duplicate_dhash_d0
/home/z/my-project/Factory-AI/datasets/production/dfire/train/images/AoF06399.jpg,/home/z/my-project/Factory-AI/datasets/production/dfire/test/images/AoF07691.jpg,exact_duplicate_dhash_d0
/home/z/my-project/Factory-AI/datasets/production/dfire/train/images/AoF06400.jpg,/home/z/my-project/Factory-AI/datasets/production/dfire/test/images/AoF07691.jpg,exact_duplicate_dhash_d0
/home/z/my-project/Factory-AI/datasets/production/dfire/train/images/AoF06401.jpg,/home/z/my-project/Factory-AI/datasets/production/dfire/test/images/AoF07691.jpg,exact_duplicate_dhash_d0
/home/z/my-project/Factory-AI/datasets/production/dfire/train/images/AoF06402.jpg,/home/z/my-project/Factory-AI/datasets/production/dfire/test/images/AoF07691.jpg,exact_duplicate_dhash_d0
/home/z/my-project/Factory-AI/datasets/production/dfire/train/images/AoF06403.jpg,/home/z/my-project/Factory-AI/datasets/production/dfire/test/images/AoF08299.jpg,exact_duplicate_dhash_d0
/home/z/my-project/Factory-AI/datasets/production/dfire/train/images/AoF06404.jpg,/home/z/my-project/Factory-AI/datasets/production/dfire/test/images/AoF08299.jpg,exact_duplicate_dhash_d0
/home/z/my-project/Factory-AI/datasets/production/dfire/train/images/AoF06408.jpg,/home/z/my-project/Factory-AI/datasets/production/dfire/train/images/AoF06406.jpg,exact_duplicate_dhash_d0
/home/z/my-project/Factory-AI/datasets/production/dfire/train/images/AoF06409.jpg,/home/z/my-project/Factory-AI/datasets/production/dfire/test/images/AoF08304.jpg,exact_duplicate_dhash_d0
/home/z/my-project/Factory-AI/datasets/production/dfire/train/images/AoF06410.jpg,/home/z/my-project/Factory-AI/datasets/production/dfire/test/images/AoF07691.jpg,exact_duplicate_dhash_d0
/home/z/my-project/Factory-AI/datasets/production/dfire/train/images/AoF06411.jpg,/home/z/my-project/Factory-AI/datasets/production/dfire/test/images/AoF07673.jpg,exact_duplicate_dhash_d0
/home/z/my-project/Factory-AI/datasets/production/dfire/train/images/AoF06412.jpg,/home/z/my-project/Factory-AI/datasets/production/dfire/test/images/AoF07673.jpg,exact_duplicate_dhash_d0
/home/z/my-project/Factory-AI/datasets/production/dfire/train/images/AoF06413.jpg,/home/z/my-project/Factory-AI/datasets/production/dfire/test/images/AoF08304.jpg,exact_duplicate_dhash_d0
/home/z/my-project/Factory-AI/datasets/production/dfire/train/images/AoF06414.jpg,/home/z/my-project/Factory-AI/datasets/production/dfire/test/images/AoF07691.jpg,exact_duplicate_dhash_d0
/home/z/my-project/Factory-AI/datasets/production/dfire/train/images/AoF06416.jpg,/home/z/my-project/Factory-AI/datasets/production/dfire/train/images/AoF06415.jpg,exact_duplicate_dhash_d0
/home/z/my-project/Factory-AI/datasets/production/dfire/train/images/AoF06417.jpg,/home/z/my-project/Factory-AI/datasets/production/dfire/train/images/AoF06415.jpg,exact_duplicate_dhash_d0
/home/z/my-project/Factory-AI/datasets/production/dfire/train/images/AoF06418.jpg,/home/z/my-project/Factory-AI/datasets/production/dfire/test/images/AoF08284.jpg,exact_duplicate_dhash_d0
/home/z/my-project/Factory-AI/datasets/production/dfire/train/images/AoF06422.jpg,/home/z/my-project/Factory-AI/datasets/production/dfire/train/images/AoF06420.jpg,exact_duplicate_dhash_d0
/home/z/my-project/Factory-AI/datasets/production/dfire/train/images/AoF06424.jpg,/home/z/my-project/Factory-AI/datasets/production/dfire/train/images/AoF06423.jpg,exact_duplicate_dhash_d0
/home/z/my-project/Factory-AI/datasets/production/dfire/train/images/AoF06425.jpg,/home/z/my-project/Factory-AI/datasets/production/dfire/test/images/AoF07691.jpg,exact_duplicate_dhash_d0
/home/z/my-project/Factory-AI/datasets/production/dfire/train/images/AoF06426.jpg,/home/z/my-project/Factory-AI/datasets/production/dfire/test/images/AoF08307.jpg,exact_duplicate_dhash_d0
/home/z/my-project/Factory-AI/datasets/production/dfire/train/images/AoF06427.jpg,/home/z/my-project/Factory-AI/datasets/production/dfire/test/images/AoF07691.jpg,exact_duplicate_dhash_d0
/home/z/my-project/Factory-AI/datasets/production/dfire/train/images/AoF06428.jpg,/home/z/my-project/Factory-AI/datasets/production/dfire/train/images/AoF06419.jpg,exact_duplicate_dhash_d0
/home/z/my-project/Factory-AI/datasets/production/dfire/train/images/AoF06429.jpg,/home/z/my-project/Factory-AI/datasets/production/dfire/train/images/AoF06419.jpg,exact_duplicate_dhash_d0
/home/z/my-project/Factory-AI/datasets/production/dfire/train/images/AoF06431.jpg,/home/z/my-project/Factory-AI/datasets/production/dfire/test/images/AoF08292.jpg,exact_duplicate_dhash_d0
/home/z/my-project/Factory-AI/datasets/production/dfire/train/images/AoF06432.jpg,/home/z/my-project/Factory-AI/datasets/production/dfire/test/images/AoF08309.jpg,exact_duplicate_dhash_d0
/home/z/my-project/Factory-AI/datasets/production/dfire/train/images/AoF06434.jpg,/home/z/my-project/Factory-AI/datasets/production/dfire/test/images/AoF08289.jpg,exact_duplicate_dhash_d0
/home/z/my-project/Factory-AI/datasets/production/dfire/train/images/AoF06435.jpg,/home/z/my-project/Factory-AI/datasets/production/dfire/train/images/AoF03796.jpg,exact_duplicate_dhash_d0
/home/z/my-project/Factory-AI/datasets/production/dfire/train/images/AoF06436.jpg,/home/z/my-project/Factory-AI/datasets/production/dfire/test/images/AoF07691.jpg,exact_duplicate_dhash_d0
/home/z/my-project/Factory-AI/datasets/production/dfire/train/images/AoF06437.jpg,/home/z/my-project/Factory-AI/datasets/production/dfire/test/images/AoF07691.jpg,exact_duplicate_dhash_d0
/home/z/my-project/Factory-AI/datasets/production/dfire/train/images/AoF06439.jpg,/home/z/my-project/Factory-AI/datasets/production/dfire/train/images/AoF06363.jpg,exact_duplicate_dhash_d0
/home/z/my-project/Factory-AI/datasets/production/dfire/train/images/AoF06440.jpg,/home/z/my-project/Factory-AI/datasets/production/dfire/test/images/AoF08301.jpg,exact_duplicate_dhash_d0
/home/z/my-project/Factory-AI/datasets/production/dfire/train/images/AoF06442.jpg,/home/z/my-project/Factory-AI/datasets/production/dfire/train/images/AoF06441.jpg,exact_duplicate_dhash_d0
/home/z/my-project/Factory-AI/datasets/production/dfire/train/images/AoF06444.jpg,/home/z/my-project/Factory-AI/datasets/production/dfire/test/images/AoF08312.jpg,exact_duplicate_dhash_d0
/home/z/my-project/Factory-AI/datasets/production/dfire/train/images/AoF06445.jpg,/home/z/my-project/Factory-AI/datasets/production/dfire/train/images/AoF06415.jpg,exact_duplicate_dhash_d0
/home/z/my-project/Factory-AI/datasets/production/dfire/train/images/AoF06446.jpg,/home/z/my-project/Factory-AI/datasets/production/dfire/train/images/AoF06415.jpg,exact_duplicate_dhash_d0
/home/z/my-project/Factory-AI/datasets/production/dfire/train/images/AoF06447.jpg,/home/z/my-project/Factory-AI/datasets/production/dfire/train/images/AoF06415.jpg,exact_duplicate_dhash_d0
/home/z/my-project/Factory-AI/datasets/production/dfire/train/images/AoF06448.jpg,/home/z/my-project/Factory-AI/datasets/production/dfire/train/images/AoF06363.jpg,exact_duplicate_dhash_d0
/home/z/my-project/Factory-AI/datasets/production/dfire/train/images/AoF06449.jpg,/home/z/my-project/Factory-AI/datasets/production/dfire/train/images/AoF06363.jpg,exact_duplicate_dhash_d0
/home/z/my-project/Factory-AI/datasets/production/dfire/train/images/AoF06450.jpg,/home/z/my-project/Factory-AI/datasets/production/dfire/test/images/AoF07691.jpg,exact_duplicate_dhash_d0
/home/z/my-project/Factory-AI/datasets/production/dfire/train/images/AoF06453.jpg,/home/z/my-project/Factory-AI/datasets/production/dfire/test/images/AoF08307.jpg,exact_duplicate_dhash_d0
/home/z/my-project/Factory-AI/datasets/production/dfire/train/images/AoF06454.jpg,/home/z/my-project/Factory-AI/datasets/production/dfire/test/images/AoF08307.jpg,exact_duplicate_dhash_d0
/home/z/my-project/Factory-AI/datasets/production/dfire/train/images/AoF06456.jpg,/home/z/my-project/Factory-AI/datasets/production/dfire/test/images/AoF08315.jpg,exact_duplicate_dhash_d0
/home/z/my-project/Factory-AI/datasets/production/dfire/train/images/AoF06457.jpg,/home/z/my-project/Factory-AI/datasets/production/dfire/test/images/AoF08284.jpg,exact_duplicate_dhash_d0
/home/z/my-project/Factory-AI/datasets/production/dfire/train/images/AoF06458.jpg,/home/z/my-project/Factory-AI/datasets/production/dfire/test/images/AoF08284.jpg,exact_duplicate_dhash_d0
/home/z/my-project/Factory-AI/datasets/production/dfire/train/images/AoF06459.jpg,/home/z/my-project/Factory-AI/datasets/production/dfire/test/images/AoF08284.jpg,exact_duplicate_dhash_d0
/home/z/my-project/Factory-AI/datasets/production/dfire/train/images/AoF06462.jpg,/home/z/my-project/Factory-AI/datasets/production/dfire/train/images/AoF06460.jpg,exact_duplicate_dhash_d0
/home/z/my-project/Factory-AI/datasets/production/dfire/train/images/AoF06463.jpg,/home/z/my-project/Factory-AI/datasets/production/dfire/train/images/AoF06433.jpg,exact_duplicate_dhash_d0
/home/z/my-project/Factory-AI/datasets/production/dfire/train/images/AoF06464.jpg,/home/z/my-project/Factory-AI/datasets/production/dfire/train/images/AoF06433.jpg,exact_duplicate_dhash_d0
/home/z/my-project/Factory-AI/datasets/production/dfire/train/images/AoF06465.jpg,/home/z/my-project/Factory-AI/datasets/production/dfire/test/images/AoF08318.jpg,exact_duplicate_dhash_d0
/home/z/my-project/Factory-AI/datasets/production/dfire/train/images/AoF06466.jpg,/home/z/my-project/Factory-AI/datasets/production/dfire/test/images/AoF08317.jpg,exact_duplicate_dhash_d0
/home/z/my-project/Factory-AI/datasets/production/dfire/train/images/AoF06467.jpg,/home/z/my-project/Factory-AI/datasets/production/dfire/test/images/AoF08317.jpg,exact_duplicate_dhash_d0
/home/z/my-project/Factory-AI/datasets/production/dfire/train/images/AoF06468.jpg,/home/z/my-project/Factory-AI/datasets/production/dfire/train/images/AoF06419.jpg,exact_duplicate_dhash_d0
/home/z/my-project/Factory-AI/datasets/production/dfire/train/images/AoF06469.jpg,/home/z/my-project/Factory-AI/datasets/production/dfire/train/images/AoF06419.jpg,exact_duplicate_dhash_d0
/home/z/my-project/Factory-AI/datasets/production/dfire/train/images/AoF06470.jpg,/home/z/my-project/Factory-AI/datasets/production/dfire/test/images/AoF08319.jpg,exact_duplicate_dhash_d0
/home/z/my-project/Factory-AI/datasets/production/dfire/train/images/AoF06472.jpg,/home/z/my-project/Factory-AI/datasets/production/dfire/test/images/AoF08319.jpg,exact_duplicate_dhash_d0
/home/z/my-project/Factory-AI/datasets/production/dfire/train/images/AoF06474.jpg,/home/z/my-project/Factory-AI/datasets/production/dfire/train/images/AoF06473.jpg,exact_duplicate_dhash_d0
/home/z/my-project/Factory-AI/datasets/production/dfire/train/images/AoF06475.jpg,/home/z/my-project/Factory-AI/datasets/production/dfire/test/images/AoF08319.jpg,exact_duplicate_dhash_d0
/home/z/my-project/Factory-AI/datasets/production/dfire/train/images/AoF06476.jpg,/home/z/my-project/Factory-AI/datasets/production/dfire/test/images/AoF07682.jpg,exact_duplicate_dhash_d0
/home/z/my-project/Factory-AI/datasets/production/dfire/train/images/AoF06477.jpg,/home/z/my-project/Factory-AI/datasets/production/dfire/train/images/AoF00491.jpg,exact_duplicate_dhash_d0
/home/z/my-project/Factory-AI/datasets/production/dfire/train/images/AoF06478.jpg,/home/z/my-project/Factory-AI/datasets/production/dfire/train/images/AoF00491.jpg,exact_duplicate_dhash_d0
/home/z/my-project/Factory-AI/datasets/production/dfire/train/images/AoF06481.jpg,/home/z/my-project/Factory-AI/datasets/production/dfire/test/images/AoF08322.jpg,exact_duplicate_dhash_d0
/home/z/my-project/Factory-AI/datasets/production/dfire/train/images/AoF06482.jpg,/home/z/my-project/Factory-AI/datasets/production/dfire/test/images/AoF08322.jpg,exact_duplicate_dhash_d0
/home/z/my-project/Factory-AI/datasets/production/dfire/train/images/AoF06483.jpg,/home/z/my-project/Factory-AI/datasets/production/dfire/train/images/AoF00491.jpg,exact_duplicate_dhash_d0
/home/z/my-project/Factory-AI/datasets/production/dfire/train/images/AoF06484.jpg,/home/z/my-project/Factory-AI/datasets/production/dfire/train/images/AoF00491.jpg,exact_duplicate_dhash_d0
/home/z/my-project/Factory-AI/datasets/production/dfire/train/images/AoF06485.jpg,/home/z/my-project/Factory-AI/datasets/production/dfire/test/images/AoF08336.jpg,exact_duplicate_dhash_d0
/home/z/my-project/Factory-AI/datasets/production/dfire/train/images/AoF06487.jpg,/home/z/my-project/Factory-AI/datasets/production/dfire/train/images/AoF06486.jpg,exact_duplicate_dhash_d0
/home/z/my-project/Factory-AI/datasets/production/dfire/train/images/AoF06489.jpg,/home/z/my-project/Factory-AI/datasets/production/dfire/train/images/AoF06488.jpg,exact_duplicate_dhash_d0
/home/z/my-project/Factory-AI/datasets/production/dfire/train/images/AoF06491.jpg,/home/z/my-project/Factory-AI/datasets/production/dfire/test/images/AoF08324.jpg,exact_duplicate_dhash_d0
/home/z/my-project/Factory-AI/datasets/production/dfire/train/images/AoF06492.jpg,/home/z/my-project/Factory-AI/datasets/production/dfire/test/images/AoF08325.jpg,exact_duplicate_dhash_d0
/home/z/my-project/Factory-AI/datasets/production/dfire/train/images/AoF06493.jpg,/home/z/my-project/Factory-AI/datasets/production/dfire/test/images/AoF08330.jpg,exact_duplicate_dhash_d0
/home/z/my-project/Factory-AI/datasets/production/dfire/train/images/AoF06497.jpg,/home/z/my-project/Factory-AI/datasets/production/dfire/train/images/AoF00491.jpg,exact_duplicate_dhash_d0
/home/z/my-project/Factory-AI/datasets/production/dfire/train/images/AoF06498.jpg,/home/z/my-project/Factory-AI/datasets/production/dfire/test/images/AoF08330.jpg,exact_duplicate_dhash_d0
/home/z/my-project/Factory-AI/datasets/production/dfire/train/images/AoF06499.jpg,/home/z/my-project/Factory-AI/datasets/production/dfire/test/images/AoF08330.jpg,exact_duplicate_dhash_d0
/home/z/my-project/Factory-AI/datasets/production/dfire/train/images/AoF06504.jpg,/home/z/my-project/Factory-AI/datasets/production/dfire/train/images/AoF06503.jpg,exact_duplicate_dhash_d0
/home/z/my-project/Factory-AI/datasets/production/dfire/train/images/AoF06507.jpg,/home/z/my-project/Factory-AI/datasets/production/dfire/train/images/AoF06506.jpg,exact_duplicate_dhash_d0
/home/z/my-project/Factory-AI/datasets/production/dfire/train/images/AoF06508.jpg,/home/z/my-project/Factory-AI/datasets/production/dfire/train/images/AoF06390.jpg,exact_duplicate_dhash_d0
/home/z/my-project/Factory-AI/datasets/production/dfire/train/images/AoF06509.jpg,/home/z/my-project/Factory-AI/datasets/production/dfire/train/images/AoF06390.jpg,exact_duplicate_dhash_d0
/home/z/my-project/Factory-AI/datasets/production/dfire/train/images/AoF06510.jpg,/home/z/my-project/Factory-AI/datasets/production/dfire/train/images/AoF06390.jpg,exact_duplicate_dhash_d0
/home/z/my-project/Factory-AI/datasets/production/dfire/train/images/AoF06519.jpg,/home/z/my-project/Factory-AI/datasets/production/dfire/test/images/AoF08333.jpg,exact_duplicate_dhash_d0
/home/z/my-project/Factory-AI/datasets/production/dfire/train/images/AoF06520.jpg,/home/z/my-project/Factory-AI/datasets/production/dfire/test/images/AoF07698.jpg,exact_duplicate_dhash_d0
/home/z/my-project/Factory-AI/datasets/production/dfire/train/images/AoF06521.jpg,/home/z/my-project/Factory-AI/datasets/production/dfire/test/images/AoF07698.jpg,exact_duplicate_dhash_d0
/home/z/my-project/Factory-AI/datasets/production/dfire/train/images/AoF06522.jpg,/home/z/my-project/Factory-AI/datasets/production/dfire/test/images/AoF08333.jpg,exact_duplicate_dhash_d0
/home/z/my-project/Factory-AI/datasets/production/dfire/train/images/AoF06523.jpg,/home/z/my-project/Factory-AI/datasets/production/dfire/test/images/AoF08333.jpg,exact_duplicate_dhash_d0
/home/z/my-project/Factory-AI/datasets/production/dfire/train/images/AoF06524.jpg,/home/z/my-project/Factory-AI/datasets/production/dfire/test/images/AoF08336.jpg,exact_duplicate_dhash_d0
/home/z/my-project/Factory-AI/datasets/production/dfire/train/images/AoF06525.jpg,/home/z/my-project/Factory-AI/datasets/production/dfire/train/images/AoF00491.jpg,exact_duplicate_dhash_d0
/home/z/my-project/Factory-AI/datasets/production/dfire/train/images/AoF06526.jpg,/home/z/my-project/Factory-AI/datasets/production/dfire/train/images/AoF00207.jpg,exact_duplicate_dhash_d0
/home/z/my-project/Factory-AI/datasets/production/dfire/train/images/AoF06527.jpg,/home/z/my-project/Factory-AI/datasets/production/dfire/train/images/AoF00491.jpg,exact_duplicate_dhash_d0
/home/z/my-project/Factory-AI/datasets/production/dfire/train/images/AoF06529.jpg,/home/z/my-project/Factory-AI/datasets/production/dfire/train/images/AoF06528.jpg,exact_duplicate_dhash_d0
/home/z/my-project/Factory-AI/datasets/production/dfire/train/images/AoF06530.jpg,/home/z/my-project/Factory-AI/datasets/production/dfire/test/images/AoF08337.jpg,exact_duplicate_dhash_d0
/home/z/my-project/Factory-AI/datasets/production/dfire/train/images/AoF06533.jpg,/home/z/my-project/Factory-AI/datasets/production/dfire/train/images/AoF06532.jpg,exact_duplicate_dhash_d0
/home/z/my-project/Factory-AI/datasets/production/dfire/train/images/AoF06534.jpg,/home/z/my-project/Factory-AI/datasets/production/dfire/train/images/AoF06532.jpg,exact_duplicate_dhash_d0
/home/z/my-project/Factory-AI/datasets/production/dfire/train/images/AoF06536.jpg,/home/z/my-project/Factory-AI/datasets/production/dfire/train/images/AoF06535.jpg,exact_duplicate_dhash_d0
/home/z/my-project/Factory-AI/datasets/production/dfire/train/images/AoF06537.jpg,/home/z/my-project/Factory-AI/datasets/production/dfire/train/images/AoF06535.jpg,exact_duplicate_dhash_d0
/home/z/my-project/Factory-AI/datasets/production/dfire/train/images/AoF06540.jpg,/home/z/my-project/Factory-AI/datasets/production/dfire/train/images/AoF06538.jpg,exact_duplicate_dhash_d0
/home/z/my-project/Factory-AI/datasets/production/dfire/train/images/AoF06542.jpg,/home/z/my-project/Factory-AI/datasets/production/dfire/train/images/AoF06528.jpg,exact_duplicate_dhash_d0
/home/z/my-project/Factory-AI/datasets/production/dfire/train/images/AoF06543.jpg,/home/z/my-project/Factory-AI/datasets/production/dfire/train/images/AoF06541.jpg,exact_duplicate_dhash_d0
/home/z/my-project/Factory-AI/datasets/production/dfire/train/images/AoF06544.jpg,/home/z/my-project/Factory-AI/datasets/production/dfire/train/images/AoF00491.jpg,exact_duplicate_dhash_d0
/home/z/my-project/Factory-AI/datasets/production/dfire/train/images/AoF06545.jpg,/home/z/my-project/Factory-AI/datasets/production/dfire/train/images/AoF00491.jpg,exact_duplicate_dhash_d0
/home/z/my-project/Factory-AI/datasets/production/dfire/train/images/AoF06546.jpg,/home/z/my-project/Factory-AI/datasets/production/dfire/train/images/AoF00491.jpg,exact_duplicate_dhash_d0
/home/z/my-project/Factory-AI/datasets/production/dfire/train/images/AoF06547.jpg,/home/z/my-project/Factory-AI/datasets/production/dfire/test/images/AoF08336.jpg,exact_duplicate_dhash_d0
/home/z/my-project/Factory-AI/datasets/production/dfire/train/images/AoF06550.jpg,/home/z/my-project/Factory-AI/datasets/production/dfire/test/images/AoF08340.jpg,exact_duplicate_dhash_d0
/home/z/my-project/Factory-AI/datasets/production/dfire/train/images/AoF06551.jpg,/home/z/my-project/Factory-AI/datasets/production/dfire/test/images/AoF08340.jpg,exact_duplicate_dhash_d0
/home/z/my-project/Factory-AI/datasets/production/dfire/train/images/AoF06553.jpg,/home/z/my-project/Factory-AI/datasets/production/dfire/train/images/AoF06552.jpg,exact_duplicate_dhash_d0
/home/z/my-project/Factory-AI/datasets/production/dfire/train/images/AoF06555.jpg,/home/z/my-project/Factory-AI/datasets/production/dfire/test/images/AoF08341.jpg,exact_duplicate_dhash_d0
/home/z/my-project/Factory-AI/datasets/production/dfire/train/images/AoF06556.jpg,/home/z/my-project/Factory-AI/datasets/production/dfire/test/images/AoF08341.jpg,exact_duplicate_dhash_d0
/home/z/my-project/Factory-AI/datasets/production/dfire/train/images/AoF06557.jpg,/home/z/my-project/Factory-AI/datasets/production/dfire/test/images/AoF08340.jpg,exact_duplicate_dhash_d0
/home/z/my-project/Factory-AI/datasets/production/dfire/train/images/AoF06558.jpg,/home/z/my-project/Factory-AI/datasets/production/dfire/test/images/AoF08340.jpg,exact_duplicate_dhash_d0
/home/z/my-project/Factory-AI/datasets/production/dfire/train/images/AoF06559.jpg,/home/z/my-project/Factory-AI/datasets/production/dfire/test/images/AoF08343.jpg,exact_duplicate_dhash_d0
/home/z/my-project/Factory-AI/datasets/production/dfire/train/images/AoF06561.jpg,/home/z/my-project/Factory-AI/datasets/production/dfire/test/images/AoF08340.jpg,exact_duplicate_dhash_d0
/home/z/my-project/Factory-AI/datasets/production/dfire/train/images/AoF06566.jpg,/home/z/my-project/Factory-AI/datasets/production/dfire/test/images/AoF08342.jpg,exact_duplicate_dhash_d0
/home/z/my-project/Factory-AI/datasets/production/dfire/train/images/AoF06567.jpg,/home/z/my-project/Factory-AI/datasets/production/dfire/test/images/AoF08342.jpg,exact_duplicate_dhash_d0
/home/z/my-project/Factory-AI/datasets/production/dfire/train/images/AoF06568.jpg,/home/z/my-project/Factory-AI/datasets/production/dfire/test/images/AoF08342.jpg,exact_duplicate_dhash_d0
/home/z/my-project/Factory-AI/datasets/production/dfire/train/images/AoF06571.jpg,/home/z/my-project/Factory-AI/datasets/production/dfire/train/images/AoF06552.jpg,exact_duplicate_dhash_d0
/home/z/my-project/Factory-AI/datasets/production/dfire/train/images/AoF06572.jpg,/home/z/my-project/Factory-AI/datasets/production/dfire/train/images/AoF06552.jpg,exact_duplicate_dhash_d0
/home/z/my-project/Factory-AI/datasets/production/dfire/train/images/AoF06573.jpg,/home/z/my-project/Factory-AI/datasets/production/dfire/train/images/AoF06552.jpg,exact_duplicate_dhash_d0
/home/z/my-project/Factory-AI/datasets/production/dfire/train/images/AoF06578.jpg,/home/z/my-project/Factory-AI/datasets/production/dfire/test/images/AoF08349.jpg,exact_duplicate_dhash_d0
/home/z/my-project/Factory-AI/datasets/production/dfire/train/images/AoF06580.jpg,/home/z/my-project/Factory-AI/datasets/production/dfire/train/images/AoF06579.jpg,exact_duplicate_dhash_d0
/home/z/my-project/Factory-AI/datasets/production/dfire/train/images/AoF06583.jpg,/home/z/my-project/Factory-AI/datasets/production/dfire/train/images/AoF06582.jpg,exact_duplicate_dhash_d0
/home/z/my-project/Factory-AI/datasets/production/dfire/train/images/AoF06584.jpg,/home/z/my-project/Factory-AI/datasets/production/dfire/test/images/AoF08340.jpg,exact_duplicate_dhash_d0
/home/z/my-project/Factory-AI/datasets/production/dfire/train/images/AoF06585.jpg,/home/z/my-project/Factory-AI/datasets/production/dfire/test/images/AoF08340.jpg,exact_duplicate_dhash_d0
/home/z/my-project/Factory-AI/datasets/production/dfire/train/images/AoF06586.jpg,/home/z/my-project/Factory-AI/datasets/production/dfire/test/images/AoF08340.jpg,exact_duplicate_dhash_d0
/home/z/my-project/Factory-AI/datasets/production/dfire/train/images/AoF06596.jpg,/home/z/my-project/Factory-AI/datasets/production/dfire/train/images/AoF06595.jpg,exact_duplicate_dhash_d0
/home/z/my-project/Factory-AI/datasets/production/dfire/train/images/AoF06599.jpg,/home/z/my-project/Factory-AI/datasets/production/dfire/train/images/AoF06598.jpg,exact_duplicate_dhash_d0
/home/z/my-project/Factory-AI/datasets/production/dfire/train/images/AoF06606.jpg,/home/z/my-project/Factory-AI/datasets/production/dfire/train/images/AoF06605.jpg,exact_duplicate_dhash_d0
/home/z/my-project/Factory-AI/datasets/production/dfire/train/images/AoF06607.jpg,/home/z/my-project/Factory-AI/datasets/production/dfire/test/images/AoF08355.jpg,exact_duplicate_dhash_d0
/home/z/my-project/Factory-AI/datasets/production/dfire/train/images/AoF06608.jpg,/home/z/my-project/Factory-AI/datasets/production/dfire/test/images/AoF08355.jpg,exact_duplicate_dhash_d0
/home/z/my-project/Factory-AI/datasets/production/dfire/train/images/AoF06609.jpg,/home/z/my-project/Factory-AI/datasets/production/dfire/test/images/AoF08356.jpg,exact_duplicate_dhash_d0
/home/z/my-project/Factory-AI/datasets/production/dfire/train/images/AoF06610.jpg,/home/z/my-project/Factory-AI/datasets/production/dfire/test/images/AoF08356.jpg,exact_duplicate_dhash_d0
/home/z/my-project/Factory-AI/datasets/production/dfire/train/images/AoF06611.jpg,/home/z/my-project/Factory-AI/datasets/production/dfire/test/images/AoF08325.jpg,exact_duplicate_dhash_d0
/home/z/my-project/Factory-AI/datasets/production/dfire/train/images/AoF06616.jpg,/home/z/my-project/Factory-AI/datasets/production/dfire/train/images/AoF06615.jpg,exact_duplicate_dhash_d0
/home/z/my-project/Factory-AI/datasets/production/dfire/train/images/AoF06617.jpg,/home/z/my-project/Factory-AI/datasets/production/dfire/train/images/AoF06615.jpg,exact_duplicate_dhash_d0
/home/z/my-project/Factory-AI/datasets/production/dfire/train/images/AoF06625.jpg,/home/z/my-project/Factory-AI/datasets/production/dfire/train/images/AoF00555.jpg,exact_duplicate_dhash_d0
/home/z/my-project/Factory-AI/datasets/production/dfire/train/images/AoF06626.jpg,/home/z/my-project/Factory-AI/datasets/production/dfire/train/images/AoF00555.jpg,exact_duplicate_dhash_d0
/home/z/my-project/Factory-AI/datasets/production/dfire/train/images/AoF06627.jpg,/home/z/my-project/Factory-AI/datasets/production/dfire/train/images/AoF00555.jpg,exact_duplicate_dhash_d0
/home/z/my-project/Factory-AI/datasets/production/dfire/train/images/AoF06638.jpg,/home/z/my-project/Factory-AI/datasets/production/dfire/train/images/AoF06637.jpg,exact_duplicate_dhash_d0
/home/z/my-project/Factory-AI/datasets/production/dfire/train/images/AoF06643.jpg,/home/z/my-project/Factory-AI/datasets/production/dfire/train/images/AoF00553.jpg,exact_duplicate_dhash_d0
/home/z/my-project/Factory-AI/datasets/production/dfire/train/images/AoF06644.jpg,/home/z/my-project/Factory-AI/datasets/production/dfire/train/images/AoF03995.jpg,exact_duplicate_dhash_d0
/home/z/my-project/Factory-AI/datasets/production/dfire/train/images/AoF06645.jpg,/home/z/my-project/Factory-AI/datasets/production/dfire/train/images/AoF03995.jpg,exact_duplicate_dhash_d0
/home/z/my-project/Factory-AI/datasets/production/dfire/train/images/AoF06650.jpg,/home/z/my-project/Factory-AI/datasets/production/dfire/train/images/AoF06649.jpg,exact_duplicate_dhash_d0
/home/z/my-project/Factory-AI/datasets/production/dfire/train/images/AoF06656.jpg,/home/z/my-project/Factory-AI/datasets/production/dfire/train/images/AoF06655.jpg,exact_duplicate_dhash_d0
/home/z/my-project/Factory-AI/datasets/production/dfire/train/images/AoF06667.jpg,/home/z/my-project/Factory-AI/datasets/production/dfire/train/images/AoF06666.jpg,exact_duplicate_dhash_d0
/home/z/my-project/Factory-AI/datasets/production/dfire/train/images/AoF06668.jpg,/home/z/my-project/Factory-AI/datasets/production/dfire/test/images/AoF08374.jpg,exact_duplicate_dhash_d0
/home/z/my-project/Factory-AI/datasets/production/dfire/train/images/AoF06669.jpg,/home/z/my-project/Factory-AI/datasets/production/dfire/test/images/AoF08374.jpg,exact_duplicate_dhash_d0
/home/z/my-project/Factory-AI/datasets/production/dfire/train/images/AoF06689.jpg,/home/z/my-project/Factory-AI/datasets/production/dfire/train/images/AoF06688.jpg,exact_duplicate_dhash_d0
/home/z/my-project/Factory-AI/datasets/production/dfire/train/images/AoF06699.jpg,/home/z/my-project/Factory-AI/datasets/production/dfire/train/images/AoF06697.jpg,exact_duplicate_dhash_d0
/home/z/my-project/Factory-AI/datasets/production/dfire/train/images/AoF06705.jpg,/home/z/my-project/Factory-AI/datasets/production/dfire/train/images/AoF06704.jpg,exact_duplicate_dhash_d0
/home/z/my-project/Factory-AI/datasets/production/dfire/train/images/AoF06706.jpg,/home/z/my-project/Factory-AI/datasets/production/dfire/test/images/AoF08355.jpg,exact_duplicate_dhash_d0
/home/z/my-project/Factory-AI/datasets/production/dfire/train/images/AoF06715.jpg,/home/z/my-project/Factory-AI/datasets/production/dfire/train/images/AoF06714.jpg,exact_duplicate_dhash_d0
/home/z/my-project/Factory-AI/datasets/production/dfire/train/images/AoF06717.jpg,/home/z/my-project/Factory-AI/datasets/production/dfire/test/images/AoF08380.jpg,exact_duplicate_dhash_d0
/home/z/my-project/Factory-AI/datasets/production/dfire/train/images/AoF06719.jpg,/home/z/my-project/Factory-AI/datasets/production/dfire/train/images/AoF06718.jpg,exact_duplicate_dhash_d0
/home/z/my-project/Factory-AI/datasets/production/dfire/train/images/AoF06721.jpg,/home/z/my-project/Factory-AI/datasets/production/dfire/train/images/AoF06648.jpg,exact_duplicate_dhash_d0
/home/z/my-project/Factory-AI/datasets/production/dfire/train/images/AoF06722.jpg,/home/z/my-project/Factory-AI/datasets/production/dfire/train/images/AoF06720.jpg,exact_duplicate_dhash_d0
/home/z/my-project/Factory-AI/datasets/production/dfire/train/images/PublicDataset00029.jpg,/home/z/my-project/Factory-AI/datasets/production/dfire/test/images/PublicDataset01060.jpg,exact_duplicate_dhash_d0
/home/z/my-project/Factory-AI/datasets/production/dfire/train/images/PublicDataset00038.jpg,/home/z/my-project/Factory-AI/datasets/production/dfire/train/images/PublicDataset00036.jpg,exact_duplicate_dhash_d0
/home/z/my-project/Factory-AI/datasets/production/dfire/train/images/PublicDataset00045.jpg,/home/z/my-project/Factory-AI/datasets/production/dfire/test/images/PublicDataset01063.jpg,exact_duplicate_dhash_d0
/home/z/my-project/Factory-AI/datasets/production/dfire/train/images/PublicDataset00046.jpg,/home/z/my-project/Factory-AI/datasets/production/dfire/test/images/PublicDataset01064.jpg,exact_duplicate_dhash_d0
/home/z/my-project/Factory-AI/datasets/production/dfire/train/images/PublicDataset00050.jpg,/home/z/my-project/Factory-AI/datasets/production/dfire/train/images/PublicDataset00049.jpg,exact_duplicate_dhash_d0
/home/z/my-project/Factory-AI/datasets/production/dfire/train/images/PublicDataset00051.jpg,/home/z/my-project/Factory-AI/datasets/production/dfire/test/images/PublicDataset01069.jpg,exact_duplicate_dhash_d0
/home/z/my-project/Factory-AI/datasets/production/dfire/train/images/PublicDataset00100.jpg,/home/z/my-project/Factory-AI/datasets/production/dfire/train/images/PublicDataset00099.jpg,exact_duplicate_dhash_d0
/home/z/my-project/Factory-AI/datasets/production/dfire/train/images/PublicDataset00104.jpg,/home/z/my-project/Factory-AI/datasets/production/dfire/train/images/PublicDataset00103.jpg,exact_duplicate_dhash_d0
/home/z/my-project/Factory-AI/datasets/production/dfire/train/images/PublicDataset00206.jpg,/home/z/my-project/Factory-AI/datasets/production/dfire/test/images/PublicDataset01110.jpg,exact_duplicate_dhash_d0
/home/z/my-project/Factory-AI/datasets/production/dfire/train/images/PublicDataset00216.jpg,/home/z/my-project/Factory-AI/datasets/production/dfire/test/images/PublicDataset01120.jpg,exact_duplicate_dhash_d0
/home/z/my-project/Factory-AI/datasets/production/dfire/train/images/PublicDataset00229.jpg,/home/z/my-project/Factory-AI/datasets/production/dfire/test/images/PublicDataset01120.jpg,exact_duplicate_dhash_d0
/home/z/my-project/Factory-AI/datasets/production/dfire/train/images/PublicDataset00252.jpg,/home/z/my-project/Factory-AI/datasets/production/dfire/test/images/PublicDataset01130.jpg,exact_duplicate_dhash_d0
/home/z/my-project/Factory-AI/datasets/production/dfire/train/images/PublicDataset00253.jpg,/home/z/my-project/Factory-AI/datasets/production/dfire/test/images/PublicDataset01130.jpg,exact_duplicate_dhash_d0
/home/z/my-project/Factory-AI/datasets/production/dfire/train/images/PublicDataset00287.jpg,/home/z/my-project/Factory-AI/datasets/production/dfire/test/images/WEB09448.jpg,exact_duplicate_dhash_d0
/home/z/my-project/Factory-AI/datasets/production/dfire/train/images/PublicDataset00306.jpg,/home/z/my-project/Factory-AI/datasets/production/dfire/test/images/PublicDataset01157.jpg,exact_duplicate_dhash_d0
/home/z/my-project/Factory-AI/datasets/production/dfire/train/images/PublicDataset00327.jpg,/home/z/my-project/Factory-AI/datasets/production/dfire/train/images/PublicDataset00312.jpg,exact_duplicate_dhash_d0
/home/z/my-project/Factory-AI/datasets/production/dfire/train/images/PublicDataset00335.jpg,/home/z/my-project/Factory-AI/datasets/production/dfire/train/images/PublicDataset00334.jpg,exact_duplicate_dhash_d0
/home/z/my-project/Factory-AI/datasets/production/dfire/train/images/PublicDataset00345.jpg,/home/z/my-project/Factory-AI/datasets/production/dfire/train/images/PublicDataset00344.jpg,exact_duplicate_dhash_d0
/home/z/my-project/Factory-AI/datasets/production/dfire/train/images/PublicDataset00350.jpg,/home/z/my-project/Factory-AI/datasets/production/dfire/train/images/PublicDataset00349.jpg,exact_duplicate_dhash_d0
/home/z/my-project/Factory-AI/datasets/production/dfire/train/images/PublicDataset00352.jpg,/home/z/my-project/Factory-AI/datasets/production/dfire/test/images/PublicDataset01161.jpg,exact_duplicate_dhash_d0
/home/z/my-project/Factory-AI/datasets/production/dfire/train/images/PublicDataset00364.jpg,/home/z/my-project/Factory-AI/datasets/production/dfire/test/images/PublicDataset01162.jpg,exact_duplicate_dhash_d0
/home/z/my-project/Factory-AI/datasets/production/dfire/train/images/PublicDataset00369.jpg,/home/z/my-project/Factory-AI/datasets/production/dfire/train/images/PublicDataset00368.jpg,exact_duplicate_dhash_d0
/home/z/my-project/Factory-AI/datasets/production/dfire/train/images/PublicDataset00370.jpg,/home/z/my-project/Factory-AI/datasets/production/dfire/train/images/PublicDataset00368.jpg,exact_duplicate_dhash_d0
/home/z/my-project/Factory-AI/datasets/production/dfire/train/images/PublicDataset00390.jpg,/home/z/my-project/Factory-AI/datasets/production/dfire/train/images/PublicDataset00389.jpg,exact_duplicate_dhash_d0
/home/z/my-project/Factory-AI/datasets/production/dfire/train/images/PublicDataset00394.jpg,/home/z/my-project/Factory-AI/datasets/production/dfire/test/images/PublicDataset01180.jpg,exact_duplicate_dhash_d0
/home/z/my-project/Factory-AI/datasets/production/dfire/train/images/PublicDataset00395.jpg,/home/z/my-project/Factory-AI/datasets/production/dfire/test/images/PublicDataset01174.jpg,exact_duplicate_dhash_d0
/home/z/my-project/Factory-AI/datasets/production/dfire/train/images/PublicDataset00396.jpg,/home/z/my-project/Factory-AI/datasets/production/dfire/test/images/PublicDataset01173.jpg,exact_duplicate_dhash_d0
/home/z/my-project/Factory-AI/datasets/production/dfire/train/images/PublicDataset00405.jpg,/home/z/my-project/Factory-AI/datasets/production/dfire/train/images/PublicDataset00403.jpg,exact_duplicate_dhash_d0
/home/z/my-project/Factory-AI/datasets/production/dfire/train/images/PublicDataset00406.jpg,/home/z/my-project/Factory-AI/datasets/production/dfire/train/images/PublicDataset00404.jpg,exact_duplicate_dhash_d0
/home/z/my-project/Factory-AI/datasets/production/dfire/train/images/PublicDataset00407.jpg,/home/z/my-project/Factory-AI/datasets/production/dfire/train/images/PublicDataset00404.jpg,exact_duplicate_dhash_d0
/home/z/my-project/Factory-AI/datasets/production/dfire/train/images/PublicDataset00410.jpg,/home/z/my-project/Factory-AI/datasets/production/dfire/test/images/PublicDataset01172.jpg,exact_duplicate_dhash_d0
/home/z/my-project/Factory-AI/datasets/production/dfire/train/images/PublicDataset00414.jpg,/home/z/my-project/Factory-AI/datasets/production/dfire/train/images/PublicDataset00412.jpg,exact_duplicate_dhash_d0
/home/z/my-project/Factory-AI/datasets/production/dfire/train/images/PublicDataset00415.jpg,/home/z/my-project/Factory-AI/datasets/production/dfire/train/images/PublicDataset00413.jpg,exact_duplicate_dhash_d0
/home/z/my-project/Factory-AI/datasets/production/dfire/train/images/PublicDataset00429.jpg,/home/z/my-project/Factory-AI/datasets/production/dfire/test/images/PublicDataset01182.jpg,exact_duplicate_dhash_d0
/home/z/my-project/Factory-AI/datasets/production/dfire/train/images/PublicDataset00576.jpg,/home/z/my-project/Factory-AI/datasets/production/dfire/test/images/PublicDataset01222.jpg,exact_duplicate_dhash_d0
/home/z/my-project/Factory-AI/datasets/production/dfire/train/images/PublicDataset00579.jpg,/home/z/my-project/Factory-AI/datasets/production/dfire/test/images/PublicDataset01223.jpg,exact_duplicate_dhash_d0
/home/z/my-project/Factory-AI/datasets/production/dfire/train/images/PublicDataset00582.jpg,/home/z/my-project/Factory-AI/datasets/production/dfire/test/images/PublicDataset01224.jpg,exact_duplicate_dhash_d0
/home/z/my-project/Factory-AI/datasets/production/dfire/train/images/PublicDataset00598.jpg,/home/z/my-project/Factory-AI/datasets/production/dfire/train/images/PublicDataset00596.jpg,exact_duplicate_dhash_d0
/home/z/my-project/Factory-AI/datasets/production/dfire/train/images/PublicDataset00666.jpg,/home/z/my-project/Factory-AI/datasets/production/dfire/test/images/PublicDataset01245.jpg,exact_duplicate_dhash_d0
/home/z/my-project/Factory-AI/datasets/production/dfire/train/images/PublicDataset00667.jpg,/home/z/my-project/Factory-AI/datasets/production/dfire/test/images/PublicDataset01245.jpg,exact_duplicate_dhash_d0
/home/z/my-project/Factory-AI/datasets/production/dfire/train/images/PublicDataset00668.jpg,/home/z/my-project/Factory-AI/datasets/production/dfire/test/images/PublicDataset01247.jpg,exact_duplicate_dhash_d0
/home/z/my-project/Factory-AI/datasets/production/dfire/train/images/PublicDataset00669.jpg,/home/z/my-project/Factory-AI/datasets/production/dfire/test/images/PublicDataset01245.jpg,exact_duplicate_dhash_d0
/home/z/my-project/Factory-AI/datasets/production/dfire/train/images/PublicDataset00670.jpg,/home/z/my-project/Factory-AI/datasets/production/dfire/test/images/PublicDataset01245.jpg,exact_duplicate_dhash_d0
/home/z/my-project/Factory-AI/datasets/production/dfire/train/images/PublicDataset00673.jpg,/home/z/my-project/Factory-AI/datasets/production/dfire/test/images/PublicDataset01250.jpg,exact_duplicate_dhash_d0
/home/z/my-project/Factory-AI/datasets/production/dfire/train/images/PublicDataset00674.jpg,/home/z/my-project/Factory-AI/datasets/production/dfire/test/images/PublicDataset01247.jpg,exact_duplicate_dhash_d0
/home/z/my-project/Factory-AI/datasets/production/dfire/train/images/PublicDataset00675.jpg,/home/z/my-project/Factory-AI/datasets/production/dfire/test/images/PublicDataset01247.jpg,exact_duplicate_dhash_d0
/home/z/my-project/Factory-AI/datasets/production/dfire/train/images/PublicDataset00677.jpg,/home/z/my-project/Factory-AI/datasets/production/dfire/test/images/PublicDataset01247.jpg,exact_duplicate_dhash_d0
/home/z/my-project/Factory-AI/datasets/production/dfire/train/images/PublicDataset00681.jpg,/home/z/my-project/Factory-AI/datasets/production/dfire/train/images/PublicDataset00676.jpg,exact_duplicate_dhash_d0
/home/z/my-project/Factory-AI/datasets/production/dfire/train/images/PublicDataset00683.jpg,/home/z/my-project/Factory-AI/datasets/production/dfire/train/images/PublicDataset00682.jpg,exact_duplicate_dhash_d0
/home/z/my-project/Factory-AI/datasets/production/dfire/train/images/PublicDataset00684.jpg,/home/z/my-project/Factory-AI/datasets/production/dfire/train/images/PublicDataset00679.jpg,exact_duplicate_dhash_d0
/home/z/my-project/Factory-AI/datasets/production/dfire/train/images/PublicDataset00691.jpg,/home/z/my-project/Factory-AI/datasets/production/dfire/test/images/PublicDataset01249.jpg,exact_duplicate_dhash_d0
/home/z/my-project/Factory-AI/datasets/production/dfire/train/images/PublicDataset00692.jpg,/home/z/my-project/Factory-AI/datasets/production/dfire/train/images/PublicDataset00679.jpg,exact_duplicate_dhash_d0
/home/z/my-project/Factory-AI/datasets/production/dfire/train/images/PublicDataset00693.jpg,/home/z/my-project/Factory-AI/datasets/production/dfire/test/images/PublicDataset01249.jpg,exact_duplicate_dhash_d0
/home/z/my-project/Factory-AI/datasets/production/dfire/train/images/PublicDataset00694.jpg,/home/z/my-project/Factory-AI/datasets/production/dfire/test/images/PublicDataset01249.jpg,exact_duplicate_dhash_d0
/home/z/my-project/Factory-AI/datasets/production/dfire/train/images/PublicDataset00695.jpg,/home/z/my-project/Factory-AI/datasets/production/dfire/test/images/PublicDataset01249.jpg,exact_duplicate_dhash_d0
/home/z/my-project/Factory-AI/datasets/production/dfire/train/images/PublicDataset00696.jpg,/home/z/my-project/Factory-AI/datasets/production/dfire/train/images/PublicDataset00687.jpg,exact_duplicate_dhash_d0
/home/z/my-project/Factory-AI/datasets/production/dfire/train/images/PublicDataset00697.jpg,/home/z/my-project/Factory-AI/datasets/production/dfire/train/images/PublicDataset00687.jpg,exact_duplicate_dhash_d0
/home/z/my-project/Factory-AI/datasets/production/dfire/train/images/PublicDataset00698.jpg,/home/z/my-project/Factory-AI/datasets/production/dfire/train/images/PublicDataset00672.jpg,exact_duplicate_dhash_d0
/home/z/my-project/Factory-AI/datasets/production/dfire/train/images/PublicDataset00699.jpg,/home/z/my-project/Factory-AI/datasets/production/dfire/test/images/PublicDataset01249.jpg,exact_duplicate_dhash_d0
/home/z/my-project/Factory-AI/datasets/production/dfire/train/images/PublicDataset00701.jpg,/home/z/my-project/Factory-AI/datasets/production/dfire/test/images/PublicDataset01249.jpg,exact_duplicate_dhash_d0
/home/z/my-project/Factory-AI/datasets/production/dfire/train/images/PublicDataset00703.jpg,/home/z/my-project/Factory-AI/datasets/production/dfire/test/images/PublicDataset01249.jpg,exact_duplicate_dhash_d0
/home/z/my-project/Factory-AI/datasets/production/dfire/train/images/PublicDataset00705.jpg,/home/z/my-project/Factory-AI/datasets/production/dfire/train/images/PublicDataset00687.jpg,exact_duplicate_dhash_d0
/home/z/my-project/Factory-AI/datasets/production/dfire/train/images/PublicDataset00706.jpg,/home/z/my-project/Factory-AI/datasets/production/dfire/train/images/PublicDataset00702.jpg,exact_duplicate_dhash_d0
/home/z/my-project/Factory-AI/datasets/production/dfire/train/images/PublicDataset00707.jpg,/home/z/my-project/Factory-AI/datasets/production/dfire/train/images/PublicDataset00672.jpg,exact_duplicate_dhash_d0
/home/z/my-project/Factory-AI/datasets/production/dfire/train/images/PublicDataset00708.jpg,/home/z/my-project/Factory-AI/datasets/production/dfire/train/images/PublicDataset00672.jpg,exact_duplicate_dhash_d0
/home/z/my-project/Factory-AI/datasets/production/dfire/train/images/PublicDataset00709.jpg,/home/z/my-project/Factory-AI/datasets/production/dfire/test/images/PublicDataset01250.jpg,exact_duplicate_dhash_d0
/home/z/my-project/Factory-AI/datasets/production/dfire/train/images/PublicDataset00762.jpg,/home/z/my-project/Factory-AI/datasets/production/dfire/train/images/PublicDataset00761.jpg,exact_duplicate_dhash_d0
/home/z/my-project/Factory-AI/datasets/production/dfire/train/images/PublicDataset00763.jpg,/home/z/my-project/Factory-AI/datasets/production/dfire/test/images/PublicDataset01261.jpg,exact_duplicate_dhash_d0
/home/z/my-project/Factory-AI/datasets/production/dfire/train/images/PublicDataset00764.jpg,/home/z/my-project/Factory-AI/datasets/production/dfire/test/images/PublicDataset01260.jpg,exact_duplicate_dhash_d0
/home/z/my-project/Factory-AI/datasets/production/dfire/train/images/PublicDataset00765.jpg,/home/z/my-project/Factory-AI/datasets/production/dfire/test/images/PublicDataset01261.jpg,exact_duplicate_dhash_d0
/home/z/my-project/Factory-AI/datasets/production/dfire/train/images/PublicDataset00766.jpg,/home/z/my-project/Factory-AI/datasets/production/dfire/test/images/PublicDataset01261.jpg,exact_duplicate_dhash_d0
/home/z/my-project/Factory-AI/datasets/production/dfire/train/images/PublicDataset00767.jpg,/home/z/my-project/Factory-AI/datasets/production/dfire/test/images/PublicDataset01261.jpg,exact_duplicate_dhash_d0
/home/z/my-project/Factory-AI/datasets/production/dfire/train/images/PublicDataset00769.jpg,/home/z/my-project/Factory-AI/datasets/production/dfire/train/images/PublicDataset00768.jpg,exact_duplicate_dhash_d0
/home/z/my-project/Factory-AI/datasets/production/dfire/train/images/PublicDataset00773.jpg,/home/z/my-project/Factory-AI/datasets/production/dfire/train/images/PublicDataset00771.jpg,exact_duplicate_dhash_d0
/home/z/my-project/Factory-AI/datasets/production/dfire/train/images/PublicDataset00775.jpg,/home/z/my-project/Factory-AI/datasets/production/dfire/test/images/PublicDataset01263.jpg,exact_duplicate_dhash_d0
/home/z/my-project/Factory-AI/datasets/production/dfire/train/images/PublicDataset00776.jpg,/home/z/my-project/Factory-AI/datasets/production/dfire/test/images/PublicDataset01263.jpg,exact_duplicate_dhash_d0
/home/z/my-project/Factory-AI/datasets/production/dfire/train/images/PublicDataset00777.jpg,/home/z/my-project/Factory-AI/datasets/production/dfire/test/images/PublicDataset01262.jpg,exact_duplicate_dhash_d0
/home/z/my-project/Factory-AI/datasets/production/dfire/train/images/PublicDataset00779.jpg,/home/z/my-project/Factory-AI/datasets/production/dfire/train/images/PublicDataset00778.jpg,exact_duplicate_dhash_d0
/home/z/my-project/Factory-AI/datasets/production/dfire/train/images/PublicDataset00780.jpg,/home/z/my-project/Factory-AI/datasets/production/dfire/train/images/PublicDataset00778.jpg,exact_duplicate_dhash_d0
/home/z/my-project/Factory-AI/datasets/production/dfire/train/images/PublicDataset00781.jpg,/home/z/my-project/Factory-AI/datasets/production/dfire/test/images/PublicDataset01262.jpg,exact_duplicate_dhash_d0
/home/z/my-project/Factory-AI/datasets/production/dfire/train/images/PublicDataset00782.jpg,/home/z/my-project/Factory-AI/datasets/production/dfire/train/images/PublicDataset00778.jpg,exact_duplicate_dhash_d0
/home/z/my-project/Factory-AI/datasets/production/dfire/train/images/PublicDataset00784.jpg,/home/z/my-project/Factory-AI/datasets/production/dfire/train/images/PublicDataset00783.jpg,exact_duplicate_dhash_d0
/home/z/my-project/Factory-AI/datasets/production/dfire/train/images/PublicDataset00787.jpg,/home/z/my-project/Factory-AI/datasets/production/dfire/train/images/PublicDataset00786.jpg,exact_duplicate_dhash_d0
/home/z/my-project/Factory-AI/datasets/production/dfire/train/images/PublicDataset00788.jpg,/home/z/my-project/Factory-AI/datasets/production/dfire/train/images/PublicDataset00786.jpg,exact_duplicate_dhash_d0
/home/z/my-project/Factory-AI/datasets/production/dfire/train/images/PublicDataset00789.jpg,/home/z/my-project/Factory-AI/datasets/production/dfire/test/images/PublicDataset01266.jpg,exact_duplicate_dhash_d0
/home/z/my-project/Factory-AI/datasets/production/dfire/train/images/PublicDataset00790.jpg,/home/z/my-project/Factory-AI/datasets/production/dfire/test/images/PublicDataset01266.jpg,exact_duplicate_dhash_d0
/home/z/my-project/Factory-AI/datasets/production/dfire/train/images/PublicDataset00791.jpg,/home/z/my-project/Factory-AI/datasets/production/dfire/test/images/PublicDataset01267.jpg,exact_duplicate_dhash_d0
/home/z/my-project/Factory-AI/datasets/production/dfire/train/images/PublicDataset00792.jpg,/home/z/my-project/Factory-AI/datasets/production/dfire/test/images/PublicDataset01267.jpg,exact_duplicate_dhash_d0
/home/z/my-project/Factory-AI/datasets/production/dfire/train/images/PublicDataset00793.jpg,/home/z/my-project/Factory-AI/datasets/production/dfire/test/images/PublicDataset01267.jpg,exact_duplicate_dhash_d0
/home/z/my-project/Factory-AI/datasets/production/dfire/train/images/PublicDataset00794.jpg,/home/z/my-project/Factory-AI/datasets/production/dfire/test/images/PublicDataset01267.jpg,exact_duplicate_dhash_d0
/home/z/my-project/Factory-AI/datasets/production/dfire/train/images/PublicDataset00795.jpg,/home/z/my-project/Factory-AI/datasets/production/dfire/test/images/PublicDataset01267.jpg,exact_duplicate_dhash_d0
/home/z/my-project/Factory-AI/datasets/production/dfire/train/images/PublicDataset00796.jpg,/home/z/my-project/Factory-AI/datasets/production/dfire/test/images/PublicDataset01267.jpg,exact_duplicate_dhash_d0
/home/z/my-project/Factory-AI/datasets/production/dfire/train/images/PublicDataset00797.jpg,/home/z/my-project/Factory-AI/datasets/production/dfire/test/images/PublicDataset01267.jpg,exact_duplicate_dhash_d0
/home/z/my-project/Factory-AI/datasets/production/dfire/train/images/PublicDataset00799.jpg,/home/z/my-project/Factory-AI/datasets/production/dfire/train/images/PublicDataset00798.jpg,exact_duplicate_dhash_d0
/home/z/my-project/Factory-AI/datasets/production/dfire/train/images/PublicDataset00806.jpg,/home/z/my-project/Factory-AI/datasets/production/dfire/test/images/PublicDataset01269.jpg,exact_duplicate_dhash_d0
/home/z/my-project/Factory-AI/datasets/production/dfire/train/images/PublicDataset00807.jpg,/home/z/my-project/Factory-AI/datasets/production/dfire/train/images/PublicDataset00805.jpg,exact_duplicate_dhash_d0
/home/z/my-project/Factory-AI/datasets/production/dfire/train/images/PublicDataset00808.jpg,/home/z/my-project/Factory-AI/datasets/production/dfire/train/images/PublicDataset00804.jpg,exact_duplicate_dhash_d0
/home/z/my-project/Factory-AI/datasets/production/dfire/train/images/PublicDataset00809.jpg,/home/z/my-project/Factory-AI/datasets/production/dfire/test/images/PublicDataset01270.jpg,exact_duplicate_dhash_d0
/home/z/my-project/Factory-AI/datasets/production/dfire/train/images/PublicDataset00811.jpg,/home/z/my-project/Factory-AI/datasets/production/dfire/test/images/PublicDataset01273.jpg,exact_duplicate_dhash_d0
/home/z/my-project/Factory-AI/datasets/production/dfire/train/images/PublicDataset00812.jpg,/home/z/my-project/Factory-AI/datasets/production/dfire/test/images/PublicDataset01273.jpg,exact_duplicate_dhash_d0
/home/z/my-project/Factory-AI/datasets/production/dfire/train/images/PublicDataset00813.jpg,/home/z/my-project/Factory-AI/datasets/production/dfire/test/images/PublicDataset01273.jpg,exact_duplicate_dhash_d0
/home/z/my-project/Factory-AI/datasets/production/dfire/train/images/PublicDataset00814.jpg,/home/z/my-project/Factory-AI/datasets/production/dfire/test/images/PublicDataset01273.jpg,exact_duplicate_dhash_d0
/home/z/my-project/Factory-AI/datasets/production/dfire/train/images/PublicDataset00815.jpg,/home/z/my-project/Factory-AI/datasets/production/dfire/test/images/PublicDataset01272.jpg,exact_duplicate_dhash_d0
/home/z/my-project/Factory-AI/datasets/production/dfire/train/images/PublicDataset00817.jpg,/home/z/my-project/Factory-AI/datasets/production/dfire/train/images/PublicDataset00816.jpg,exact_duplicate_dhash_d0
/home/z/my-project/Factory-AI/datasets/production/dfire/train/images/PublicDataset01043.jpg,/home/z/my-project/Factory-AI/datasets/production/dfire/test/images/PublicDataset01331.jpg,exact_duplicate_dhash_d0
/home/z/my-project/Factory-AI/datasets/production/dfire/train/images/PublicDataset01044.jpg,/home/z/my-project/Factory-AI/datasets/production/dfire/test/images/PublicDataset01331.jpg,exact_duplicate_dhash_d0
/home/z/my-project/Factory-AI/datasets/production/dfire/train/images/PublicDataset01045.jpg,/home/z/my-project/Factory-AI/datasets/production/dfire/test/images/PublicDataset01332.jpg,exact_duplicate_dhash_d0
/home/z/my-project/Factory-AI/datasets/production/dfire/train/images/PublicDataset01046.jpg,/home/z/my-project/Factory-AI/datasets/production/dfire/train/images/PublicDataset01042.jpg,exact_duplicate_dhash_d0
/home/z/my-project/Factory-AI/datasets/production/dfire/train/images/PublicDataset01048.jpg,/home/z/my-project/Factory-AI/datasets/production/dfire/test/images/PublicDataset01334.jpg,exact_duplicate_dhash_d0
/home/z/my-project/Factory-AI/datasets/production/dfire/train/images/PublicDataset01050.jpg,/home/z/my-project/Factory-AI/datasets/production/dfire/test/images/PublicDataset01335.jpg,exact_duplicate_dhash_d0
/home/z/my-project/Factory-AI/datasets/production/dfire/train/images/PublicDataset01051.jpg,/home/z/my-project/Factory-AI/datasets/production/dfire/test/images/PublicDataset01335.jpg,exact_duplicate_dhash_d0
/home/z/my-project/Factory-AI/datasets/production/dfire/train/images/PublicDataset01054.jpg,/home/z/my-project/Factory-AI/datasets/production/dfire/train/images/PublicDataset01052.jpg,exact_duplicate_dhash_d0
/home/z/my-project/Factory-AI/datasets/production/dfire/train/images/WEB00000.jpg,/home/z/my-project/Factory-AI/datasets/production/dfire/test/images/WEB09443.jpg,exact_duplicate_dhash_d0
/home/z/my-project/Factory-AI/datasets/production/dfire/train/images/WEB00021.jpg,/home/z/my-project/Factory-AI/datasets/production/dfire/test/images/PublicDataset01116.jpg,exact_duplicate_dhash_d0
/home/z/my-project/Factory-AI/datasets/production/dfire/train/images/WEB00028.jpg,/home/z/my-project/Factory-AI/datasets/production/dfire/train/images/WEB00026.jpg,exact_duplicate_dhash_d0
/home/z/my-project/Factory-AI/datasets/production/dfire/train/images/WEB00029.jpg,/home/z/my-project/Factory-AI/datasets/production/dfire/test/images/WEB09448.jpg,exact_duplicate_dhash_d0
/home/z/my-project/Factory-AI/datasets/production/dfire/train/images/WEB00032.jpg,/home/z/my-project/Factory-AI/datasets/production/dfire/test/images/WEB09450.jpg,exact_duplicate_dhash_d0
/home/z/my-project/Factory-AI/datasets/production/dfire/train/images/WEB00033.jpg,/home/z/my-project/Factory-AI/datasets/production/dfire/test/images/WEB09449.jpg,exact_duplicate_dhash_d0
/home/z/my-project/Factory-AI/datasets/production/dfire/train/images/WEB00034.jpg,/home/z/my-project/Factory-AI/datasets/production/dfire/test/images/WEB09450.jpg,exact_duplicate_dhash_d0
/home/z/my-project/Factory-AI/datasets/production/dfire/train/images/WEB00046.jpg,/home/z/my-project/Factory-AI/datasets/production/dfire/train/images/WEB00045.jpg,exact_duplicate_dhash_d0
/home/z/my-project/Factory-AI/datasets/production/dfire/train/images/WEB00054.jpg,/home/z/my-project/Factory-AI/datasets/production/dfire/train/images/WEB00053.jpg,exact_duplicate_dhash_d0
/home/z/my-project/Factory-AI/datasets/production/dfire/train/images/WEB00056.jpg,/home/z/my-project/Factory-AI/datasets/production/dfire/train/images/WEB00055.jpg,exact_duplicate_dhash_d0
/home/z/my-project/Factory-AI/datasets/production/dfire/train/images/WEB00058.jpg,/home/z/my-project/Factory-AI/datasets/production/dfire/train/images/PublicDataset00346.jpg,exact_duplicate_dhash_d0
/home/z/my-project/Factory-AI/datasets/production/dfire/train/images/WEB00059.jpg,/home/z/my-project/Factory-AI/datasets/production/dfire/train/images/PublicDataset00346.jpg,exact_duplicate_dhash_d0
/home/z/my-project/Factory-AI/datasets/production/dfire/train/images/WEB00060.jpg,/home/z/my-project/Factory-AI/datasets/production/dfire/train/images/PublicDataset00346.jpg,exact_duplicate_dhash_d0
/home/z/my-project/Factory-AI/datasets/production/dfire/train/images/WEB00064.jpg,/home/z/my-project/Factory-AI/datasets/production/dfire/train/images/WEB00063.jpg,exact_duplicate_dhash_d0
/home/z/my-project/Factory-AI/datasets/production/dfire/train/images/WEB00086.jpg,/home/z/my-project/Factory-AI/datasets/production/dfire/train/images/WEB00085.jpg,exact_duplicate_dhash_d0
/home/z/my-project/Factory-AI/datasets/production/dfire/train/images/WEB00088.jpg,/home/z/my-project/Factory-AI/datasets/production/dfire/test/images/WEB09467.jpg,exact_duplicate_dhash_d0
/home/z/my-project/Factory-AI/datasets/production/dfire/train/images/WEB00089.jpg,/home/z/my-project/Factory-AI/datasets/production/dfire/test/images/WEB09467.jpg,exact_duplicate_dhash_d0
/home/z/my-project/Factory-AI/datasets/production/dfire/train/images/WEB00091.jpg,/home/z/my-project/Factory-AI/datasets/production/dfire/test/images/WEB09468.jpg,exact_duplicate_dhash_d0
/home/z/my-project/Factory-AI/datasets/production/dfire/train/images/WEB00092.jpg,/home/z/my-project/Factory-AI/datasets/production/dfire/test/images/WEB09469.jpg,exact_duplicate_dhash_d0
/home/z/my-project/Factory-AI/datasets/production/dfire/train/images/WEB00104.jpg,/home/z/my-project/Factory-AI/datasets/production/dfire/train/images/PublicDataset00368.jpg,exact_duplicate_dhash_d0
/home/z/my-project/Factory-AI/datasets/production/dfire/train/images/WEB00107.jpg,/home/z/my-project/Factory-AI/datasets/production/dfire/train/images/WEB00106.jpg,exact_duplicate_dhash_d0
/home/z/my-project/Factory-AI/datasets/production/dfire/train/images/WEB00115.jpg,/home/z/my-project/Factory-AI/datasets/production/dfire/train/images/PublicDataset00376.jpg,exact_duplicate_dhash_d0
/home/z/my-project/Factory-AI/datasets/production/dfire/train/images/WEB00130.jpg,/home/z/my-project/Factory-AI/datasets/production/dfire/train/images/PublicDataset00374.jpg,exact_duplicate_dhash_d0
/home/z/my-project/Factory-AI/datasets/production/dfire/train/images/WEB00139.jpg,/home/z/my-project/Factory-AI/datasets/production/dfire/test/images/WEB09482.jpg,exact_duplicate_dhash_d0
/home/z/my-project/Factory-AI/datasets/production/dfire/train/images/WEB00140.jpg,/home/z/my-project/Factory-AI/datasets/production/dfire/test/images/WEB09481.jpg,exact_duplicate_dhash_d0
/home/z/my-project/Factory-AI/datasets/production/dfire/train/images/WEB00147.jpg,/home/z/my-project/Factory-AI/datasets/production/dfire/train/images/WEB00145.jpg,exact_duplicate_dhash_d0
/home/z/my-project/Factory-AI/datasets/production/dfire/train/images/WEB00150.jpg,/home/z/my-project/Factory-AI/datasets/production/dfire/train/images/PublicDataset00568.jpg,exact_duplicate_dhash_d0
/home/z/my-project/Factory-AI/datasets/production/dfire/train/images/WEB00153.jpg,/home/z/my-project/Factory-AI/datasets/production/dfire/train/images/WEB00152.jpg,exact_duplicate_dhash_d0
/home/z/my-project/Factory-AI/datasets/production/dfire/train/images/WEB00155.jpg,/home/z/my-project/Factory-AI/datasets/production/dfire/train/images/WEB00154.jpg,exact_duplicate_dhash_d0
/home/z/my-project/Factory-AI/datasets/production/dfire/train/images/WEB00236.jpg,/home/z/my-project/Factory-AI/datasets/production/dfire/test/images/WEB09516.jpg,exact_duplicate_dhash_d0
/home/z/my-project/Factory-AI/datasets/production/dfire/train/images/WEB00391.jpg,/home/z/my-project/Factory-AI/datasets/production/dfire/train/images/WEB00390.jpg,exact_duplicate_dhash_d0
/home/z/my-project/Factory-AI/datasets/production/dfire/train/images/WEB00392.jpg,/home/z/my-project/Factory-AI/datasets/production/dfire/train/images/WEB00388.jpg,exact_duplicate_dhash_d0
/home/z/my-project/Factory-AI/datasets/production/dfire/train/images/WEB00414.jpg,/home/z/my-project/Factory-AI/datasets/production/dfire/train/images/WEB00412.jpg,exact_duplicate_dhash_d0
/home/z/my-project/Factory-AI/datasets/production/dfire/train/images/WEB00443.jpg,/home/z/my-project/Factory-AI/datasets/production/dfire/train/images/WEB00433.jpg,exact_duplicate_dhash_d0
/home/z/my-project/Factory-AI/datasets/production/dfire/train/images/WEB00451.jpg,/home/z/my-project/Factory-AI/datasets/production/dfire/train/images/WEB00433.jpg,exact_duplicate_dhash_d0
/home/z/my-project/Factory-AI/datasets/production/dfire/train/images/WEB00699.jpg,/home/z/my-project/Factory-AI/datasets/production/dfire/train/images/WEB00697.jpg,exact_duplicate_dhash_d0
/home/z/my-project/Factory-AI/datasets/production/dfire/train/images/WEB00701.jpg,/home/z/my-project/Factory-AI/datasets/production/dfire/train/images/WEB00693.jpg,exact_duplicate_dhash_d0
/home/z/my-project/Factory-AI/datasets/production/dfire/train/images/WEB00704.jpg,/home/z/my-project/Factory-AI/datasets/production/dfire/train/images/WEB00693.jpg,exact_duplicate_dhash_d0
/home/z/my-project/Factory-AI/datasets/production/dfire/train/images/WEB00729.jpg,/home/z/my-project/Factory-AI/datasets/production/dfire/train/images/WEB00728.jpg,exact_duplicate_dhash_d0
/home/z/my-project/Factory-AI/datasets/production/dfire/train/images/WEB00730.jpg,/home/z/my-project/Factory-AI/datasets/production/dfire/train/images/WEB00728.jpg,exact_duplicate_dhash_d0
/home/z/my-project/Factory-AI/datasets/production/dfire/train/images/WEB00731.jpg,/home/z/my-project/Factory-AI/datasets/production/dfire/train/images/WEB00728.jpg,exact_duplicate_dhash_d0
/home/z/my-project/Factory-AI/datasets/production/dfire/train/images/WEB00733.jpg,/home/z/my-project/Factory-AI/datasets/production/dfire/train/images/WEB00732.jpg,exact_duplicate_dhash_d0
/home/z/my-project/Factory-AI/datasets/production/dfire/train/images/WEB00734.jpg,/home/z/my-project/Factory-AI/datasets/production/dfire/test/images/WEB09638.jpg,exact_duplicate_dhash_d0
/home/z/my-project/Factory-AI/datasets/production/dfire/train/images/WEB00735.jpg,/home/z/my-project/Factory-AI/datasets/production/dfire/train/images/WEB00732.jpg,exact_duplicate_dhash_d0
/home/z/my-project/Factory-AI/datasets/production/dfire/train/images/WEB00742.jpg,/home/z/my-project/Factory-AI/datasets/production/dfire/test/images/WEB09631.jpg,exact_duplicate_dhash_d0
/home/z/my-project/Factory-AI/datasets/production/dfire/train/images/WEB00743.jpg,/home/z/my-project/Factory-AI/datasets/production/dfire/test/images/WEB09638.jpg,exact_duplicate_dhash_d0
/home/z/my-project/Factory-AI/datasets/production/dfire/train/images/WEB00752.jpg,/home/z/my-project/Factory-AI/datasets/production/dfire/train/images/WEB00706.jpg,exact_duplicate_dhash_d0
/home/z/my-project/Factory-AI/datasets/production/dfire/train/images/WEB00753.jpg,/home/z/my-project/Factory-AI/datasets/production/dfire/test/images/WEB09638.jpg,exact_duplicate_dhash_d0
/home/z/my-project/Factory-AI/datasets/production/dfire/train/images/WEB00764.jpg,/home/z/my-project/Factory-AI/datasets/production/dfire/test/images/WEB09639.jpg,exact_duplicate_dhash_d0
/home/z/my-project/Factory-AI/datasets/production/dfire/train/images/WEB00771.jpg,/home/z/my-project/Factory-AI/datasets/production/dfire/test/images/WEB09640.jpg,exact_duplicate_dhash_d0
/home/z/my-project/Factory-AI/datasets/production/dfire/train/images/WEB00772.jpg,/home/z/my-project/Factory-AI/datasets/production/dfire/test/images/WEB09641.jpg,exact_duplicate_dhash_d0
/home/z/my-project/Factory-AI/datasets/production/dfire/train/images/WEB00773.jpg,/home/z/my-project/Factory-AI/datasets/production/dfire/test/images/WEB09641.jpg,exact_duplicate_dhash_d0
/home/z/my-project/Factory-AI/datasets/production/dfire/train/images/WEB00777.jpg,/home/z/my-project/Factory-AI/datasets/production/dfire/train/images/WEB00776.jpg,exact_duplicate_dhash_d0
/home/z/my-project/Factory-AI/datasets/production/dfire/train/images/WEB00778.jpg,/home/z/my-project/Factory-AI/datasets/production/dfire/test/images/WEB09646.jpg,exact_duplicate_dhash_d0
/home/z/my-project/Factory-AI/datasets/production/dfire/train/images/WEB00834.jpg,/home/z/my-project/Factory-AI/datasets/production/dfire/train/images/WEB00833.jpg,exact_duplicate_dhash_d0
/home/z/my-project/Factory-AI/datasets/production/dfire/train/images/WEB00835.jpg,/home/z/my-project/Factory-AI/datasets/production/dfire/test/images/WEB09663.jpg,exact_duplicate_dhash_d0
/home/z/my-project/Factory-AI/datasets/production/dfire/train/images/WEB00840.jpg,/home/z/my-project/Factory-AI/datasets/production/dfire/train/images/WEB00713.jpg,exact_duplicate_dhash_d0
/home/z/my-project/Factory-AI/datasets/production/dfire/train/images/WEB00842.jpg,/home/z/my-project/Factory-AI/datasets/production/dfire/test/images/WEB09627.jpg,exact_duplicate_dhash_d0
/home/z/my-project/Factory-AI/datasets/production/dfire/train/images/WEB01150.jpg,/home/z/my-project/Factory-AI/datasets/production/dfire/train/images/WEB01149.jpg,exact_duplicate_dhash_d0
/home/z/my-project/Factory-AI/datasets/production/dfire/train/images/WEB01153.jpg,/home/z/my-project/Factory-AI/datasets/production/dfire/test/images/WEB09759.jpg,exact_duplicate_dhash_d0
/home/z/my-project/Factory-AI/datasets/production/dfire/train/images/WEB01157.jpg,/home/z/my-project/Factory-AI/datasets/production/dfire/train/images/WEB01152.jpg,exact_duplicate_dhash_d0
/home/z/my-project/Factory-AI/datasets/production/dfire/train/images/WEB01159.jpg,/home/z/my-project/Factory-AI/datasets/production/dfire/test/images/WEB09759.jpg,exact_duplicate_dhash_d0
/home/z/my-project/Factory-AI/datasets/production/dfire/train/images/WEB01161.jpg,/home/z/my-project/Factory-AI/datasets/production/dfire/train/images/WEB01160.jpg,exact_duplicate_dhash_d0
/home/z/my-project/Factory-AI/datasets/production/dfire/train/images/WEB01165.jpg,/home/z/my-project/Factory-AI/datasets/production/dfire/test/images/WEB09763.jpg,exact_duplicate_dhash_d0
/home/z/my-project/Factory-AI/datasets/production/dfire/train/images/WEB01169.jpg,/home/z/my-project/Factory-AI/datasets/production/dfire/train/images/WEB01166.jpg,exact_duplicate_dhash_d0
/home/z/my-project/Factory-AI/datasets/production/dfire/train/images/WEB01175.jpg,/home/z/my-project/Factory-AI/datasets/production/dfire/train/images/WEB01173.jpg,exact_duplicate_dhash_d0
/home/z/my-project/Factory-AI/datasets/production/dfire/train/images/WEB01179.jpg,/home/z/my-project/Factory-AI/datasets/production/dfire/test/images/WEB09766.jpg,exact_duplicate_dhash_d0
/home/z/my-project/Factory-AI/datasets/production/dfire/train/images/WEB01180.jpg,/home/z/my-project/Factory-AI/datasets/production/dfire/test/images/WEB09766.jpg,exact_duplicate_dhash_d0
/home/z/my-project/Factory-AI/datasets/production/dfire/train/images/WEB01181.jpg,/home/z/my-project/Factory-AI/datasets/production/dfire/test/images/WEB09766.jpg,exact_duplicate_dhash_d0
/home/z/my-project/Factory-AI/datasets/production/dfire/train/images/WEB01183.jpg,/home/z/my-project/Factory-AI/datasets/production/dfire/train/images/WEB01182.jpg,exact_duplicate_dhash_d0
/home/z/my-project/Factory-AI/datasets/production/dfire/train/images/WEB01184.jpg,/home/z/my-project/Factory-AI/datasets/production/dfire/test/images/WEB09766.jpg,exact_duplicate_dhash_d0
/home/z/my-project/Factory-AI/datasets/production/dfire/train/images/WEB01269.jpg,/home/z/my-project/Factory-AI/datasets/production/dfire/train/images/WEB01268.jpg,exact_duplicate_dhash_d0
/home/z/my-project/Factory-AI/datasets/production/dfire/train/images/WEB01283.jpg,/home/z/my-project/Factory-AI/datasets/production/dfire/train/images/WEB01280.jpg,exact_duplicate_dhash_d0
/home/z/my-project/Factory-AI/datasets/production/dfire/train/images/WEB01284.jpg,/home/z/my-project/Factory-AI/datasets/production/dfire/train/images/WEB01280.jpg,exact_duplicate_dhash_d0
/home/z/my-project/Factory-AI/datasets/production/dfire/train/images/WEB01285.jpg,/home/z/my-project/Factory-AI/datasets/production/dfire/train/images/WEB01280.jpg,exact_duplicate_dhash_d0
/home/z/my-project/Factory-AI/datasets/production/dfire/train/images/WEB01287.jpg,/home/z/my-project/Factory-AI/datasets/production/dfire/train/images/WEB01286.jpg,exact_duplicate_dhash_d0
/home/z/my-project/Factory-AI/datasets/production/dfire/train/images/WEB01288.jpg,/home/z/my-project/Factory-AI/datasets/production/dfire/test/images/WEB09792.jpg,exact_duplicate_dhash_d0
/home/z/my-project/Factory-AI/datasets/production/dfire/train/images/WEB01289.jpg,/home/z/my-project/Factory-AI/datasets/production/dfire/test/images/WEB09792.jpg,exact_duplicate_dhash_d0
/home/z/my-project/Factory-AI/datasets/production/dfire/train/images/WEB01290.jpg,/home/z/my-project/Factory-AI/datasets/production/dfire/test/images/WEB09792.jpg,exact_duplicate_dhash_d0
/home/z/my-project/Factory-AI/datasets/production/dfire/train/images/WEB01291.jpg,/home/z/my-project/Factory-AI/datasets/production/dfire/test/images/WEB09794.jpg,exact_duplicate_dhash_d0
/home/z/my-project/Factory-AI/datasets/production/dfire/train/images/WEB01292.jpg,/home/z/my-project/Factory-AI/datasets/production/dfire/test/images/WEB09792.jpg,exact_duplicate_dhash_d0
/home/z/my-project/Factory-AI/datasets/production/dfire/train/images/WEB01294.jpg,/home/z/my-project/Factory-AI/datasets/production/dfire/test/images/WEB09795.jpg,exact_duplicate_dhash_d0
/home/z/my-project/Factory-AI/datasets/production/dfire/train/images/WEB01295.jpg,/home/z/my-project/Factory-AI/datasets/production/dfire/test/images/WEB09795.jpg,exact_duplicate_dhash_d0
/home/z/my-project/Factory-AI/datasets/production/dfire/train/images/WEB01296.jpg,/home/z/my-project/Factory-AI/datasets/production/dfire/test/images/WEB09792.jpg,exact_duplicate_dhash_d0
/home/z/my-project/Factory-AI/datasets/production/dfire/train/images/WEB01350.jpg,/home/z/my-project/Factory-AI/datasets/production/dfire/test/images/WEB09808.jpg,exact_duplicate_dhash_d0
/home/z/my-project/Factory-AI/datasets/production/dfire/train/images/WEB01351.jpg,/home/z/my-project/Factory-AI/datasets/production/dfire/test/images/WEB09809.jpg,exact_duplicate_dhash_d0
/home/z/my-project/Factory-AI/datasets/production/dfire/train/images/WEB01352.jpg,/home/z/my-project/Factory-AI/datasets/production/dfire/test/images/WEB09808.jpg,exact_duplicate_dhash_d0
/home/z/my-project/Factory-AI/datasets/production/dfire/train/images/WEB01353.jpg,/home/z/my-project/Factory-AI/datasets/production/dfire/test/images/WEB09808.jpg,exact_duplicate_dhash_d0
/home/z/my-project/Factory-AI/datasets/production/dfire/train/images/WEB01355.jpg,/home/z/my-project/Factory-AI/datasets/production/dfire/test/images/WEB09811.jpg,exact_duplicate_dhash_d0
/home/z/my-project/Factory-AI/datasets/production/dfire/train/images/WEB01356.jpg,/home/z/my-project/Factory-AI/datasets/production/dfire/test/images/WEB09813.jpg,exact_duplicate_dhash_d0
/home/z/my-project/Factory-AI/datasets/production/dfire/train/images/WEB01367.jpg,/home/z/my-project/Factory-AI/datasets/production/dfire/test/images/WEB09815.jpg,exact_duplicate_dhash_d0
/home/z/my-project/Factory-AI/datasets/production/dfire/train/images/WEB01462.jpg,/home/z/my-project/Factory-AI/datasets/production/dfire/train/images/WEB01461.jpg,exact_duplicate_dhash_d0
/home/z/my-project/Factory-AI/datasets/production/dfire/train/images/WEB01529.jpg,/home/z/my-project/Factory-AI/datasets/production/dfire/test/images/WEB09854.jpg,exact_duplicate_dhash_d0
/home/z/my-project/Factory-AI/datasets/production/dfire/train/images/WEB01542.jpg,/home/z/my-project/Factory-AI/datasets/production/dfire/train/images/WEB01541.jpg,exact_duplicate_dhash_d0
/home/z/my-project/Factory-AI/datasets/production/dfire/train/images/WEB01543.jpg,/home/z/my-project/Factory-AI/datasets/production/dfire/test/images/WEB09860.jpg,exact_duplicate_dhash_d0
/home/z/my-project/Factory-AI/datasets/production/dfire/train/images/WEB01552.jpg,/home/z/my-project/Factory-AI/datasets/production/dfire/train/images/WEB01551.jpg,exact_duplicate_dhash_d0
/home/z/my-project/Factory-AI/datasets/production/dfire/train/images/WEB01560.jpg,/home/z/my-project/Factory-AI/datasets/production/dfire/test/images/WEB09868.jpg,exact_duplicate_dhash_d0
/home/z/my-project/Factory-AI/datasets/production/dfire/train/images/WEB01569.jpg,/home/z/my-project/Factory-AI/datasets/production/dfire/test/images/WEB09865.jpg,exact_duplicate_dhash_d0
/home/z/my-project/Factory-AI/datasets/production/dfire/train/images/WEB01570.jpg,/home/z/my-project/Factory-AI/datasets/production/dfire/test/images/WEB09868.jpg,exact_duplicate_dhash_d0
/home/z/my-project/Factory-AI/datasets/production/dfire/train/images/WEB01571.jpg,/home/z/my-project/Factory-AI/datasets/production/dfire/test/images/WEB09865.jpg,exact_duplicate_dhash_d0
/home/z/my-project/Factory-AI/datasets/production/dfire/train/images/WEB01572.jpg,/home/z/my-project/Factory-AI/datasets/production/dfire/test/images/WEB09865.jpg,exact_duplicate_dhash_d0
/home/z/my-project/Factory-AI/datasets/production/dfire/train/images/WEB01573.jpg,/home/z/my-project/Factory-AI/datasets/production/dfire/test/images/WEB09865.jpg,exact_duplicate_dhash_d0
/home/z/my-project/Factory-AI/datasets/production/dfire/train/images/WEB01574.jpg,/home/z/my-project/Factory-AI/datasets/production/dfire/test/images/WEB09865.jpg,exact_duplicate_dhash_d0
/home/z/my-project/Factory-AI/datasets/production/dfire/train/images/WEB01575.jpg,/home/z/my-project/Factory-AI/datasets/production/dfire/test/images/WEB09865.jpg,exact_duplicate_dhash_d0
/home/z/my-project/Factory-AI/datasets/production/dfire/train/images/WEB01576.jpg,/home/z/my-project/Factory-AI/datasets/production/dfire/test/images/WEB09865.jpg,exact_duplicate_dhash_d0
/home/z/my-project/Factory-AI/datasets/production/dfire/train/images/WEB01577.jpg,/home/z/my-project/Factory-AI/datasets/production/dfire/test/images/WEB09865.jpg,exact_duplicate_dhash_d0
/home/z/my-project/Factory-AI/datasets/production/dfire/train/images/WEB01584.jpg,/home/z/my-project/Factory-AI/datasets/production/dfire/test/images/WEB09868.jpg,exact_duplicate_dhash_d0
/home/z/my-project/Factory-AI/datasets/production/dfire/train/images/WEB01605.jpg,/home/z/my-project/Factory-AI/datasets/production/dfire/test/images/WEB09891.jpg,exact_duplicate_dhash_d0
/home/z/my-project/Factory-AI/datasets/production/dfire/train/images/WEB01606.jpg,/home/z/my-project/Factory-AI/datasets/production/dfire/test/images/WEB09890.jpg,exact_duplicate_dhash_d0
/home/z/my-project/Factory-AI/datasets/production/dfire/train/images/WEB01609.jpg,/home/z/my-project/Factory-AI/datasets/production/dfire/train/images/WEB01590.jpg,exact_duplicate_dhash_d0
/home/z/my-project/Factory-AI/datasets/production/dfire/train/images/WEB01610.jpg,/home/z/my-project/Factory-AI/datasets/production/dfire/train/images/WEB01608.jpg,exact_duplicate_dhash_d0
/home/z/my-project/Factory-AI/datasets/production/dfire/train/images/WEB01614.jpg,/home/z/my-project/Factory-AI/datasets/production/dfire/train/images/WEB01613.jpg,exact_duplicate_dhash_d0
/home/z/my-project/Factory-AI/datasets/production/dfire/train/images/WEB01619.jpg,/home/z/my-project/Factory-AI/datasets/production/dfire/test/images/WEB09895.jpg,exact_duplicate_dhash_d0
/home/z/my-project/Factory-AI/datasets/production/dfire/train/images/WEB01623.jpg,/home/z/my-project/Factory-AI/datasets/production/dfire/train/images/WEB01621.jpg,exact_duplicate_dhash_d0
/home/z/my-project/Factory-AI/datasets/production/dfire/train/images/WEB01627.jpg,/home/z/my-project/Factory-AI/datasets/production/dfire/train/images/WEB01590.jpg,exact_duplicate_dhash_d0
/home/z/my-project/Factory-AI/datasets/production/dfire/train/images/WEB01628.jpg,/home/z/my-project/Factory-AI/datasets/production/dfire/test/images/WEB09897.jpg,exact_duplicate_dhash_d0
/home/z/my-project/Factory-AI/datasets/production/dfire/train/images/WEB01630.jpg,/home/z/my-project/Factory-AI/datasets/production/dfire/test/images/WEB09898.jpg,exact_duplicate_dhash_d0
/home/z/my-project/Factory-AI/datasets/production/dfire/train/images/WEB01631.jpg,/home/z/my-project/Factory-AI/datasets/production/dfire/test/images/WEB09898.jpg,exact_duplicate_dhash_d0
/home/z/my-project/Factory-AI/datasets/production/dfire/train/images/WEB01632.jpg,/home/z/my-project/Factory-AI/datasets/production/dfire/test/images/WEB09898.jpg,exact_duplicate_dhash_d0
/home/z/my-project/Factory-AI/datasets/production/dfire/train/images/WEB01633.jpg,/home/z/my-project/Factory-AI/datasets/production/dfire/test/images/WEB09898.jpg,exact_duplicate_dhash_d0
/home/z/my-project/Factory-AI/datasets/production/dfire/train/images/WEB01635.jpg,/home/z/my-project/Factory-AI/datasets/production/dfire/train/images/WEB01590.jpg,exact_duplicate_dhash_d0
/home/z/my-project/Factory-AI/datasets/production/dfire/train/images/WEB01638.jpg,/home/z/my-project/Factory-AI/datasets/production/dfire/test/images/WEB09900.jpg,exact_duplicate_dhash_d0
/home/z/my-project/Factory-AI/datasets/production/dfire/train/images/WEB01665.jpg,/home/z/my-project/Factory-AI/datasets/production/dfire/test/images/WEB09904.jpg,exact_duplicate_dhash_d0
/home/z/my-project/Factory-AI/datasets/production/dfire/train/images/WEB01666.jpg,/home/z/my-project/Factory-AI/datasets/production/dfire/test/images/WEB09904.jpg,exact_duplicate_dhash_d0
/home/z/my-project/Factory-AI/datasets/production/dfire/train/images/WEB01668.jpg,/home/z/my-project/Factory-AI/datasets/production/dfire/test/images/WEB09901.jpg,exact_duplicate_dhash_d0
/home/z/my-project/Factory-AI/datasets/production/dfire/train/images/WEB01669.jpg,/home/z/my-project/Factory-AI/datasets/production/dfire/test/images/WEB09903.jpg,exact_duplicate_dhash_d0
/home/z/my-project/Factory-AI/datasets/production/dfire/train/images/WEB01670.jpg,/home/z/my-project/Factory-AI/datasets/production/dfire/test/images/WEB09903.jpg,exact_duplicate_dhash_d0
/home/z/my-project/Factory-AI/datasets/production/dfire/train/images/WEB01671.jpg,/home/z/my-project/Factory-AI/datasets/production/dfire/test/images/WEB09903.jpg,exact_duplicate_dhash_d0
/home/z/my-project/Factory-AI/datasets/production/dfire/train/images/WEB01673.jpg,/home/z/my-project/Factory-AI/datasets/production/dfire/test/images/WEB09903.jpg,exact_duplicate_dhash_d0
/home/z/my-project/Factory-AI/datasets/production/dfire/train/images/WEB01674.jpg,/home/z/my-project/Factory-AI/datasets/production/dfire/test/images/WEB09902.jpg,exact_duplicate_dhash_d0
/home/z/my-project/Factory-AI/datasets/production/dfire/train/images/WEB01675.jpg,/home/z/my-project/Factory-AI/datasets/production/dfire/test/images/WEB09903.jpg,exact_duplicate_dhash_d0
/home/z/my-project/Factory-AI/datasets/production/dfire/train/images/WEB01676.jpg,/home/z/my-project/Factory-AI/datasets/production/dfire/test/images/WEB09903.jpg,exact_duplicate_dhash_d0
/home/z/my-project/Factory-AI/datasets/production/dfire/train/images/WEB01677.jpg,/home/z/my-project/Factory-AI/datasets/production/dfire/test/images/WEB09903.jpg,exact_duplicate_dhash_d0
/home/z/my-project/Factory-AI/datasets/production/dfire/train/images/WEB01680.jpg,/home/z/my-project/Factory-AI/datasets/production/dfire/test/images/WEB09903.jpg,exact_duplicate_dhash_d0
/home/z/my-project/Factory-AI/datasets/production/dfire/train/images/WEB01692.jpg,/home/z/my-project/Factory-AI/datasets/production/dfire/train/images/WEB01690.jpg,exact_duplicate_dhash_d0
/home/z/my-project/Factory-AI/datasets/production/dfire/train/images/WEB01697.jpg,/home/z/my-project/Factory-AI/datasets/production/dfire/train/images/WEB01688.jpg,exact_duplicate_dhash_d0
/home/z/my-project/Factory-AI/datasets/production/dfire/train/images/WEB01794.jpg,/home/z/my-project/Factory-AI/datasets/production/dfire/test/images/WEB09935.jpg,exact_duplicate_dhash_d0
/home/z/my-project/Factory-AI/datasets/production/dfire/train/images/WEB01939.jpg,/home/z/my-project/Factory-AI/datasets/production/dfire/train/images/AoF03768.jpg,exact_duplicate_dhash_d0
/home/z/my-project/Factory-AI/datasets/production/dfire/train/images/WEB01942.jpg,/home/z/my-project/Factory-AI/datasets/production/dfire/train/images/WEB01941.jpg,exact_duplicate_dhash_d0
/home/z/my-project/Factory-AI/datasets/production/dfire/train/images/WEB01944.jpg,/home/z/my-project/Factory-AI/datasets/production/dfire/test/images/AoF06741.jpg,exact_duplicate_dhash_d0
/home/z/my-project/Factory-AI/datasets/production/dfire/train/images/WEB01959.jpg,/home/z/my-project/Factory-AI/datasets/production/dfire/test/images/WEB11201.jpg,exact_duplicate_dhash_d0
/home/z/my-project/Factory-AI/datasets/production/dfire/train/images/WEB02052.jpg,/home/z/my-project/Factory-AI/datasets/production/dfire/test/images/WEB10006.jpg,exact_duplicate_dhash_d0
/home/z/my-project/Factory-AI/datasets/production/dfire/train/images/WEB02055.jpg,/home/z/my-project/Factory-AI/datasets/production/dfire/test/images/WEB10006.jpg,exact_duplicate_dhash_d0
/home/z/my-project/Factory-AI/datasets/production/dfire/train/images/WEB02056.jpg,/home/z/my-project/Factory-AI/datasets/production/dfire/test/images/WEB10007.jpg,exact_duplicate_dhash_d0
/home/z/my-project/Factory-AI/datasets/production/dfire/train/images/WEB02057.jpg,/home/z/my-project/Factory-AI/datasets/production/dfire/test/images/WEB10007.jpg,exact_duplicate_dhash_d0
/home/z/my-project/Factory-AI/datasets/production/dfire/train/images/WEB02058.jpg,/home/z/my-project/Factory-AI/datasets/production/dfire/test/images/WEB10007.jpg,exact_duplicate_dhash_d0
/home/z/my-project/Factory-AI/datasets/production/dfire/train/images/WEB02062.jpg,/home/z/my-project/Factory-AI/datasets/production/dfire/train/images/WEB02061.jpg,exact_duplicate_dhash_d0
/home/z/my-project/Factory-AI/datasets/production/dfire/train/images/WEB02065.jpg,/home/z/my-project/Factory-AI/datasets/production/dfire/test/images/WEB10009.jpg,exact_duplicate_dhash_d0
/home/z/my-project/Factory-AI/datasets/production/dfire/train/images/WEB02066.jpg,/home/z/my-project/Factory-AI/datasets/production/dfire/test/images/WEB10009.jpg,exact_duplicate_dhash_d0
/home/z/my-project/Factory-AI/datasets/production/dfire/train/images/WEB02067.jpg,/home/z/my-project/Factory-AI/datasets/production/dfire/test/images/WEB10009.jpg,exact_duplicate_dhash_d0
/home/z/my-project/Factory-AI/datasets/production/dfire/train/images/WEB02069.jpg,/home/z/my-project/Factory-AI/datasets/production/dfire/test/images/WEB10009.jpg,exact_duplicate_dhash_d0
/home/z/my-project/Factory-AI/datasets/production/dfire/train/images/WEB02071.jpg,/home/z/my-project/Factory-AI/datasets/production/dfire/test/images/WEB10009.jpg,exact_duplicate_dhash_d0
/home/z/my-project/Factory-AI/datasets/production/dfire/train/images/WEB02072.jpg,/home/z/my-project/Factory-AI/datasets/production/dfire/test/images/WEB10009.jpg,exact_duplicate_dhash_d0
/home/z/my-project/Factory-AI/datasets/production/dfire/train/images/WEB02073.jpg,/home/z/my-project/Factory-AI/datasets/production/dfire/test/images/WEB10009.jpg,exact_duplicate_dhash_d0
/home/z/my-project/Factory-AI/datasets/production/dfire/train/images/WEB02075.jpg,/home/z/my-project/Factory-AI/datasets/production/dfire/train/images/WEB02074.jpg,exact_duplicate_dhash_d0
/home/z/my-project/Factory-AI/datasets/production/dfire/train/images/WEB02076.jpg,/home/z/my-project/Factory-AI/datasets/production/dfire/train/images/WEB02074.jpg,exact_duplicate_dhash_d0
/home/z/my-project/Factory-AI/datasets/production/dfire/train/images/WEB02078.jpg,/home/z/my-project/Factory-AI/datasets/production/dfire/train/images/WEB02074.jpg,exact_duplicate_dhash_d0
/home/z/my-project/Factory-AI/datasets/production/dfire/train/images/WEB02079.jpg,/home/z/my-project/Factory-AI/datasets/production/dfire/train/images/WEB02074.jpg,exact_duplicate_dhash_d0
/home/z/my-project/Factory-AI/datasets/production/dfire/train/images/WEB02080.jpg,/home/z/my-project/Factory-AI/datasets/production/dfire/test/images/WEB10011.jpg,exact_duplicate_dhash_d0
/home/z/my-project/Factory-AI/datasets/production/dfire/train/images/WEB02081.jpg,/home/z/my-project/Factory-AI/datasets/production/dfire/test/images/WEB10011.jpg,exact_duplicate_dhash_d0
/home/z/my-project/Factory-AI/datasets/production/dfire/train/images/WEB02082.jpg,/home/z/my-project/Factory-AI/datasets/production/dfire/test/images/WEB10011.jpg,exact_duplicate_dhash_d0
/home/z/my-project/Factory-AI/datasets/production/dfire/train/images/WEB02084.jpg,/home/z/my-project/Factory-AI/datasets/production/dfire/test/images/WEB10013.jpg,exact_duplicate_dhash_d0
/home/z/my-project/Factory-AI/datasets/production/dfire/train/images/WEB02086.jpg,/home/z/my-project/Factory-AI/datasets/production/dfire/test/images/WEB10013.jpg,exact_duplicate_dhash_d0
/home/z/my-project/Factory-AI/datasets/production/dfire/train/images/WEB02087.jpg,/home/z/my-project/Factory-AI/datasets/production/dfire/test/images/WEB10013.jpg,exact_duplicate_dhash_d0
/home/z/my-project/Factory-AI/datasets/production/dfire/train/images/WEB02089.jpg,/home/z/my-project/Factory-AI/datasets/production/dfire/train/images/WEB02088.jpg,exact_duplicate_dhash_d0
/home/z/my-project/Factory-AI/datasets/production/dfire/train/images/WEB02091.jpg,/home/z/my-project/Factory-AI/datasets/production/dfire/test/images/WEB10016.jpg,exact_duplicate_dhash_d0
/home/z/my-project/Factory-AI/datasets/production/dfire/train/images/WEB02092.jpg,/home/z/my-project/Factory-AI/datasets/production/dfire/test/images/WEB10016.jpg,exact_duplicate_dhash_d0
/home/z/my-project/Factory-AI/datasets/production/dfire/train/images/WEB02093.jpg,/home/z/my-project/Factory-AI/datasets/production/dfire/test/images/WEB10016.jpg,exact_duplicate_dhash_d0
/home/z/my-project/Factory-AI/datasets/production/dfire/train/images/WEB02096.jpg,/home/z/my-project/Factory-AI/datasets/production/dfire/test/images/WEB10017.jpg,exact_duplicate_dhash_d0
/home/z/my-project/Factory-AI/datasets/production/dfire/train/images/WEB02099.jpg,/home/z/my-project/Factory-AI/datasets/production/dfire/test/images/WEB10018.jpg,exact_duplicate_dhash_d0
/home/z/my-project/Factory-AI/datasets/production/dfire/train/images/WEB02114.jpg,/home/z/my-project/Factory-AI/datasets/production/dfire/test/images/WEB10025.jpg,exact_duplicate_dhash_d0
/home/z/my-project/Factory-AI/datasets/production/dfire/train/images/WEB02140.jpg,/home/z/my-project/Factory-AI/datasets/production/dfire/train/images/WEB02138.jpg,exact_duplicate_dhash_d0
/home/z/my-project/Factory-AI/datasets/production/dfire/train/images/WEB02142.jpg,/home/z/my-project/Factory-AI/datasets/production/dfire/train/images/WEB02138.jpg,exact_duplicate_dhash_d0
/home/z/my-project/Factory-AI/datasets/production/dfire/train/images/WEB02144.jpg,/home/z/my-project/Factory-AI/datasets/production/dfire/train/images/WEB02138.jpg,exact_duplicate_dhash_d0
/home/z/my-project/Factory-AI/datasets/production/dfire/train/images/WEB02145.jpg,/home/z/my-project/Factory-AI/datasets/production/dfire/train/images/WEB02141.jpg,exact_duplicate_dhash_d0
/home/z/my-project/Factory-AI/datasets/production/dfire/train/images/WEB02146.jpg,/home/z/my-project/Factory-AI/datasets/production/dfire/train/images/WEB02138.jpg,exact_duplicate_dhash_d0
/home/z/my-project/Factory-AI/datasets/production/dfire/train/images/WEB02156.jpg,/home/z/my-project/Factory-AI/datasets/production/dfire/test/images/WEB10006.jpg,exact_duplicate_dhash_d0
/home/z/my-project/Factory-AI/datasets/production/dfire/train/images/WEB02225.jpg,/home/z/my-project/Factory-AI/datasets/production/dfire/test/images/WEB10124.jpg,exact_duplicate_dhash_d0
/home/z/my-project/Factory-AI/datasets/production/dfire/train/images/WEB02567.jpg,/home/z/my-project/Factory-AI/datasets/production/dfire/train/images/WEB00721.jpg,exact_duplicate_dhash_d0
/home/z/my-project/Factory-AI/datasets/production/dfire/train/images/WEB02945.jpg,/home/z/my-project/Factory-AI/datasets/production/dfire/test/images/WEB10239.jpg,exact_duplicate_dhash_d0
/home/z/my-project/Factory-AI/datasets/production/dfire/train/images/WEB03117.jpg,/home/z/my-project/Factory-AI/datasets/production/dfire/test/images/WEB10274.jpg,exact_duplicate_dhash_d0
/home/z/my-project/Factory-AI/datasets/production/dfire/train/images/WEB03118.jpg,/home/z/my-project/Factory-AI/datasets/production/dfire/test/images/WEB10274.jpg,exact_duplicate_dhash_d0
/home/z/my-project/Factory-AI/datasets/production/dfire/train/images/WEB03119.jpg,/home/z/my-project/Factory-AI/datasets/production/dfire/test/images/WEB10274.jpg,exact_duplicate_dhash_d0
/home/z/my-project/Factory-AI/datasets/production/dfire/train/images/WEB03120.jpg,/home/z/my-project/Factory-AI/datasets/production/dfire/test/images/WEB10274.jpg,exact_duplicate_dhash_d0
/home/z/my-project/Factory-AI/datasets/production/dfire/train/images/WEB03592.jpg,/home/z/my-project/Factory-AI/datasets/production/dfire/test/images/WEB10124.jpg,exact_duplicate_dhash_d0
/home/z/my-project/Factory-AI/datasets/production/dfire/train/images/WEB03611.jpg,/home/z/my-project/Factory-AI/datasets/production/dfire/test/images/WEB10124.jpg,exact_duplicate_dhash_d0
/home/z/my-project/Factory-AI/datasets/production/dfire/train/images/WEB03784.jpg,/home/z/my-project/Factory-AI/datasets/production/dfire/test/images/WEB10902.jpg,exact_duplicate_dhash_d0
/home/z/my-project/Factory-AI/datasets/production/dfire/train/images/WEB03803.jpg,/home/z/my-project/Factory-AI/datasets/production/dfire/train/images/WEB03800.jpg,exact_duplicate_dhash_d0
/home/z/my-project/Factory-AI/datasets/production/dfire/train/images/WEB04441.jpg,/home/z/my-project/Factory-AI/datasets/production/dfire/train/images/AoF04501.jpg,exact_duplicate_dhash_d0
/home/z/my-project/Factory-AI/datasets/production/dfire/train/images/WEB04467.jpg,/home/z/my-project/Factory-AI/datasets/production/dfire/train/images/WEB00721.jpg,exact_duplicate_dhash_d0
/home/z/my-project/Factory-AI/datasets/production/dfire/train/images/WEB04601.jpg,/home/z/my-project/Factory-AI/datasets/production/dfire/test/images/WEB10628.jpg,exact_duplicate_dhash_d0
/home/z/my-project/Factory-AI/datasets/production/dfire/train/images/WEB04602.jpg,/home/z/my-project/Factory-AI/datasets/production/dfire/test/images/WEB10628.jpg,exact_duplicate_dhash_d0
/home/z/my-project/Factory-AI/datasets/production/dfire/train/images/WEB05082.jpg,/home/z/my-project/Factory-AI/datasets/production/dfire/train/images/WEB05081.jpg,exact_duplicate_dhash_d0
/home/z/my-project/Factory-AI/datasets/production/dfire/train/images/WEB05084.jpg,/home/z/my-project/Factory-AI/datasets/production/dfire/test/images/WEB10765.jpg,exact_duplicate_dhash_d0
/home/z/my-project/Factory-AI/datasets/production/dfire/train/images/WEB05101.jpg,/home/z/my-project/Factory-AI/datasets/production/dfire/train/images/WEB05094.jpg,exact_duplicate_dhash_d0
/home/z/my-project/Factory-AI/datasets/production/dfire/train/images/WEB05426.jpg,/home/z/my-project/Factory-AI/datasets/production/dfire/test/images/WEB10840.jpg,exact_duplicate_dhash_d0
/home/z/my-project/Factory-AI/datasets/production/dfire/train/images/WEB05530.jpg,/home/z/my-project/Factory-AI/datasets/production/dfire/test/images/WEB10864.jpg,exact_duplicate_dhash_d0
/home/z/my-project/Factory-AI/datasets/production/dfire/train/images/WEB05543.jpg,/home/z/my-project/Factory-AI/datasets/production/dfire/test/images/WEB10868.jpg,exact_duplicate_dhash_d0
/home/z/my-project/Factory-AI/datasets/production/dfire/train/images/WEB05546.jpg,/home/z/my-project/Factory-AI/datasets/production/dfire/test/images/WEB10868.jpg,exact_duplicate_dhash_d0
/home/z/my-project/Factory-AI/datasets/production/dfire/train/images/WEB05553.jpg,/home/z/my-project/Factory-AI/datasets/production/dfire/train/images/WEB02239.jpg,exact_duplicate_dhash_d0
/home/z/my-project/Factory-AI/datasets/production/dfire/train/images/WEB05936.jpg,/home/z/my-project/Factory-AI/datasets/production/dfire/train/images/WEB05935.jpg,exact_duplicate_dhash_d0
/home/z/my-project/Factory-AI/datasets/production/dfire/train/images/WEB06073.jpg,/home/z/my-project/Factory-AI/datasets/production/dfire/train/images/WEB06047.jpg,exact_duplicate_dhash_d0
/home/z/my-project/Factory-AI/datasets/production/dfire/train/images/WEB06114.jpg,/home/z/my-project/Factory-AI/datasets/production/dfire/train/images/WEB04230.jpg,exact_duplicate_dhash_d0
/home/z/my-project/Factory-AI/datasets/production/dfire/train/images/WEB06418.jpg,/home/z/my-project/Factory-AI/datasets/production/dfire/train/images/WEB06205.jpg,exact_duplicate_dhash_d0
/home/z/my-project/Factory-AI/datasets/production/dfire/train/images/WEB06480.jpg,/home/z/my-project/Factory-AI/datasets/production/dfire/test/images/PublicDataset01262.jpg,exact_duplicate_dhash_d0
/home/z/my-project/Factory-AI/datasets/production/dfire/train/images/WEB06482.jpg,/home/z/my-project/Factory-AI/datasets/production/dfire/test/images/PublicDataset01262.jpg,exact_duplicate_dhash_d0
/home/z/my-project/Factory-AI/datasets/production/dfire/train/images/WEB06485.jpg,/home/z/my-project/Factory-AI/datasets/production/dfire/test/images/PublicDataset01265.jpg,exact_duplicate_dhash_d0
/home/z/my-project/Factory-AI/datasets/production/dfire/train/images/WEB06486.jpg,/home/z/my-project/Factory-AI/datasets/production/dfire/train/images/PublicDataset00783.jpg,exact_duplicate_dhash_d0
/home/z/my-project/Factory-AI/datasets/production/dfire/train/images/WEB06488.jpg,/home/z/my-project/Factory-AI/datasets/production/dfire/train/images/PublicDataset00786.jpg,exact_duplicate_dhash_d0
/home/z/my-project/Factory-AI/datasets/production/dfire/train/images/WEB06489.jpg,/home/z/my-project/Factory-AI/datasets/production/dfire/train/images/PublicDataset00786.jpg,exact_duplicate_dhash_d0
/home/z/my-project/Factory-AI/datasets/production/dfire/train/images/WEB06509.jpg,/home/z/my-project/Factory-AI/datasets/production/dfire/test/images/PublicDataset01267.jpg,exact_duplicate_dhash_d0
/home/z/my-project/Factory-AI/datasets/production/dfire/train/images/WEB06511.jpg,/home/z/my-project/Factory-AI/datasets/production/dfire/test/images/PublicDataset01269.jpg,exact_duplicate_dhash_d0
/home/z/my-project/Factory-AI/datasets/production/dfire/train/images/WEB06512.jpg,/home/z/my-project/Factory-AI/datasets/production/dfire/test/images/PublicDataset01269.jpg,exact_duplicate_dhash_d0
/home/z/my-project/Factory-AI/datasets/production/dfire/train/images/WEB06514.jpg,/home/z/my-project/Factory-AI/datasets/production/dfire/test/images/PublicDataset01269.jpg,exact_duplicate_dhash_d0
/home/z/my-project/Factory-AI/datasets/production/dfire/train/images/WEB06517.jpg,/home/z/my-project/Factory-AI/datasets/production/dfire/test/images/AoF07964.jpg,exact_duplicate_dhash_d0
/home/z/my-project/Factory-AI/datasets/production/dfire/train/images/WEB06518.jpg,/home/z/my-project/Factory-AI/datasets/production/dfire/test/images/PublicDataset01273.jpg,exact_duplicate_dhash_d0
/home/z/my-project/Factory-AI/datasets/production/dfire/train/images/WEB06520.jpg,/home/z/my-project/Factory-AI/datasets/production/dfire/test/images/PublicDataset01273.jpg,exact_duplicate_dhash_d0
/home/z/my-project/Factory-AI/datasets/production/dfire/train/images/WEB06525.jpg,/home/z/my-project/Factory-AI/datasets/production/dfire/test/images/WEB11081.jpg,exact_duplicate_dhash_d0
/home/z/my-project/Factory-AI/datasets/production/dfire/train/images/WEB06530.jpg,/home/z/my-project/Factory-AI/datasets/production/dfire/train/images/WEB01958.jpg,exact_duplicate_dhash_d0
/home/z/my-project/Factory-AI/datasets/production/dfire/train/images/WEB06539.jpg,/home/z/my-project/Factory-AI/datasets/production/dfire/train/images/WEB06538.jpg,exact_duplicate_dhash_d0
/home/z/my-project/Factory-AI/datasets/production/dfire/train/images/WEB06639.jpg,/home/z/my-project/Factory-AI/datasets/production/dfire/train/images/WEB01957.jpg,exact_duplicate_dhash_d0
/home/z/my-project/Factory-AI/datasets/production/dfire/train/images/WEB06676.jpg,/home/z/my-project/Factory-AI/datasets/production/dfire/train/images/WEB01958.jpg,exact_duplicate_dhash_d0
/home/z/my-project/Factory-AI/datasets/production/dfire/train/images/WEB06734.jpg,/home/z/my-project/Factory-AI/datasets/production/dfire/test/images/AoF08191.jpg,exact_duplicate_dhash_d0
/home/z/my-project/Factory-AI/datasets/production/dfire/train/images/WEB06737.jpg,/home/z/my-project/Factory-AI/datasets/production/dfire/train/images/WEB01956.jpg,exact_duplicate_dhash_d0
/home/z/my-project/Factory-AI/datasets/production/dfire/train/images/WEB06750.jpg,/home/z/my-project/Factory-AI/datasets/production/dfire/test/images/WEB11127.jpg,exact_duplicate_dhash_d0
/home/z/my-project/Factory-AI/datasets/production/dfire/train/images/WEB06756.jpg,/home/z/my-project/Factory-AI/datasets/production/dfire/train/images/WEB06755.jpg,exact_duplicate_dhash_d0
/home/z/my-project/Factory-AI/datasets/production/dfire/train/images/WEB06851.jpg,/home/z/my-project/Factory-AI/datasets/production/dfire/train/images/WEB06685.jpg,exact_duplicate_dhash_d0
/home/z/my-project/Factory-AI/datasets/production/dfire/train/images/WEB06870.jpg,/home/z/my-project/Factory-AI/datasets/production/dfire/test/images/WEB11201.jpg,exact_duplicate_dhash_d0
/home/z/my-project/Factory-AI/datasets/production/dfire/train/images/WEB06909.jpg,/home/z/my-project/Factory-AI/datasets/production/dfire/test/images/WEB09974.jpg,exact_duplicate_dhash_d0
/home/z/my-project/Factory-AI/datasets/production/dfire/train/images/WEB06951.jpg,/home/z/my-project/Factory-AI/datasets/production/dfire/test/images/WEB11170.jpg,exact_duplicate_dhash_d0
/home/z/my-project/Factory-AI/datasets/production/dfire/train/images/WEB06952.jpg,/home/z/my-project/Factory-AI/datasets/production/dfire/train/images/WEB06607.jpg,exact_duplicate_dhash_d0
/home/z/my-project/Factory-AI/datasets/production/dfire/train/images/WEB06957.jpg,/home/z/my-project/Factory-AI/datasets/production/dfire/test/images/WEB11171.jpg,exact_duplicate_dhash_d0
/home/z/my-project/Factory-AI/datasets/production/dfire/train/images/WEB06965.jpg,/home/z/my-project/Factory-AI/datasets/production/dfire/test/images/WEB11170.jpg,exact_duplicate_dhash_d0
/home/z/my-project/Factory-AI/datasets/production/dfire/train/images/WEB07010.jpg,/home/z/my-project/Factory-AI/datasets/production/dfire/train/images/WEB01956.jpg,exact_duplicate_dhash_d0
/home/z/my-project/Factory-AI/datasets/production/dfire/train/images/WEB07017.jpg,/home/z/my-project/Factory-AI/datasets/production/dfire/train/images/WEB01957.jpg,exact_duplicate_dhash_d0
/home/z/my-project/Factory-AI/datasets/production/dfire/train/images/WEB07025.jpg,/home/z/my-project/Factory-AI/datasets/production/dfire/train/images/WEB06779.jpg,exact_duplicate_dhash_d0
/home/z/my-project/Factory-AI/datasets/production/dfire/train/images/WEB07066.jpg,/home/z/my-project/Factory-AI/datasets/production/dfire/train/images/WEB01958.jpg,exact_duplicate_dhash_d0
/home/z/my-project/Factory-AI/datasets/production/dfire/train/images/WEB07082.jpg,/home/z/my-project/Factory-AI/datasets/production/dfire/test/images/WEB11201.jpg,exact_duplicate_dhash_d0
/home/z/my-project/Factory-AI/datasets/production/dfire/train/images/WEB07086.jpg,/home/z/my-project/Factory-AI/datasets/production/dfire/test/images/WEB11207.jpg,exact_duplicate_dhash_d0
/home/z/my-project/Factory-AI/datasets/production/dfire/train/images/WEB07092.jpg,/home/z/my-project/Factory-AI/datasets/production/dfire/test/images/WEB11211.jpg,exact_duplicate_dhash_d0
/home/z/my-project/Factory-AI/datasets/production/dfire/train/images/WEB07101.jpg,/home/z/my-project/Factory-AI/datasets/production/dfire/test/images/WEB11213.jpg,exact_duplicate_dhash_d0
/home/z/my-project/Factory-AI/datasets/production/dfire/train/images/WEB07102.jpg,/home/z/my-project/Factory-AI/datasets/production/dfire/test/images/WEB11213.jpg,exact_duplicate_dhash_d0
/home/z/my-project/Factory-AI/datasets/production/dfire/train/images/WEB07105.jpg,/home/z/my-project/Factory-AI/datasets/production/dfire/train/images/WEB07097.jpg,exact_duplicate_dhash_d0
/home/z/my-project/Factory-AI/datasets/production/dfire/train/images/WEB07117.jpg,/home/z/my-project/Factory-AI/datasets/production/dfire/test/images/WEB11218.jpg,exact_duplicate_dhash_d0
/home/z/my-project/Factory-AI/datasets/production/dfire/train/images/WEB07122.jpg,/home/z/my-project/Factory-AI/datasets/production/dfire/train/images/WEB06294.jpg,exact_duplicate_dhash_d0
/home/z/my-project/Factory-AI/datasets/production/dfire/train/images/WEB07143.jpg,/home/z/my-project/Factory-AI/datasets/production/dfire/train/images/WEB01961.jpg,exact_duplicate_dhash_d0
/home/z/my-project/Factory-AI/datasets/production/dfire/train/images/WEB07499.jpg,/home/z/my-project/Factory-AI/datasets/production/dfire/train/images/WEB06689.jpg,exact_duplicate_dhash_d0
/home/z/my-project/Factory-AI/datasets/production/dfire/train/images/WEB07984.jpg,/home/z/my-project/Factory-AI/datasets/production/dfire/train/images/WEB07983.jpg,exact_duplicate_dhash_d0
/home/z/my-project/Factory-AI/datasets/production/dfire/train/images/WEB08027.jpg,/home/z/my-project/Factory-AI/datasets/production/dfire/train/images/WEB08026.jpg,exact_duplicate_dhash_d0
/home/z/my-project/Factory-AI/datasets/production/dfire/train/images/WEB08721.jpg,/home/z/my-project/Factory-AI/datasets/production/dfire/test/images/WEB11623.jpg,exact_duplicate_dhash_d0
/home/z/my-project/Factory-AI/datasets/production/dfire/train/images/WEB09014.jpg,/home/z/my-project/Factory-AI/datasets/production/dfire/train/images/WEB09013.jpg,exact_duplicate_dhash_d0
/home/z/my-project/Factory-AI/datasets/production/dfire/train/images/WEB09015.jpg,/home/z/my-project/Factory-AI/datasets/production/dfire/test/images/WEB11677.jpg,exact_duplicate_dhash_d0
/home/z/my-project/Factory-AI/datasets/production/dfire/train/images/WEB09017.jpg,/home/z/my-project/Factory-AI/datasets/production/dfire/test/images/WEB11677.jpg,exact_duplicate_dhash_d0
