quarantined_image,kept_representative,reason
/home/z/my-project/Factory-AI/datasets/production/hardhats/test/images/-2233-_png_jpg.rf.8ff49b7f805c3dbcbe02022382b42a2c.jpg,/home/z/my-project/Factory-AI/datasets/production/hardhats/test/images/-2033-_png_jpg.rf.a38d38660e68247643721b4c1095f22f.jpg,exact_duplicate_dhash_d0
/home/z/my-project/Factory-AI/datasets/production/hardhats/test/images/-387-_png_jpg.rf.5d78e35cf28e2e81a4de4723115767a2.jpg,/home/z/my-project/Factory-AI/datasets/production/hardhats/test/images/-2082-_png_jpg.rf.7b89e77b67643cd28c0ce52ed7e588e3.jpg,exact_duplicate_dhash_d0
/home/z/my-project/Factory-AI/datasets/production/hardhats/test/images/-481-_png_jpg.rf.9390b0a3259f88334bada41b425bbc58.jpg,/home/z/my-project/Factory-AI/datasets/production/hardhats/test/images/-1386-_png_jpg.rf.cc9d12440853627947a9f7b7a4c67d8a.jpg,exact_duplicate_dhash_d0
/home/z/my-project/Factory-AI/datasets/production/hardhats/test/images/000032_jpg.rf.7b019cb568ebf347b68bdf4e80990ea4.jpg,/home/z/my-project/Factory-AI/datasets/production/hardhats/test/images/000032_jpg.rf.774ba82c2700608a18eeb00c002cdc9e.jpg,exact_duplicate_dhash_d0
/home/z/my-project/Factory-AI/datasets/production/hardhats/test/images/000081_jpg.rf.ce914c9c27979ac9bf729734053ade00.jpg,/home/z/my-project/Factory-AI/datasets/production/hardhats/test/images/000081_jpg.rf.26e35a15ae3abc2e57027ff786202cd0.jpg,exact_duplicate_dhash_d0
/home/z/my-project/Factory-AI/datasets/production/hardhats/test/images/000090_jpg.rf.88a0a1625f58b242957625ed14bc8125.jpg,/home/z/my-project/Factory-AI/datasets/production/hardhats/test/images/000090_jpg.rf.6099775801423beb014f53f61d14b1db.jpg,exact_duplicate_dhash_d0
/home/z/my-project/Factory-AI/datasets/production/hardhats/test/images/000124_jpg.rf.1b72e0b64df815a2eca43f50aa4a676f.jpg,/home/z/my-project/Factory-AI/datasets/production/hardhats/test/images/-4639-_png_jpg.rf.5ca5d17df36d45fafad6ded6da65181b.jpg,exact_duplicate_dhash_d0
/home/z/my-project/Factory-AI/datasets/production/hardhats/test/images/000182_jpg.rf.fe561a23606057622494e213845f964a.jpg,/home/z/my-project/Factory-AI/datasets/production/hardhats/test/images/000182_jpg.rf.a9387b74cc691154b2722ef968f5f3dc.jpg,exact_duplicate_dhash_d0
/home/z/my-project/Factory-AI/datasets/production/hardhats/test/images/000187_jpg.rf.9095eae011ace9f604bf3e987c926963.jpg,/home/z/my-project/Factory-AI/datasets/production/hardhats/test/images/000187_jpg.rf.101e0fe6e237a92c214ad8281b6a7b14.jpg,exact_duplicate_dhash_d0
/home/z/my-project/Factory-AI/datasets/production/hardhats/test/images/005397_jpg.rf.9c3c8e7a66effdd84f30680e0324312d.jpg,/home/z/my-project/Factory-AI/datasets/production/hardhats/test/images/005397_jpg.rf.8da68892e16bf8e09a03f577e9b4afca.jpg,exact_duplicate_dhash_d0
/home/z/my-project/Factory-AI/datasets/production/hardhats/test/images/MX_img_162_jpg.rf.1460f26ef0ba54ec79500056cb7e1327.jpg,/home/z/my-project/Factory-AI/datasets/production/hardhats/test/images/MX_img_118_jpg.rf.a581d7cce365e25747170a644c2100a9.jpg,exact_duplicate_dhash_d0
/home/z/my-project/Factory-AI/datasets/production/hardhats/test/images/MX_img_179_jpg.rf.6fd6c05576f6c4d1f5597fda8a49e8e4.jpg,/home/z/my-project/Factory-AI/datasets/production/hardhats/test/images/MX_img_118_jpg.rf.a581d7cce365e25747170a644c2100a9.jpg,exact_duplicate_dhash_d0
/home/z/my-project/Factory-AI/datasets/production/hardhats/test/images/MX_img_38_jpg.rf.43321b9a625689b8a81ea00da9ef3d96.jpg,/home/z/my-project/Factory-AI/datasets/production/hardhats/test/images/MX_img_17_jpg.rf.2e160f0013f0b82aa46a8499f10b5366.jpg,exact_duplicate_dhash_d0
/home/z/my-project/Factory-AI/datasets/production/hardhats/test/images/MX_img_82_jpg.rf.2ecb6eece8bf1f72010b14157332d31a.jpg,/home/z/my-project/Factory-AI/datasets/production/hardhats/test/images/MX_img_55_jpg.rf.6ab43711488a3063cba9b889f78f20af.jpg,exact_duplicate_dhash_d0
/home/z/my-project/Factory-AI/datasets/production/hardhats/test/images/Nhh_img_189_jpg.rf.b3294ded2e75e587d6c11b609930e16b.jpg,/home/z/my-project/Factory-AI/datasets/production/hardhats/test/images/Nhh_img_178_jpg.rf.2d1a38d629f15584abee85a167222239.jpg,exact_duplicate_dhash_d0
/home/z/my-project/Factory-AI/datasets/production/hardhats/test/images/RPReplay_Final1667001201_MP4-5_jpg.rf.1ed3e3233be03373098e57349dbbf3cf.jpg,/home/z/my-project/Factory-AI/datasets/production/hardhats/test/images/RPReplay_Final1667001201_MP4-1_jpg.rf.e27f4243d476905f0c69a9dbcde09578.jpg,exact_duplicate_dhash_d0
/home/z/my-project/Factory-AI/datasets/production/hardhats/test/images/RTX7CCFN_jpg.rf.3d6484e29d1554ee00ea95217ac26ae7.jpg,/home/z/my-project/Factory-AI/datasets/production/hardhats/test/images/RTX7CCFN_jpg.rf.1ae9136e785a092a87c3692f325b516e.jpg,exact_duplicate_dhash_d0
/home/z/my-project/Factory-AI/datasets/production/hardhats/test/images/helmet9991049_jpg.rf.3e2d886ebca02daf438999d237c14007.jpg,/home/z/my-project/Factory-AI/datasets/production/hardhats/test/images/helmet9991047_jpg.rf.e572804fe48ad7022ec4cf4f2127eb8b.jpg,exact_duplicate_dhash_d0
/home/z/my-project/Factory-AI/datasets/production/hardhats/test/images/helmet9991157_jpg.rf.2103961581dae7fa36f9abd29053aabc.jpg,/home/z/my-project/Factory-AI/datasets/production/hardhats/test/images/helmet9991152_jpg.rf.a550d2e0ff2845272c86b8e5bcfcee71.jpg,exact_duplicate_dhash_d0
/home/z/my-project/Factory-AI/datasets/production/hardhats/test/images/helmet999522_jpg.rf.d7db7254e149f8579452c729fe943150.jpg,/home/z/my-project/Factory-AI/datasets/production/hardhats/test/images/helmet999515_jpg.rf.e646bfb97ea5f50f94b5392f64cce243.jpg,exact_duplicate_dhash_d0
/home/z/my-project/Factory-AI/datasets/production/hardhats/test/images/helmet999798_jpg.rf.c6c4a235b700fed132e7e7dfdfe22ca8.jpg,/home/z/my-project/Factory-AI/datasets/production/hardhats/test/images/helmet999792_jpg.rf.b945b165c39480c9e94c5d1dcd729f23.jpg,exact_duplicate_dhash_d0
/home/z/my-project/Factory-AI/datasets/production/hardhats/test/images/helmet999807_jpg.rf.711a6120a235d114c201aa71259f764d.jpg,/home/z/my-project/Factory-AI/datasets/production/hardhats/test/images/helmet999792_jpg.rf.b945b165c39480c9e94c5d1dcd729f23.jpg,exact_duplicate_dhash_d0
/home/z/my-project/Factory-AI/datasets/production/hardhats/test/images/helmet999961_jpg.rf.41514ae524be7c4d8d76d6de6d917b35.jpg,/home/z/my-project/Factory-AI/datasets/production/hardhats/test/images/helmet999958_jpg.rf.c20b516a6a36203afcd0cd426a11b71c.jpg,exact_duplicate_dhash_d0
/home/z/my-project/Factory-AI/datasets/production/hardhats/test/images/helmet999965_jpg.rf.756eaab75a0b323e1784e0115c0a35e8.jpg,/home/z/my-project/Factory-AI/datasets/production/hardhats/test/images/helmet999958_jpg.rf.c20b516a6a36203afcd0cd426a11b71c.jpg,exact_duplicate_dhash_d0
/home/z/my-project/Factory-AI/datasets/production/hardhats/test/images/helmet999990_jpg.rf.9ee80da12682ecab239dbe2aaf5dbd72.jpg,/home/z/my-project/Factory-AI/datasets/production/hardhats/test/images/helmet999958_jpg.rf.c20b516a6a36203afcd0cd426a11b71c.jpg,exact_duplicate_dhash_d0
/home/z/my-project/Factory-AI/datasets/production/hardhats/test/images/image_109_jpg.rf.3d33375afa339ee63ef1a2aa4fe5af63.jpg,/home/z/my-project/Factory-AI/datasets/production/hardhats/test/images/image_108_jpg.rf.a2a7f9dd16e7a136d02fb42a810d1644.jpg,exact_duplicate_dhash_d0
/home/z/my-project/Factory-AI/datasets/production/hardhats/test/images/image_210_jpg.rf.b7ada67fb5951489afcc51532e3a32e0.jpg,/home/z/my-project/Factory-AI/datasets/production/hardhats/test/images/image_202_jpg.rf.5cfd319f1a62b2669f4741d2f3f8aafb.jpg,exact_duplicate_dhash_d0
/home/z/my-project/Factory-AI/datasets/production/hardhats/test/images/mask-wearing-tests_mohamed_mp4-47_jpg.rf.d5fd0aab9097f547fb34f844ebbcc539.jpg,/home/z/my-project/Factory-AI/datasets/production/hardhats/test/images/mask-wearing-tests_mohamed_mp4-45_jpg.rf.8f2e75126cc50405b567a9e3a598e67f.jpg,exact_duplicate_dhash_d0
/home/z/my-project/Factory-AI/datasets/production/hardhats/test/images/p113179_jpg.rf.92868932f7f7aa487ee2dc9a6d639d1a.jpg,/home/z/my-project/Factory-AI/datasets/production/hardhats/test/images/p113175_jpg.rf.78ac3e5aef45a9d2db3beab8d659ba75.jpg,exact_duplicate_dhash_d0
/home/z/my-project/Factory-AI/datasets/production/hardhats/test/images/p11375_jpg.rf.675a4adad04bdf8c974b3e9f9dde9aeb.jpg,/home/z/my-project/Factory-AI/datasets/production/hardhats/test/images/p11374_jpg.rf.3a24995e7ff9293b6d35419b8f970e62.jpg,exact_duplicate_dhash_d0
/home/z/my-project/Factory-AI/datasets/production/hardhats/test/images/p65213144_jpg.rf.5185262ec2f037a40e2452e9272d91ac.jpg,/home/z/my-project/Factory-AI/datasets/production/hardhats/test/images/p651359_jpg.rf.dee5dc82e195051ff952a08423c55cc7.jpg,exact_duplicate_dhash_d0
/home/z/my-project/Factory-AI/datasets/production/hardhats/test/images/p65213159_jpg.rf.2f3b3653969f8e1027a470840c99ddef.jpg,/home/z/my-project/Factory-AI/datasets/production/hardhats/test/images/p651359_jpg.rf.dee5dc82e195051ff952a08423c55cc7.jpg,exact_duplicate_dhash_d0
/home/z/my-project/Factory-AI/datasets/production/hardhats/test/images/p65213186_jpg.rf.5f38d457b310d9bacd4b7be72dac8136.jpg,/home/z/my-project/Factory-AI/datasets/production/hardhats/test/images/p65213185_jpg.rf.2f2123e379ef598db811f5c355410dd8.jpg,exact_duplicate_dhash_d0
/home/z/my-project/Factory-AI/datasets/production/hardhats/test/images/p656213111_jpg.rf.713127815a36aa8cf8d8af2a522df8c7.jpg,/home/z/my-project/Factory-AI/datasets/production/hardhats/test/images/p656213103_jpg.rf.6f6e65039dbe5f6b945079e528dac378.jpg,exact_duplicate_dhash_d0
/home/z/my-project/Factory-AI/datasets/production/hardhats/test/images/p656213113_jpg.rf.2bd689c620083341b37cd83616242cd0.jpg,/home/z/my-project/Factory-AI/datasets/production/hardhats/test/images/p656213103_jpg.rf.6f6e65039dbe5f6b945079e528dac378.jpg,exact_duplicate_dhash_d0
/home/z/my-project/Factory-AI/datasets/production/hardhats/test/images/p656213169_jpg.rf.24ee151431344014760e45deafb10d48.jpg,/home/z/my-project/Factory-AI/datasets/production/hardhats/test/images/p656213122_jpg.rf.6e23a1e6937de91f76ad8f4ec00565a0.jpg,exact_duplicate_dhash_d0
/home/z/my-project/Factory-AI/datasets/production/hardhats/test/images/p656213194_jpg.rf.b94c9ff61ba9c662e83a2930b94056e4.jpg,/home/z/my-project/Factory-AI/datasets/production/hardhats/test/images/p656213122_jpg.rf.6e23a1e6937de91f76ad8f4ec00565a0.jpg,exact_duplicate_dhash_d0
/home/z/my-project/Factory-AI/datasets/production/hardhats/test/images/p656213200_jpg.rf.225bf49e39a2d63edeee1e4617e69c3c.jpg,/home/z/my-project/Factory-AI/datasets/production/hardhats/test/images/p656213122_jpg.rf.6e23a1e6937de91f76ad8f4ec00565a0.jpg,exact_duplicate_dhash_d0
/home/z/my-project/Factory-AI/datasets/production/hardhats/test/images/p65621342_jpg.rf.f1dacaaf47f72e13be4d30751d37a82b.jpg,/home/z/my-project/Factory-AI/datasets/production/hardhats/test/images/p656213103_jpg.rf.6f6e65039dbe5f6b945079e528dac378.jpg,exact_duplicate_dhash_d0
/home/z/my-project/Factory-AI/datasets/production/hardhats/test/images/p6562137_jpg.rf.6c7c89a5e1b5028eece9c1aef9397b5f.jpg,/home/z/my-project/Factory-AI/datasets/production/hardhats/test/images/p656213103_jpg.rf.6f6e65039dbe5f6b945079e528dac378.jpg,exact_duplicate_dhash_d0
/home/z/my-project/Factory-AI/datasets/production/hardhats/test/images/ppe_0059_jpg.rf.7315badfc3c6854ee1b2fc82f910e0d0.jpg,/home/z/my-project/Factory-AI/datasets/production/hardhats/test/images/01185_jpg.rf.aef986e0abec473115e380ab90403fa8.jpg,exact_duplicate_dhash_d0
/home/z/my-project/Factory-AI/datasets/production/hardhats/test/images/ppe_0678_jpg.rf.acb4c00688be00ba6047ae00eb0e4e0f.jpg,/home/z/my-project/Factory-AI/datasets/production/hardhats/test/images/00602_jpg.rf.de0e267c326ca92d2d4e105fc263197d.jpg,exact_duplicate_dhash_d0
/home/z/my-project/Factory-AI/datasets/production/hardhats/test/images/ppe_0700_jpg.rf.4935f50c5e1406da80e21c8806d11554.jpg,/home/z/my-project/Factory-AI/datasets/production/hardhats/test/images/004541_jpg.rf.1f23b7d871c3bedecdcbe4d62150e445.jpg,exact_duplicate_dhash_d0
/home/z/my-project/Factory-AI/datasets/production/hardhats/train/images/-1310-_png_jpg.rf.134801f0f02e2dcb2540c46e6f2aad8e.jpg,/home/z/my-project/Factory-AI/datasets/production/hardhats/test/images/004869_jpg.rf.f820e13c2df67f0bdf25da78dac8d83f.jpg,exact_duplicate_dhash_d0
/home/z/my-project/Factory-AI/datasets/production/hardhats/train/images/-1512-_png_jpg.rf.0ee95eb98baaf6fbe0c1572400fd209c.jpg,/home/z/my-project/Factory-AI/datasets/production/hardhats/test/images/000093_jpg.rf.487a1988beb4f0f11fb83c7ae01670d9.jpg,exact_duplicate_dhash_d0
/home/z/my-project/Factory-AI/datasets/production/hardhats/train/images/-1656-_png_jpg.rf.b85a293c669e2a16f74284dd9a2ef77a.jpg,/home/z/my-project/Factory-AI/datasets/production/hardhats/test/images/-3031-_png_jpg.rf.fa53bd4cac6e0393a989188f60cd75e2.jpg,exact_duplicate_dhash_d0
/home/z/my-project/Factory-AI/datasets/production/hardhats/train/images/-1937-_png_jpg.rf.b5fa5960408c660e296b6584ecfff007.jpg,/home/z/my-project/Factory-AI/datasets/production/hardhats/test/images/-1943-_png_jpg.rf.fe8693f39c8d2c4be6615a63edd3550d.jpg,exact_duplicate_dhash_d0
/home/z/my-project/Factory-AI/datasets/production/hardhats/train/images/-1x-1_jpg.rf.01b17be5648c9cfe23c8ac14254f1cc9.jpg,/home/z/my-project/Factory-AI/datasets/production/hardhats/test/images/-1x-1_jpg.rf.97b3948d83f6a8074372b08314fc2945.jpg,exact_duplicate_dhash_d0
/home/z/my-project/Factory-AI/datasets/production/hardhats/train/images/-2679-_png_jpg.rf.f7912e2b14fc74cd641f05914a6dabd1.jpg,/home/z/my-project/Factory-AI/datasets/production/hardhats/test/images/000147_jpg.rf.0d93968bbf35889c6240895b0a4f0e78.jpg,exact_duplicate_dhash_d0
/home/z/my-project/Factory-AI/datasets/production/hardhats/train/images/-2916-_png_jpg.rf.2417d796e37bbcd3df2fc4502c14b202.jpg,/home/z/my-project/Factory-AI/datasets/production/hardhats/test/images/-4310-_png_jpg.rf.2caa2f7b4a9d4ce42dcd773d78b6d061.jpg,exact_duplicate_dhash_d0
/home/z/my-project/Factory-AI/datasets/production/hardhats/train/images/-3274-_png_jpg.rf.7f808926749ea04d66e210576bb4511d.jpg,/home/z/my-project/Factory-AI/datasets/production/hardhats/train/images/-3174-_png_jpg.rf.ff717d83331c494d417794ec2743e7f7.jpg,exact_duplicate_dhash_d0
/home/z/my-project/Factory-AI/datasets/production/hardhats/train/images/-336-_png_jpg.rf.b364de991db92131c649594b24aa0b3a.jpg,/home/z/my-project/Factory-AI/datasets/production/hardhats/test/images/000159_jpg.rf.89478a0a05d5a1a04a81d2bd882ad346.jpg,exact_duplicate_dhash_d0
/home/z/my-project/Factory-AI/datasets/production/hardhats/train/images/-3590-_png_jpg.rf.47e395122b7210536e774c635a1b5dcb.jpg,/home/z/my-project/Factory-AI/datasets/production/hardhats/train/images/-2802-_png_jpg.rf.6c4b09c7d025c72225103e6549501b5e.jpg,exact_duplicate_dhash_d0
/home/z/my-project/Factory-AI/datasets/production/hardhats/train/images/-3911-_png_jpg.rf.75eef888a1b34201242e3e14d067fa1d.jpg,/home/z/my-project/Factory-AI/datasets/production/hardhats/train/images/-1646-_png_jpg.rf.22cd3ee89c15716696aaf36f53e8671c.jpg,exact_duplicate_dhash_d0
/home/z/my-project/Factory-AI/datasets/production/hardhats/train/images/-4371-_png_jpg.rf.3cbdef28ce14aa55248f9ea7d6fa7750.jpg,/home/z/my-project/Factory-AI/datasets/production/hardhats/train/images/-1346-_png_jpg.rf.86cb8d7f1a726f29bce104e13c51555b.jpg,exact_duplicate_dhash_d0
/home/z/my-project/Factory-AI/datasets/production/hardhats/train/images/-4470-_png_jpg.rf.e9697881ef4a2a2063b94ab12d4ee73a.jpg,/home/z/my-project/Factory-AI/datasets/production/hardhats/train/images/-2622-_png_jpg.rf.a7fa22b026204a1ed71794bd9bb2fb91.jpg,exact_duplicate_dhash_d0
/home/z/my-project/Factory-AI/datasets/production/hardhats/train/images/-4502-_png_jpg.rf.9c577d7a11df3ffad380e288131d358e.jpg,/home/z/my-project/Factory-AI/datasets/production/hardhats/test/images/000039_jpg.rf.33192579dbf822c6402a44968cef1d19.jpg,exact_duplicate_dhash_d0
/home/z/my-project/Factory-AI/datasets/production/hardhats/train/images/-4648-_png_jpg.rf.ac463f329114c03d50cca8aecb1e67fa.jpg,/home/z/my-project/Factory-AI/datasets/production/hardhats/test/images/000111_jpg.rf.0d261155f5e053b1fbdac0da668baf92.jpg,exact_duplicate_dhash_d0
/home/z/my-project/Factory-AI/datasets/production/hardhats/train/images/-477-_png_jpg.rf.b3fdffd7286638d5ec3ea7ec24455572.jpg,/home/z/my-project/Factory-AI/datasets/production/hardhats/test/images/001021_jpg.rf.d6732cac42ab4085dd7674d2c4332c51.jpg,exact_duplicate_dhash_d0
/home/z/my-project/Factory-AI/datasets/production/hardhats/train/images/-483-_png_jpg.rf.90bbb2b6746b9149bd620bc9efebb41d.jpg,/home/z/my-project/Factory-AI/datasets/production/hardhats/test/images/000236_jpg.rf.5f5df35f305a3f921f6d1ff543f975fa.jpg,exact_duplicate_dhash_d0
/home/z/my-project/Factory-AI/datasets/production/hardhats/train/images/-4968-_png_jpg.rf.5d0a0b50144bb44848929e27896f753b.jpg,/home/z/my-project/Factory-AI/datasets/production/hardhats/train/images/-4112-_png_jpg.rf.4ca5321f5d1099b326776d4d0a7de612.jpg,exact_duplicate_dhash_d0
/home/z/my-project/Factory-AI/datasets/production/hardhats/train/images/-517-_png_jpg.rf.5e6eddb95dfb863126fbecf08103a490.jpg,/home/z/my-project/Factory-AI/datasets/production/hardhats/train/images/-2337-_png_jpg.rf.919df510f43935dc9443b277352b4644.jpg,exact_duplicate_dhash_d0
/home/z/my-project/Factory-AI/datasets/production/hardhats/train/images/-653-_png_jpg.rf.2561d047bba3ef25c6e31ac57bbf7c6d.jpg,/home/z/my-project/Factory-AI/datasets/production/hardhats/test/images/-3280-_png_jpg.rf.03c6798949766305939e1739a48d7583.jpg,exact_duplicate_dhash_d0
/home/z/my-project/Factory-AI/datasets/production/hardhats/train/images/-67-_png_jpg.rf.702527a83732beeb60e2f1eae889a42e.jpg,/home/z/my-project/Factory-AI/datasets/production/hardhats/train/images/-2246-_png_jpg.rf.7ca90d47e8a8d230d67c91a783197919.jpg,exact_duplicate_dhash_d0
/home/z/my-project/Factory-AI/datasets/production/hardhats/train/images/-886-_png_jpg.rf.2a3579f11f013855d4dc2af22fd2ebad.jpg,/home/z/my-project/Factory-AI/datasets/production/hardhats/train/images/-1172-_png_jpg.rf.662b5129352c9827663c0d9e53da932a.jpg,exact_duplicate_dhash_d0
/home/z/my-project/Factory-AI/datasets/production/hardhats/train/images/-927-_png_jpg.rf.bd03ddca2d2449821ee46dbf54b3bf6e.jpg,/home/z/my-project/Factory-AI/datasets/production/hardhats/test/images/-2180-_png_jpg.rf.9d63bb305e7747d22fe9a196dcc5ce13.jpg,exact_duplicate_dhash_d0
/home/z/my-project/Factory-AI/datasets/production/hardhats/train/images/-I1-MS09uaqsLdGTFkgnS0Rcg1mmPyAj95ySg_eckoM_jpeg_jpg.rf.9482ccc91323ec3e8b872663ac50fd0c.jpg,/home/z/my-project/Factory-AI/datasets/production/hardhats/train/images/-I1-MS09uaqsLdGTFkgnS0Rcg1mmPyAj95ySg_eckoM_jpeg_jpg.rf.2578ab8fcf3f0cba6d12c0a7337d794f.jpg,exact_duplicate_dhash_d0
/home/z/my-project/Factory-AI/datasets/production/hardhats/train/images/000002_jpg.rf.becc55d8a778975d832cc48975c28e91.jpg,/home/z/my-project/Factory-AI/datasets/production/hardhats/train/images/-2062-_png_jpg.rf.2256a72446aae88dd56d1f586770a852.jpg,exact_duplicate_dhash_d0
/home/z/my-project/Factory-AI/datasets/production/hardhats/train/images/000003_jpg.rf.d9becba8cb82e3b4f5aa96d43645fb5a.jpg,/home/z/my-project/Factory-AI/datasets/production/hardhats/train/images/000003_jpg.rf.7086cd5d5ee3d42c4bb84c0de35d8e01.jpg,exact_duplicate_dhash_d0
/home/z/my-project/Factory-AI/datasets/production/hardhats/train/images/000005_jpg.rf.963ea3698940ade4755ecba4f1d459d8.jpg,/home/z/my-project/Factory-AI/datasets/production/hardhats/test/images/000005_jpg.rf.f980060af3ab73dfa030d2cc5feaeb37.jpg,exact_duplicate_dhash_d0
/home/z/my-project/Factory-AI/datasets/production/hardhats/train/images/000007_jpg.rf.98d44cd230fc352ffafdbd6f6c3e0f0f.jpg,/home/z/my-project/Factory-AI/datasets/production/hardhats/train/images/000007_jpg.rf.397c6144539a35e55d35544604e136c1.jpg,exact_duplicate_dhash_d0
/home/z/my-project/Factory-AI/datasets/production/hardhats/train/images/000008_jpg.rf.a2fa51d146353d27ce896113da739b35.jpg,/home/z/my-project/Factory-AI/datasets/production/hardhats/train/images/000008_jpg.rf.2655858de8046a9adff66633752c8a42.jpg,exact_duplicate_dhash_d0
/home/z/my-project/Factory-AI/datasets/production/hardhats/train/images/000009_jpg.rf.8c803c148f83ef3f0c3216d9dfe8beee.jpg,/home/z/my-project/Factory-AI/datasets/production/hardhats/test/images/000009_jpg.rf.a103fba96664bc1749a8e790a59c9c62.jpg,exact_duplicate_dhash_d0
/home/z/my-project/Factory-AI/datasets/production/hardhats/train/images/000011_jpg.rf.b848d61de48285ef375adb1997a74160.jpg,/home/z/my-project/Factory-AI/datasets/production/hardhats/train/images/000011_jpg.rf.8eff472ebe7cdb97b8cfec2aba4142bf.jpg,exact_duplicate_dhash_d0
/home/z/my-project/Factory-AI/datasets/production/hardhats/train/images/000011_jpg.rf.d097c33743fad7ea4b34214474fd3c3b.jpg,/home/z/my-project/Factory-AI/datasets/production/hardhats/train/images/-2771-_png_jpg.rf.25ac76b299eb6a9340d91b7da12bf1ce.jpg,exact_duplicate_dhash_d0
/home/z/my-project/Factory-AI/datasets/production/hardhats/train/images/000012_jpg.rf.cba7cd30e76c5ef2457749d2a2d2f2d4.jpg,/home/z/my-project/Factory-AI/datasets/production/hardhats/train/images/000012_jpg.rf.0835f611617c16e19d399dc4e01f7212.jpg,exact_duplicate_dhash_d0
/home/z/my-project/Factory-AI/datasets/production/hardhats/train/images/000014_jpg.rf.2fce8712746b680c941c555de0157a5a.jpg,/home/z/my-project/Factory-AI/datasets/production/hardhats/train/images/000014_jpg.rf.2e7a37bc645dc0f01b35f100a3ebdc32.jpg,exact_duplicate_dhash_d0
/home/z/my-project/Factory-AI/datasets/production/hardhats/train/images/000015_jpg.rf.aa97714c9677b638237503ca384a3770.jpg,/home/z/my-project/Factory-AI/datasets/production/hardhats/test/images/000015_jpg.rf.e26cdeb5a69a120ad2e3cac732dc2b90.jpg,exact_duplicate_dhash_d0
/home/z/my-project/Factory-AI/datasets/production/hardhats/train/images/000018_jpg.rf.718cd821a7dd0af670665b9e505dbf0c.jpg,/home/z/my-project/Factory-AI/datasets/production/hardhats/train/images/000018_jpg.rf.2d37f9eb7efb119f686d10bc399750da.jpg,exact_duplicate_dhash_d0
/home/z/my-project/Factory-AI/datasets/production/hardhats/train/images/000020_jpg.rf.e42bf9f472831c24e3d7b2cd952b0bb6.jpg,/home/z/my-project/Factory-AI/datasets/production/hardhats/train/images/000020_jpg.rf.70ff4a666413066dbb5757193dbac1b8.jpg,exact_duplicate_dhash_d0
/home/z/my-project/Factory-AI/datasets/production/hardhats/train/images/000025_jpg.rf.745b920af5475b482422077aabd23432.jpg,/home/z/my-project/Factory-AI/datasets/production/hardhats/train/images/000025_jpg.rf.444de2486ca69004b919f28268647299.jpg,exact_duplicate_dhash_d0
/home/z/my-project/Factory-AI/datasets/production/hardhats/train/images/000027_jpg.rf.3414ffc69ad88d05df6c1616bb6194d4.jpg,/home/z/my-project/Factory-AI/datasets/production/hardhats/train/images/-3556-_png_jpg.rf.9dc48513e592bb4f3b143bd9161ad9d4.jpg,exact_duplicate_dhash_d0
/home/z/my-project/Factory-AI/datasets/production/hardhats/train/images/000029_jpg.rf.17cb057d18ae4eaed77e1ad813b7907f.jpg,/home/z/my-project/Factory-AI/datasets/production/hardhats/test/images/000029_jpg.rf.a15a57793514fef90fd3b59434014128.jpg,exact_duplicate_dhash_d0
/home/z/my-project/Factory-AI/datasets/production/hardhats/train/images/000041_jpg.rf.a7aa03db8a416a220d01d5b240d0b452.jpg,/home/z/my-project/Factory-AI/datasets/production/hardhats/test/images/-1454-_png_jpg.rf.eab9803e110693687f3779200d931758.jpg,exact_duplicate_dhash_d0
/home/z/my-project/Factory-AI/datasets/production/hardhats/train/images/000046_jpg.rf.1aa1ffe4c1cf901132898bfb23a6d144.jpg,/home/z/my-project/Factory-AI/datasets/production/hardhats/train/images/-3558-_png_jpg.rf.fd296330a913cc76727cb84690a564b1.jpg,exact_duplicate_dhash_d0
/home/z/my-project/Factory-AI/datasets/production/hardhats/train/images/000049_jpg.rf.3e959e333be431cfc8c6d9607a668c4d.jpg,/home/z/my-project/Factory-AI/datasets/production/hardhats/train/images/000049_jpg.rf.1181f77e2829eadf73c0b7dece6ca53c.jpg,exact_duplicate_dhash_d0
/home/z/my-project/Factory-AI/datasets/production/hardhats/train/images/000050_jpg.rf.dd29a340b9ca9673a7884bb296fcfce5.jpg,/home/z/my-project/Factory-AI/datasets/production/hardhats/train/images/000050_jpg.rf.67ab9742340808e6b8d50ad88f3ceaa3.jpg,exact_duplicate_dhash_d0
/home/z/my-project/Factory-AI/datasets/production/hardhats/train/images/000052_jpg.rf.32c62031ca991dcdb314e751845b5b33.jpg,/home/z/my-project/Factory-AI/datasets/production/hardhats/train/images/-2930-_png_jpg.rf.21e52e78d521f6c47f10f864a1f6291f.jpg,exact_duplicate_dhash_d0
/home/z/my-project/Factory-AI/datasets/production/hardhats/train/images/000052_jpg.rf.ca8fddac226a5c5fa0bdf6f50c560006.jpg,/home/z/my-project/Factory-AI/datasets/production/hardhats/test/images/000052_jpg.rf.bbab0f08e0589da118ce5480d319c206.jpg,exact_duplicate_dhash_d0
/home/z/my-project/Factory-AI/datasets/production/hardhats/train/images/000054_jpg.rf.e589ae36a34bcbf3d3f46449c375d7b6.jpg,/home/z/my-project/Factory-AI/datasets/production/hardhats/train/images/000054_jpg.rf.2007d5b8c04fdc32a316e2dfd4af5b6a.jpg,exact_duplicate_dhash_d0
/home/z/my-project/Factory-AI/datasets/production/hardhats/train/images/000060_jpg.rf.214480e334773317f94346c65b06308b.jpg,/home/z/my-project/Factory-AI/datasets/production/hardhats/train/images/000060_jpg.rf.0cb391d529c250a8d39141735040eed9.jpg,exact_duplicate_dhash_d0
/home/z/my-project/Factory-AI/datasets/production/hardhats/train/images/000061_jpg.rf.6951bd98194806a40f0503fe09bd4cde.jpg,/home/z/my-project/Factory-AI/datasets/production/hardhats/train/images/-4701-_png_jpg.rf.3b09036ffd2239c36fae813deabd0f61.jpg,exact_duplicate_dhash_d0
/home/z/my-project/Factory-AI/datasets/production/hardhats/train/images/000061_jpg.rf.ffd33bff1a1902ec3d217b4002b38356.jpg,/home/z/my-project/Factory-AI/datasets/production/hardhats/train/images/000061_jpg.rf.6d549ca2f3eefc4b3610f22d78bc1c06.jpg,exact_duplicate_dhash_d0
/home/z/my-project/Factory-AI/datasets/production/hardhats/train/images/000062_jpg.rf.865030a679161748f08ad3f93c6afe86.jpg,/home/z/my-project/Factory-AI/datasets/production/hardhats/train/images/000062_jpg.rf.57274336052f811ce1508913b13077e0.jpg,exact_duplicate_dhash_d0
/home/z/my-project/Factory-AI/datasets/production/hardhats/train/images/000062_jpg.rf.b51c6b4d1b58d2a8f13724025e1472cc.jpg,/home/z/my-project/Factory-AI/datasets/production/hardhats/train/images/-2937-_png_jpg.rf.1a52b8a82c62fcc571094b8eb63160e8.jpg,exact_duplicate_dhash_d0
/home/z/my-project/Factory-AI/datasets/production/hardhats/train/images/000064_jpg.rf.d5b970149bf24bce37d664ed74cf54a7.jpg,/home/z/my-project/Factory-AI/datasets/production/hardhats/train/images/000064_jpg.rf.b91dabcda305e2e5d3a9cf0ede90b11f.jpg,exact_duplicate_dhash_d0
/home/z/my-project/Factory-AI/datasets/production/hardhats/train/images/000068_jpg.rf.13ad9e834a0f4345bfdfb79325ee1d56.jpg,/home/z/my-project/Factory-AI/datasets/production/hardhats/train/images/-621-_png_jpg.rf.1854807834b71e419f6976cb0a3edfe7.jpg,exact_duplicate_dhash_d0
/home/z/my-project/Factory-AI/datasets/production/hardhats/train/images/000068_jpg.rf.e41228899e9bf39382724a3c3bfafaeb.jpg,/home/z/my-project/Factory-AI/datasets/production/hardhats/test/images/000068_jpg.rf.eb380b85dad4e51cc059ab5429dc887e.jpg,exact_duplicate_dhash_d0
/home/z/my-project/Factory-AI/datasets/production/hardhats/train/images/000070_jpg.rf.d0b68efbfb50c8cfb1ba4cb39a700b61.jpg,/home/z/my-project/Factory-AI/datasets/production/hardhats/train/images/000070_jpg.rf.2913b747216199011cb3296125d7158c.jpg,exact_duplicate_dhash_d0
/home/z/my-project/Factory-AI/datasets/production/hardhats/train/images/000071_jpg.rf.cdcad958acf3adda6047effaef890400.jpg,/home/z/my-project/Factory-AI/datasets/production/hardhats/test/images/000071_jpg.rf.1aae1c5b3b103b0fd26fffe7a8a8035c.jpg,exact_duplicate_dhash_d0
/home/z/my-project/Factory-AI/datasets/production/hardhats/train/images/000072_jpg.rf.51a9836bd72269294c16459eced8ec2b.jpg,/home/z/my-project/Factory-AI/datasets/production/hardhats/train/images/000072_jpg.rf.443571629283bd89b7e431f8d8668bec.jpg,exact_duplicate_dhash_d0
/home/z/my-project/Factory-AI/datasets/production/hardhats/train/images/000073_jpg.rf.fbc90c9fd2a4c9f05f71aea91f680e15.jpg,/home/z/my-project/Factory-AI/datasets/production/hardhats/train/images/000073_jpg.rf.97fa973218b678ba690c9d21eaf5a61f.jpg,exact_duplicate_dhash_d0
/home/z/my-project/Factory-AI/datasets/production/hardhats/train/images/000076_jpg.rf.01a6dbda22c6b417807c16d7b18a0f72.jpg,/home/z/my-project/Factory-AI/datasets/production/hardhats/test/images/000076_jpg.rf.adf53de64c9733e0c61f4ba8e545dd4d.jpg,exact_duplicate_dhash_d0
/home/z/my-project/Factory-AI/datasets/production/hardhats/train/images/000077_jpg.rf.b16733598a029acbad507e49f9f5e6ed.jpg,/home/z/my-project/Factory-AI/datasets/production/hardhats/train/images/000077_jpg.rf.275078d776595bf75575dcecb7756cdd.jpg,exact_duplicate_dhash_d0
/home/z/my-project/Factory-AI/datasets/production/hardhats/train/images/000081_jpg.rf.b01b242f67cbdbc64ee6fc7c6af61a0e.jpg,/home/z/my-project/Factory-AI/datasets/production/hardhats/train/images/-2467-_png_jpg.rf.5311fe2adc26cea9c25cbb8f7ed2fb37.jpg,exact_duplicate_dhash_d0
/home/z/my-project/Factory-AI/datasets/production/hardhats/train/images/000084_jpg.rf.f59a2f14c665b32ac0462c629b6e56cc.jpg,/home/z/my-project/Factory-AI/datasets/production/hardhats/test/images/000084_jpg.rf.8637e573109bc4fdcf7aa84dd633b6c4.jpg,exact_duplicate_dhash_d0
/home/z/my-project/Factory-AI/datasets/production/hardhats/train/images/000089_jpg.rf.33782f98a5d32a5b24292075828bf5aa.jpg,/home/z/my-project/Factory-AI/datasets/production/hardhats/train/images/-1840-_png_jpg.rf.49b934d0e338b82751e0fd93d26450d3.jpg,exact_duplicate_dhash_d0
/home/z/my-project/Factory-AI/datasets/production/hardhats/train/images/000096_jpg.rf.f993ca50e814e101635d10b80f1db506.jpg,/home/z/my-project/Factory-AI/datasets/production/hardhats/train/images/000096_jpg.rf.3e17c469996acbb7ac9a313576fc4fff.jpg,exact_duplicate_dhash_d0
/home/z/my-project/Factory-AI/datasets/production/hardhats/train/images/000097_jpg.rf.93794358f3f9e7f802e08783d744b035.jpg,/home/z/my-project/Factory-AI/datasets/production/hardhats/train/images/000097_jpg.rf.3e4a442e8b3915d0666e98e9ec203171.jpg,exact_duplicate_dhash_d0
/home/z/my-project/Factory-AI/datasets/production/hardhats/train/images/000100_jpg.rf.f5d66fce9ea909c8b2c08c89bc48d0b4.jpg,/home/z/my-project/Factory-AI/datasets/production/hardhats/train/images/-759-_png_jpg.rf.b4700e2c71690178cf3bf518ba500767.jpg,exact_duplicate_dhash_d0
/home/z/my-project/Factory-AI/datasets/production/hardhats/train/images/000101_jpg.rf.5f2accbd8b3cef8181e6b9da2c52f09a.jpg,/home/z/my-project/Factory-AI/datasets/production/hardhats/train/images/000101_jpg.rf.088b65b32f7b26eac65ee0c8d1d5f66a.jpg,exact_duplicate_dhash_d0
/home/z/my-project/Factory-AI/datasets/production/hardhats/train/images/000103_jpg.rf.4a47b9e957f6030364aa45bd81674b3d.jpg,/home/z/my-project/Factory-AI/datasets/production/hardhats/test/images/000103_jpg.rf.1a5bc0c7eccfc4eab8c359695c4a4d13.jpg,exact_duplicate_dhash_d0
/home/z/my-project/Factory-AI/datasets/production/hardhats/train/images/000107_jpg.rf.be147248ecf555d6421ac32eb843f4c3.jpg,/home/z/my-project/Factory-AI/datasets/production/hardhats/train/images/000107_jpg.rf.7cc171f763aa8b7422ad8bfb00d9ba49.jpg,exact_duplicate_dhash_d0
/home/z/my-project/Factory-AI/datasets/production/hardhats/train/images/000108_jpg.rf.7aa8ea85585c77285a4017c5b08ac820.jpg,/home/z/my-project/Factory-AI/datasets/production/hardhats/test/images/-521-_png_jpg.rf.9628fab2695dd8042988140d13b582ee.jpg,exact_duplicate_dhash_d0
/home/z/my-project/Factory-AI/datasets/production/hardhats/train/images/000113_jpg.rf.d71703c5bcba895e2ed51bb6677fed35.jpg,/home/z/my-project/Factory-AI/datasets/production/hardhats/train/images/-1865-_png_jpg.rf.9df8f0d7bc73de820c46c1128faf05ab.jpg,exact_duplicate_dhash_d0
/home/z/my-project/Factory-AI/datasets/production/hardhats/train/images/000116_jpg.rf.8fda3429b7f83dadfc4b83d635b57914.jpg,/home/z/my-project/Factory-AI/datasets/production/hardhats/train/images/000116_jpg.rf.1b6ce3c9a9a2565639ffc479cdaa2342.jpg,exact_duplicate_dhash_d0
/home/z/my-project/Factory-AI/datasets/production/hardhats/train/images/000119_jpg.rf.bac5d90ae7d37a77a30857a2d6fc3efd.jpg,/home/z/my-project/Factory-AI/datasets/production/hardhats/train/images/000119_jpg.rf.1642be6a001e6295a2b969db3a62cd08.jpg,exact_duplicate_dhash_d0
/home/z/my-project/Factory-AI/datasets/production/hardhats/train/images/000126_jpg.rf.a7433ae93c3e9440f1c8e6166f3d02c2.jpg,/home/z/my-project/Factory-AI/datasets/production/hardhats/train/images/000126_jpg.rf.9be7c959c5dca459f19a1f362c2baaf5.jpg,exact_duplicate_dhash_d0
/home/z/my-project/Factory-AI/datasets/production/hardhats/train/images/000127_jpg.rf.e8882495c04ef0c8233dc379f4a1544a.jpg,/home/z/my-project/Factory-AI/datasets/production/hardhats/train/images/000127_jpg.rf.3a34a7cbae5b47fdaa75c67d75326694.jpg,exact_duplicate_dhash_d0
/home/z/my-project/Factory-AI/datasets/production/hardhats/train/images/000130_jpg.rf.dcf8b7125be4b77156b401d803dc2e43.jpg,/home/z/my-project/Factory-AI/datasets/production/hardhats/train/images/000130_jpg.rf.0ee66ed9b1a9a6e9552772902ea9b307.jpg,exact_duplicate_dhash_d0
/home/z/my-project/Factory-AI/datasets/production/hardhats/train/images/000136_jpg.rf.bc878278e35082458e4e48ba9d399ec5.jpg,/home/z/my-project/Factory-AI/datasets/production/hardhats/train/images/000136_jpg.rf.9d3dd8c651704b2a76530da1365cd595.jpg,exact_duplicate_dhash_d0
/home/z/my-project/Factory-AI/datasets/production/hardhats/train/images/000137_jpg.rf.91bcb1b9df3da9a52f99a32e67f83523.jpg,/home/z/my-project/Factory-AI/datasets/production/hardhats/train/images/000137_jpg.rf.593e2949288b46718efda8e6cadf5ef3.jpg,exact_duplicate_dhash_d0
/home/z/my-project/Factory-AI/datasets/production/hardhats/train/images/000138_jpg.rf.20608820edd67d2b385a9045e5c1c952.jpg,/home/z/my-project/Factory-AI/datasets/production/hardhats/test/images/000138_jpg.rf.093ee39e65c4b653a51e3eeb7037c8b1.jpg,exact_duplicate_dhash_d0
/home/z/my-project/Factory-AI/datasets/production/hardhats/train/images/000143_jpg.rf.a933d4cc537ba2395a8f5a11cd8640e6.jpg,/home/z/my-project/Factory-AI/datasets/production/hardhats/train/images/000143_jpg.rf.34ca4738d6c5809a886197e4de8eaca6.jpg,exact_duplicate_dhash_d0
/home/z/my-project/Factory-AI/datasets/production/hardhats/train/images/000144_jpg.rf.e89df84fd357a382ac60eb4e99c8c81c.jpg,/home/z/my-project/Factory-AI/datasets/production/hardhats/train/images/-341-_png_jpg.rf.e4f8a53c6151ff04b450270232169737.jpg,exact_duplicate_dhash_d0
/home/z/my-project/Factory-AI/datasets/production/hardhats/train/images/000148_jpg.rf.0ad1aecf24343e133b6c62a28506e682.jpg,/home/z/my-project/Factory-AI/datasets/production/hardhats/test/images/000148_jpg.rf.519129d8e4085da3a823c4bac11feb52.jpg,exact_duplicate_dhash_d0
/home/z/my-project/Factory-AI/datasets/production/hardhats/train/images/000151_jpg.rf.3e2bce0e36dc71cafbfe112150b52883.jpg,/home/z/my-project/Factory-AI/datasets/production/hardhats/train/images/000151_jpg.rf.29e3b6f4afc4409b4be6068eff3e2c74.jpg,exact_duplicate_dhash_d0
/home/z/my-project/Factory-AI/datasets/production/hardhats/train/images/000155_jpg.rf.e9419c08332cd79a1f6efacf4d808e6b.jpg,/home/z/my-project/Factory-AI/datasets/production/hardhats/test/images/000155_jpg.rf.82a1110b98f5b5e58d7fe763689bc7eb.jpg,exact_duplicate_dhash_d0
/home/z/my-project/Factory-AI/datasets/production/hardhats/train/images/000157_jpg.rf.a4ae84cdce8d0e74ef114d398479a979.jpg,/home/z/my-project/Factory-AI/datasets/production/hardhats/test/images/000157_jpg.rf.26e5bb1bd81b09866c535b3368cd0d86.jpg,exact_duplicate_dhash_d0
/home/z/my-project/Factory-AI/datasets/production/hardhats/train/images/000159_jpg.rf.e67305190878868a3f03644fc1c23522.jpg,/home/z/my-project/Factory-AI/datasets/production/hardhats/train/images/000159_jpg.rf.ce06698b21dbce6820d94c69be558683.jpg,exact_duplicate_dhash_d0
/home/z/my-project/Factory-AI/datasets/production/hardhats/train/images/000163_jpg.rf.bb465452a77e992b225a9c559754d957.jpg,/home/z/my-project/Factory-AI/datasets/production/hardhats/train/images/000163_jpg.rf.5517a222693f4fd659db77363fb63cd9.jpg,exact_duplicate_dhash_d0
/home/z/my-project/Factory-AI/datasets/production/hardhats/train/images/000165_jpg.rf.78125a3702641899cb602ee582d5caa4.jpg,/home/z/my-project/Factory-AI/datasets/production/hardhats/train/images/-1126-_png_jpg.rf.2327944963de7967b00f8dd56e36fba2.jpg,exact_duplicate_dhash_d0
/home/z/my-project/Factory-AI/datasets/production/hardhats/train/images/000167_jpg.rf.67218d49549040f9ffed6d1b89232f90.jpg,/home/z/my-project/Factory-AI/datasets/production/hardhats/train/images/000167_jpg.rf.085ac3223549d6281502e7491363e6aa.jpg,exact_duplicate_dhash_d0
/home/z/my-project/Factory-AI/datasets/production/hardhats/train/images/000169_jpg.rf.26d84f4d8b4fd43bee0499d7a4a06e42.jpg,/home/z/my-project/Factory-AI/datasets/production/hardhats/train/images/-165-_png_jpg.rf.cdf3f7bb6c33ae76ee455a31ab6dfe6f.jpg,exact_duplicate_dhash_d0
/home/z/my-project/Factory-AI/datasets/production/hardhats/train/images/000171_jpg.rf.f95d2799896c0b088910861231db5093.jpg,/home/z/my-project/Factory-AI/datasets/production/hardhats/train/images/000171_jpg.rf.60cce8c98f1d7fc7672b9e6f61385e93.jpg,exact_duplicate_dhash_d0
/home/z/my-project/Factory-AI/datasets/production/hardhats/train/images/000172_jpg.rf.e715f85673f32deb0b446d1fbd8dbd2c.jpg,/home/z/my-project/Factory-AI/datasets/production/hardhats/train/images/000172_jpg.rf.158272158e96c7d11138bfde7e705c0c.jpg,exact_duplicate_dhash_d0
/home/z/my-project/Factory-AI/datasets/production/hardhats/train/images/000174_jpg.rf.9ea705f1d5b7538da82f0ef8abee8db9.jpg,/home/z/my-project/Factory-AI/datasets/production/hardhats/train/images/-1375-_png_jpg.rf.aedb7ceff1ba0410745fe388e78337be.jpg,exact_duplicate_dhash_d0
/home/z/my-project/Factory-AI/datasets/production/hardhats/train/images/000174_jpg.rf.a53f72a9650600c8aeb409812c93510b.jpg,/home/z/my-project/Factory-AI/datasets/production/hardhats/test/images/000174_jpg.rf.7e6ec2982509be19bc24e8a589b12e56.jpg,exact_duplicate_dhash_d0
/home/z/my-project/Factory-AI/datasets/production/hardhats/train/images/000178_jpg.rf.9815f7945836dd5e212c5df5eef311db.jpg,/home/z/my-project/Factory-AI/datasets/production/hardhats/train/images/000178_jpg.rf.86ec3b2b68456e4b0de306773a5525e3.jpg,exact_duplicate_dhash_d0
/home/z/my-project/Factory-AI/datasets/production/hardhats/train/images/000179_jpg.rf.028e3f692b661f038a48397450d22a7a.jpg,/home/z/my-project/Factory-AI/datasets/production/hardhats/train/images/-3191-_png_jpg.rf.0c3286cc7e55dcb14b52a95258633081.jpg,exact_duplicate_dhash_d0
/home/z/my-project/Factory-AI/datasets/production/hardhats/train/images/000184_jpg.rf.540d0f303111778b16ed818b20838738.jpg,/home/z/my-project/Factory-AI/datasets/production/hardhats/test/images/000184_jpg.rf.be8f8b7d16fc86c7d4fcf3a9b60263e6.jpg,exact_duplicate_dhash_d0
/home/z/my-project/Factory-AI/datasets/production/hardhats/train/images/000188_jpg.rf.6badb2daf5b1214e81fa4ecc0a65e195.jpg,/home/z/my-project/Factory-AI/datasets/production/hardhats/train/images/000188_jpg.rf.68dfe504b817df51deb091070d16c51c.jpg,exact_duplicate_dhash_d0
/home/z/my-project/Factory-AI/datasets/production/hardhats/train/images/000189_jpg.rf.9cf73a7e8f645f20ef9af92c49a4e232.jpg,/home/z/my-project/Factory-AI/datasets/production/hardhats/train/images/000189_jpg.rf.29e4d850e9f6806d75050b845938c089.jpg,exact_duplicate_dhash_d0
/home/z/my-project/Factory-AI/datasets/production/hardhats/train/images/000195_jpg.rf.42ebdce72d2184e8cca9f2f5cb280a17.jpg,/home/z/my-project/Factory-AI/datasets/production/hardhats/train/images/000195_jpg.rf.34582e58d7ba0a926be781b33babb9b4.jpg,exact_duplicate_dhash_d0
/home/z/my-project/Factory-AI/datasets/production/hardhats/train/images/000195_jpg.rf.f7a8f0db15b069184bbdfeb5b4b5b61e.jpg,/home/z/my-project/Factory-AI/datasets/production/hardhats/train/images/-10-_png_jpg.rf.2a17561e1d42108201d8810187653e7b.jpg,exact_duplicate_dhash_d0
/home/z/my-project/Factory-AI/datasets/production/hardhats/train/images/000197_jpg.rf.80e485a25901014add2628321d1b4a8b.jpg,/home/z/my-project/Factory-AI/datasets/production/hardhats/test/images/000197_jpg.rf.154d650579430ec834a8f0e462f963e0.jpg,exact_duplicate_dhash_d0
/home/z/my-project/Factory-AI/datasets/production/hardhats/train/images/000200_jpg.rf.107f0597aa7237a1c6ca5c59bd72a0d2.jpg,/home/z/my-project/Factory-AI/datasets/production/hardhats/train/images/000200_jpg.rf.0f6f3f3638ab6e1bd7dc8e7b15dc11b2.jpg,exact_duplicate_dhash_d0
/home/z/my-project/Factory-AI/datasets/production/hardhats/train/images/000201_jpg.rf.730fadc41dfad622ba932af092a8d279.jpg,/home/z/my-project/Factory-AI/datasets/production/hardhats/train/images/000201_jpg.rf.071bd7f7d5c2502e9201f0aaf924784b.jpg,exact_duplicate_dhash_d0
/home/z/my-project/Factory-AI/datasets/production/hardhats/train/images/000202_jpg.rf.cdf4dbf8776c9b121c92c27716dffe79.jpg,/home/z/my-project/Factory-AI/datasets/production/hardhats/train/images/000202_jpg.rf.97c448f1897732215f231e066659fdc3.jpg,exact_duplicate_dhash_d0
/home/z/my-project/Factory-AI/datasets/production/hardhats/train/images/000203_jpg.rf.8d2c05593b310c7f786b398018fd1e70.jpg,/home/z/my-project/Factory-AI/datasets/production/hardhats/train/images/000203_jpg.rf.845d06604a47c322fc6f106dc3ae51ef.jpg,exact_duplicate_dhash_d0
/home/z/my-project/Factory-AI/datasets/production/hardhats/train/images/000216_jpg.rf.fbd855b39ac1e72c78222411c5521ac1.jpg,/home/z/my-project/Factory-AI/datasets/production/hardhats/train/images/000216_jpg.rf.429bf569ab913e79ac8f642e7e7833c8.jpg,exact_duplicate_dhash_d0
/home/z/my-project/Factory-AI/datasets/production/hardhats/train/images/000219_jpg.rf.a54e8491eff95e47e0a07474cb04ca3b.jpg,/home/z/my-project/Factory-AI/datasets/production/hardhats/train/images/000219_jpg.rf.4b9901710cf6b2d65817b1c8d8b2795b.jpg,exact_duplicate_dhash_d0
/home/z/my-project/Factory-AI/datasets/production/hardhats/train/images/000225_jpg.rf.e07677e99dc171633f613dbbbdb114ee.jpg,/home/z/my-project/Factory-AI/datasets/production/hardhats/train/images/000225_jpg.rf.077736694eec0f9ff904edec4121157d.jpg,exact_duplicate_dhash_d0
/home/z/my-project/Factory-AI/datasets/production/hardhats/train/images/000228_jpg.rf.d98fee090ab33b8824fd5943d97621a7.jpg,/home/z/my-project/Factory-AI/datasets/production/hardhats/train/images/000228_jpg.rf.a643cbd042bf2d8690becbc176a43c33.jpg,exact_duplicate_dhash_d0
/home/z/my-project/Factory-AI/datasets/production/hardhats/train/images/000229_jpg.rf.4d1134c434492e89c5b67a4096815a06.jpg,/home/z/my-project/Factory-AI/datasets/production/hardhats/train/images/000229_jpg.rf.3c8b506ffd4387d90b4e6b0a8b83f2e1.jpg,exact_duplicate_dhash_d0
/home/z/my-project/Factory-AI/datasets/production/hardhats/train/images/000230_jpg.rf.6fa3a90429acbd26f1cd6b24795afee9.jpg,/home/z/my-project/Factory-AI/datasets/production/hardhats/train/images/-686-_png_jpg.rf.54ca417b6e3a167036584b4c8178f6d4.jpg,exact_duplicate_dhash_d0
/home/z/my-project/Factory-AI/datasets/production/hardhats/train/images/000234_jpg.rf.504425be83dc47260db649cd212625a4.jpg,/home/z/my-project/Factory-AI/datasets/production/hardhats/train/images/000234_jpg.rf.3e349a06ab1e5e4c44306bbbb4092b08.jpg,exact_duplicate_dhash_d0
/home/z/my-project/Factory-AI/datasets/production/hardhats/train/images/000235_jpg.rf.c5d9202f3fda028dcd8ed5cfd3e2675e.jpg,/home/z/my-project/Factory-AI/datasets/production/hardhats/train/images/-2797-_png_jpg.rf.ed14fba9c903be7aff7120fdcbd20a54.jpg,exact_duplicate_dhash_d0
/home/z/my-project/Factory-AI/datasets/production/hardhats/train/images/000237_jpg.rf.fdd2a5cad6ff9993c7235e07e9eaa741.jpg,/home/z/my-project/Factory-AI/datasets/production/hardhats/train/images/000237_jpg.rf.e5e6cfa536d565c8775af481cc8b2dbb.jpg,exact_duplicate_dhash_d0
/home/z/my-project/Factory-AI/datasets/production/hardhats/train/images/000238_jpg.rf.c36cb9ff0c89d4c0109c7ddf5987b550.jpg,/home/z/my-project/Factory-AI/datasets/production/hardhats/train/images/000238_jpg.rf.9bc0fed64a7025a29fa7ff86f9ffe6b4.jpg,exact_duplicate_dhash_d0
/home/z/my-project/Factory-AI/datasets/production/hardhats/train/images/000239_jpg.rf.f250271b5b8e31decfbe701abd60cfe0.jpg,/home/z/my-project/Factory-AI/datasets/production/hardhats/train/images/000239_jpg.rf.ed33fa58d230005390a661dfef6ccd8f.jpg,exact_duplicate_dhash_d0
/home/z/my-project/Factory-AI/datasets/production/hardhats/train/images/000240_jpg.rf.ffdbb89611d0577b7b8d42c31a95f8e6.jpg,/home/z/my-project/Factory-AI/datasets/production/hardhats/test/images/000240_jpg.rf.1a581ea178cabf0b1d0f091d7ba66998.jpg,exact_duplicate_dhash_d0
/home/z/my-project/Factory-AI/datasets/production/hardhats/train/images/000243_jpg.rf.1fd57b2fcd9d3a1ed22dbf3667b0d6ff.jpg,/home/z/my-project/Factory-AI/datasets/production/hardhats/train/images/-4273-_png_jpg.rf.d84dac275356df3d32e915c42aabde5b.jpg,exact_duplicate_dhash_d0
/home/z/my-project/Factory-AI/datasets/production/hardhats/train/images/000244_jpg.rf.459561cbeeeef2e9180777dcccfeffbb.jpg,/home/z/my-project/Factory-AI/datasets/production/hardhats/train/images/-1687-_png_jpg.rf.92de833c75e3a6481bed887ef1a0fda6.jpg,exact_duplicate_dhash_d0
/home/z/my-project/Factory-AI/datasets/production/hardhats/train/images/000244_jpg.rf.77471d9ffd65f2b40212ff4f26392e9a.jpg,/home/z/my-project/Factory-AI/datasets/production/hardhats/test/images/000244_jpg.rf.1c169934098aecde949bd0cef617a95a.jpg,exact_duplicate_dhash_d0
/home/z/my-project/Factory-AI/datasets/production/hardhats/train/images/000246_jpg.rf.1b773837abe041999d508d7113a46c73.jpg,/home/z/my-project/Factory-AI/datasets/production/hardhats/train/images/-4295-_png_jpg.rf.fd35e91708530bcd04171ecc69a13056.jpg,exact_duplicate_dhash_d0
/home/z/my-project/Factory-AI/datasets/production/hardhats/train/images/000247_jpg.rf.7a77e61aab38104f0bf2f20d2127c282.jpg,/home/z/my-project/Factory-AI/datasets/production/hardhats/train/images/000247_jpg.rf.5118d9512a9c7c228879a3680dcf2971.jpg,exact_duplicate_dhash_d0
/home/z/my-project/Factory-AI/datasets/production/hardhats/train/images/000248_jpg.rf.2c8f1f72f90174309d74067a4d052a7d.jpg,/home/z/my-project/Factory-AI/datasets/production/hardhats/train/images/000248_jpg.rf.02c86c3af8a0bbba035bd415ee794915.jpg,exact_duplicate_dhash_d0
/home/z/my-project/Factory-AI/datasets/production/hardhats/train/images/000249_jpg.rf.41aae9088138c29a054f09f2d6e0b410.jpg,/home/z/my-project/Factory-AI/datasets/production/hardhats/train/images/-2052-_png_jpg.rf.5f64be6bc985b0ad4d6e24b060f73591.jpg,exact_duplicate_dhash_d0
/home/z/my-project/Factory-AI/datasets/production/hardhats/train/images/000250_jpg.rf.78d18c6c17edfe71bda4ef0b9fe47816.jpg,/home/z/my-project/Factory-AI/datasets/production/hardhats/train/images/000250_jpg.rf.7582022181ee26d1fae0077af6ebfc0f.jpg,exact_duplicate_dhash_d0
/home/z/my-project/Factory-AI/datasets/production/hardhats/train/images/000254_jpg.rf.9037e9dc38969479b87868135eee6840.jpg,/home/z/my-project/Factory-AI/datasets/production/hardhats/train/images/000254_jpg.rf.7434ed192e64cfa7f4384b02f50c5742.jpg,exact_duplicate_dhash_d0
/home/z/my-project/Factory-AI/datasets/production/hardhats/train/images/000264_jpg.rf.dd8dc81fe5ad6fe22c8dbdb634abdf57.jpg,/home/z/my-project/Factory-AI/datasets/production/hardhats/train/images/000264_jpg.rf.366d6a0b87ef90ad23d3bcb27a6134b6.jpg,exact_duplicate_dhash_d0
/home/z/my-project/Factory-AI/datasets/production/hardhats/train/images/000265_jpg.rf.a7cc4310be9c6b9d736c3103fd8ff14d.jpg,/home/z/my-project/Factory-AI/datasets/production/hardhats/train/images/000265_jpg.rf.194d864d6734f6aa23046aa9bd0be886.jpg,exact_duplicate_dhash_d0
/home/z/my-project/Factory-AI/datasets/production/hardhats/train/images/000278_jpg.rf.95e44056d1bdacf40ec2737284525e82.jpg,/home/z/my-project/Factory-AI/datasets/production/hardhats/train/images/000278_jpg.rf.5eeee3b2e46f71965e051ec137ac5bbd.jpg,exact_duplicate_dhash_d0
/home/z/my-project/Factory-AI/datasets/production/hardhats/train/images/000281_jpg.rf.b7315a8f0ac1f65c08b76c5d2a3e114d.jpg,/home/z/my-project/Factory-AI/datasets/production/hardhats/train/images/000281_jpg.rf.453b58a795b2659e88117848f4094731.jpg,exact_duplicate_dhash_d0
/home/z/my-project/Factory-AI/datasets/production/hardhats/train/images/000290_jpg.rf.ad6ab7dc3b82ac5a6f8373c4e55ef0bb.jpg,/home/z/my-project/Factory-AI/datasets/production/hardhats/train/images/000290_jpg.rf.3d2f25b693327baaf5e2881c8b40aa73.jpg,exact_duplicate_dhash_d0
/home/z/my-project/Factory-AI/datasets/production/hardhats/train/images/000331_jpg.rf.26e709d472f609bf497c8d4f00569ecf.jpg,/home/z/my-project/Factory-AI/datasets/production/hardhats/test/images/000331_jpg.rf.b5747b85e1a8088b479910bd32750747.jpg,exact_duplicate_dhash_d0
/home/z/my-project/Factory-AI/datasets/production/hardhats/train/images/000339_jpg.rf.bb1bff61992f79873de24f3ae9ef91e5.jpg,/home/z/my-project/Factory-AI/datasets/production/hardhats/train/images/000339_jpg.rf.1d82a2cdaefcea98d05312af17647e0a.jpg,exact_duplicate_dhash_d0
/home/z/my-project/Factory-AI/datasets/production/hardhats/train/images/000342_jpg.rf.34c3a22020258ba06dc00a5284532974.jpg,/home/z/my-project/Factory-AI/datasets/production/hardhats/test/images/007055_jpg.rf.70949196b5e141fcbf045cb25304008e.jpg,exact_duplicate_dhash_d0
/home/z/my-project/Factory-AI/datasets/production/hardhats/train/images/000343_jpg.rf.ea7b8d34afde4ceb31ca9b857e30d73c.jpg,/home/z/my-project/Factory-AI/datasets/production/hardhats/test/images/003347_jpg.rf.70830000ec35737e3b4a89e71fa50284.jpg,exact_duplicate_dhash_d0
/home/z/my-project/Factory-AI/datasets/production/hardhats/train/images/000355_jpg.rf.a143f550c6b019ef326171a91a5bcfb0.jpg,/home/z/my-project/Factory-AI/datasets/production/hardhats/train/images/000355_jpg.rf.85fb9e810a91ebfec86eaf7a9f8738da.jpg,exact_duplicate_dhash_d0
/home/z/my-project/Factory-AI/datasets/production/hardhats/train/images/000372_jpg.rf.8731e915fcfa74f2ddaf73855030d41b.jpg,/home/z/my-project/Factory-AI/datasets/production/hardhats/train/images/000372_jpg.rf.38703b00de86ab6aa5c1446e14f8eeb5.jpg,exact_duplicate_dhash_d0
/home/z/my-project/Factory-AI/datasets/production/hardhats/train/images/000373_jpg.rf.6c8674e6567fb3321f9845e259cbfefa.jpg,/home/z/my-project/Factory-AI/datasets/production/hardhats/train/images/000373_jpg.rf.5ba87efb945b8ec13d663ffaff8d54ed.jpg,exact_duplicate_dhash_d0
/home/z/my-project/Factory-AI/datasets/production/hardhats/train/images/000377_jpg.rf.baded509125af6fdc580156fcf027823.jpg,/home/z/my-project/Factory-AI/datasets/production/hardhats/train/images/000377_jpg.rf.afe5db27ae9f7c55114b1c1a8d3f901d.jpg,exact_duplicate_dhash_d0
/home/z/my-project/Factory-AI/datasets/production/hardhats/train/images/000379_jpg.rf.f4486ff05adfe88bc067bbb142ce8423.jpg,/home/z/my-project/Factory-AI/datasets/production/hardhats/train/images/000379_jpg.rf.26690bef6ca58448b1fd0331d06a13ab.jpg,exact_duplicate_dhash_d0
/home/z/my-project/Factory-AI/datasets/production/hardhats/train/images/000385_jpg.rf.db859ad12785e987ee224de73fb6871b.jpg,/home/z/my-project/Factory-AI/datasets/production/hardhats/train/images/000385_jpg.rf.7f1b93b17da9fc53140df4d39382d6c1.jpg,exact_duplicate_dhash_d0
/home/z/my-project/Factory-AI/datasets/production/hardhats/train/images/000387_jpg.rf.d150987a558ba862bc47bdfe5a760c29.jpg,/home/z/my-project/Factory-AI/datasets/production/hardhats/train/images/000387_jpg.rf.2ebdcfc2603f3e2d76ed23c6d9e98329.jpg,exact_duplicate_dhash_d0
/home/z/my-project/Factory-AI/datasets/production/hardhats/train/images/000416_jpg.rf.f4b1ed80aa10fba2206b84a0e4b8f6e2.jpg,/home/z/my-project/Factory-AI/datasets/production/hardhats/train/images/000416_jpg.rf.1ba759c6f4e544af3d93bca8940f133d.jpg,exact_duplicate_dhash_d0
/home/z/my-project/Factory-AI/datasets/production/hardhats/train/images/000437_jpg.rf.0980c83e8b0bb52b2d681854a7d82640.jpg,/home/z/my-project/Factory-AI/datasets/production/hardhats/test/images/000437_jpg.rf.fdc5f88d7c60a127239c2edf8c13d7c6.jpg,exact_duplicate_dhash_d0
/home/z/my-project/Factory-AI/datasets/production/hardhats/train/images/000449_jpg.rf.8bb83fe4221338a1dc7dfb437191dcda.jpg,/home/z/my-project/Factory-AI/datasets/production/hardhats/test/images/000449_jpg.rf.4e0d978dfe20a0c4ed4cdb61990110f5.jpg,exact_duplicate_dhash_d0
/home/z/my-project/Factory-AI/datasets/production/hardhats/train/images/000460_jpg.rf.e376e0dbb0faa781b82e7dee12592603.jpg,/home/z/my-project/Factory-AI/datasets/production/hardhats/train/images/000460_jpg.rf.94e0efa394f40b083baa6a7e9dbfcb45.jpg,exact_duplicate_dhash_d0
/home/z/my-project/Factory-AI/datasets/production/hardhats/train/images/000481_jpg.rf.c8f7b96e7696b04e61c60c2ef894fe9d.jpg,/home/z/my-project/Factory-AI/datasets/production/hardhats/train/images/000481_jpg.rf.b862d14237ec226d55e10c1f8878030a.jpg,exact_duplicate_dhash_d0
/home/z/my-project/Factory-AI/datasets/production/hardhats/train/images/000493_jpg.rf.a7311fbce3673a58ceffa6d3762175dc.jpg,/home/z/my-project/Factory-AI/datasets/production/hardhats/train/images/000493_jpg.rf.7137429260fde7725554ecc518b20bdb.jpg,exact_duplicate_dhash_d0
/home/z/my-project/Factory-AI/datasets/production/hardhats/train/images/000496_jpg.rf.ba6a6efc59e541384cd3aabcef9c01b2.jpg,/home/z/my-project/Factory-AI/datasets/production/hardhats/train/images/000496_jpg.rf.1d4d9a759595f972e2a08bdb0ec7a1e5.jpg,exact_duplicate_dhash_d0
/home/z/my-project/Factory-AI/datasets/production/hardhats/train/images/000534_jpg.rf.ec547588901df4a33aee85e024e8dca5.jpg,/home/z/my-project/Factory-AI/datasets/production/hardhats/train/images/000534_jpg.rf.357b83986cb5cce6fb9a5dfaa4b3d7a0.jpg,exact_duplicate_dhash_d0
/home/z/my-project/Factory-AI/datasets/production/hardhats/train/images/000539_jpg.rf.d20ce609a09654861041b32f0ebfc239.jpg,/home/z/my-project/Factory-AI/datasets/production/hardhats/train/images/000539_jpg.rf.51f02e6bb5584cf0a89fbf0569c2a353.jpg,exact_duplicate_dhash_d0
/home/z/my-project/Factory-AI/datasets/production/hardhats/train/images/000577_jpg.rf.40e858c609cadca88ee85c4f6d873c0d.jpg,/home/z/my-project/Factory-AI/datasets/production/hardhats/train/images/000577_jpg.rf.029b5d903c58cdc466d7a499532b9bdb.jpg,exact_duplicate_dhash_d0
/home/z/my-project/Factory-AI/datasets/production/hardhats/train/images/000617_jpg.rf.70a0c07796b02201a18973da6fdca29f.jpg,/home/z/my-project/Factory-AI/datasets/production/hardhats/train/images/000617_jpg.rf.320cad38ea04201b478d950b6d610444.jpg,exact_duplicate_dhash_d0
/home/z/my-project/Factory-AI/datasets/production/hardhats/train/images/000625_jpg.rf.7df371e6454117c7d8f0d4f0859cc287.jpg,/home/z/my-project/Factory-AI/datasets/production/hardhats/train/images/000625_jpg.rf.53f61db846e5ed30fff5c7269c56f803.jpg,exact_duplicate_dhash_d0
/home/z/my-project/Factory-AI/datasets/production/hardhats/train/images/000672_jpg.rf.f3f2ec1531669f6f6f4739dfcaa541e9.jpg,/home/z/my-project/Factory-AI/datasets/production/hardhats/train/images/000672_jpg.rf.60b5eaae2e4aa14fc0237c33ea9c98a0.jpg,exact_duplicate_dhash_d0
/home/z/my-project/Factory-AI/datasets/production/hardhats/train/images/000674_jpg.rf.e3185b23d27b4e8263c23bbd6adf65ae.jpg,/home/z/my-project/Factory-AI/datasets/production/hardhats/train/images/000674_jpg.rf.60622f7af2f1e79dcb60eb6ee917ce96.jpg,exact_duplicate_dhash_d0
/home/z/my-project/Factory-AI/datasets/production/hardhats/train/images/000676_jpg.rf.8fb790893ee385b1da9152e955713e67.jpg,/home/z/my-project/Factory-AI/datasets/production/hardhats/train/images/000676_jpg.rf.271d22e8d62991dbaeeb280a5a75a67a.jpg,exact_duplicate_dhash_d0
/home/z/my-project/Factory-AI/datasets/production/hardhats/train/images/000681_jpg.rf.fcb5d725621f8b759faa0b9b5a8f176e.jpg,/home/z/my-project/Factory-AI/datasets/production/hardhats/test/images/000681_jpg.rf.ec360b944f738cc8c0a55cf7d8e142af.jpg,exact_duplicate_dhash_d0
/home/z/my-project/Factory-AI/datasets/production/hardhats/train/images/000691_jpg.rf.64aa1c060e0e727042ed6a30e4b25cbd.jpg,/home/z/my-project/Factory-AI/datasets/production/hardhats/train/images/000691_jpg.rf.549bab7063bef2cab607d0a19ae081df.jpg,exact_duplicate_dhash_d0
/home/z/my-project/Factory-AI/datasets/production/hardhats/train/images/000713_jpg.rf.61e4fae4c34ef240576a7f40ed2cf0ab.jpg,/home/z/my-project/Factory-AI/datasets/production/hardhats/train/images/000713_jpg.rf.131b1970a5a43e95f6d77498b99a4c1f.jpg,exact_duplicate_dhash_d0
/home/z/my-project/Factory-AI/datasets/production/hardhats/train/images/000718_jpg.rf.d89c767550b122308df9c84057f97315.jpg,/home/z/my-project/Factory-AI/datasets/production/hardhats/train/images/000718_jpg.rf.af0f8f6045b2e49478dd210c312b78ac.jpg,exact_duplicate_dhash_d0
/home/z/my-project/Factory-AI/datasets/production/hardhats/train/images/000719_jpg.rf.e720f022e0f93528ff4d57ac423fda40.jpg,/home/z/my-project/Factory-AI/datasets/production/hardhats/train/images/000719_jpg.rf.5ef9e994c3571d48e24cd230e3663157.jpg,exact_duplicate_dhash_d0
/home/z/my-project/Factory-AI/datasets/production/hardhats/train/images/000738_jpg.rf.91b9a7530891b5d58d0547b6091fd8c2.jpg,/home/z/my-project/Factory-AI/datasets/production/hardhats/train/images/000738_jpg.rf.32cf897fcd5bde2de119bca937a176fa.jpg,exact_duplicate_dhash_d0
/home/z/my-project/Factory-AI/datasets/production/hardhats/train/images/000772_jpg.rf.4828e78e3dbd6cc4e6b9745b01e1ef8a.jpg,/home/z/my-project/Factory-AI/datasets/production/hardhats/train/images/000772_jpg.rf.02fab2cb651b06d5259a265c7ec87887.jpg,exact_duplicate_dhash_d0
/home/z/my-project/Factory-AI/datasets/production/hardhats/train/images/0009S6815V3PEU1N-C123-F4_jpg.rf.cfb9d043f20dfe5b7e72c404347400cf.jpg,/home/z/my-project/Factory-AI/datasets/production/hardhats/train/images/0009S6815V3PEU1N-C123-F4_jpg.rf.abdb5cabf1c33c611ce5a84ade628db8.jpg,exact_duplicate_dhash_d0
/home/z/my-project/Factory-AI/datasets/production/hardhats/train/images/000_1OC3DT_jpg.rf.c3cb6e1daca6c271b338066cac1e325c.jpg,/home/z/my-project/Factory-AI/datasets/production/hardhats/train/images/000_1OC3DT_jpg.rf.a6ac366a1881062a0e38668180323292.jpg,exact_duplicate_dhash_d0
/home/z/my-project/Factory-AI/datasets/production/hardhats/train/images/000_1ov3n5_0_jpeg_jpg.rf.08f76046a120f0726180bc23e2a019ca.jpg,/home/z/my-project/Factory-AI/datasets/production/hardhats/test/images/000_1ov3n5_0_jpeg_jpg.rf.38cbfb8b2347961dd5a0c48846c6593e.jpg,exact_duplicate_dhash_d0
/home/z/my-project/Factory-AI/datasets/production/hardhats/train/images/001170_jpg.rf.74dca5ded3ab24c3bf089e662a19a3f8.jpg,/home/z/my-project/Factory-AI/datasets/production/hardhats/train/images/000407_jpg.rf.b8e2a0bf7b2ceb21212c93302f9478ca.jpg,exact_duplicate_dhash_d0
/home/z/my-project/Factory-AI/datasets/production/hardhats/train/images/001359_jpg.rf.6af672c4f122d006e01c686a409a7810.jpg,/home/z/my-project/Factory-AI/datasets/production/hardhats/train/images/001105_jpg.rf.a6b56bb60760a00019b77a71acb06d05.jpg,exact_duplicate_dhash_d0
/home/z/my-project/Factory-AI/datasets/production/hardhats/train/images/001418_jpg.rf.6e1cf973d6e348a4881c2344a625269e.jpg,/home/z/my-project/Factory-AI/datasets/production/hardhats/train/images/001341_jpg.rf.a425c0078ea5163b45857291d548595c.jpg,exact_duplicate_dhash_d0
/home/z/my-project/Factory-AI/datasets/production/hardhats/train/images/001692_jpg.rf.339406912788793ed2b5eaf70c5065c2.jpg,/home/z/my-project/Factory-AI/datasets/production/hardhats/train/images/000707_jpg.rf.25ad53365e9f6e20bbcf479736f44c3c.jpg,exact_duplicate_dhash_d0
/home/z/my-project/Factory-AI/datasets/production/hardhats/train/images/002100_jpg.rf.99be2ff011b6c63c40aa33f4d140aa5c.jpg,/home/z/my-project/Factory-AI/datasets/production/hardhats/test/images/006595_jpg.rf.c2c7946f61cfd0a2fac104c4f0ebb18f.jpg,exact_duplicate_dhash_d0
/home/z/my-project/Factory-AI/datasets/production/hardhats/train/images/002373_jpg.rf.a0bd02a0f712e8c69298d9eac2393f4c.jpg,/home/z/my-project/Factory-AI/datasets/production/hardhats/test/images/006849_jpg.rf.86fb3afa30536235c908eb867f533a8a.jpg,exact_duplicate_dhash_d0
/home/z/my-project/Factory-AI/datasets/production/hardhats/train/images/002742_jpg.rf.8f1d8ac983adeae921f66ec3032fd749.jpg,/home/z/my-project/Factory-AI/datasets/production/hardhats/train/images/001810_jpg.rf.226e249065d418ed9031866e5c002ff5.jpg,exact_duplicate_dhash_d0
/home/z/my-project/Factory-AI/datasets/production/hardhats/train/images/002915_jpg.rf.fa657af542a4227778c9ada0abc9a5a8.jpg,/home/z/my-project/Factory-AI/datasets/production/hardhats/train/images/000685_jpg.rf.847469a83755bb76822b2c23939e34bb.jpg,exact_duplicate_dhash_d0
/home/z/my-project/Factory-AI/datasets/production/hardhats/train/images/002_1024_jpeg_jpg.rf.7a3c9aadfed9aeff84f5bc680eab8e24.jpg,/home/z/my-project/Factory-AI/datasets/production/hardhats/train/images/002_1024_jpeg_jpg.rf.6cdc4bd8037d04c46b444899cc82f16a.jpg,exact_duplicate_dhash_d0
/home/z/my-project/Factory-AI/datasets/production/hardhats/train/images/003084_jpg.rf.c18a823bc961292c0f4c5dcbd223899a.jpg,/home/z/my-project/Factory-AI/datasets/production/hardhats/train/images/000807_jpg.rf.458e492d93cec3fd71bbadefcbda3d26.jpg,exact_duplicate_dhash_d0
/home/z/my-project/Factory-AI/datasets/production/hardhats/train/images/003182_jpg.rf.70be16bf87329ca343288f04eeb08646.jpg,/home/z/my-project/Factory-AI/datasets/production/hardhats/test/images/-2742-_png_jpg.rf.523db774163fa6e6cb4104c673c46be6.jpg,exact_duplicate_dhash_d0
/home/z/my-project/Factory-AI/datasets/production/hardhats/train/images/003230_jpg.rf.032097e9fe47ae768efa455bf04a3a32.jpg,/home/z/my-project/Factory-AI/datasets/production/hardhats/train/images/002459_jpg.rf.9b6be2bc5700defddf63071c74cc68e5.jpg,exact_duplicate_dhash_d0
/home/z/my-project/Factory-AI/datasets/production/hardhats/train/images/003265_jpg.rf.57bdb75d8df6e82840890fa2a90aaa8b.jpg,/home/z/my-project/Factory-AI/datasets/production/hardhats/train/images/001994_jpg.rf.507bcb4def36da15f5b26b7769bb39a8.jpg,exact_duplicate_dhash_d0
/home/z/my-project/Factory-AI/datasets/production/hardhats/train/images/003395_jpg.rf.75af938d76383faa6424209c68f9b65c.jpg,/home/z/my-project/Factory-AI/datasets/production/hardhats/train/images/001837_jpg.rf.5ba95c8216aab15614c578034892701c.jpg,exact_duplicate_dhash_d0
/home/z/my-project/Factory-AI/datasets/production/hardhats/train/images/003433_jpg.rf.4ccb3f72486f3633954124e7c0f4f937.jpg,/home/z/my-project/Factory-AI/datasets/production/hardhats/train/images/000397_jpg.rf.3682fc067199d997d99864e81647fed6.jpg,exact_duplicate_dhash_d0
/home/z/my-project/Factory-AI/datasets/production/hardhats/train/images/00345_jpg.rf.4e1ee54a03cf56d946ce01597dfd4754.jpg,/home/z/my-project/Factory-AI/datasets/production/hardhats/test/images/ppe_0641_jpg.rf.f9f5672cc11d9546d7b2756db6f8760e.jpg,exact_duplicate_dhash_d0
/home/z/my-project/Factory-AI/datasets/production/hardhats/train/images/003460_jpg.rf.b08dd2e3bdd5356c88e029ac75747a05.jpg,/home/z/my-project/Factory-AI/datasets/production/hardhats/train/images/001415_jpg.rf.a2bfe416100984d92286b439e174a030.jpg,exact_duplicate_dhash_d0
/home/z/my-project/Factory-AI/datasets/production/hardhats/train/images/003600_jpg.rf.57d64c8f51dc47dbfd12fbedcf6ec929.jpg,/home/z/my-project/Factory-AI/datasets/production/hardhats/train/images/-29-_png_jpg.rf.b50280966d818247ef08d23c2e6f632e.jpg,exact_duplicate_dhash_d0
/home/z/my-project/Factory-AI/datasets/production/hardhats/train/images/003699_jpg.rf.37a6d026685dbbb5ad07818b29402de0.jpg,/home/z/my-project/Factory-AI/datasets/production/hardhats/train/images/000747_jpg.rf.4c145548ad558b68ab6cb710e9f1a0db.jpg,exact_duplicate_dhash_d0
/home/z/my-project/Factory-AI/datasets/production/hardhats/train/images/004065_jpg.rf.e82f5a080f3ac4dc20c23edb81d2d48d.jpg,/home/z/my-project/Factory-AI/datasets/production/hardhats/train/images/002754_jpg.rf.a05e14c2ca21877bd7935d4e5e40740e.jpg,exact_duplicate_dhash_d0
/home/z/my-project/Factory-AI/datasets/production/hardhats/train/images/004165_jpg.rf.2fec089b664a19e12db59f5a8377a268.jpg,/home/z/my-project/Factory-AI/datasets/production/hardhats/train/images/001827_jpg.rf.8c4e6be47a9f8f12639d19fc257d3f6b.jpg,exact_duplicate_dhash_d0
/home/z/my-project/Factory-AI/datasets/production/hardhats/train/images/004168_jpg.rf.1f8f40ddff906a37f0aef548e12b9438.jpg,/home/z/my-project/Factory-AI/datasets/production/hardhats/test/images/002763_jpg.rf.8f8c904c54fca31541967eb91613fc53.jpg,exact_duplicate_dhash_d0
/home/z/my-project/Factory-AI/datasets/production/hardhats/train/images/004218_jpg.rf.e74bc64de8873e284f8cf8a5fe9b0f5b.jpg,/home/z/my-project/Factory-AI/datasets/production/hardhats/train/images/001960_jpg.rf.1a6d462004f9a0effe17bb0adb4e2ba4.jpg,exact_duplicate_dhash_d0
/home/z/my-project/Factory-AI/datasets/production/hardhats/train/images/004245_jpg.rf.b64ada8721d44c3b140e75982cf10cd5.jpg,/home/z/my-project/Factory-AI/datasets/production/hardhats/train/images/002007_jpg.rf.86b2811a54f102f695fad4944a396d7d.jpg,exact_duplicate_dhash_d0
/home/z/my-project/Factory-AI/datasets/production/hardhats/train/images/004265_jpg.rf.c792a8dc7963073e84456a81bdedeebb.jpg,/home/z/my-project/Factory-AI/datasets/production/hardhats/train/images/001887_jpg.rf.45916c3d7d41e8a5343bf7d7801a3b4d.jpg,exact_duplicate_dhash_d0
/home/z/my-project/Factory-AI/datasets/production/hardhats/train/images/004342_jpg.rf.1d6b45bf039b1926b1c2d0bf40f1aff7.jpg,/home/z/my-project/Factory-AI/datasets/production/hardhats/test/images/005397_jpg.rf.8da68892e16bf8e09a03f577e9b4afca.jpg,exact_duplicate_dhash_d0
/home/z/my-project/Factory-AI/datasets/production/hardhats/train/images/004353_jpg.rf.58773266c5d93747d9aa3183aa3c397a.jpg,/home/z/my-project/Factory-AI/datasets/production/hardhats/test/images/000926_jpg.rf.431c43ec6eb93f4b653d8df729eca313.jpg,exact_duplicate_dhash_d0
/home/z/my-project/Factory-AI/datasets/production/hardhats/train/images/004509_jpg.rf.f178cbe6461814c4483415b1d9a63f5a.jpg,/home/z/my-project/Factory-AI/datasets/production/hardhats/train/images/004463_jpg.rf.99c7af34a4338d5d67d36b8e9eb7f088.jpg,exact_duplicate_dhash_d0
/home/z/my-project/Factory-AI/datasets/production/hardhats/train/images/004542_jpg.rf.d12cb0c84fca924652be7bfee7f145b4.jpg,/home/z/my-project/Factory-AI/datasets/production/hardhats/train/images/000833_jpg.rf.af4b408bb525ea6e8679e94a729cfad7.jpg,exact_duplicate_dhash_d0
/home/z/my-project/Factory-AI/datasets/production/hardhats/train/images/004610_jpg.rf.d4399bd14a341639f4251a226a145cef.jpg,/home/z/my-project/Factory-AI/datasets/production/hardhats/train/images/002630_jpg.rf.ca2d7e53ae64c0a403ec239740e931b8.jpg,exact_duplicate_dhash_d0
/home/z/my-project/Factory-AI/datasets/production/hardhats/train/images/004728_jpg.rf.d96290a10c9d08ff6608543f2fcdc19e.jpg,/home/z/my-project/Factory-AI/datasets/production/hardhats/train/images/001470_jpg.rf.bc69310e1b89a8e5466cc6d495e028e0.jpg,exact_duplicate_dhash_d0
/home/z/my-project/Factory-AI/datasets/production/hardhats/train/images/004922_jpg.rf.bc5a99d83429f1985e88ada47c0ef7f1.jpg,/home/z/my-project/Factory-AI/datasets/production/hardhats/train/images/000622_jpg.rf.ab00ea694adb88acf9507c652e1ba918.jpg,exact_duplicate_dhash_d0
/home/z/my-project/Factory-AI/datasets/production/hardhats/train/images/004940_jpg.rf.c62948717587993640dd0f13e45ec9fc.jpg,/home/z/my-project/Factory-AI/datasets/production/hardhats/train/images/002293_jpg.rf.b93d08ad9ffad1a09b84e85e2942c0c4.jpg,exact_duplicate_dhash_d0
/home/z/my-project/Factory-AI/datasets/production/hardhats/train/images/004977_jpg.rf.175e6f2049757639471734593c118b4c.jpg,/home/z/my-project/Factory-AI/datasets/production/hardhats/train/images/002844_jpg.rf.2e4168ef5630afa22e9967b49927e50a.jpg,exact_duplicate_dhash_d0
/home/z/my-project/Factory-AI/datasets/production/hardhats/train/images/004_1024_jpeg_jpg.rf.2384655fa1b05aff380ef458960783aa.jpg,/home/z/my-project/Factory-AI/datasets/production/hardhats/train/images/004_1024_jpeg_jpg.rf.033dc4e165bb38e501e791f03e68b90c.jpg,exact_duplicate_dhash_d0
/home/z/my-project/Factory-AI/datasets/production/hardhats/train/images/005114_jpg.rf.53876a38413efa287310d6023f4ed2a5.jpg,/home/z/my-project/Factory-AI/datasets/production/hardhats/train/images/003149_jpg.rf.33a4253e978c1abb529af0b63486d9d4.jpg,exact_duplicate_dhash_d0
/home/z/my-project/Factory-AI/datasets/production/hardhats/train/images/005172_jpg.rf.b62dfc9df8ce97d1d67b9dc4612495be.jpg,/home/z/my-project/Factory-AI/datasets/production/hardhats/test/images/002111_jpg.rf.716c42ba4459f94fc83e7d39c18ddfc7.jpg,exact_duplicate_dhash_d0
/home/z/my-project/Factory-AI/datasets/production/hardhats/train/images/005194_jpg.rf.95779d264616966cb2bed58fa3aeff32.jpg,/home/z/my-project/Factory-AI/datasets/production/hardhats/train/images/001402_jpg.rf.10ee6a966bf4d2a3347918f24fc62294.jpg,exact_duplicate_dhash_d0
/home/z/my-project/Factory-AI/datasets/production/hardhats/train/images/00519_jpg.rf.9da4b2d72d6742a36273e2f6cbcd1307.jpg,/home/z/my-project/Factory-AI/datasets/production/hardhats/train/images/000191_jpg.rf.4e3298ca1758d835d20af4f65d3a7e66.jpg,exact_duplicate_dhash_d0
/home/z/my-project/Factory-AI/datasets/production/hardhats/train/images/00522_jpg.rf.c014c511ac608650f275ca4ac51ff379.jpg,/home/z/my-project/Factory-AI/datasets/production/hardhats/train/images/000577_jpg.rf.029b5d903c58cdc466d7a499532b9bdb.jpg,exact_duplicate_dhash_d0
/home/z/my-project/Factory-AI/datasets/production/hardhats/train/images/00524_jpg.rf.c1af5c4de3078cec2101440e58d052fa.jpg,/home/z/my-project/Factory-AI/datasets/production/hardhats/train/images/000704_jpg.rf.f28e48d832a706ef96de8d3a13972b43.jpg,exact_duplicate_dhash_d0
/home/z/my-project/Factory-AI/datasets/production/hardhats/train/images/005282_jpg.rf.c19b3d1163b46121c16b57f94c72d141.jpg,/home/z/my-project/Factory-AI/datasets/production/hardhats/train/images/002946_jpg.rf.f31673e3ff703360b6d8aa6b2a9bb104.jpg,exact_duplicate_dhash_d0
/home/z/my-project/Factory-AI/datasets/production/hardhats/train/images/005298_jpg.rf.afa1d8682a688b15444a2d97ccf26285.jpg,/home/z/my-project/Factory-AI/datasets/production/hardhats/train/images/005298_jpg.rf.44477fbaf076cc4692f3a056fcf3925f.jpg,exact_duplicate_dhash_d0
/home/z/my-project/Factory-AI/datasets/production/hardhats/train/images/005299_jpg.rf.a6f4033302abf100e0bf548f9bf63b7a.jpg,/home/z/my-project/Factory-AI/datasets/production/hardhats/train/images/005299_jpg.rf.085a50739bf015d39c4fb116023aac01.jpg,exact_duplicate_dhash_d0
/home/z/my-project/Factory-AI/datasets/production/hardhats/train/images/005300_jpg.rf.6d1f5dd05607c700f3766fe53b4da3ca.jpg,/home/z/my-project/Factory-AI/datasets/production/hardhats/train/images/005300_jpg.rf.3ca3573ebcd964a6e753905253add92c.jpg,exact_duplicate_dhash_d0
/home/z/my-project/Factory-AI/datasets/production/hardhats/train/images/005301_jpg.rf.80831f69e2e23d5a5a0abe4a903cc204.jpg,/home/z/my-project/Factory-AI/datasets/production/hardhats/train/images/005301_jpg.rf.1076671fed96f4a86dc1cbb57cf90dd2.jpg,exact_duplicate_dhash_d0
/home/z/my-project/Factory-AI/datasets/production/hardhats/train/images/005302_jpg.rf.9e5ebb9506ef13a4e0ff1935aa691361.jpg,/home/z/my-project/Factory-AI/datasets/production/hardhats/train/images/005302_jpg.rf.5e17adc4d6233d4aa4bb481645b60e3a.jpg,exact_duplicate_dhash_d0
/home/z/my-project/Factory-AI/datasets/production/hardhats/train/images/005303_jpg.rf.ebf913e191092de64cfee08dd5d52fb1.jpg,/home/z/my-project/Factory-AI/datasets/production/hardhats/train/images/005303_jpg.rf.5aed9476d0acf59d2b6cc75561582497.jpg,exact_duplicate_dhash_d0
/home/z/my-project/Factory-AI/datasets/production/hardhats/train/images/005304_jpg.rf.686e2e0e565d407064b8029dad0db679.jpg,/home/z/my-project/Factory-AI/datasets/production/hardhats/test/images/005304_jpg.rf.ef8ad583378c9af2f26c9ba23e9a79b6.jpg,exact_duplicate_dhash_d0
/home/z/my-project/Factory-AI/datasets/production/hardhats/train/images/005305_jpg.rf.a07315f6c09be2cf7b3722baf3de6ac0.jpg,/home/z/my-project/Factory-AI/datasets/production/hardhats/train/images/005305_jpg.rf.9c39c52eace46ae7a996ffccd46e9028.jpg,exact_duplicate_dhash_d0
/home/z/my-project/Factory-AI/datasets/production/hardhats/train/images/005306_jpg.rf.59ba3d5f965e902794357baf26f246a8.jpg,/home/z/my-project/Factory-AI/datasets/production/hardhats/train/images/005306_jpg.rf.586810b9106e369496d54609203bcba8.jpg,exact_duplicate_dhash_d0
/home/z/my-project/Factory-AI/datasets/production/hardhats/train/images/005307_jpg.rf.d932080957a7a44b590a0ac2895207f1.jpg,/home/z/my-project/Factory-AI/datasets/production/hardhats/train/images/005307_jpg.rf.44ee6ce317fe21903caa2900b1938f71.jpg,exact_duplicate_dhash_d0
/home/z/my-project/Factory-AI/datasets/production/hardhats/train/images/005308_jpg.rf.5d523485bcfc49ab9a25c691d8b001cc.jpg,/home/z/my-project/Factory-AI/datasets/production/hardhats/train/images/005308_jpg.rf.384b748277808358cdbf01083b416338.jpg,exact_duplicate_dhash_d0
/home/z/my-project/Factory-AI/datasets/production/hardhats/train/images/005309_jpg.rf.d1cf99ab37cbe266f704d865c739d246.jpg,/home/z/my-project/Factory-AI/datasets/production/hardhats/train/images/005309_jpg.rf.72ffde57737e7ad6313680cadad7ca85.jpg,exact_duplicate_dhash_d0
/home/z/my-project/Factory-AI/datasets/production/hardhats/train/images/005310_jpg.rf.ab4ec78083052d0b5fe529aed89c1b69.jpg,/home/z/my-project/Factory-AI/datasets/production/hardhats/train/images/005310_jpg.rf.aa99071ef7d4daaacb94bff1d96f1cdb.jpg,exact_duplicate_dhash_d0
/home/z/my-project/Factory-AI/datasets/production/hardhats/train/images/005312_jpg.rf.7680518aa9488dddc210efc6661d6f73.jpg,/home/z/my-project/Factory-AI/datasets/production/hardhats/train/images/005312_jpg.rf.02f7216ac3d04e630194b5ac5b1ceffa.jpg,exact_duplicate_dhash_d0
/home/z/my-project/Factory-AI/datasets/production/hardhats/train/images/005313_jpg.rf.a96b863ffe44a3cccd57bb88846ba3dc.jpg,/home/z/my-project/Factory-AI/datasets/production/hardhats/train/images/005313_jpg.rf.988d29c4611432840fae020efbb5ecbc.jpg,exact_duplicate_dhash_d0
/home/z/my-project/Factory-AI/datasets/production/hardhats/train/images/005314_jpg.rf.b0cd8b6bfb9c75d9a15c31f9455c1649.jpg,/home/z/my-project/Factory-AI/datasets/production/hardhats/train/images/005314_jpg.rf.748ebee6911f5dd4f4ac52abb8fce6f8.jpg,exact_duplicate_dhash_d0
/home/z/my-project/Factory-AI/datasets/production/hardhats/train/images/005315_jpg.rf.558f0659979737a80f56c785ec592400.jpg,/home/z/my-project/Factory-AI/datasets/production/hardhats/train/images/005315_jpg.rf.36bfd2ae782175563b27266feb3708d1.jpg,exact_duplicate_dhash_d0
/home/z/my-project/Factory-AI/datasets/production/hardhats/train/images/005316_jpg.rf.b58772474ea79c6327e17fba8b4ee8cb.jpg,/home/z/my-project/Factory-AI/datasets/production/hardhats/train/images/005316_jpg.rf.665d97e3946eaac92678b07512a3fdab.jpg,exact_duplicate_dhash_d0
/home/z/my-project/Factory-AI/datasets/production/hardhats/train/images/005317_jpg.rf.d76995232bbce957166ab3021bce08b2.jpg,/home/z/my-project/Factory-AI/datasets/production/hardhats/train/images/005317_jpg.rf.1021d78f371162b6662515f016e1fea8.jpg,exact_duplicate_dhash_d0
/home/z/my-project/Factory-AI/datasets/production/hardhats/train/images/005319_jpg.rf.e0ee49791a3e12460928ba4f37a0296f.jpg,/home/z/my-project/Factory-AI/datasets/production/hardhats/test/images/005319_jpg.rf.d7a90438cb9d8f455bd058678938e7b0.jpg,exact_duplicate_dhash_d0
/home/z/my-project/Factory-AI/datasets/production/hardhats/train/images/005322_jpg.rf.4118c3b250cc15c63aa6acabcc14b761.jpg,/home/z/my-project/Factory-AI/datasets/production/hardhats/train/images/005322_jpg.rf.27e3fa5f46902e7fc592e3f23bc69c94.jpg,exact_duplicate_dhash_d0
/home/z/my-project/Factory-AI/datasets/production/hardhats/train/images/005323_jpg.rf.b3d97b1aa01896f44e064b2199b1f335.jpg,/home/z/my-project/Factory-AI/datasets/production/hardhats/train/images/003380_jpg.rf.2decb8c104feab5c8e352e03f646b52a.jpg,exact_duplicate_dhash_d0
/home/z/my-project/Factory-AI/datasets/production/hardhats/train/images/005323_jpg.rf.ca1ab575f1e66cab89e113a93654c576.jpg,/home/z/my-project/Factory-AI/datasets/production/hardhats/train/images/003380_jpg.rf.2decb8c104feab5c8e352e03f646b52a.jpg,exact_duplicate_dhash_d0
/home/z/my-project/Factory-AI/datasets/production/hardhats/train/images/005325_jpg.rf.78b03fa49cf69dd7501cadc32aefec28.jpg,/home/z/my-project/Factory-AI/datasets/production/hardhats/train/images/005325_jpg.rf.2dd9cb849a6eb9436df53b0fed91de22.jpg,exact_duplicate_dhash_d0
/home/z/my-project/Factory-AI/datasets/production/hardhats/train/images/005327_jpg.rf.abc08a0f6c18d3119b409e8b4c44f1be.jpg,/home/z/my-project/Factory-AI/datasets/production/hardhats/test/images/005327_jpg.rf.6db18da3324dd84c224293f12e440c6d.jpg,exact_duplicate_dhash_d0
/home/z/my-project/Factory-AI/datasets/production/hardhats/train/images/005330_jpg.rf.5a269fbc431c486e02815bd8c4de710d.jpg,/home/z/my-project/Factory-AI/datasets/production/hardhats/train/images/005330_jpg.rf.3da3b52f35d0e3d82b808d66dea45293.jpg,exact_duplicate_dhash_d0
/home/z/my-project/Factory-AI/datasets/production/hardhats/train/images/005331_jpg.rf.363ac13f878dcaaced821373275e56ff.jpg,/home/z/my-project/Factory-AI/datasets/production/hardhats/train/images/005331_jpg.rf.01b0153c1af44f4d9f783e81bac96797.jpg,exact_duplicate_dhash_d0
/home/z/my-project/Factory-AI/datasets/production/hardhats/train/images/005333_jpg.rf.a8d627f71004462f3e6e53a3099d5749.jpg,/home/z/my-project/Factory-AI/datasets/production/hardhats/train/images/005333_jpg.rf.5e34467fcb3b91201d31d073fb57a3a0.jpg,exact_duplicate_dhash_d0
/home/z/my-project/Factory-AI/datasets/production/hardhats/train/images/005334_jpg.rf.ddaae6020beaa09b271dcb37ce7aded4.jpg,/home/z/my-project/Factory-AI/datasets/production/hardhats/train/images/005334_jpg.rf.d9944acb27e3c3007bf9735709c886de.jpg,exact_duplicate_dhash_d0
/home/z/my-project/Factory-AI/datasets/production/hardhats/train/images/005336_jpg.rf.943f7c051f85ba9c5e6166ce21c81d89.jpg,/home/z/my-project/Factory-AI/datasets/production/hardhats/train/images/005336_jpg.rf.8b19581330a1ad97d0447a54f55840e3.jpg,exact_duplicate_dhash_d0
/home/z/my-project/Factory-AI/datasets/production/hardhats/train/images/005337_jpg.rf.e53ad32df6d5fe9231633847d379474f.jpg,/home/z/my-project/Factory-AI/datasets/production/hardhats/train/images/005337_jpg.rf.7bbc8a3f5a7d4b69feb03a096cb86d8a.jpg,exact_duplicate_dhash_d0
/home/z/my-project/Factory-AI/datasets/production/hardhats/train/images/005338_jpg.rf.518f40b2dbc63c2aa69d7fa1797b76c1.jpg,/home/z/my-project/Factory-AI/datasets/production/hardhats/test/images/005338_jpg.rf.f1acd93989574a396db2e361a420433e.jpg,exact_duplicate_dhash_d0
/home/z/my-project/Factory-AI/datasets/production/hardhats/train/images/005340_jpg.rf.95bb3d7837495591157d94a25d11fa07.jpg,/home/z/my-project/Factory-AI/datasets/production/hardhats/test/images/005340_jpg.rf.7835eb4b2baf1f4e5a2e7b8922cb7250.jpg,exact_duplicate_dhash_d0
/home/z/my-project/Factory-AI/datasets/production/hardhats/train/images/005341_jpg.rf.8f3e885eba3c974f85fd1516b6c678ee.jpg,/home/z/my-project/Factory-AI/datasets/production/hardhats/train/images/005341_jpg.rf.3be137f0bf0b0e49f31ca89497346e40.jpg,exact_duplicate_dhash_d0
/home/z/my-project/Factory-AI/datasets/production/hardhats/train/images/005343_jpg.rf.f8eb63cd4a8ac97ced844ba891764652.jpg,/home/z/my-project/Factory-AI/datasets/production/hardhats/train/images/005343_jpg.rf.031b67979e17887333faf8fa3162fcf4.jpg,exact_duplicate_dhash_d0
/home/z/my-project/Factory-AI/datasets/production/hardhats/train/images/005344_jpg.rf.d5ac7c15bbe8810caff033e9a12f6d15.jpg,/home/z/my-project/Factory-AI/datasets/production/hardhats/train/images/005344_jpg.rf.2aa87efd3cdcf0ebcded0772c211d1b4.jpg,exact_duplicate_dhash_d0
/home/z/my-project/Factory-AI/datasets/production/hardhats/train/images/005345_jpg.rf.fed39f357ea42ad08853decf9f3b8c67.jpg,/home/z/my-project/Factory-AI/datasets/production/hardhats/train/images/005345_jpg.rf.93838177febb50114c94baf15140e495.jpg,exact_duplicate_dhash_d0
/home/z/my-project/Factory-AI/datasets/production/hardhats/train/images/005348_jpg.rf.cc7490d10e089ee8cb7520d1b46f4648.jpg,/home/z/my-project/Factory-AI/datasets/production/hardhats/test/images/005348_jpg.rf.fd425c95556e4059a706cdc4d38c7d30.jpg,exact_duplicate_dhash_d0
/home/z/my-project/Factory-AI/datasets/production/hardhats/train/images/005350_jpg.rf.f9d9c3a0846117a094d5bca0f34d29ad.jpg,/home/z/my-project/Factory-AI/datasets/production/hardhats/train/images/005350_jpg.rf.cf74d649edefa052b18a898b6cadd01b.jpg,exact_duplicate_dhash_d0
/home/z/my-project/Factory-AI/datasets/production/hardhats/train/images/005351_jpg.rf.e23342d209d08b11a7086854695eb992.jpg,/home/z/my-project/Factory-AI/datasets/production/hardhats/train/images/005351_jpg.rf.b21707adf6fe358df8409ef27f4de6ad.jpg,exact_duplicate_dhash_d0
/home/z/my-project/Factory-AI/datasets/production/hardhats/train/images/005352_jpg.rf.97e0c462a5916a580397630902b87a89.jpg,/home/z/my-project/Factory-AI/datasets/production/hardhats/train/images/005352_jpg.rf.3f3795de80bbeaf55a988dde4166aaec.jpg,exact_duplicate_dhash_d0
/home/z/my-project/Factory-AI/datasets/production/hardhats/train/images/005353_jpg.rf.8015748153ab705f0a9a6b0cc2cdbced.jpg,/home/z/my-project/Factory-AI/datasets/production/hardhats/train/images/005353_jpg.rf.324f3a0574ff15dbb66d033041d9d2b4.jpg,exact_duplicate_dhash_d0
/home/z/my-project/Factory-AI/datasets/production/hardhats/train/images/005354_jpg.rf.7e2d70259d16421b5b331985f7b26287.jpg,/home/z/my-project/Factory-AI/datasets/production/hardhats/train/images/005354_jpg.rf.4e51fce59cdd5b1cb15b9cb7b4141880.jpg,exact_duplicate_dhash_d0
/home/z/my-project/Factory-AI/datasets/production/hardhats/train/images/005355_jpg.rf.58168448cbc786170b6f185f398da030.jpg,/home/z/my-project/Factory-AI/datasets/production/hardhats/train/images/005355_jpg.rf.0beb71f2791301b77800a71ec1524bdd.jpg,exact_duplicate_dhash_d0
/home/z/my-project/Factory-AI/datasets/production/hardhats/train/images/005358_jpg.rf.d51f42086fb2df02f87fe4a8d864f2a8.jpg,/home/z/my-project/Factory-AI/datasets/production/hardhats/train/images/005358_jpg.rf.5ddf6546bc755186a5b03ac7d0666227.jpg,exact_duplicate_dhash_d0
/home/z/my-project/Factory-AI/datasets/production/hardhats/train/images/005360_jpg.rf.813d89b797fd9357133f3296b8adfd33.jpg,/home/z/my-project/Factory-AI/datasets/production/hardhats/train/images/005360_jpg.rf.58dfb8249c5019589499f3bca33dc4d2.jpg,exact_duplicate_dhash_d0
/home/z/my-project/Factory-AI/datasets/production/hardhats/train/images/005361_jpg.rf.310b36e9e915d12f0df430274828aba5.jpg,/home/z/my-project/Factory-AI/datasets/production/hardhats/test/images/005361_jpg.rf.8d6e2835d8e36299dc2d5f355af2e22b.jpg,exact_duplicate_dhash_d0
/home/z/my-project/Factory-AI/datasets/production/hardhats/train/images/005362_jpg.rf.795ca10874c95e437d59212f12355866.jpg,/home/z/my-project/Factory-AI/datasets/production/hardhats/train/images/005362_jpg.rf.3312cebcbbeceeb92a5a74404e5eb774.jpg,exact_duplicate_dhash_d0
/home/z/my-project/Factory-AI/datasets/production/hardhats/train/images/005363_jpg.rf.e3e5101530f37941dbc20cc3effead13.jpg,/home/z/my-project/Factory-AI/datasets/production/hardhats/test/images/005363_jpg.rf.44cd710b81af5c173c4ded7343f0a744.jpg,exact_duplicate_dhash_d0
/home/z/my-project/Factory-AI/datasets/production/hardhats/train/images/005364_jpg.rf.9ed0f69cd7ebf5c60f5099ea45b6147c.jpg,/home/z/my-project/Factory-AI/datasets/production/hardhats/train/images/005364_jpg.rf.620be6d672b046612ee933a872f89400.jpg,exact_duplicate_dhash_d0
/home/z/my-project/Factory-AI/datasets/production/hardhats/train/images/005365_jpg.rf.daf99338466890eb86d4dc894fcf9846.jpg,/home/z/my-project/Factory-AI/datasets/production/hardhats/train/images/005365_jpg.rf.24eaeef29f89b4c7c16ad6bf5330e18e.jpg,exact_duplicate_dhash_d0
/home/z/my-project/Factory-AI/datasets/production/hardhats/train/images/005366_jpg.rf.dce5154aa6eea50bb1ac48c90e2e4032.jpg,/home/z/my-project/Factory-AI/datasets/production/hardhats/train/images/005366_jpg.rf.9f8d1025120e0d16ae4c80726bc07e32.jpg,exact_duplicate_dhash_d0
/home/z/my-project/Factory-AI/datasets/production/hardhats/train/images/005369_jpg.rf.c45a4908ac3562c5e3b0a1408c639593.jpg,/home/z/my-project/Factory-AI/datasets/production/hardhats/train/images/005369_jpg.rf.c33f8fc8ec730f873d916d8902069dfc.jpg,exact_duplicate_dhash_d0
/home/z/my-project/Factory-AI/datasets/production/hardhats/train/images/005370_jpg.rf.d264c0139025a98fc2522816e847004e.jpg,/home/z/my-project/Factory-AI/datasets/production/hardhats/train/images/005370_jpg.rf.be59eed82f1629b697208d4be8b1060d.jpg,exact_duplicate_dhash_d0
/home/z/my-project/Factory-AI/datasets/production/hardhats/train/images/005371_jpg.rf.7df6fe21fce199467fbd6e48009593b6.jpg,/home/z/my-project/Factory-AI/datasets/production/hardhats/train/images/005371_jpg.rf.29b737821d1a6e103aad1d4280762ae9.jpg,exact_duplicate_dhash_d0
/home/z/my-project/Factory-AI/datasets/production/hardhats/train/images/005372_jpg.rf.c3cbd7c8665e8e4ebe3b6c893e80fda4.jpg,/home/z/my-project/Factory-AI/datasets/production/hardhats/train/images/005372_jpg.rf.3a567e28db6f259d1f08b12622cb7c68.jpg,exact_duplicate_dhash_d0
/home/z/my-project/Factory-AI/datasets/production/hardhats/train/images/005373_jpg.rf.b07bbd962435144e22370306c2a8a1fd.jpg,/home/z/my-project/Factory-AI/datasets/production/hardhats/train/images/005373_jpg.rf.7becb9690ddac3245967207045d54340.jpg,exact_duplicate_dhash_d0
/home/z/my-project/Factory-AI/datasets/production/hardhats/train/images/005374_jpg.rf.4456691286525f5146bca2499826b260.jpg,/home/z/my-project/Factory-AI/datasets/production/hardhats/train/images/005374_jpg.rf.29d061419cd8ce6789d9ff309f19d0c6.jpg,exact_duplicate_dhash_d0
/home/z/my-project/Factory-AI/datasets/production/hardhats/train/images/005375_jpg.rf.2bd43c36c3acee0c9b2562995c772ab6.jpg,/home/z/my-project/Factory-AI/datasets/production/hardhats/train/images/005375_jpg.rf.26e1539c0eb0054fd9fa0c135ae679ec.jpg,exact_duplicate_dhash_d0
/home/z/my-project/Factory-AI/datasets/production/hardhats/train/images/005376_jpg.rf.dc92dd1da5140f5aecdade4d291009dd.jpg,/home/z/my-project/Factory-AI/datasets/production/hardhats/train/images/005376_jpg.rf.ca62a01949616d5f75f53c6991b6c2ea.jpg,exact_duplicate_dhash_d0
/home/z/my-project/Factory-AI/datasets/production/hardhats/train/images/005377_jpg.rf.9241c427ba5600c7dc152dba636331de.jpg,/home/z/my-project/Factory-AI/datasets/production/hardhats/train/images/005377_jpg.rf.200f6b1a2f9d8c0dd321842e3375cf43.jpg,exact_duplicate_dhash_d0
/home/z/my-project/Factory-AI/datasets/production/hardhats/train/images/005378_jpg.rf.385f332e4159efc4938c6ff0374262aa.jpg,/home/z/my-project/Factory-AI/datasets/production/hardhats/train/images/005378_jpg.rf.255212aaed2eba09e7331f2d807dcf36.jpg,exact_duplicate_dhash_d0
/home/z/my-project/Factory-AI/datasets/production/hardhats/train/images/005379_jpg.rf.7ffc62677ab1fb6f524c18e5d93bd566.jpg,/home/z/my-project/Factory-AI/datasets/production/hardhats/train/images/005379_jpg.rf.653e117561b5ad90850c6950dc8d9eda.jpg,exact_duplicate_dhash_d0
/home/z/my-project/Factory-AI/datasets/production/hardhats/train/images/005380_jpg.rf.f7511dacfebee256a36ea2e446f3d50e.jpg,/home/z/my-project/Factory-AI/datasets/production/hardhats/train/images/005380_jpg.rf.88b90a9beeff76de2ccdb2097ff0cb78.jpg,exact_duplicate_dhash_d0
/home/z/my-project/Factory-AI/datasets/production/hardhats/train/images/005381_jpg.rf.4af350d4832bd8293e15ae5792467b39.jpg,/home/z/my-project/Factory-AI/datasets/production/hardhats/test/images/005381_jpg.rf.5f1f10f8ecb96719dfb04fede8f8c95f.jpg,exact_duplicate_dhash_d0
/home/z/my-project/Factory-AI/datasets/production/hardhats/train/images/005383_jpg.rf.b13b0fee6c1898eb05f6ffb7be2b0340.jpg,/home/z/my-project/Factory-AI/datasets/production/hardhats/train/images/005383_jpg.rf.45330e3bcbb72ae94d41d69f686ddbab.jpg,exact_duplicate_dhash_d0
/home/z/my-project/Factory-AI/datasets/production/hardhats/train/images/005384_jpg.rf.25b9c36416e8557c17de247a96d7bd26.jpg,/home/z/my-project/Factory-AI/datasets/production/hardhats/test/images/005384_jpg.rf.cb52a5c16287de05dec915acd7693e92.jpg,exact_duplicate_dhash_d0
/home/z/my-project/Factory-AI/datasets/production/hardhats/train/images/005385_jpg.rf.a5f73e9aa7a3e37069159c4c502034f5.jpg,/home/z/my-project/Factory-AI/datasets/production/hardhats/train/images/005385_jpg.rf.69c8e7e826278af314564fc326efef9d.jpg,exact_duplicate_dhash_d0
/home/z/my-project/Factory-AI/datasets/production/hardhats/train/images/005387_jpg.rf.935c68ffe03fd83e8b4fb365ffd14476.jpg,/home/z/my-project/Factory-AI/datasets/production/hardhats/test/images/005387_jpg.rf.47fc5d296ca763a6f0dd00c3c7018472.jpg,exact_duplicate_dhash_d0
/home/z/my-project/Factory-AI/datasets/production/hardhats/train/images/005388_jpg.rf.60d811ad19112bea5248a2e1867245b0.jpg,/home/z/my-project/Factory-AI/datasets/production/hardhats/test/images/005388_jpg.rf.d4addbf293099b597dee082e3a6ceec1.jpg,exact_duplicate_dhash_d0
/home/z/my-project/Factory-AI/datasets/production/hardhats/train/images/005389_jpg.rf.edc208ef82c8f3794832dca667f27dc5.jpg,/home/z/my-project/Factory-AI/datasets/production/hardhats/test/images/005389_jpg.rf.174d79ed800f88da17cccabc7c002662.jpg,exact_duplicate_dhash_d0
/home/z/my-project/Factory-AI/datasets/production/hardhats/train/images/005390_jpg.rf.e314f15b80fea90645922e99e941c53a.jpg,/home/z/my-project/Factory-AI/datasets/production/hardhats/train/images/005390_jpg.rf.20cc472a35fbdff99265c2126138c89d.jpg,exact_duplicate_dhash_d0
/home/z/my-project/Factory-AI/datasets/production/hardhats/train/images/005391_jpg.rf.ac38098cc44820c1eb9dd65c3ba4b981.jpg,/home/z/my-project/Factory-AI/datasets/production/hardhats/train/images/005391_jpg.rf.523d3fb93ec805eec6aebcf1275e54ab.jpg,exact_duplicate_dhash_d0
/home/z/my-project/Factory-AI/datasets/production/hardhats/train/images/005392_jpg.rf.c696b8ba7af87a73e48e1119b666b90c.jpg,/home/z/my-project/Factory-AI/datasets/production/hardhats/train/images/005392_jpg.rf.7f6f8c3bc47195ddad14e1226ccab31b.jpg,exact_duplicate_dhash_d0
/home/z/my-project/Factory-AI/datasets/production/hardhats/train/images/005393_jpg.rf.4e412fafb85c7a638d6d9476aef1967a.jpg,/home/z/my-project/Factory-AI/datasets/production/hardhats/train/images/005393_jpg.rf.304c210a280b256fe6b49bfe75964cfe.jpg,exact_duplicate_dhash_d0
/home/z/my-project/Factory-AI/datasets/production/hardhats/train/images/005394_jpg.rf.606d7b9af2b46e3007ea1cb862468126.jpg,/home/z/my-project/Factory-AI/datasets/production/hardhats/train/images/005394_jpg.rf.0acc264b1ca47ef5ab3914e361348d88.jpg,exact_duplicate_dhash_d0
/home/z/my-project/Factory-AI/datasets/production/hardhats/train/images/005395_jpg.rf.c6a924905d68532a2327d80e7479bfd4.jpg,/home/z/my-project/Factory-AI/datasets/production/hardhats/train/images/005395_jpg.rf.9eea7dec39baa5d51234e1f4211ac944.jpg,exact_duplicate_dhash_d0
/home/z/my-project/Factory-AI/datasets/production/hardhats/train/images/005396_jpg.rf.bd09dafa8765ada84596adb640241b6c.jpg,/home/z/my-project/Factory-AI/datasets/production/hardhats/train/images/005396_jpg.rf.39b73b09eb219dcede6254de5bde7b7c.jpg,exact_duplicate_dhash_d0
/home/z/my-project/Factory-AI/datasets/production/hardhats/train/images/005398_jpg.rf.eeeaa1acb811fd5e422b814778c8786f.jpg,/home/z/my-project/Factory-AI/datasets/production/hardhats/test/images/005398_jpg.rf.a0d7ef1e4ca94fb1159f0b6b0f2384be.jpg,exact_duplicate_dhash_d0
/home/z/my-project/Factory-AI/datasets/production/hardhats/train/images/005399_jpg.rf.28819724a84f9d7fdb897058365028e3.jpg,/home/z/my-project/Factory-AI/datasets/production/hardhats/test/images/005399_jpg.rf.13ab381c4a04699d3fe7317da4482d30.jpg,exact_duplicate_dhash_d0
/home/z/my-project/Factory-AI/datasets/production/hardhats/train/images/00539_jpg.rf.da55e5990f1db18ac9c8a216a2357cc9.jpg,/home/z/my-project/Factory-AI/datasets/production/hardhats/train/images/004358_jpg.rf.19430a3104ebe9143cc2bb0d4d875cf2.jpg,exact_duplicate_dhash_d0
/home/z/my-project/Factory-AI/datasets/production/hardhats/train/images/005400_jpg.rf.5d84e01e4f74ceb9d7e72dff40af4170.jpg,/home/z/my-project/Factory-AI/datasets/production/hardhats/train/images/005400_jpg.rf.5c3344ee642ac0c2ee616d8c0e81c018.jpg,exact_duplicate_dhash_d0
/home/z/my-project/Factory-AI/datasets/production/hardhats/train/images/005401_jpg.rf.8d6ff64b811e4b34f86c967da397e5b2.jpg,/home/z/my-project/Factory-AI/datasets/production/hardhats/test/images/005401_jpg.rf.a2ebbcc87e670acc834a2b03acb43912.jpg,exact_duplicate_dhash_d0
/home/z/my-project/Factory-AI/datasets/production/hardhats/train/images/005403_jpg.rf.f1a873fbd7161db56ecff354783edf53.jpg,/home/z/my-project/Factory-AI/datasets/production/hardhats/train/images/005403_jpg.rf.5d9ad684395ae7f22fcae0a27492bc57.jpg,exact_duplicate_dhash_d0
/home/z/my-project/Factory-AI/datasets/production/hardhats/train/images/005404_jpg.rf.c9167b3d93df1bfe6899b68341e75f00.jpg,/home/z/my-project/Factory-AI/datasets/production/hardhats/train/images/005404_jpg.rf.31eeaa742baa813537bccbb0c7434c82.jpg,exact_duplicate_dhash_d0
/home/z/my-project/Factory-AI/datasets/production/hardhats/train/images/005405_jpg.rf.cf2bc7f991eb11c610d6369ec62d7c11.jpg,/home/z/my-project/Factory-AI/datasets/production/hardhats/train/images/005405_jpg.rf.9fe98ce64e0a8b0e13410bd024e9289e.jpg,exact_duplicate_dhash_d0
/home/z/my-project/Factory-AI/datasets/production/hardhats/train/images/005406_jpg.rf.b929f5c09649bac1479fff1cac7b9aac.jpg,/home/z/my-project/Factory-AI/datasets/production/hardhats/train/images/005406_jpg.rf.92d5bcc8753f8421585be8df664d610b.jpg,exact_duplicate_dhash_d0
/home/z/my-project/Factory-AI/datasets/production/hardhats/train/images/005407_jpg.rf.6bf487c2217af02456289c1f53a90606.jpg,/home/z/my-project/Factory-AI/datasets/production/hardhats/train/images/005407_jpg.rf.0f961b0419d9092f73c9fc0c8f5b3d65.jpg,exact_duplicate_dhash_d0
/home/z/my-project/Factory-AI/datasets/production/hardhats/train/images/005408_jpg.rf.bb255110888e56304d6cc76c8b0fdb9e.jpg,/home/z/my-project/Factory-AI/datasets/production/hardhats/train/images/005408_jpg.rf.382c001a036aba81dfa96c8dc3d2a408.jpg,exact_duplicate_dhash_d0
/home/z/my-project/Factory-AI/datasets/production/hardhats/train/images/005412_jpg.rf.7652ab71d42b3f8d25803e70efd778d4.jpg,/home/z/my-project/Factory-AI/datasets/production/hardhats/train/images/005412_jpg.rf.67d7dd599160d63953609af98d025504.jpg,exact_duplicate_dhash_d0
/home/z/my-project/Factory-AI/datasets/production/hardhats/train/images/005415_jpg.rf.e0009d47012b5279f0811641869367f6.jpg,/home/z/my-project/Factory-AI/datasets/production/hardhats/train/images/005415_jpg.rf.5aa909acce87fd48b6b5352d8fe8917c.jpg,exact_duplicate_dhash_d0
/home/z/my-project/Factory-AI/datasets/production/hardhats/train/images/005416_jpg.rf.977e4f812e08255827a3c6ac54f473e9.jpg,/home/z/my-project/Factory-AI/datasets/production/hardhats/train/images/005416_jpg.rf.4721aa54aa6acdd6ba0b24cbb2e17f65.jpg,exact_duplicate_dhash_d0
/home/z/my-project/Factory-AI/datasets/production/hardhats/train/images/005417_jpg.rf.2af41336043dc8805977fbb8e8ef2a4c.jpg,/home/z/my-project/Factory-AI/datasets/production/hardhats/train/images/005417_jpg.rf.09ee6f2b758ec926f288678a342f072c.jpg,exact_duplicate_dhash_d0
/home/z/my-project/Factory-AI/datasets/production/hardhats/train/images/005418_jpg.rf.e5dafac6d620205f6e1b4478f1cfe336.jpg,/home/z/my-project/Factory-AI/datasets/production/hardhats/train/images/005418_jpg.rf.545306d20562be164041ccaf323052f3.jpg,exact_duplicate_dhash_d0
/home/z/my-project/Factory-AI/datasets/production/hardhats/train/images/005419_jpg.rf.65ad89fcf1f96e835e7b3b08dd51ee4c.jpg,/home/z/my-project/Factory-AI/datasets/production/hardhats/train/images/005419_jpg.rf.1f3d76673b66554b2aa9b9a7e45712f4.jpg,exact_duplicate_dhash_d0
/home/z/my-project/Factory-AI/datasets/production/hardhats/train/images/005420_jpg.rf.b50e6f0664b006d20a5db24d9206488c.jpg,/home/z/my-project/Factory-AI/datasets/production/hardhats/train/images/005420_jpg.rf.887afd9f00fb8e8af5392d37802e67bc.jpg,exact_duplicate_dhash_d0
/home/z/my-project/Factory-AI/datasets/production/hardhats/train/images/005423_jpg.rf.9446d1239b6bd6260e71a3601c057a04.jpg,/home/z/my-project/Factory-AI/datasets/production/hardhats/test/images/005423_jpg.rf.7131601ed509aeded92913f27f39d71f.jpg,exact_duplicate_dhash_d0
/home/z/my-project/Factory-AI/datasets/production/hardhats/train/images/005424_jpg.rf.9006b7fdaaffb4a04de1c4ee5857b0fd.jpg,/home/z/my-project/Factory-AI/datasets/production/hardhats/train/images/005424_jpg.rf.2b77beb1349e789ec6559807bb2308a4.jpg,exact_duplicate_dhash_d0
/home/z/my-project/Factory-AI/datasets/production/hardhats/train/images/005425_jpg.rf.fab24b50dcac056a90ec3206f943e331.jpg,/home/z/my-project/Factory-AI/datasets/production/hardhats/train/images/005425_jpg.rf.17c0a93c2eba7bd6b03bd155e96ffb04.jpg,exact_duplicate_dhash_d0
/home/z/my-project/Factory-AI/datasets/production/hardhats/train/images/005426_jpg.rf.c9ee6b90de27cfc3eb3da3f4414fece9.jpg,/home/z/my-project/Factory-AI/datasets/production/hardhats/train/images/005426_jpg.rf.6dd090ff89d78d55837dfc09a640b81b.jpg,exact_duplicate_dhash_d0
/home/z/my-project/Factory-AI/datasets/production/hardhats/train/images/005427_jpg.rf.74783453341c466793fe2f7c869569e7.jpg,/home/z/my-project/Factory-AI/datasets/production/hardhats/train/images/005427_jpg.rf.622ba288a12f046aa02d8a1f4f8fba21.jpg,exact_duplicate_dhash_d0
/home/z/my-project/Factory-AI/datasets/production/hardhats/train/images/005428_jpg.rf.efa0b03e690e54a49f8204c491c2ad14.jpg,/home/z/my-project/Factory-AI/datasets/production/hardhats/train/images/005428_jpg.rf.320ea1a009954d457ceb3327d5f0d4f7.jpg,exact_duplicate_dhash_d0
/home/z/my-project/Factory-AI/datasets/production/hardhats/train/images/005429_jpg.rf.ed63eb5a8ae9b70c3bba714074c3990b.jpg,/home/z/my-project/Factory-AI/datasets/production/hardhats/train/images/005429_jpg.rf.d0194e126c806626366e93b9224a13ab.jpg,exact_duplicate_dhash_d0
/home/z/my-project/Factory-AI/datasets/production/hardhats/train/images/005430_jpg.rf.8a6ec7bc5cb6821398ad1bcfde40d289.jpg,/home/z/my-project/Factory-AI/datasets/production/hardhats/train/images/005430_jpg.rf.6fe357bf58a218879a2d6fa688aca56e.jpg,exact_duplicate_dhash_d0
/home/z/my-project/Factory-AI/datasets/production/hardhats/train/images/005431_jpg.rf.a7a6ea76dba968d867854a8ce77cbe24.jpg,/home/z/my-project/Factory-AI/datasets/production/hardhats/train/images/005431_jpg.rf.4b798746be6178bad64960d8caf056fd.jpg,exact_duplicate_dhash_d0
/home/z/my-project/Factory-AI/datasets/production/hardhats/train/images/005432_jpg.rf.b6e43ef9b256fe8ca64d72e5ca17a5ea.jpg,/home/z/my-project/Factory-AI/datasets/production/hardhats/test/images/005432_jpg.rf.f7d7bd44154091601366bbc6c67ba409.jpg,exact_duplicate_dhash_d0
/home/z/my-project/Factory-AI/datasets/production/hardhats/train/images/005433_jpg.rf.f2de734ada2a4d6e49a28295adfee9bc.jpg,/home/z/my-project/Factory-AI/datasets/production/hardhats/train/images/005433_jpg.rf.278c64f094c9a1fabf024602b44527dc.jpg,exact_duplicate_dhash_d0
/home/z/my-project/Factory-AI/datasets/production/hardhats/train/images/005434_jpg.rf.3ec9c1e9f730f3be1086afe9376a87bf.jpg,/home/z/my-project/Factory-AI/datasets/production/hardhats/test/images/005434_jpg.rf.76be9633572c892ebdef11bc6aa5a9de.jpg,exact_duplicate_dhash_d0
/home/z/my-project/Factory-AI/datasets/production/hardhats/train/images/005435_jpg.rf.e0b92d9ed5607fe5b348ad6f5aed34dd.jpg,/home/z/my-project/Factory-AI/datasets/production/hardhats/train/images/005435_jpg.rf.d6fa82fc95c7a47d1f7ecac40e3d0407.jpg,exact_duplicate_dhash_d0
/home/z/my-project/Factory-AI/datasets/production/hardhats/train/images/005436_jpg.rf.5dab1c5dead3239231328ff25d161015.jpg,/home/z/my-project/Factory-AI/datasets/production/hardhats/train/images/005436_jpg.rf.0eeba5488b6fcd6dc19874e0cf439444.jpg,exact_duplicate_dhash_d0
/home/z/my-project/Factory-AI/datasets/production/hardhats/train/images/005437_jpg.rf.c797a97b354828ed5d8deb86536c2fc0.jpg,/home/z/my-project/Factory-AI/datasets/production/hardhats/test/images/005437_jpg.rf.b97dcc587d107420e9023d0845b2878d.jpg,exact_duplicate_dhash_d0
/home/z/my-project/Factory-AI/datasets/production/hardhats/train/images/005438_jpg.rf.89ca2ad9f31092bba2b847914f48663a.jpg,/home/z/my-project/Factory-AI/datasets/production/hardhats/train/images/005438_jpg.rf.1b14d73a311097e8cbeb08b3f61e1b16.jpg,exact_duplicate_dhash_d0
/home/z/my-project/Factory-AI/datasets/production/hardhats/train/images/005439_jpg.rf.b02ebc093b375aa7a5b79a992ed3258e.jpg,/home/z/my-project/Factory-AI/datasets/production/hardhats/train/images/005439_jpg.rf.6a1f363fac133454076b98fefa03d5a1.jpg,exact_duplicate_dhash_d0
/home/z/my-project/Factory-AI/datasets/production/hardhats/train/images/005440_jpg.rf.a4681e03dabb30a194b3bb583958117a.jpg,/home/z/my-project/Factory-AI/datasets/production/hardhats/train/images/005440_jpg.rf.27daf26ff94b5f5148caf6fab6d6072f.jpg,exact_duplicate_dhash_d0
/home/z/my-project/Factory-AI/datasets/production/hardhats/train/images/005441_jpg.rf.ecb785b1c387540c629df05e3ce2a27b.jpg,/home/z/my-project/Factory-AI/datasets/production/hardhats/train/images/005441_jpg.rf.7182c4c4d466820659a14c6dcde2ec89.jpg,exact_duplicate_dhash_d0
/home/z/my-project/Factory-AI/datasets/production/hardhats/train/images/005442_jpg.rf.d75ec9899bc9743954cda2ecc2b566b8.jpg,/home/z/my-project/Factory-AI/datasets/production/hardhats/train/images/005442_jpg.rf.52a70b7e70b322ae99ec6aa18fc2776a.jpg,exact_duplicate_dhash_d0
/home/z/my-project/Factory-AI/datasets/production/hardhats/train/images/005443_jpg.rf.5a83c8b687732c4389b377c54f484c82.jpg,/home/z/my-project/Factory-AI/datasets/production/hardhats/train/images/005443_jpg.rf.0c9bb647de79ccc723019dc2269aef8d.jpg,exact_duplicate_dhash_d0
/home/z/my-project/Factory-AI/datasets/production/hardhats/train/images/005444_jpg.rf.64d8ccfebb65fd433c11059cd0bd73c3.jpg,/home/z/my-project/Factory-AI/datasets/production/hardhats/train/images/005444_jpg.rf.36a5aeb14a9fa03b1eee2e01c967190a.jpg,exact_duplicate_dhash_d0
/home/z/my-project/Factory-AI/datasets/production/hardhats/train/images/005445_jpg.rf.2b0572a0a58b3402dbb5bfa8b2510895.jpg,/home/z/my-project/Factory-AI/datasets/production/hardhats/train/images/005445_jpg.rf.15fd06c88186f22c1e36bb002edd63f6.jpg,exact_duplicate_dhash_d0
/home/z/my-project/Factory-AI/datasets/production/hardhats/train/images/005446_jpg.rf.6f434b98b8a9cdbd5a6b28cd472035c6.jpg,/home/z/my-project/Factory-AI/datasets/production/hardhats/test/images/005446_jpg.rf.451d42d4ec0ebf995622b690ddfc5bf9.jpg,exact_duplicate_dhash_d0
/home/z/my-project/Factory-AI/datasets/production/hardhats/train/images/005447_jpg.rf.57818e061eab5c4d49a76636dfb7eb4b.jpg,/home/z/my-project/Factory-AI/datasets/production/hardhats/train/images/005447_jpg.rf.1efb8e4e6ec801a67993a392dc7b1255.jpg,exact_duplicate_dhash_d0
/home/z/my-project/Factory-AI/datasets/production/hardhats/train/images/005449_jpg.rf.470decf0c32a11a6842a775e85c117ae.jpg,/home/z/my-project/Factory-AI/datasets/production/hardhats/test/images/005449_jpg.rf.f68f506dd7d6623bf8d341cf6bdfd75f.jpg,exact_duplicate_dhash_d0
/home/z/my-project/Factory-AI/datasets/production/hardhats/train/images/005450_jpg.rf.b3430d30605ed8eeec881ded95f077bc.jpg,/home/z/my-project/Factory-AI/datasets/production/hardhats/train/images/005450_jpg.rf.160eed3c8d208a9f4e030bc936ff65c0.jpg,exact_duplicate_dhash_d0
/home/z/my-project/Factory-AI/datasets/production/hardhats/train/images/005451_jpg.rf.8687a60d024ae1ec960e0bc4d6ab7e14.jpg,/home/z/my-project/Factory-AI/datasets/production/hardhats/train/images/005451_jpg.rf.39c7f409a44a0b6ac86c0b75fca15f35.jpg,exact_duplicate_dhash_d0
/home/z/my-project/Factory-AI/datasets/production/hardhats/train/images/005452_jpg.rf.f4896b21b8caf09f22ab337b6ccc812f.jpg,/home/z/my-project/Factory-AI/datasets/production/hardhats/train/images/005452_jpg.rf.58b516a5b154cf7dee6e96b72bda9c71.jpg,exact_duplicate_dhash_d0
/home/z/my-project/Factory-AI/datasets/production/hardhats/train/images/005454_jpg.rf.db2f70f9e2a67a06e67da977adcad025.jpg,/home/z/my-project/Factory-AI/datasets/production/hardhats/train/images/005454_jpg.rf.a80fa4bf05f2f94fe280ab255f24d1c3.jpg,exact_duplicate_dhash_d0
/home/z/my-project/Factory-AI/datasets/production/hardhats/train/images/005455_jpg.rf.9d4a8e696c73cd0f4dcec55c16b93c63.jpg,/home/z/my-project/Factory-AI/datasets/production/hardhats/train/images/005455_jpg.rf.1852db4ef41e02be2e606e7f997223aa.jpg,exact_duplicate_dhash_d0
/home/z/my-project/Factory-AI/datasets/production/hardhats/train/images/005457_jpg.rf.f2780dd5a4ff483d03ea8a4832f525c0.jpg,/home/z/my-project/Factory-AI/datasets/production/hardhats/train/images/005457_jpg.rf.ed61f749f8be01d1742a6b1262f3e004.jpg,exact_duplicate_dhash_d0
/home/z/my-project/Factory-AI/datasets/production/hardhats/train/images/005458_jpg.rf.cd5ee3ddc01e6de262253da05382afbc.jpg,/home/z/my-project/Factory-AI/datasets/production/hardhats/train/images/005458_jpg.rf.9484145aff9eb89ec24ef904afe7f52e.jpg,exact_duplicate_dhash_d0
/home/z/my-project/Factory-AI/datasets/production/hardhats/train/images/005459_jpg.rf.fc7a6758c6f3a103cb24446816cc8103.jpg,/home/z/my-project/Factory-AI/datasets/production/hardhats/train/images/005459_jpg.rf.998b50856e92794588994a92a2973b60.jpg,exact_duplicate_dhash_d0
/home/z/my-project/Factory-AI/datasets/production/hardhats/train/images/005460_jpg.rf.5e253748750cf2f7afbc4f3d508ecfa7.jpg,/home/z/my-project/Factory-AI/datasets/production/hardhats/train/images/005460_jpg.rf.22a4bb94ac0753ebd43f67ae1c59e75b.jpg,exact_duplicate_dhash_d0
/home/z/my-project/Factory-AI/datasets/production/hardhats/train/images/005461_jpg.rf.f58a117f02dc8b52f4bcf6e850227702.jpg,/home/z/my-project/Factory-AI/datasets/production/hardhats/test/images/005461_jpg.rf.734118d3ee5ac9750e242e6e7057c191.jpg,exact_duplicate_dhash_d0
/home/z/my-project/Factory-AI/datasets/production/hardhats/train/images/005462_jpg.rf.d3fca059bb693d9502870b37cf1a2bf4.jpg,/home/z/my-project/Factory-AI/datasets/production/hardhats/train/images/005462_jpg.rf.ad3965f92c08edf1f051de5e541254da.jpg,exact_duplicate_dhash_d0
/home/z/my-project/Factory-AI/datasets/production/hardhats/train/images/005463_jpg.rf.a1a5a0995b15b44b95efc9c9f1b28f16.jpg,/home/z/my-project/Factory-AI/datasets/production/hardhats/train/images/005463_jpg.rf.8992c613871c93c864863f8750b0814a.jpg,exact_duplicate_dhash_d0
/home/z/my-project/Factory-AI/datasets/production/hardhats/train/images/005467_jpg.rf.f2920192a8c8b97578f6354b60398bed.jpg,/home/z/my-project/Factory-AI/datasets/production/hardhats/train/images/005467_jpg.rf.1b939006eb5b91953cd4e1c84849f320.jpg,exact_duplicate_dhash_d0
/home/z/my-project/Factory-AI/datasets/production/hardhats/train/images/005468_jpg.rf.23625373969074fa9f0dc7b9886be7ff.jpg,/home/z/my-project/Factory-AI/datasets/production/hardhats/train/images/005468_jpg.rf.1ddbd65363a586fd13b8aa2a9c6649bd.jpg,exact_duplicate_dhash_d0
/home/z/my-project/Factory-AI/datasets/production/hardhats/train/images/005469_jpg.rf.11a87428130ad526fd157f49410a19d2.jpg,/home/z/my-project/Factory-AI/datasets/production/hardhats/train/images/005469_jpg.rf.0b4c4cb64b382ca36c77be49ac82af93.jpg,exact_duplicate_dhash_d0
/home/z/my-project/Factory-AI/datasets/production/hardhats/train/images/005470_jpg.rf.93c8be49a6d45a043002e930779cb8f4.jpg,/home/z/my-project/Factory-AI/datasets/production/hardhats/train/images/005470_jpg.rf.0aa8fb986d26f50c74cc2d02f9f36f7f.jpg,exact_duplicate_dhash_d0
/home/z/my-project/Factory-AI/datasets/production/hardhats/train/images/005471_jpg.rf.dd7b8fa2ec0a0b7b6d49ba84f36bebf1.jpg,/home/z/my-project/Factory-AI/datasets/production/hardhats/train/images/005471_jpg.rf.0a3039f87a9e7c1baec3782971eb4b13.jpg,exact_duplicate_dhash_d0
/home/z/my-project/Factory-AI/datasets/production/hardhats/train/images/005473_jpg.rf.999ce144913e5683a3181b7f23d26a32.jpg,/home/z/my-project/Factory-AI/datasets/production/hardhats/train/images/005473_jpg.rf.57d9393d945da530209848d4e9a068fc.jpg,exact_duplicate_dhash_d0
/home/z/my-project/Factory-AI/datasets/production/hardhats/train/images/005475_jpg.rf.98af8fc895107cc1a4c3c88b410c444d.jpg,/home/z/my-project/Factory-AI/datasets/production/hardhats/train/images/005475_jpg.rf.3d86cf92c9f8709caa0418e374b8f45d.jpg,exact_duplicate_dhash_d0
/home/z/my-project/Factory-AI/datasets/production/hardhats/train/images/005476_jpg.rf.a9ba39365bc83a168805b717871e2f7f.jpg,/home/z/my-project/Factory-AI/datasets/production/hardhats/test/images/005476_jpg.rf.329545fc53361fbd719157d1e8aaa437.jpg,exact_duplicate_dhash_d0
/home/z/my-project/Factory-AI/datasets/production/hardhats/train/images/005477_jpg.rf.e4a47e7f07ef3219fb464ae21eeb20db.jpg,/home/z/my-project/Factory-AI/datasets/production/hardhats/train/images/005477_jpg.rf.8fe54af06e5c5a68a9bb49882d2410ce.jpg,exact_duplicate_dhash_d0
/home/z/my-project/Factory-AI/datasets/production/hardhats/train/images/005478_jpg.rf.afe5156e7085a9e478fd462b707ae5d0.jpg,/home/z/my-project/Factory-AI/datasets/production/hardhats/train/images/005478_jpg.rf.0d748ecef533ea1216de6c79e6b98cd8.jpg,exact_duplicate_dhash_d0
/home/z/my-project/Factory-AI/datasets/production/hardhats/train/images/005479_jpg.rf.ac9f806ac1e095d57f1750e5af6cceeb.jpg,/home/z/my-project/Factory-AI/datasets/production/hardhats/train/images/005479_jpg.rf.5521eb9aec2463a133c8b8e7aafad1ca.jpg,exact_duplicate_dhash_d0
/home/z/my-project/Factory-AI/datasets/production/hardhats/train/images/00547_jpg.rf.2402d8da6c55250786cc14ac1a719bdf.jpg,/home/z/my-project/Factory-AI/datasets/production/hardhats/test/images/ppe_0649_jpg.rf.5254ae7d01cb48b88c033c08c9b67bdc.jpg,exact_duplicate_dhash_d0
/home/z/my-project/Factory-AI/datasets/production/hardhats/train/images/005480_jpg.rf.41875b9e096e57dd59ee1f58b0446683.jpg,/home/z/my-project/Factory-AI/datasets/production/hardhats/train/images/005480_jpg.rf.044ac2cace43a028147902798f305b81.jpg,exact_duplicate_dhash_d0
/home/z/my-project/Factory-AI/datasets/production/hardhats/train/images/005482_jpg.rf.e0a9decfa8e4b64654b45268b2e81d07.jpg,/home/z/my-project/Factory-AI/datasets/production/hardhats/train/images/005482_jpg.rf.1fab0a7c7a618f76d5c1f3eee240f7fc.jpg,exact_duplicate_dhash_d0
/home/z/my-project/Factory-AI/datasets/production/hardhats/train/images/005484_jpg.rf.a595a3a816bf1c6b7afb24a2e4f87bd2.jpg,/home/z/my-project/Factory-AI/datasets/production/hardhats/train/images/005484_jpg.rf.2be5270ec3a2ee97a51b94c92bed4ce4.jpg,exact_duplicate_dhash_d0
/home/z/my-project/Factory-AI/datasets/production/hardhats/train/images/005485_jpg.rf.ab46c75a0de5ff29cfebb4aba813820c.jpg,/home/z/my-project/Factory-AI/datasets/production/hardhats/test/images/005485_jpg.rf.4de084a805cde0a7745aac35a9ee02fc.jpg,exact_duplicate_dhash_d0
/home/z/my-project/Factory-AI/datasets/production/hardhats/train/images/005487_jpg.rf.1f6553c5fa8d7722f58fcbd3466a9d8e.jpg,/home/z/my-project/Factory-AI/datasets/production/hardhats/train/images/005487_jpg.rf.17e9239f011772262e8324e8d3473a1f.jpg,exact_duplicate_dhash_d0
/home/z/my-project/Factory-AI/datasets/production/hardhats/train/images/005488_jpg.rf.0d587686c424b80efec52eed6996fe27.jpg,/home/z/my-project/Factory-AI/datasets/production/hardhats/train/images/005488_jpg.rf.0859b83d9709795bdd758f19b0da8cc8.jpg,exact_duplicate_dhash_d0
/home/z/my-project/Factory-AI/datasets/production/hardhats/train/images/005489_jpg.rf.c69adcf208eea3091b0b3882cb733684.jpg,/home/z/my-project/Factory-AI/datasets/production/hardhats/train/images/005489_jpg.rf.21d425874505ec774df57c9e0e18b7b5.jpg,exact_duplicate_dhash_d0
/home/z/my-project/Factory-AI/datasets/production/hardhats/train/images/005491_jpg.rf.b4b7c226779e0aea61e63dfc9cf0b601.jpg,/home/z/my-project/Factory-AI/datasets/production/hardhats/train/images/005491_jpg.rf.3b3bc4ebc17eccf1aa082842b8670a8c.jpg,exact_duplicate_dhash_d0
/home/z/my-project/Factory-AI/datasets/production/hardhats/train/images/005492_jpg.rf.fed65668768c9f616ecd4a5aa1365d6a.jpg,/home/z/my-project/Factory-AI/datasets/production/hardhats/train/images/005492_jpg.rf.e804f23b38ec7a368a2f02f655bcda6b.jpg,exact_duplicate_dhash_d0
/home/z/my-project/Factory-AI/datasets/production/hardhats/train/images/005493_jpg.rf.6c42e1dd91d6be303269fb5d4f18b488.jpg,/home/z/my-project/Factory-AI/datasets/production/hardhats/train/images/005493_jpg.rf.2dfad5a6a362dfe80b8256b84c34b04b.jpg,exact_duplicate_dhash_d0
/home/z/my-project/Factory-AI/datasets/production/hardhats/train/images/005494_jpg.rf.dc41c7be499918e7e9203244107c96a5.jpg,/home/z/my-project/Factory-AI/datasets/production/hardhats/train/images/005494_jpg.rf.a59e9c49395a36523dbb4fb5ba45fe26.jpg,exact_duplicate_dhash_d0
/home/z/my-project/Factory-AI/datasets/production/hardhats/train/images/005495_jpg.rf.f9de67e9b1a1b7bbe80502d48fdc9792.jpg,/home/z/my-project/Factory-AI/datasets/production/hardhats/train/images/005495_jpg.rf.2803a916a4c2ded38fd606a1eb56788e.jpg,exact_duplicate_dhash_d0
/home/z/my-project/Factory-AI/datasets/production/hardhats/train/images/005497_jpg.rf.98ca65b6d35561f76899d13836611014.jpg,/home/z/my-project/Factory-AI/datasets/production/hardhats/train/images/005497_jpg.rf.7254f2d42ef79efaa9f8feb4629809b9.jpg,exact_duplicate_dhash_d0
/home/z/my-project/Factory-AI/datasets/production/hardhats/train/images/005498_jpg.rf.f97d406dd25781f09708d5c237d4bc33.jpg,/home/z/my-project/Factory-AI/datasets/production/hardhats/train/images/005498_jpg.rf.d6f147523ffbdb4f7c5eb3571c6ce002.jpg,exact_duplicate_dhash_d0
/home/z/my-project/Factory-AI/datasets/production/hardhats/train/images/00549_jpg.rf.f50d5b02df505cb35ae376ec507bfb4d.jpg,/home/z/my-project/Factory-AI/datasets/production/hardhats/train/images/004236_jpg.rf.c8a8b86cae6cb27922a4db6513c8eae9.jpg,exact_duplicate_dhash_d0
/home/z/my-project/Factory-AI/datasets/production/hardhats/train/images/005500_jpg.rf.485818e11eb1dc61d7ab1aa48ccba68b.jpg,/home/z/my-project/Factory-AI/datasets/production/hardhats/train/images/005500_jpg.rf.4844aaf8592eab146193740480e7a770.jpg,exact_duplicate_dhash_d0
/home/z/my-project/Factory-AI/datasets/production/hardhats/train/images/005501_jpg.rf.e4a2813ad76e7c45832ba08d3b63b0ba.jpg,/home/z/my-project/Factory-AI/datasets/production/hardhats/train/images/005501_jpg.rf.93821fec0973cff4e9d4191768ebc996.jpg,exact_duplicate_dhash_d0
/home/z/my-project/Factory-AI/datasets/production/hardhats/train/images/005503_jpg.rf.a49f2cb16a470499ffa6eb9ea979651f.jpg,/home/z/my-project/Factory-AI/datasets/production/hardhats/train/images/005503_jpg.rf.64bdd1592d3c09d6b1780e82686ea24b.jpg,exact_duplicate_dhash_d0
/home/z/my-project/Factory-AI/datasets/production/hardhats/train/images/005504_jpg.rf.e977d2422be162f6089a30a0303f5457.jpg,/home/z/my-project/Factory-AI/datasets/production/hardhats/train/images/005504_jpg.rf.cf5cefc826ee30ba5c41e789913d330c.jpg,exact_duplicate_dhash_d0
/home/z/my-project/Factory-AI/datasets/production/hardhats/train/images/005505_jpg.rf.861536ea9b788328d74ad50b434cc842.jpg,/home/z/my-project/Factory-AI/datasets/production/hardhats/train/images/005505_jpg.rf.3948fa9726cf9f5dfd3de29d494826ff.jpg,exact_duplicate_dhash_d0
/home/z/my-project/Factory-AI/datasets/production/hardhats/train/images/005506_jpg.rf.ceb8753dae996278ea4d630725431cc8.jpg,/home/z/my-project/Factory-AI/datasets/production/hardhats/train/images/005506_jpg.rf.05fa00daa8ef75c79ad118ed51a7cd13.jpg,exact_duplicate_dhash_d0
/home/z/my-project/Factory-AI/datasets/production/hardhats/train/images/005507_jpg.rf.9d4de5f7c1919befe8053d3e7aab528a.jpg,/home/z/my-project/Factory-AI/datasets/production/hardhats/test/images/005507_jpg.rf.006214454879f71b5ab918817d9d17e6.jpg,exact_duplicate_dhash_d0
/home/z/my-project/Factory-AI/datasets/production/hardhats/train/images/005508_jpg.rf.61662c8111396c9eca2d4ed023888b38.jpg,/home/z/my-project/Factory-AI/datasets/production/hardhats/train/images/005508_jpg.rf.51b24f8924c0acaea23dc13d7068527a.jpg,exact_duplicate_dhash_d0
/home/z/my-project/Factory-AI/datasets/production/hardhats/train/images/005509_jpg.rf.6004fe860dbd19beaf827159369f4a38.jpg,/home/z/my-project/Factory-AI/datasets/production/hardhats/train/images/005509_jpg.rf.39cb682c6605b5c929c084be65011d35.jpg,exact_duplicate_dhash_d0
/home/z/my-project/Factory-AI/datasets/production/hardhats/train/images/005511_jpg.rf.b304d3f8a1b0d81779180e96152c0639.jpg,/home/z/my-project/Factory-AI/datasets/production/hardhats/train/images/005511_jpg.rf.178b2227d5dba12e7057a6312ab19833.jpg,exact_duplicate_dhash_d0
/home/z/my-project/Factory-AI/datasets/production/hardhats/train/images/005512_jpg.rf.8c1a431c0c3ba935010f4b16b9717b61.jpg,/home/z/my-project/Factory-AI/datasets/production/hardhats/train/images/005512_jpg.rf.2f3a1489a5f96efc785a2b201252787f.jpg,exact_duplicate_dhash_d0
/home/z/my-project/Factory-AI/datasets/production/hardhats/train/images/005513_jpg.rf.fe2f594cc93886c941804ce84fcbf048.jpg,/home/z/my-project/Factory-AI/datasets/production/hardhats/train/images/005513_jpg.rf.03062943a03bf4bee6158a4d706c6383.jpg,exact_duplicate_dhash_d0
/home/z/my-project/Factory-AI/datasets/production/hardhats/train/images/005514_jpg.rf.8bccc46f0ae11d8a74957658078db5ed.jpg,/home/z/my-project/Factory-AI/datasets/production/hardhats/train/images/005514_jpg.rf.2d68a8aa020c89348bfae26958d2cd0b.jpg,exact_duplicate_dhash_d0
/home/z/my-project/Factory-AI/datasets/production/hardhats/train/images/005515_jpg.rf.cd7cbaef1c2e25409455acd8ba466427.jpg,/home/z/my-project/Factory-AI/datasets/production/hardhats/train/images/005515_jpg.rf.97b1e424751b16531523808a836aa43b.jpg,exact_duplicate_dhash_d0
/home/z/my-project/Factory-AI/datasets/production/hardhats/train/images/005516_jpg.rf.ed61a3d3c1e1ee5f68e50dc0886492f0.jpg,/home/z/my-project/Factory-AI/datasets/production/hardhats/test/images/005516_jpg.rf.c5cc278fa1ef1bb3b109c4e12abd8382.jpg,exact_duplicate_dhash_d0
/home/z/my-project/Factory-AI/datasets/production/hardhats/train/images/005518_jpg.rf.af24b88198a9f6cd13f0a07775f572af.jpg,/home/z/my-project/Factory-AI/datasets/production/hardhats/train/images/005518_jpg.rf.71be3c82dad5a705c1add5df19c05cbf.jpg,exact_duplicate_dhash_d0
/home/z/my-project/Factory-AI/datasets/production/hardhats/train/images/005519_jpg.rf.9ff4131175b20f0a1462250b370f38a5.jpg,/home/z/my-project/Factory-AI/datasets/production/hardhats/train/images/005519_jpg.rf.90b7253932353d256ad7fca98f3163fe.jpg,exact_duplicate_dhash_d0
/home/z/my-project/Factory-AI/datasets/production/hardhats/train/images/005520_jpg.rf.712154f05379ef36ed2f9ce55a3bf3f9.jpg,/home/z/my-project/Factory-AI/datasets/production/hardhats/train/images/005520_jpg.rf.4edab8c5de01b95437d4ee6145408f33.jpg,exact_duplicate_dhash_d0
/home/z/my-project/Factory-AI/datasets/production/hardhats/train/images/005521_jpg.rf.b655f2d220dc889b5372f98373caa66a.jpg,/home/z/my-project/Factory-AI/datasets/production/hardhats/train/images/005521_jpg.rf.91f3aad664730ad104992a86782d7241.jpg,exact_duplicate_dhash_d0
/home/z/my-project/Factory-AI/datasets/production/hardhats/train/images/005522_jpg.rf.fbcf9798e7de1029dfbffc2c634c75c2.jpg,/home/z/my-project/Factory-AI/datasets/production/hardhats/train/images/005522_jpg.rf.aec14aa5927c8d913c20b59dbea91fb8.jpg,exact_duplicate_dhash_d0
/home/z/my-project/Factory-AI/datasets/production/hardhats/train/images/005524_jpg.rf.2e2a1a293235578d58641bab0ac9c2e3.jpg,/home/z/my-project/Factory-AI/datasets/production/hardhats/train/images/005524_jpg.rf.06b950ce41590ba06ef27e3cfa715f70.jpg,exact_duplicate_dhash_d0
/home/z/my-project/Factory-AI/datasets/production/hardhats/train/images/005525_jpg.rf.d155de1a2c2c381261afe1057b890d21.jpg,/home/z/my-project/Factory-AI/datasets/production/hardhats/train/images/005525_jpg.rf.ab9949d6cf07e7dfd66f84162b40f39f.jpg,exact_duplicate_dhash_d0
/home/z/my-project/Factory-AI/datasets/production/hardhats/train/images/005527_jpg.rf.c93471ef20ec4148f5dfa3aa56267dbc.jpg,/home/z/my-project/Factory-AI/datasets/production/hardhats/train/images/005527_jpg.rf.92c1c7bcd6ddb46f988aae2911bab87d.jpg,exact_duplicate_dhash_d0
/home/z/my-project/Factory-AI/datasets/production/hardhats/train/images/005529_jpg.rf.84360cf0b72bba80eb4982ccf396c07d.jpg,/home/z/my-project/Factory-AI/datasets/production/hardhats/train/images/005529_jpg.rf.3a9f2f6e64f46512793e0f5b66c94a82.jpg,exact_duplicate_dhash_d0
/home/z/my-project/Factory-AI/datasets/production/hardhats/train/images/005532_jpg.rf.f38253d23017fa6f6a86bb8e8ad2f31b.jpg,/home/z/my-project/Factory-AI/datasets/production/hardhats/train/images/005532_jpg.rf.686c21b4fcd71cc3802aa1b41e546b1a.jpg,exact_duplicate_dhash_d0
/home/z/my-project/Factory-AI/datasets/production/hardhats/train/images/005533_jpg.rf.8eee7b911eb9e6714c1aaf48718ea762.jpg,/home/z/my-project/Factory-AI/datasets/production/hardhats/train/images/005533_jpg.rf.60baa5bc46fddab7071c8b873a81df9d.jpg,exact_duplicate_dhash_d0
/home/z/my-project/Factory-AI/datasets/production/hardhats/train/images/005534_jpg.rf.e561cfc67b138cadb7963f9953ebaf9e.jpg,/home/z/my-project/Factory-AI/datasets/production/hardhats/train/images/005534_jpg.rf.bb8172170c3442bc2303a3ee4a24fb02.jpg,exact_duplicate_dhash_d0
/home/z/my-project/Factory-AI/datasets/production/hardhats/train/images/005535_jpg.rf.b21baca8355579b65930d00b49198814.jpg,/home/z/my-project/Factory-AI/datasets/production/hardhats/train/images/005535_jpg.rf.a100ffc70b8c6605ee9f6989dc696760.jpg,exact_duplicate_dhash_d0
/home/z/my-project/Factory-AI/datasets/production/hardhats/train/images/005537_jpg.rf.88eef509c231b5e58140ed354fe171dc.jpg,/home/z/my-project/Factory-AI/datasets/production/hardhats/train/images/005537_jpg.rf.06e2282bdd217a1828a6f8d3efe6d688.jpg,exact_duplicate_dhash_d0
/home/z/my-project/Factory-AI/datasets/production/hardhats/train/images/005538_jpg.rf.de2215058abfa46a584f74c4d4f8270b.jpg,/home/z/my-project/Factory-AI/datasets/production/hardhats/train/images/005538_jpg.rf.be5a625f222e6f80d704a19e95001b1d.jpg,exact_duplicate_dhash_d0
/home/z/my-project/Factory-AI/datasets/production/hardhats/train/images/005540_jpg.rf.e5db1fe221c1d8380e08dca2f4d410bb.jpg,/home/z/my-project/Factory-AI/datasets/production/hardhats/train/images/005540_jpg.rf.11cbd57935dcfb346f483c1cffe74966.jpg,exact_duplicate_dhash_d0
/home/z/my-project/Factory-AI/datasets/production/hardhats/train/images/005542_jpg.rf.fed4872f234de2194082cd2cbbe70f0b.jpg,/home/z/my-project/Factory-AI/datasets/production/hardhats/train/images/005542_jpg.rf.f8d157666fa8b2fdfaa17b04d13c9c35.jpg,exact_duplicate_dhash_d0
/home/z/my-project/Factory-AI/datasets/production/hardhats/train/images/005543_jpg.rf.39ffcae2f33da25580b9dbc73abd3374.jpg,/home/z/my-project/Factory-AI/datasets/production/hardhats/train/images/005543_jpg.rf.0568010993619545e03313785034dcb8.jpg,exact_duplicate_dhash_d0
/home/z/my-project/Factory-AI/datasets/production/hardhats/train/images/005544_jpg.rf.315eaa121fb031fa1d4f48306006d1bb.jpg,/home/z/my-project/Factory-AI/datasets/production/hardhats/test/images/005544_jpg.rf.12c0309503a56e404284cde223ef9827.jpg,exact_duplicate_dhash_d0
/home/z/my-project/Factory-AI/datasets/production/hardhats/train/images/005545_jpg.rf.fb652531e2208ca318a04de182199a54.jpg,/home/z/my-project/Factory-AI/datasets/production/hardhats/train/images/005545_jpg.rf.e3c0c3a87535b4e33240e7f2bd7b1735.jpg,exact_duplicate_dhash_d0
/home/z/my-project/Factory-AI/datasets/production/hardhats/train/images/005546_jpg.rf.e43a35fb5acd6a02bd8bd4dbc3ef02e1.jpg,/home/z/my-project/Factory-AI/datasets/production/hardhats/train/images/005546_jpg.rf.cf10af9adb8a6a579ca0e37c0be855f0.jpg,exact_duplicate_dhash_d0
/home/z/my-project/Factory-AI/datasets/production/hardhats/train/images/005547_jpg.rf.7be09dd4071bdb06fb9c46458930cad7.jpg,/home/z/my-project/Factory-AI/datasets/production/hardhats/train/images/005547_jpg.rf.0bce090f3d67a7b3ef968ed70161a5f3.jpg,exact_duplicate_dhash_d0
/home/z/my-project/Factory-AI/datasets/production/hardhats/train/images/005552_jpg.rf.f1c050855e9aff722371ecf5f2cb508e.jpg,/home/z/my-project/Factory-AI/datasets/production/hardhats/train/images/000314_jpg.rf.88aec7b86a63e58f8ed55dc48951b96e.jpg,exact_duplicate_dhash_d0
/home/z/my-project/Factory-AI/datasets/production/hardhats/train/images/005616_jpg.rf.212b18554f7579deabdc55bf2b420956.jpg,/home/z/my-project/Factory-AI/datasets/production/hardhats/train/images/001794_jpg.rf.6d9370d01186a8497ca898afb21717a8.jpg,exact_duplicate_dhash_d0
/home/z/my-project/Factory-AI/datasets/production/hardhats/train/images/00563_jpg.rf.31a90e47a9086316696c3ddc9754a3e4.jpg,/home/z/my-project/Factory-AI/datasets/production/hardhats/train/images/001835_jpg.rf.8168fc89dfc6810e6fe4bde8842da19c.jpg,exact_duplicate_dhash_d0
/home/z/my-project/Factory-AI/datasets/production/hardhats/train/images/005692_jpg.rf.fc65d3fa02677576205b29ec3e85f71d.jpg,/home/z/my-project/Factory-AI/datasets/production/hardhats/train/images/001761_jpg.rf.dd1cd8b89cce22cbbbcdda96da7322cc.jpg,exact_duplicate_dhash_d0
/home/z/my-project/Factory-AI/datasets/production/hardhats/train/images/005875_jpg.rf.09b3ecd1d20cc8012a5f402cd7501dd0.jpg,/home/z/my-project/Factory-AI/datasets/production/hardhats/train/images/000907_jpg.rf.0ced88b29dc4d5dab6892d50f1a1c5f0.jpg,exact_duplicate_dhash_d0
/home/z/my-project/Factory-AI/datasets/production/hardhats/train/images/005901_jpg.rf.1eb7bb02472b51759c0ab1361a021f9f.jpg,/home/z/my-project/Factory-AI/datasets/production/hardhats/train/images/00581_jpg.rf.284b6e0d982f440d9325840510f45871.jpg,exact_duplicate_dhash_d0
/home/z/my-project/Factory-AI/datasets/production/hardhats/train/images/00605_jpg.rf.8e1e45988641b5d3b80ef56c4b4eb8ba.jpg,/home/z/my-project/Factory-AI/datasets/production/hardhats/train/images/002950_jpg.rf.8c7f3ecc92257a90a4af2e6e8eb89302.jpg,exact_duplicate_dhash_d0
/home/z/my-project/Factory-AI/datasets/production/hardhats/train/images/00609_jpg.rf.b3a30be9fc8b735d87d6b475486b28ab.jpg,/home/z/my-project/Factory-AI/datasets/production/hardhats/train/images/003995_jpg.rf.0b167b649994023ecd0114c3337b612b.jpg,exact_duplicate_dhash_d0
/home/z/my-project/Factory-AI/datasets/production/hardhats/train/images/006124_jpg.rf.6798a39263d5c5e14ac99cf93d186030.jpg,/home/z/my-project/Factory-AI/datasets/production/hardhats/train/images/002187_jpg.rf.507ee8061b6c3fe24b7661e9b5d94796.jpg,exact_duplicate_dhash_d0
/home/z/my-project/Factory-AI/datasets/production/hardhats/train/images/006173_jpg.rf.d30fbf2ddcd3025a61d127bf7bc43d11.jpg,/home/z/my-project/Factory-AI/datasets/production/hardhats/train/images/004491_jpg.rf.b02ebcd137be185cd3b79dad2fdbbf65.jpg,exact_duplicate_dhash_d0
/home/z/my-project/Factory-AI/datasets/production/hardhats/train/images/006202_jpg.rf.291c1e960ce9e4b247e883f790f80c63.jpg,/home/z/my-project/Factory-AI/datasets/production/hardhats/test/images/000629_jpg.rf.ffaf63e17dbaa7c23c2100ee789ec69c.jpg,exact_duplicate_dhash_d0
/home/z/my-project/Factory-AI/datasets/production/hardhats/train/images/00626_jpg.rf.a9772ed931f710442b272406b9b284fb.jpg,/home/z/my-project/Factory-AI/datasets/production/hardhats/train/images/005308_jpg.rf.384b748277808358cdbf01083b416338.jpg,exact_duplicate_dhash_d0
/home/z/my-project/Factory-AI/datasets/production/hardhats/train/images/00630_jpg.rf.ad38dd541950e88a9b404f4e6f80ddca.jpg,/home/z/my-project/Factory-AI/datasets/production/hardhats/test/images/ppe_0663_jpg.rf.c43482add8e2fb8be4ca317638f50e5c.jpg,exact_duplicate_dhash_d0
/home/z/my-project/Factory-AI/datasets/production/hardhats/train/images/00635_jpg.rf.a63bcca1bb24aec7dd8896afe6ca7d03.jpg,/home/z/my-project/Factory-AI/datasets/production/hardhats/train/images/005574_jpg.rf.7e20eb404cde12c2dd923c4f44cae1da.jpg,exact_duplicate_dhash_d0
/home/z/my-project/Factory-AI/datasets/production/hardhats/train/images/006390_jpg.rf.c55d987656e6955158fbafc9fd4370d9.jpg,/home/z/my-project/Factory-AI/datasets/production/hardhats/train/images/005068_jpg.rf.dd01bd6205ab7221bf450d3313beee6e.jpg,exact_duplicate_dhash_d0
/home/z/my-project/Factory-AI/datasets/production/hardhats/train/images/006392_jpg.rf.83861cadea93597da1e42fd4d9621c64.jpg,/home/z/my-project/Factory-AI/datasets/production/hardhats/train/images/002225_jpg.rf.7aeb7c06cd041f78c95117fd501496ca.jpg,exact_duplicate_dhash_d0
/home/z/my-project/Factory-AI/datasets/production/hardhats/train/images/006469_jpg.rf.6834e6fa9895077a1fcd29379974d408.jpg,/home/z/my-project/Factory-AI/datasets/production/hardhats/train/images/005768_jpg.rf.f52408b23ec49b31cc69e6cb627c5bdf.jpg,exact_duplicate_dhash_d0
/home/z/my-project/Factory-AI/datasets/production/hardhats/train/images/006502_jpg.rf.78a6b89e27c7f097c4817b67e786d1d6.jpg,/home/z/my-project/Factory-AI/datasets/production/hardhats/train/images/00580_jpg.rf.bb75a5633c3f6b77b0f36213c40515a6.jpg,exact_duplicate_dhash_d0
/home/z/my-project/Factory-AI/datasets/production/hardhats/train/images/006533_jpg.rf.e2640bbf142f3d7bb4e79ebde2d18f50.jpg,/home/z/my-project/Factory-AI/datasets/production/hardhats/train/images/001751_jpg.rf.40b580d53a34b86501546c892a13813e.jpg,exact_duplicate_dhash_d0
/home/z/my-project/Factory-AI/datasets/production/hardhats/train/images/006555_jpg.rf.64c911f44594d54f8ac6eadac42ab8b6.jpg,/home/z/my-project/Factory-AI/datasets/production/hardhats/test/images/003085_jpg.rf.10a81ebb3f445e329aab9f980f00d26f.jpg,exact_duplicate_dhash_d0
/home/z/my-project/Factory-AI/datasets/production/hardhats/train/images/006561_jpg.rf.9b57aa38843ae3be5e9189eab579367e.jpg,/home/z/my-project/Factory-AI/datasets/production/hardhats/train/images/005738_jpg.rf.b611a46d523fbaabe8dd12c770c4b7af.jpg,exact_duplicate_dhash_d0
/home/z/my-project/Factory-AI/datasets/production/hardhats/train/images/006628_jpg.rf.565cc6bf667d50b4f4bcb0619ae22199.jpg,/home/z/my-project/Factory-AI/datasets/production/hardhats/train/images/004632_jpg.rf.412a82b409ccb70922d4db9b20bb3a2d.jpg,exact_duplicate_dhash_d0
/home/z/my-project/Factory-AI/datasets/production/hardhats/train/images/006649_jpg.rf.4471d8b87ec8b6ea64f1fc2ef74b5b95.jpg,/home/z/my-project/Factory-AI/datasets/production/hardhats/train/images/001955_jpg.rf.b77c5f0f7dfd998061ff7ac9a832dc1c.jpg,exact_duplicate_dhash_d0
/home/z/my-project/Factory-AI/datasets/production/hardhats/train/images/006722_jpg.rf.8b682f564eb7e4339ac281a3822a5404.jpg,/home/z/my-project/Factory-AI/datasets/production/hardhats/test/images/005640_jpg.rf.bb1b246e6a306e98de7538d442b9eea0.jpg,exact_duplicate_dhash_d0
/home/z/my-project/Factory-AI/datasets/production/hardhats/train/images/006795_jpg.rf.b5e6759e18d1df7d687517dfff573317.jpg,/home/z/my-project/Factory-AI/datasets/production/hardhats/train/images/000318_jpg.rf.b1386a7900278f6596a59a72e7afaff9.jpg,exact_duplicate_dhash_d0
/home/z/my-project/Factory-AI/datasets/production/hardhats/train/images/006912_jpg.rf.8417c470a7419e56ed00cdbaf1956cc4.jpg,/home/z/my-project/Factory-AI/datasets/production/hardhats/train/images/002897_jpg.rf.25a7b13e84dfc4fbda68050488e349e1.jpg,exact_duplicate_dhash_d0
/home/z/my-project/Factory-AI/datasets/production/hardhats/train/images/006917_jpg.rf.7a05d6785394ec58d619a0e4b25731df.jpg,/home/z/my-project/Factory-AI/datasets/production/hardhats/train/images/005202_jpg.rf.8c2e35b7d89db068b4c0475882543982.jpg,exact_duplicate_dhash_d0
/home/z/my-project/Factory-AI/datasets/production/hardhats/train/images/006994_jpg.rf.c4238d39de7c53f35b5599365369dfdb.jpg,/home/z/my-project/Factory-AI/datasets/production/hardhats/train/images/000475_jpg.rf.cc997a8d8b3a550457e251c6fd8d68a4.jpg,exact_duplicate_dhash_d0
/home/z/my-project/Factory-AI/datasets/production/hardhats/train/images/01035_jpg.rf.bcba4a07154f4e039b7a7c5e27609e54.jpg,/home/z/my-project/Factory-AI/datasets/production/hardhats/test/images/ppe_1009_jpg.rf.4b32d410e8e8c594776642bed17e5ea7.jpg,exact_duplicate_dhash_d0
/home/z/my-project/Factory-AI/datasets/production/hardhats/train/images/01055_jpg.rf.893f91b650f72fa2a7cd9e171d39de6b.jpg,/home/z/my-project/Factory-AI/datasets/production/hardhats/train/images/005480_jpg.rf.044ac2cace43a028147902798f305b81.jpg,exact_duplicate_dhash_d0
/home/z/my-project/Factory-AI/datasets/production/hardhats/train/images/0109-00176-096b1_jpg.rf.f967daaa33306c236cafcc26747fc2c1.jpg,/home/z/my-project/Factory-AI/datasets/production/hardhats/train/images/0109-00176-096b1_jpg.rf.f777f5cc1c8abb05d67c4ff4463b4bc4.jpg,exact_duplicate_dhash_d0
/home/z/my-project/Factory-AI/datasets/production/hardhats/train/images/01202_jpg.rf.4ae6c7bf7f36c898f15758b07df86f65.jpg,/home/z/my-project/Factory-AI/datasets/production/hardhats/train/images/000189_jpg.rf.29e4d850e9f6806d75050b845938c089.jpg,exact_duplicate_dhash_d0
/home/z/my-project/Factory-AI/datasets/production/hardhats/train/images/012106_jpg_1140x855_jpg.rf.9e6eeb07828cc0a84ab51ab89d190bb3.jpg,/home/z/my-project/Factory-AI/datasets/production/hardhats/train/images/012106_jpg_1140x855_jpg.rf.3226888a2a8b15c379fa24ddc918a8e1.jpg,exact_duplicate_dhash_d0
/home/z/my-project/Factory-AI/datasets/production/hardhats/train/images/01215_jpg.rf.8eca503735026c85a1befaeedff3de02.jpg,/home/z/my-project/Factory-AI/datasets/production/hardhats/test/images/ppe_0821_jpg.rf.9b9a3a4e3b72e02466257f304923a77d.jpg,exact_duplicate_dhash_d0
/home/z/my-project/Factory-AI/datasets/production/hardhats/train/images/012420_coronoa_masks_web_jpg.rf.f166d35c96e9e3265032f5c7eb664a45.jpg,/home/z/my-project/Factory-AI/datasets/production/hardhats/train/images/012420_coronoa_masks_web_jpg.rf.3b79f56a2608c260d187a32719721499.jpg,exact_duplicate_dhash_d0
/home/z/my-project/Factory-AI/datasets/production/hardhats/train/images/02078_jpg.rf.14a43dc7f4cd69c98b360b42c61eec3e.jpg,/home/z/my-project/Factory-AI/datasets/production/hardhats/test/images/ppe_0710_jpg.rf.aee839668ae6c87663ac4558ecabf3dc.jpg,exact_duplicate_dhash_d0
/home/z/my-project/Factory-AI/datasets/production/hardhats/train/images/02244_jpg.rf.ffd16df98262aa8494af49c545c17ab1.jpg,/home/z/my-project/Factory-AI/datasets/production/hardhats/train/images/001504_jpg.rf.e9560818d8f8f84b2ae9a539caf6e71b.jpg,exact_duplicate_dhash_d0
/home/z/my-project/Factory-AI/datasets/production/hardhats/train/images/022814asiatodaymasks_960x540_jpg.rf.d83257e81bb7a49a046a3cc9feb57da2.jpg,/home/z/my-project/Factory-AI/datasets/production/hardhats/train/images/022814asiatodaymasks_960x540_jpg.rf.9bf326074e158dda31f09bf8785d33fc.jpg,exact_duplicate_dhash_d0
/home/z/my-project/Factory-AI/datasets/production/hardhats/train/images/02516_jpg.rf.e2bbca75b9f35837d62cdcc620376736.jpg,/home/z/my-project/Factory-AI/datasets/production/hardhats/train/images/000083_jpg.rf.8639b906d9ab72ae6a7fbfd4cb50de33.jpg,exact_duplicate_dhash_d0
/home/z/my-project/Factory-AI/datasets/production/hardhats/train/images/02527_jpg.rf.22f9500d0cb51fa6ed542b0b731cfcf7.jpg,/home/z/my-project/Factory-AI/datasets/production/hardhats/test/images/000386_jpg.rf.8cc547e7ea7cf7690a930b74e2a0e2f2.jpg,exact_duplicate_dhash_d0
/home/z/my-project/Factory-AI/datasets/production/hardhats/train/images/025418_springwest005_jpg.rf.6978f69291b5e0c66c4dad383a845118.jpg,/home/z/my-project/Factory-AI/datasets/production/hardhats/test/images/025418_springwest005_jpg.rf.1c2974ab641b666f71ca41d086a968f7.jpg,exact_duplicate_dhash_d0
/home/z/my-project/Factory-AI/datasets/production/hardhats/train/images/02604_jpg.rf.c9a643f316844fe265f348f78b088cf6.jpg,/home/z/my-project/Factory-AI/datasets/production/hardhats/train/images/003996_jpg.rf.35a519555214d884d12eeb675077f701.jpg,exact_duplicate_dhash_d0
/home/z/my-project/Factory-AI/datasets/production/hardhats/train/images/02677_jpg.rf.efaabc464ae89a96f1054ed1eac90123.jpg,/home/z/my-project/Factory-AI/datasets/production/hardhats/train/images/001515_jpg.rf.981b4d599cfaf7763fcd950d2d9ef8d9.jpg,exact_duplicate_dhash_d0
/home/z/my-project/Factory-AI/datasets/production/hardhats/train/images/02825_jpg.rf.2cd975021f907f23007e3ced03cd7982.jpg,/home/z/my-project/Factory-AI/datasets/production/hardhats/train/images/005865_jpg.rf.2537fdc93ee8563ff19ffa76619bc3da.jpg,exact_duplicate_dhash_d0
/home/z/my-project/Factory-AI/datasets/production/hardhats/train/images/02918_jpg.rf.c494a084c960e97a3f3a99be6f8db7fd.jpg,/home/z/my-project/Factory-AI/datasets/production/hardhats/test/images/ppe_1324_jpg.rf.74afd5ae63cd587254779aaa3b6c6534.jpg,exact_duplicate_dhash_d0
/home/z/my-project/Factory-AI/datasets/production/hardhats/train/images/03254_jpg.rf.e30a986881b943114af1a301c9d9b68c.jpg,/home/z/my-project/Factory-AI/datasets/production/hardhats/train/images/000807_jpg.rf.458e492d93cec3fd71bbadefcbda3d26.jpg,exact_duplicate_dhash_d0
/home/z/my-project/Factory-AI/datasets/production/hardhats/train/images/03404_jpg.rf.3185658d897b452644311c0baea4e099.jpg,/home/z/my-project/Factory-AI/datasets/production/hardhats/test/images/ppe_1202_jpg.rf.c2963de6cf48426e058b866f008b72f0.jpg,exact_duplicate_dhash_d0
/home/z/my-project/Factory-AI/datasets/production/hardhats/train/images/0450908675_50159485_mutation-virus-chine-inquietude_jpg.rf.9608eb5b53d49828aeb3c605f44defb0.jpg,/home/z/my-project/Factory-AI/datasets/production/hardhats/train/images/0450908675_50159485_mutation-virus-chine-inquietude_jpg.rf.3e365e57529857b6b610bceeab461f60.jpg,exact_duplicate_dhash_d0
/home/z/my-project/Factory-AI/datasets/production/hardhats/train/images/0602623232127-web-tete_jpg.rf.c7cc966d19e7c522f4f47762b7b9ac16.jpg,/home/z/my-project/Factory-AI/datasets/production/hardhats/train/images/0602623232127-web-tete_jpg.rf.7c89f7f22c254125169f123b15f134b1.jpg,exact_duplicate_dhash_d0
/home/z/my-project/Factory-AI/datasets/production/hardhats/train/images/08165739_jpg.rf.b80f74fc7a8dd5511cc7e55489c9e019.jpg,/home/z/my-project/Factory-AI/datasets/production/hardhats/train/images/08165739_jpg.rf.722bee18a84ac856f5aada3daf95666e.jpg,exact_duplicate_dhash_d0
/home/z/my-project/Factory-AI/datasets/production/hardhats/train/images/0_10725_jpg.rf.f1bc81a0649bafec6086c269e8058a0a.jpg,/home/z/my-project/Factory-AI/datasets/production/hardhats/test/images/0_10725_jpg.rf.92be2d9d401d4603b39263fb1aa1fdd4.jpg,exact_duplicate_dhash_d0
/home/z/my-project/Factory-AI/datasets/production/hardhats/train/images/0ad90195-cd77-489e-bf85-08c83b80d3e0_jpg.rf.accfd178379c04ed87db201b4472dbef.jpg,/home/z/my-project/Factory-AI/datasets/production/hardhats/train/images/0ad90195-cd77-489e-bf85-08c83b80d3e0_jpg.rf.3a46cd87cef7f1e732e0a7563ee56fef.jpg,exact_duplicate_dhash_d0
/home/z/my-project/Factory-AI/datasets/production/hardhats/train/images/1-200102094256105_png_jpg.rf.92ec86b468db52ffadbe2ca376734be7.jpg,/home/z/my-project/Factory-AI/datasets/production/hardhats/train/images/1-200102094256105_png_jpg.rf.13b92607ff481905bcf9f55cbf22fc3b.jpg,exact_duplicate_dhash_d0
/home/z/my-project/Factory-AI/datasets/production/hardhats/train/images/101d6660a8974050b613dd2e6bd59390_jpg.rf.b1bcc444ded95424502d26696b5db10f.jpg,/home/z/my-project/Factory-AI/datasets/production/hardhats/train/images/101d6660a8974050b613dd2e6bd59390_jpg.rf.15c2135f87d5b4a056d0f02836298a00.jpg,exact_duplicate_dhash_d0
/home/z/my-project/Factory-AI/datasets/production/hardhats/train/images/1024x576_939430607723_jpg.rf.f2feeb7da369a47d246f24b3a686d601.jpg,/home/z/my-project/Factory-AI/datasets/production/hardhats/train/images/1024x576_939430607723_jpg.rf.79ce385713ab6dc80dfa7328c2aefed8.jpg,exact_duplicate_dhash_d0
/home/z/my-project/Factory-AI/datasets/production/hardhats/train/images/1029731146_jpg.rf.8c8f058104c2848be73d4ebfc48f371b.jpg,/home/z/my-project/Factory-AI/datasets/production/hardhats/test/images/1029731146_jpg.rf.d07f0abb583d0fcaa162b387c8dafcf5.jpg,exact_duplicate_dhash_d0
/home/z/my-project/Factory-AI/datasets/production/hardhats/train/images/1125506397_15801322206131n_jpg.rf.2e6027ec6e4f27814efa3d36fbd0122d.jpg,/home/z/my-project/Factory-AI/datasets/production/hardhats/test/images/1125506397_15801322206131n_jpg.rf.872eea411a204197a3f7f4dd6879b936.jpg,exact_duplicate_dhash_d0
/home/z/my-project/Factory-AI/datasets/production/hardhats/train/images/1125506397_15801322207071n_jpg.rf.98c53b670ebb9cca29dca9ed4e00d5f5.jpg,/home/z/my-project/Factory-AI/datasets/production/hardhats/train/images/1125506397_15801322207071n_jpg.rf.3269151fc1be91aec78c74470250e772.jpg,exact_duplicate_dhash_d0
/home/z/my-project/Factory-AI/datasets/production/hardhats/train/images/1125506397_15801322207531n_jpg.rf.76f2a902996df68529d3f5d5bc7294ba.jpg,/home/z/my-project/Factory-AI/datasets/production/hardhats/train/images/1125506397_15801322207531n_jpg.rf.6a933232b894fd19dfe81ec5a7a43843.jpg,exact_duplicate_dhash_d0
/home/z/my-project/Factory-AI/datasets/production/hardhats/train/images/1133x768_20200130000023_jpg.rf.ed6cbf45cb62da8d2c5c016ff2d5820f.jpg,/home/z/my-project/Factory-AI/datasets/production/hardhats/test/images/1133x768_20200130000023_jpg.rf.7082bdf4f401f3e6930fbe630c91f4b1.jpg,exact_duplicate_dhash_d0
/home/z/my-project/Factory-AI/datasets/production/hardhats/train/images/1140-travelers-at-hong-kong-airport_jpg.rf.e9eea6c19d94ee329d1402ce38c07025.jpg,/home/z/my-project/Factory-AI/datasets/production/hardhats/train/images/1140-travelers-at-hong-kong-airport_jpg.rf.03f69ab614a2d2b4649e078975cd6971.jpg,exact_duplicate_dhash_d0
/home/z/my-project/Factory-AI/datasets/production/hardhats/train/images/1152x768_246964803156_jpg.rf.a0a86afa63acbc636fee17e698ae2fe5.jpg,/home/z/my-project/Factory-AI/datasets/production/hardhats/test/images/1152x768_246964803156_jpg.rf.34a1be407ce73a47ba03271c265a4532.jpg,exact_duplicate_dhash_d0
/home/z/my-project/Factory-AI/datasets/production/hardhats/train/images/11893820-3x2-xlarge_jpg.rf.929031cc93da9cc30239cc368dc3f563.jpg,/home/z/my-project/Factory-AI/datasets/production/hardhats/train/images/11893820-3x2-xlarge_jpg.rf.3b7dfa6f9e0a5c882d5472674bafc8de.jpg,exact_duplicate_dhash_d0
/home/z/my-project/Factory-AI/datasets/production/hardhats/train/images/1197620896_jpg.rf.13d3da10f3bd7b08bf40abd26d8289d9.jpg,/home/z/my-project/Factory-AI/datasets/production/hardhats/train/images/1197620896_jpg.rf.0b6c24e0137c157aae08c1f6bc1b7cbd.jpg,exact_duplicate_dhash_d0
/home/z/my-project/Factory-AI/datasets/production/hardhats/train/images/1249493_jpg.rf.1962284df29fba0251e1da9d61a9524b.jpg,/home/z/my-project/Factory-AI/datasets/production/hardhats/test/images/1249493_jpg.rf.72138336b120a2a0b1ee0f9af4f10207.jpg,exact_duplicate_dhash_d0
/home/z/my-project/Factory-AI/datasets/production/hardhats/train/images/126202-untitled-design-13_jpg.rf.e1647b825a248fb7ef2744a57e869e4b.jpg,/home/z/my-project/Factory-AI/datasets/production/hardhats/test/images/126202-untitled-design-13_jpg.rf.82da6b3691eea8316987341987019c5b.jpg,exact_duplicate_dhash_d0
/home/z/my-project/Factory-AI/datasets/production/hardhats/train/images/1288126-10255706714jpg_jpg.rf.f707faff4a98a37690cd63d40e7ea449.jpg,/home/z/my-project/Factory-AI/datasets/production/hardhats/train/images/1288126-10255706714jpg_jpg.rf.ae51a68f84cdbb46b7752dd68d9e7698.jpg,exact_duplicate_dhash_d0
/home/z/my-project/Factory-AI/datasets/production/hardhats/train/images/1288788-une-employee-aide-des-voyageurs-en-provenance-de-chine-le-26-janvier-2020-a-l-aeroport-de-roissy_jpg.rf.496dd0522fb015e99402c1c2aa127100.jpg,/home/z/my-project/Factory-AI/datasets/production/hardhats/test/images/1288788-une-employee-aide-des-voyageurs-en-provenance-de-chine-le-26-janvier-2020-a-l-aeroport-de-roissy_jpg.rf.6ad3ce972aa50d71b5ad1b518b40c898.jpg,exact_duplicate_dhash_d0
/home/z/my-project/Factory-AI/datasets/production/hardhats/train/images/1303078448-China-Coronavirus-Death-Toll-Hits-304_jpg.rf.2e222932f75d2be86bd02a2d929d1373.jpg,/home/z/my-project/Factory-AI/datasets/production/hardhats/train/images/1303078448-China-Coronavirus-Death-Toll-Hits-304_jpg.rf.1bb46d36ebdc727b89988316d97fea3c.jpg,exact_duplicate_dhash_d0
/home/z/my-project/Factory-AI/datasets/production/hardhats/train/images/130624011830-malaysia-smog-students-horizontal-large-gallery_jpg.rf.8dc8018cb06dcefa2f99f19cfc5f7f04.jpg,/home/z/my-project/Factory-AI/datasets/production/hardhats/train/images/130624011830-malaysia-smog-students-horizontal-large-gallery_jpg.rf.84956c4c374b7fc56e7a5dae703d3efc.jpg,exact_duplicate_dhash_d0
/home/z/my-project/Factory-AI/datasets/production/hardhats/train/images/135e-huxwryw6451820_jpg.rf.ad61151018d38c0d55df7b3158a040cb.jpg,/home/z/my-project/Factory-AI/datasets/production/hardhats/train/images/135e-huxwryw6451820_jpg.rf.acc665a2005a3fd204b959591c0cea5d.jpg,exact_duplicate_dhash_d0
/home/z/my-project/Factory-AI/datasets/production/hardhats/train/images/1483800496-3386248642_jpg.rf.17218983c4d760f1c2e82cc9a68fd802.jpg,/home/z/my-project/Factory-AI/datasets/production/hardhats/train/images/1483800496-3386248642_jpg.rf.0053ba18d1a21edfcece891f1257330b.jpg,exact_duplicate_dhash_d0
/home/z/my-project/Factory-AI/datasets/production/hardhats/train/images/15150794626913_jpg.rf.e91b7b40244fbbeaa126feee02a226c2.jpg,/home/z/my-project/Factory-AI/datasets/production/hardhats/train/images/15150794626913_jpg.rf.036fa173120fa2f0918a4adc98778e72.jpg,exact_duplicate_dhash_d0
/home/z/my-project/Factory-AI/datasets/production/hardhats/train/images/15391513321824spp815on8_jpg.rf.4f927a018bc652e17904f6e0a4696f0c.jpg,/home/z/my-project/Factory-AI/datasets/production/hardhats/test/images/15391513321824spp815on8_jpg.rf.614392c83faa2b8c9a5e9e5f3ec683ca.jpg,exact_duplicate_dhash_d0
/home/z/my-project/Factory-AI/datasets/production/hardhats/train/images/1539151332674193npsrq70_jpg.rf.90ec46699cd04a9b576404535954db90.jpg,/home/z/my-project/Factory-AI/datasets/production/hardhats/test/images/1539151332674193npsrq70_jpg.rf.faf32f756bdd5dc6680d14d80c28bf27.jpg,exact_duplicate_dhash_d0
/home/z/my-project/Factory-AI/datasets/production/hardhats/train/images/15391513329330sooq10859_jpg.rf.ba0d78adfcd74a32bb2627b77137fe06.jpg,/home/z/my-project/Factory-AI/datasets/production/hardhats/test/images/15391513329330sooq10859_jpg.rf.ad9bf2d328c1551f06514917f3c5b33e.jpg,exact_duplicate_dhash_d0
/home/z/my-project/Factory-AI/datasets/production/hardhats/train/images/1553605632_9d5877d8_60_jpg.rf.3f419a4e6a194526ab0957b5abadd36b.jpg,/home/z/my-project/Factory-AI/datasets/production/hardhats/test/images/1553605632_9d5877d8_60_jpg.rf.a37e104efb8465a84f209f2051bb728b.jpg,exact_duplicate_dhash_d0
/home/z/my-project/Factory-AI/datasets/production/hardhats/train/images/1579924271_jpg.rf.8d07873529d61bf05c2f36151eefd3e1.jpg,/home/z/my-project/Factory-AI/datasets/production/hardhats/train/images/1579924271_jpg.rf.45455227ab3ff44047d515d19512d09d.jpg,exact_duplicate_dhash_d0
/home/z/my-project/Factory-AI/datasets/production/hardhats/train/images/1579928067_250120120154270000005e2bca03bf464_jpg.rf.283f43a1842f03cd0df543b4901724a9.jpg,/home/z/my-project/Factory-AI/datasets/production/hardhats/train/images/1579928067_250120120154270000005e2bca03bf464_jpg.rf.2368584b56fcac784a76dcb6208995ed.jpg,exact_duplicate_dhash_d0
/home/z/my-project/Factory-AI/datasets/production/hardhats/train/images/1580048340614_jpg.rf.53d328aa4591860da3903565b1c2bf76.jpg,/home/z/my-project/Factory-AI/datasets/production/hardhats/train/images/1580048340614_jpg.rf.1b53be85dd4963942f97db08162cabac.jpg,exact_duplicate_dhash_d0
/home/z/my-project/Factory-AI/datasets/production/hardhats/train/images/1580053154-5839_jpg.rf.bfe8d1f0b5d57afec8b477bd8a0eb8eb.jpg,/home/z/my-project/Factory-AI/datasets/production/hardhats/train/images/1580053154-5839_jpg.rf.475c0c78ebfe5cec3d0abc75f86e6a57.jpg,exact_duplicate_dhash_d0
/home/z/my-project/Factory-AI/datasets/production/hardhats/train/images/1580173904-0001oc33f_jpg.rf.be6b1a1ba078c6360f1c44747d07e1b1.jpg,/home/z/my-project/Factory-AI/datasets/production/hardhats/train/images/1580173904-0001oc33f_jpg.rf.083981d7fe8facba243934680437e776.jpg,exact_duplicate_dhash_d0
/home/z/my-project/Factory-AI/datasets/production/hardhats/train/images/15h_img_281_jpg.rf.2db335b0add19dca3be6e3ed2586796f.jpg,/home/z/my-project/Factory-AI/datasets/production/hardhats/train/images/15h_img_280_jpg.rf.8e1e3997c4aa1238a47cdd7857091bcf.jpg,exact_duplicate_dhash_d0
/home/z/my-project/Factory-AI/datasets/production/hardhats/train/images/15h_img_286_jpg.rf.40b215bc8919a13bc0076bd0508e84bb.jpg,/home/z/my-project/Factory-AI/datasets/production/hardhats/train/images/15h_img_283_jpg.rf.d7bf5c4d8b2a4222a3aac78d2c8f03e1.jpg,exact_duplicate_dhash_d0
/home/z/my-project/Factory-AI/datasets/production/hardhats/train/images/15h_img_288_jpg.rf.97bd9ef7613e2bdeaa0cf0b8277483c9.jpg,/home/z/my-project/Factory-AI/datasets/production/hardhats/train/images/15h_img_283_jpg.rf.d7bf5c4d8b2a4222a3aac78d2c8f03e1.jpg,exact_duplicate_dhash_d0
/home/z/my-project/Factory-AI/datasets/production/hardhats/train/images/15h_img_294_jpg.rf.0f45f0115fffce9025f0b10000436bd4.jpg,/home/z/my-project/Factory-AI/datasets/production/hardhats/train/images/15h_img_292_jpg.rf.a5ea67fe42a22b8140837cddec3e721f.jpg,exact_duplicate_dhash_d0
/home/z/my-project/Factory-AI/datasets/production/hardhats/train/images/15h_img_297_jpg.rf.3d1199866b2d9f6720d54ea703f2bf4c.jpg,/home/z/my-project/Factory-AI/datasets/production/hardhats/train/images/15h_img_296_jpg.rf.52acda65c4d50fe610c58d0d6eafdda9.jpg,exact_duplicate_dhash_d0
/home/z/my-project/Factory-AI/datasets/production/hardhats/train/images/1_13_jpg.rf.28a18e0119acd87704974d4741ef4573.jpg,/home/z/my-project/Factory-AI/datasets/production/hardhats/test/images/1_13_jpg.rf.78673cad0776d5f2b65aa5ee124ce817.jpg,exact_duplicate_dhash_d0
/home/z/my-project/Factory-AI/datasets/production/hardhats/train/images/20220226_143506-0-_jpg.rf.4a2acf785c91e0acd1f01e2c59811997.jpg,/home/z/my-project/Factory-AI/datasets/production/hardhats/train/images/20220226_143505_jpg.rf.189f98e57339fffc22a26233dc95ff2b.jpg,exact_duplicate_dhash_d0
/home/z/my-project/Factory-AI/datasets/production/hardhats/train/images/20220226_143513-1-_jpg.rf.6c12f3ab8be7c866b9044ae3187ee99e.jpg,/home/z/my-project/Factory-AI/datasets/production/hardhats/train/images/20220226_143505-1-_jpg.rf.a96abea9d9db972a1119be0cbae8a5ad.jpg,exact_duplicate_dhash_d0
/home/z/my-project/Factory-AI/datasets/production/hardhats/train/images/20220226_143516-0-_jpg.rf.2a8b36c9324560189e0e88154e24cf5f.jpg,/home/z/my-project/Factory-AI/datasets/production/hardhats/train/images/20220226_143515-2-_jpg.rf.92dbd6cfa3c78c467ebd1fc58294eed0.jpg,exact_duplicate_dhash_d0
/home/z/my-project/Factory-AI/datasets/production/hardhats/train/images/20220226_143518-1-_jpg.rf.e6b98b6575c7b141d2ded69b98cf36bc.jpg,/home/z/my-project/Factory-AI/datasets/production/hardhats/train/images/20220226_143515-2-_jpg.rf.92dbd6cfa3c78c467ebd1fc58294eed0.jpg,exact_duplicate_dhash_d0
/home/z/my-project/Factory-AI/datasets/production/hardhats/train/images/Frame283_jpg.rf.17970607d379b11fb582ab1096263758.jpg,/home/z/my-project/Factory-AI/datasets/production/hardhats/train/images/Frame282_jpg.rf.5551de3bb95554abc79d5c7be60a86da.jpg,exact_duplicate_dhash_d0
/home/z/my-project/Factory-AI/datasets/production/hardhats/train/images/IMG_0871_MOV-22_jpg.rf.0e5fb086533bc2adc16bbe3d836b67a9.jpg,/home/z/my-project/Factory-AI/datasets/production/hardhats/train/images/IMG_0871_MOV-21_jpg.rf.b7e6c7b322008688ebfdd3578ec77b45.jpg,exact_duplicate_dhash_d0
/home/z/my-project/Factory-AI/datasets/production/hardhats/train/images/IMG_0871_MOV-42_jpg.rf.b489c5ce4b90fd56e593760a86c05ec7.jpg,/home/z/my-project/Factory-AI/datasets/production/hardhats/test/images/IMG_0871_MOV-41_jpg.rf.f6ee4eb8744598416d94f931cd2f6996.jpg,exact_duplicate_dhash_d0
/home/z/my-project/Factory-AI/datasets/production/hardhats/train/images/IMG_4921-2_mp4-2_jpg.rf.2cc2d0c564812203e98d3f25c044578e.jpg,/home/z/my-project/Factory-AI/datasets/production/hardhats/train/images/IMG_4921-2_mp4-1_jpg.rf.39f7d30d5ee5b9a190765a1335d0e3e2.jpg,exact_duplicate_dhash_d0
/home/z/my-project/Factory-AI/datasets/production/hardhats/train/images/IMG_4921-2_mp4-68_jpg.rf.cd63eea26bafb800bac8f33688b25ada.jpg,/home/z/my-project/Factory-AI/datasets/production/hardhats/train/images/IMG_4921-2_mp4-67_jpg.rf.01270a8b49d4d75b2d2d988c02a8401d.jpg,exact_duplicate_dhash_d0
/home/z/my-project/Factory-AI/datasets/production/hardhats/train/images/IMG_5690-2_jpg.rf.627be1c933fbeffaa4074b4edfe8c7d0.jpg,/home/z/my-project/Factory-AI/datasets/production/hardhats/train/images/IMG_5690-2_jpg.rf.51a1f822fe212acedaf8fe0a73d057f3.jpg,exact_duplicate_dhash_d0
/home/z/my-project/Factory-AI/datasets/production/hardhats/train/images/MX_img_100_jpg.rf.691fbb46f3fd193feea0c64cf32a9d65.jpg,/home/z/my-project/Factory-AI/datasets/production/hardhats/test/images/MX_img_99_jpg.rf.47a6b9246238483028738a34a5936817.jpg,exact_duplicate_dhash_d0
/home/z/my-project/Factory-AI/datasets/production/hardhats/train/images/MX_img_102_jpg.rf.4898308695004ccfdd53cc37eb3e1a89.jpg,/home/z/my-project/Factory-AI/datasets/production/hardhats/test/images/MX_img_169_jpg.rf.016c13b309af14a1f3b53d3814e5136a.jpg,exact_duplicate_dhash_d0
/home/z/my-project/Factory-AI/datasets/production/hardhats/train/images/MX_img_105_jpg.rf.47547ae29872b395bc8a1059e476190c.jpg,/home/z/my-project/Factory-AI/datasets/production/hardhats/test/images/MX_img_107_jpg.rf.6dca56ab417587cbd5fc693664364449.jpg,exact_duplicate_dhash_d0
/home/z/my-project/Factory-AI/datasets/production/hardhats/train/images/MX_img_106_jpg.rf.9f500189b2eb2c70edc5d514b687fb12.jpg,/home/z/my-project/Factory-AI/datasets/production/hardhats/test/images/MX_img_107_jpg.rf.6dca56ab417587cbd5fc693664364449.jpg,exact_duplicate_dhash_d0
/home/z/my-project/Factory-AI/datasets/production/hardhats/train/images/MX_img_108_jpg.rf.b96c5ae5fa3f197dd20f65c340bc03f1.jpg,/home/z/my-project/Factory-AI/datasets/production/hardhats/test/images/MX_img_118_jpg.rf.a581d7cce365e25747170a644c2100a9.jpg,exact_duplicate_dhash_d0
/home/z/my-project/Factory-AI/datasets/production/hardhats/train/images/MX_img_109_jpg.rf.23c55de6711f76e7d955a08328d7d67e.jpg,/home/z/my-project/Factory-AI/datasets/production/hardhats/test/images/MX_img_118_jpg.rf.a581d7cce365e25747170a644c2100a9.jpg,exact_duplicate_dhash_d0
/home/z/my-project/Factory-AI/datasets/production/hardhats/train/images/MX_img_10_jpg.rf.d0746428eb8411c4faa92622407e95ab.jpg,/home/z/my-project/Factory-AI/datasets/production/hardhats/test/images/MX_img_15_jpg.rf.1954bc4b475bc7955f5758707f9ad9c7.jpg,exact_duplicate_dhash_d0
/home/z/my-project/Factory-AI/datasets/production/hardhats/train/images/MX_img_110_jpg.rf.e11235ef4991b067fc6ac4d430e4b196.jpg,/home/z/my-project/Factory-AI/datasets/production/hardhats/test/images/MX_img_118_jpg.rf.a581d7cce365e25747170a644c2100a9.jpg,exact_duplicate_dhash_d0
/home/z/my-project/Factory-AI/datasets/production/hardhats/train/images/MX_img_111_jpg.rf.4b285d54798bf47b0871e9a78e5e58cf.jpg,/home/z/my-project/Factory-AI/datasets/production/hardhats/test/images/MX_img_118_jpg.rf.a581d7cce365e25747170a644c2100a9.jpg,exact_duplicate_dhash_d0
/home/z/my-project/Factory-AI/datasets/production/hardhats/train/images/MX_img_113_jpg.rf.609ef280a04a8977094cd055033d822d.jpg,/home/z/my-project/Factory-AI/datasets/production/hardhats/test/images/MX_img_118_jpg.rf.a581d7cce365e25747170a644c2100a9.jpg,exact_duplicate_dhash_d0
/home/z/my-project/Factory-AI/datasets/production/hardhats/train/images/MX_img_114_jpg.rf.c902ff117f0b798fbc0f2f805640fe86.jpg,/home/z/my-project/Factory-AI/datasets/production/hardhats/test/images/MX_img_118_jpg.rf.a581d7cce365e25747170a644c2100a9.jpg,exact_duplicate_dhash_d0
/home/z/my-project/Factory-AI/datasets/production/hardhats/train/images/MX_img_116_jpg.rf.9324cbeac0956630a9852fc53b3848aa.jpg,/home/z/my-project/Factory-AI/datasets/production/hardhats/test/images/MX_img_107_jpg.rf.6dca56ab417587cbd5fc693664364449.jpg,exact_duplicate_dhash_d0
/home/z/my-project/Factory-AI/datasets/production/hardhats/train/images/MX_img_117_jpg.rf.7c69df89e0972b5f0055845b0f00379a.jpg,/home/z/my-project/Factory-AI/datasets/production/hardhats/test/images/MX_img_118_jpg.rf.a581d7cce365e25747170a644c2100a9.jpg,exact_duplicate_dhash_d0
/home/z/my-project/Factory-AI/datasets/production/hardhats/train/images/MX_img_119_jpg.rf.03f060ef96ff4f1e0ab73253d21f33cf.jpg,/home/z/my-project/Factory-AI/datasets/production/hardhats/test/images/MX_img_107_jpg.rf.6dca56ab417587cbd5fc693664364449.jpg,exact_duplicate_dhash_d0
/home/z/my-project/Factory-AI/datasets/production/hardhats/train/images/MX_img_11_jpg.rf.0b2bc84240f4e22bfe9058baec35ea90.jpg,/home/z/my-project/Factory-AI/datasets/production/hardhats/test/images/MX_img_15_jpg.rf.1954bc4b475bc7955f5758707f9ad9c7.jpg,exact_duplicate_dhash_d0
/home/z/my-project/Factory-AI/datasets/production/hardhats/train/images/MX_img_120_jpg.rf.62c4c35c861cdf06df4076ac156fea0a.jpg,/home/z/my-project/Factory-AI/datasets/production/hardhats/test/images/MX_img_107_jpg.rf.6dca56ab417587cbd5fc693664364449.jpg,exact_duplicate_dhash_d0
/home/z/my-project/Factory-AI/datasets/production/hardhats/train/images/MX_img_122_jpg.rf.a50f087c0d5a1a7206b2acc2d0930282.jpg,/home/z/my-project/Factory-AI/datasets/production/hardhats/test/images/MX_img_15_jpg.rf.1954bc4b475bc7955f5758707f9ad9c7.jpg,exact_duplicate_dhash_d0
/home/z/my-project/Factory-AI/datasets/production/hardhats/train/images/MX_img_123_jpg.rf.83238b072696d1409e769fa7e4c41d0a.jpg,/home/z/my-project/Factory-AI/datasets/production/hardhats/train/images/MX_img_121_jpg.rf.34c94d4b8ac953659ad4450c536c190f.jpg,exact_duplicate_dhash_d0
/home/z/my-project/Factory-AI/datasets/production/hardhats/train/images/MX_img_124_jpg.rf.391a71aaac1e8fb8cdd9f80cd3267094.jpg,/home/z/my-project/Factory-AI/datasets/production/hardhats/test/images/MX_img_15_jpg.rf.1954bc4b475bc7955f5758707f9ad9c7.jpg,exact_duplicate_dhash_d0
/home/z/my-project/Factory-AI/datasets/production/hardhats/train/images/MX_img_125_jpg.rf.35c1ad216a5b9303f539e5ebf5731992.jpg,/home/z/my-project/Factory-AI/datasets/production/hardhats/train/images/MX_img_121_jpg.rf.34c94d4b8ac953659ad4450c536c190f.jpg,exact_duplicate_dhash_d0
/home/z/my-project/Factory-AI/datasets/production/hardhats/train/images/MX_img_127_jpg.rf.b113116dbebbdb4301fed79303500488.jpg,/home/z/my-project/Factory-AI/datasets/production/hardhats/test/images/MX_img_135_jpg.rf.4d1f07bd150b7228a776a030a4957d8f.jpg,exact_duplicate_dhash_d0
/home/z/my-project/Factory-AI/datasets/production/hardhats/train/images/MX_img_128_jpg.rf.74c6f39665bc24646feeac3de6f9001d.jpg,/home/z/my-project/Factory-AI/datasets/production/hardhats/test/images/MX_img_135_jpg.rf.4d1f07bd150b7228a776a030a4957d8f.jpg,exact_duplicate_dhash_d0
/home/z/my-project/Factory-AI/datasets/production/hardhats/train/images/MX_img_129_jpg.rf.868b37f8f2b93536e52ba424af06a2f6.jpg,/home/z/my-project/Factory-AI/datasets/production/hardhats/train/images/MX_img_121_jpg.rf.34c94d4b8ac953659ad4450c536c190f.jpg,exact_duplicate_dhash_d0
/home/z/my-project/Factory-AI/datasets/production/hardhats/train/images/MX_img_12_jpg.rf.e42368eda798d72bb4b8faae13af0381.jpg,/home/z/my-project/Factory-AI/datasets/production/hardhats/test/images/MX_img_15_jpg.rf.1954bc4b475bc7955f5758707f9ad9c7.jpg,exact_duplicate_dhash_d0
/home/z/my-project/Factory-AI/datasets/production/hardhats/train/images/MX_img_130_jpg.rf.f0219063838534e18d0bc1a7538ab3b4.jpg,/home/z/my-project/Factory-AI/datasets/production/hardhats/train/images/MX_img_121_jpg.rf.34c94d4b8ac953659ad4450c536c190f.jpg,exact_duplicate_dhash_d0
/home/z/my-project/Factory-AI/datasets/production/hardhats/train/images/MX_img_131_jpg.rf.0cc76fa6955d4f439442e10940d37bb2.jpg,/home/z/my-project/Factory-AI/datasets/production/hardhats/train/images/MX_img_121_jpg.rf.34c94d4b8ac953659ad4450c536c190f.jpg,exact_duplicate_dhash_d0
/home/z/my-project/Factory-AI/datasets/production/hardhats/train/images/MX_img_132_jpg.rf.b9ecf8e9c08a75fc94fb694c181056ba.jpg,/home/z/my-project/Factory-AI/datasets/production/hardhats/train/images/MX_img_121_jpg.rf.34c94d4b8ac953659ad4450c536c190f.jpg,exact_duplicate_dhash_d0
/home/z/my-project/Factory-AI/datasets/production/hardhats/train/images/MX_img_134_jpg.rf.dccd4d7f571ce6e166be355453c19dd2.jpg,/home/z/my-project/Factory-AI/datasets/production/hardhats/test/images/MX_img_55_jpg.rf.6ab43711488a3063cba9b889f78f20af.jpg,exact_duplicate_dhash_d0
/home/z/my-project/Factory-AI/datasets/production/hardhats/train/images/MX_img_136_jpg.rf.92429dc182f9c83f8ac0a6b751dfb27f.jpg,/home/z/my-project/Factory-AI/datasets/production/hardhats/test/images/MX_img_99_jpg.rf.47a6b9246238483028738a34a5936817.jpg,exact_duplicate_dhash_d0
/home/z/my-project/Factory-AI/datasets/production/hardhats/train/images/MX_img_139_jpg.rf.240c7c9c4cb2bd3455ccbb60305784a3.jpg,/home/z/my-project/Factory-AI/datasets/production/hardhats/test/images/MX_img_172_jpg.rf.53c7cae9ef79c88e08e71ec1c11d6a6f.jpg,exact_duplicate_dhash_d0
/home/z/my-project/Factory-AI/datasets/production/hardhats/train/images/MX_img_13_jpg.rf.973436d45e59eec40a1307093c097904.jpg,/home/z/my-project/Factory-AI/datasets/production/hardhats/test/images/MX_img_15_jpg.rf.1954bc4b475bc7955f5758707f9ad9c7.jpg,exact_duplicate_dhash_d0
/home/z/my-project/Factory-AI/datasets/production/hardhats/train/images/MX_img_140_jpg.rf.a0c369437d2f973016608d7f928cbd01.jpg,/home/z/my-project/Factory-AI/datasets/production/hardhats/test/images/MX_img_172_jpg.rf.53c7cae9ef79c88e08e71ec1c11d6a6f.jpg,exact_duplicate_dhash_d0
/home/z/my-project/Factory-AI/datasets/production/hardhats/train/images/MX_img_141_jpg.rf.9f8de8baee51bb0d680e9daa053cd22c.jpg,/home/z/my-project/Factory-AI/datasets/production/hardhats/test/images/MX_img_172_jpg.rf.53c7cae9ef79c88e08e71ec1c11d6a6f.jpg,exact_duplicate_dhash_d0
/home/z/my-project/Factory-AI/datasets/production/hardhats/train/images/MX_img_142_jpg.rf.2e2ecb7b19c0f6dee0d44db238fbf83c.jpg,/home/z/my-project/Factory-AI/datasets/production/hardhats/test/images/MX_img_172_jpg.rf.53c7cae9ef79c88e08e71ec1c11d6a6f.jpg,exact_duplicate_dhash_d0
/home/z/my-project/Factory-AI/datasets/production/hardhats/train/images/MX_img_145_jpg.rf.c13a2f2d06975b8f379607cf6ccd4eca.jpg,/home/z/my-project/Factory-AI/datasets/production/hardhats/test/images/MX_img_118_jpg.rf.a581d7cce365e25747170a644c2100a9.jpg,exact_duplicate_dhash_d0
/home/z/my-project/Factory-AI/datasets/production/hardhats/train/images/MX_img_146_jpg.rf.de538cf493abd8ce46e9f68bd3ddeffe.jpg,/home/z/my-project/Factory-AI/datasets/production/hardhats/test/images/MX_img_118_jpg.rf.a581d7cce365e25747170a644c2100a9.jpg,exact_duplicate_dhash_d0
/home/z/my-project/Factory-AI/datasets/production/hardhats/train/images/MX_img_147_jpg.rf.bc8ed9d6206cdc0a4cc45827d39d2c48.jpg,/home/z/my-project/Factory-AI/datasets/production/hardhats/test/images/MX_img_118_jpg.rf.a581d7cce365e25747170a644c2100a9.jpg,exact_duplicate_dhash_d0
/home/z/my-project/Factory-AI/datasets/production/hardhats/train/images/MX_img_148_jpg.rf.d9a752a24803a3b51cfab1bf6340b8b2.jpg,/home/z/my-project/Factory-AI/datasets/production/hardhats/test/images/MX_img_118_jpg.rf.a581d7cce365e25747170a644c2100a9.jpg,exact_duplicate_dhash_d0
/home/z/my-project/Factory-AI/datasets/production/hardhats/train/images/MX_img_149_jpg.rf.60bdf25c856dbb4197132f420e68ccb4.jpg,/home/z/my-project/Factory-AI/datasets/production/hardhats/test/images/MX_img_118_jpg.rf.a581d7cce365e25747170a644c2100a9.jpg,exact_duplicate_dhash_d0
/home/z/my-project/Factory-AI/datasets/production/hardhats/train/images/MX_img_14_jpg.rf.5cf2d5657d000aaac4b14e0bc9b9f30b.jpg,/home/z/my-project/Factory-AI/datasets/production/hardhats/test/images/MX_img_15_jpg.rf.1954bc4b475bc7955f5758707f9ad9c7.jpg,exact_duplicate_dhash_d0
/home/z/my-project/Factory-AI/datasets/production/hardhats/train/images/MX_img_150_jpg.rf.0d9456e93a49d1076792a8907baffa59.jpg,/home/z/my-project/Factory-AI/datasets/production/hardhats/test/images/MX_img_118_jpg.rf.a581d7cce365e25747170a644c2100a9.jpg,exact_duplicate_dhash_d0
/home/z/my-project/Factory-AI/datasets/production/hardhats/train/images/MX_img_151_jpg.rf.8eb98adf1762f5663601d966c5cdea61.jpg,/home/z/my-project/Factory-AI/datasets/production/hardhats/test/images/MX_img_118_jpg.rf.a581d7cce365e25747170a644c2100a9.jpg,exact_duplicate_dhash_d0
/home/z/my-project/Factory-AI/datasets/production/hardhats/train/images/MX_img_152_jpg.rf.bdb2818c2440762a947da5597f774417.jpg,/home/z/my-project/Factory-AI/datasets/production/hardhats/test/images/MX_img_118_jpg.rf.a581d7cce365e25747170a644c2100a9.jpg,exact_duplicate_dhash_d0
/home/z/my-project/Factory-AI/datasets/production/hardhats/train/images/MX_img_154_jpg.rf.1004cc670f4e53242dbacf035bf4439f.jpg,/home/z/my-project/Factory-AI/datasets/production/hardhats/test/images/MX_img_118_jpg.rf.a581d7cce365e25747170a644c2100a9.jpg,exact_duplicate_dhash_d0
/home/z/my-project/Factory-AI/datasets/production/hardhats/train/images/MX_img_155_jpg.rf.db6f3c38bcbd9c3d5b1c777948fe13df.jpg,/home/z/my-project/Factory-AI/datasets/production/hardhats/test/images/MX_img_135_jpg.rf.4d1f07bd150b7228a776a030a4957d8f.jpg,exact_duplicate_dhash_d0
/home/z/my-project/Factory-AI/datasets/production/hardhats/train/images/MX_img_158_jpg.rf.e8aedf897d1fd3f83a30dae62d8896ab.jpg,/home/z/my-project/Factory-AI/datasets/production/hardhats/test/images/MX_img_118_jpg.rf.a581d7cce365e25747170a644c2100a9.jpg,exact_duplicate_dhash_d0
/home/z/my-project/Factory-AI/datasets/production/hardhats/train/images/MX_img_159_jpg.rf.e119ba444d3072d2fdefadf13651a40b.jpg,/home/z/my-project/Factory-AI/datasets/production/hardhats/test/images/MX_img_118_jpg.rf.a581d7cce365e25747170a644c2100a9.jpg,exact_duplicate_dhash_d0
/home/z/my-project/Factory-AI/datasets/production/hardhats/train/images/MX_img_160_jpg.rf.2b0bfccad382bb54c1c40e06ac258fe1.jpg,/home/z/my-project/Factory-AI/datasets/production/hardhats/test/images/MX_img_118_jpg.rf.a581d7cce365e25747170a644c2100a9.jpg,exact_duplicate_dhash_d0
/home/z/my-project/Factory-AI/datasets/production/hardhats/train/images/MX_img_164_jpg.rf.48eabede2c9d5bbeec65ebc0ee94106e.jpg,/home/z/my-project/Factory-AI/datasets/production/hardhats/test/images/MX_img_118_jpg.rf.a581d7cce365e25747170a644c2100a9.jpg,exact_duplicate_dhash_d0
/home/z/my-project/Factory-AI/datasets/production/hardhats/train/images/MX_img_165_jpg.rf.d36be75f4c60f9f5f17109db8965ae5f.jpg,/home/z/my-project/Factory-AI/datasets/production/hardhats/test/images/MX_img_39_jpg.rf.31a394b3198781248b7796f08b9fdc16.jpg,exact_duplicate_dhash_d0
/home/z/my-project/Factory-AI/datasets/production/hardhats/train/images/MX_img_167_jpg.rf.4779e17e2fa16bb00367d5809e485bec.jpg,/home/z/my-project/Factory-AI/datasets/production/hardhats/test/images/MX_img_172_jpg.rf.53c7cae9ef79c88e08e71ec1c11d6a6f.jpg,exact_duplicate_dhash_d0
/home/z/my-project/Factory-AI/datasets/production/hardhats/train/images/MX_img_16_jpg.rf.ed53a9ff50843aebc01eccdb30709f9d.jpg,/home/z/my-project/Factory-AI/datasets/production/hardhats/test/images/MX_img_17_jpg.rf.2e160f0013f0b82aa46a8499f10b5366.jpg,exact_duplicate_dhash_d0
/home/z/my-project/Factory-AI/datasets/production/hardhats/train/images/MX_img_173_jpg.rf.01751db2f29310c58b89330ff9997fb2.jpg,/home/z/my-project/Factory-AI/datasets/production/hardhats/test/images/MX_img_172_jpg.rf.53c7cae9ef79c88e08e71ec1c11d6a6f.jpg,exact_duplicate_dhash_d0
/home/z/my-project/Factory-AI/datasets/production/hardhats/train/images/MX_img_174_jpg.rf.a6a3c4a1dfe1640da5b7386c275509c4.jpg,/home/z/my-project/Factory-AI/datasets/production/hardhats/test/images/MX_img_172_jpg.rf.53c7cae9ef79c88e08e71ec1c11d6a6f.jpg,exact_duplicate_dhash_d0
/home/z/my-project/Factory-AI/datasets/production/hardhats/train/images/MX_img_175_jpg.rf.6f9c8db61627ecd3486c9458519e13cc.jpg,/home/z/my-project/Factory-AI/datasets/production/hardhats/test/images/MX_img_172_jpg.rf.53c7cae9ef79c88e08e71ec1c11d6a6f.jpg,exact_duplicate_dhash_d0
/home/z/my-project/Factory-AI/datasets/production/hardhats/train/images/MX_img_178_jpg.rf.6bc2bde399f6b115bea11d39acba0509.jpg,/home/z/my-project/Factory-AI/datasets/production/hardhats/test/images/MX_img_118_jpg.rf.a581d7cce365e25747170a644c2100a9.jpg,exact_duplicate_dhash_d0
/home/z/my-project/Factory-AI/datasets/production/hardhats/train/images/MX_img_180_jpg.rf.9866082724040419a79e959dc4681699.jpg,/home/z/my-project/Factory-AI/datasets/production/hardhats/test/images/MX_img_118_jpg.rf.a581d7cce365e25747170a644c2100a9.jpg,exact_duplicate_dhash_d0
/home/z/my-project/Factory-AI/datasets/production/hardhats/train/images/MX_img_181_jpg.rf.69f812fe1c5042dd225cd81949b9183f.jpg,/home/z/my-project/Factory-AI/datasets/production/hardhats/test/images/MX_img_118_jpg.rf.a581d7cce365e25747170a644c2100a9.jpg,exact_duplicate_dhash_d0
/home/z/my-project/Factory-AI/datasets/production/hardhats/train/images/MX_img_182_jpg.rf.c2862ca95173260e538b0f4dc582d7b3.jpg,/home/z/my-project/Factory-AI/datasets/production/hardhats/test/images/MX_img_118_jpg.rf.a581d7cce365e25747170a644c2100a9.jpg,exact_duplicate_dhash_d0
/home/z/my-project/Factory-AI/datasets/production/hardhats/train/images/MX_img_187_jpg.rf.9dd76e25afb3925320d3adda182f90c3.jpg,/home/z/my-project/Factory-AI/datasets/production/hardhats/test/images/MX_img_169_jpg.rf.016c13b309af14a1f3b53d3814e5136a.jpg,exact_duplicate_dhash_d0
/home/z/my-project/Factory-AI/datasets/production/hardhats/train/images/MX_img_188_jpg.rf.96ab88b267e7a0d99fc2e31421dc31ad.jpg,/home/z/my-project/Factory-AI/datasets/production/hardhats/test/images/MX_img_118_jpg.rf.a581d7cce365e25747170a644c2100a9.jpg,exact_duplicate_dhash_d0
/home/z/my-project/Factory-AI/datasets/production/hardhats/train/images/MX_img_189_jpg.rf.ead85ebd79460e0435f62fad794c179e.jpg,/home/z/my-project/Factory-AI/datasets/production/hardhats/test/images/MX_img_118_jpg.rf.a581d7cce365e25747170a644c2100a9.jpg,exact_duplicate_dhash_d0
/home/z/my-project/Factory-AI/datasets/production/hardhats/train/images/MX_img_18_jpg.rf.560ba81e77f4e5f11d8a74c621e9d26c.jpg,/home/z/my-project/Factory-AI/datasets/production/hardhats/test/images/MX_img_17_jpg.rf.2e160f0013f0b82aa46a8499f10b5366.jpg,exact_duplicate_dhash_d0
/home/z/my-project/Factory-AI/datasets/production/hardhats/train/images/MX_img_190_jpg.rf.2066a3e8e474e9b329f31e889dde88d6.jpg,/home/z/my-project/Factory-AI/datasets/production/hardhats/test/images/MX_img_118_jpg.rf.a581d7cce365e25747170a644c2100a9.jpg,exact_duplicate_dhash_d0
/home/z/my-project/Factory-AI/datasets/production/hardhats/train/images/MX_img_191_jpg.rf.fa8eccca0cb6a93f0cb39fd68da97508.jpg,/home/z/my-project/Factory-AI/datasets/production/hardhats/test/images/MX_img_118_jpg.rf.a581d7cce365e25747170a644c2100a9.jpg,exact_duplicate_dhash_d0
/home/z/my-project/Factory-AI/datasets/production/hardhats/train/images/MX_img_192_jpg.rf.f352795e0e82459c77aa43f75de00277.jpg,/home/z/my-project/Factory-AI/datasets/production/hardhats/test/images/MX_img_118_jpg.rf.a581d7cce365e25747170a644c2100a9.jpg,exact_duplicate_dhash_d0
/home/z/my-project/Factory-AI/datasets/production/hardhats/train/images/MX_img_193_jpg.rf.7ba2eb392be0e106c080f68a2a051a58.jpg,/home/z/my-project/Factory-AI/datasets/production/hardhats/test/images/MX_img_118_jpg.rf.a581d7cce365e25747170a644c2100a9.jpg,exact_duplicate_dhash_d0
/home/z/my-project/Factory-AI/datasets/production/hardhats/train/images/MX_img_194_jpg.rf.ab000c0e829874b856a834343523c1c8.jpg,/home/z/my-project/Factory-AI/datasets/production/hardhats/test/images/MX_img_118_jpg.rf.a581d7cce365e25747170a644c2100a9.jpg,exact_duplicate_dhash_d0
/home/z/my-project/Factory-AI/datasets/production/hardhats/train/images/MX_img_195_jpg.rf.781b64f432307b4ab5e4a06116b6106f.jpg,/home/z/my-project/Factory-AI/datasets/production/hardhats/test/images/MX_img_172_jpg.rf.53c7cae9ef79c88e08e71ec1c11d6a6f.jpg,exact_duplicate_dhash_d0
/home/z/my-project/Factory-AI/datasets/production/hardhats/train/images/MX_img_196_jpg.rf.7e0149824a72dbc81031f4e563b16f6a.jpg,/home/z/my-project/Factory-AI/datasets/production/hardhats/test/images/MX_img_118_jpg.rf.a581d7cce365e25747170a644c2100a9.jpg,exact_duplicate_dhash_d0
/home/z/my-project/Factory-AI/datasets/production/hardhats/train/images/MX_img_198_jpg.rf.9adf0cae40498b5f51cc5b6ea6ed49b1.jpg,/home/z/my-project/Factory-AI/datasets/production/hardhats/test/images/MX_img_135_jpg.rf.4d1f07bd150b7228a776a030a4957d8f.jpg,exact_duplicate_dhash_d0
/home/z/my-project/Factory-AI/datasets/production/hardhats/train/images/MX_img_199_jpg.rf.1c78f890fd53dac258c5c2d4dcf2a2ed.jpg,/home/z/my-project/Factory-AI/datasets/production/hardhats/test/images/MX_img_39_jpg.rf.31a394b3198781248b7796f08b9fdc16.jpg,exact_duplicate_dhash_d0
/home/z/my-project/Factory-AI/datasets/production/hardhats/train/images/MX_img_19_jpg.rf.ff1ad0957c27ce64c4b2a4b04f1b5515.jpg,/home/z/my-project/Factory-AI/datasets/production/hardhats/test/images/MX_img_17_jpg.rf.2e160f0013f0b82aa46a8499f10b5366.jpg,exact_duplicate_dhash_d0
/home/z/my-project/Factory-AI/datasets/production/hardhats/train/images/MX_img_200_jpg.rf.825eef45b8e92397cbd738290139b74a.jpg,/home/z/my-project/Factory-AI/datasets/production/hardhats/test/images/MX_img_17_jpg.rf.2e160f0013f0b82aa46a8499f10b5366.jpg,exact_duplicate_dhash_d0
/home/z/my-project/Factory-AI/datasets/production/hardhats/train/images/MX_img_20_jpg.rf.117f6480caaf20862d47b94d38e47bdf.jpg,/home/z/my-project/Factory-AI/datasets/production/hardhats/test/images/MX_img_17_jpg.rf.2e160f0013f0b82aa46a8499f10b5366.jpg,exact_duplicate_dhash_d0
/home/z/my-project/Factory-AI/datasets/production/hardhats/train/images/MX_img_22_jpg.rf.8ad8f57407339cb584141aee31088897.jpg,/home/z/my-project/Factory-AI/datasets/production/hardhats/test/images/MX_img_17_jpg.rf.2e160f0013f0b82aa46a8499f10b5366.jpg,exact_duplicate_dhash_d0
/home/z/my-project/Factory-AI/datasets/production/hardhats/train/images/MX_img_23_jpg.rf.b118a766755e01bb9951d17a7de768f7.jpg,/home/z/my-project/Factory-AI/datasets/production/hardhats/test/images/MX_img_17_jpg.rf.2e160f0013f0b82aa46a8499f10b5366.jpg,exact_duplicate_dhash_d0
/home/z/my-project/Factory-AI/datasets/production/hardhats/train/images/MX_img_24_jpg.rf.e4aa3c3fadf380ca80eaede372391f81.jpg,/home/z/my-project/Factory-AI/datasets/production/hardhats/test/images/MX_img_15_jpg.rf.1954bc4b475bc7955f5758707f9ad9c7.jpg,exact_duplicate_dhash_d0
/home/z/my-project/Factory-AI/datasets/production/hardhats/train/images/MX_img_25_jpg.rf.1e4d11d19645f9fd4b3f7b79515b3b33.jpg,/home/z/my-project/Factory-AI/datasets/production/hardhats/test/images/MX_img_17_jpg.rf.2e160f0013f0b82aa46a8499f10b5366.jpg,exact_duplicate_dhash_d0
/home/z/my-project/Factory-AI/datasets/production/hardhats/train/images/MX_img_26_jpg.rf.b655f6287ad2d8f7b9feef96795f3486.jpg,/home/z/my-project/Factory-AI/datasets/production/hardhats/test/images/MX_img_55_jpg.rf.6ab43711488a3063cba9b889f78f20af.jpg,exact_duplicate_dhash_d0
/home/z/my-project/Factory-AI/datasets/production/hardhats/train/images/MX_img_27_jpg.rf.200eeae54ecccda47c16c675dd9373b2.jpg,/home/z/my-project/Factory-AI/datasets/production/hardhats/test/images/MX_img_17_jpg.rf.2e160f0013f0b82aa46a8499f10b5366.jpg,exact_duplicate_dhash_d0
/home/z/my-project/Factory-AI/datasets/production/hardhats/train/images/MX_img_28_jpg.rf.35877f3951c06d5c788019dec421b932.jpg,/home/z/my-project/Factory-AI/datasets/production/hardhats/test/images/MX_img_17_jpg.rf.2e160f0013f0b82aa46a8499f10b5366.jpg,exact_duplicate_dhash_d0
/home/z/my-project/Factory-AI/datasets/production/hardhats/train/images/MX_img_29_jpg.rf.f87df71bc92346eacf2f98649fc92202.jpg,/home/z/my-project/Factory-AI/datasets/production/hardhats/test/images/MX_img_17_jpg.rf.2e160f0013f0b82aa46a8499f10b5366.jpg,exact_duplicate_dhash_d0
/home/z/my-project/Factory-AI/datasets/production/hardhats/train/images/MX_img_30_jpg.rf.6a00425655e08accd212f124e0536d0a.jpg,/home/z/my-project/Factory-AI/datasets/production/hardhats/test/images/MX_img_17_jpg.rf.2e160f0013f0b82aa46a8499f10b5366.jpg,exact_duplicate_dhash_d0
/home/z/my-project/Factory-AI/datasets/production/hardhats/train/images/MX_img_31_jpg.rf.b1e33863bd8527470d14906a6ee4c34c.jpg,/home/z/my-project/Factory-AI/datasets/production/hardhats/test/images/MX_img_118_jpg.rf.a581d7cce365e25747170a644c2100a9.jpg,exact_duplicate_dhash_d0
/home/z/my-project/Factory-AI/datasets/production/hardhats/train/images/MX_img_32_jpg.rf.4d51a1b4c5a6036e66d421a78c19c937.jpg,/home/z/my-project/Factory-AI/datasets/production/hardhats/test/images/MX_img_17_jpg.rf.2e160f0013f0b82aa46a8499f10b5366.jpg,exact_duplicate_dhash_d0
/home/z/my-project/Factory-AI/datasets/production/hardhats/train/images/MX_img_35_jpg.rf.8b39a70c12def58928132ff0ed6e7c5a.jpg,/home/z/my-project/Factory-AI/datasets/production/hardhats/train/images/MX_img_34_jpg.rf.2c71ca3d06a4a88295626ceb0ba3c78a.jpg,exact_duplicate_dhash_d0
/home/z/my-project/Factory-AI/datasets/production/hardhats/train/images/MX_img_36_jpg.rf.f95d963685bdf881b3c55b09b88af1bb.jpg,/home/z/my-project/Factory-AI/datasets/production/hardhats/test/images/MX_img_55_jpg.rf.6ab43711488a3063cba9b889f78f20af.jpg,exact_duplicate_dhash_d0
/home/z/my-project/Factory-AI/datasets/production/hardhats/train/images/MX_img_37_jpg.rf.7eb3e2e6aea6433a611e0fecf60d843d.jpg,/home/z/my-project/Factory-AI/datasets/production/hardhats/test/images/MX_img_118_jpg.rf.a581d7cce365e25747170a644c2100a9.jpg,exact_duplicate_dhash_d0
/home/z/my-project/Factory-AI/datasets/production/hardhats/train/images/MX_img_3_jpg.rf.8c32fa54f064683d76e111f7713e75e3.jpg,/home/z/my-project/Factory-AI/datasets/production/hardhats/train/images/MX_img_2_jpg.rf.5d65f2fac0917828a08df70dbe3d4d68.jpg,exact_duplicate_dhash_d0
/home/z/my-project/Factory-AI/datasets/production/hardhats/train/images/MX_img_40_jpg.rf.a61cbb6508744d09bae1826ca3b1742b.jpg,/home/z/my-project/Factory-AI/datasets/production/hardhats/train/images/MX_img_34_jpg.rf.2c71ca3d06a4a88295626ceb0ba3c78a.jpg,exact_duplicate_dhash_d0
/home/z/my-project/Factory-AI/datasets/production/hardhats/train/images/MX_img_41_jpg.rf.9fe10db397097aed884fb4a40cdc8a68.jpg,/home/z/my-project/Factory-AI/datasets/production/hardhats/test/images/MX_img_118_jpg.rf.a581d7cce365e25747170a644c2100a9.jpg,exact_duplicate_dhash_d0
/home/z/my-project/Factory-AI/datasets/production/hardhats/train/images/MX_img_44_jpg.rf.c92f1a28d0d66715f14c48c96bc9e41b.jpg,/home/z/my-project/Factory-AI/datasets/production/hardhats/test/images/MX_img_118_jpg.rf.a581d7cce365e25747170a644c2100a9.jpg,exact_duplicate_dhash_d0
/home/z/my-project/Factory-AI/datasets/production/hardhats/train/images/MX_img_45_jpg.rf.df417468a1e0b50c7a29b32e783f07e4.jpg,/home/z/my-project/Factory-AI/datasets/production/hardhats/test/images/MX_img_118_jpg.rf.a581d7cce365e25747170a644c2100a9.jpg,exact_duplicate_dhash_d0
/home/z/my-project/Factory-AI/datasets/production/hardhats/train/images/MX_img_46_jpg.rf.48f4273bfcc0f8e63ac911460b252c7c.jpg,/home/z/my-project/Factory-AI/datasets/production/hardhats/test/images/MX_img_118_jpg.rf.a581d7cce365e25747170a644c2100a9.jpg,exact_duplicate_dhash_d0
/home/z/my-project/Factory-AI/datasets/production/hardhats/train/images/MX_img_47_jpg.rf.98054dd4354bd365fce25d1cbc74c778.jpg,/home/z/my-project/Factory-AI/datasets/production/hardhats/test/images/MX_img_118_jpg.rf.a581d7cce365e25747170a644c2100a9.jpg,exact_duplicate_dhash_d0
/home/z/my-project/Factory-AI/datasets/production/hardhats/train/images/MX_img_50_jpg.rf.7ede48670643b893f59a42d03acbfafb.jpg,/home/z/my-project/Factory-AI/datasets/production/hardhats/test/images/MX_img_39_jpg.rf.31a394b3198781248b7796f08b9fdc16.jpg,exact_duplicate_dhash_d0
/home/z/my-project/Factory-AI/datasets/production/hardhats/train/images/MX_img_52_jpg.rf.3cfc6564066f5c7d475286cad8fa6a0b.jpg,/home/z/my-project/Factory-AI/datasets/production/hardhats/test/images/MX_img_39_jpg.rf.31a394b3198781248b7796f08b9fdc16.jpg,exact_duplicate_dhash_d0
/home/z/my-project/Factory-AI/datasets/production/hardhats/train/images/MX_img_53_jpg.rf.e2d98ef51481ebb5218728404ecdef4b.jpg,/home/z/my-project/Factory-AI/datasets/production/hardhats/test/images/MX_img_39_jpg.rf.31a394b3198781248b7796f08b9fdc16.jpg,exact_duplicate_dhash_d0
/home/z/my-project/Factory-AI/datasets/production/hardhats/train/images/MX_img_56_jpg.rf.fda8e0fdee68cea49e27f221e0e945fc.jpg,/home/z/my-project/Factory-AI/datasets/production/hardhats/test/images/MX_img_39_jpg.rf.31a394b3198781248b7796f08b9fdc16.jpg,exact_duplicate_dhash_d0
/home/z/my-project/Factory-AI/datasets/production/hardhats/train/images/MX_img_57_jpg.rf.77679b3c113fb95f8e629e93181b2ed1.jpg,/home/z/my-project/Factory-AI/datasets/production/hardhats/test/images/MX_img_39_jpg.rf.31a394b3198781248b7796f08b9fdc16.jpg,exact_duplicate_dhash_d0
/home/z/my-project/Factory-AI/datasets/production/hardhats/train/images/MX_img_58_jpg.rf.dc6433e72e4016baafbef98e0dec3439.jpg,/home/z/my-project/Factory-AI/datasets/production/hardhats/test/images/MX_img_39_jpg.rf.31a394b3198781248b7796f08b9fdc16.jpg,exact_duplicate_dhash_d0
/home/z/my-project/Factory-AI/datasets/production/hardhats/train/images/MX_img_59_jpg.rf.9f27d76e7498a502e21b822e5b5941af.jpg,/home/z/my-project/Factory-AI/datasets/production/hardhats/test/images/MX_img_39_jpg.rf.31a394b3198781248b7796f08b9fdc16.jpg,exact_duplicate_dhash_d0
/home/z/my-project/Factory-AI/datasets/production/hardhats/train/images/MX_img_60_jpg.rf.96785e46ea6817c2a8020694a069643b.jpg,/home/z/my-project/Factory-AI/datasets/production/hardhats/test/images/MX_img_39_jpg.rf.31a394b3198781248b7796f08b9fdc16.jpg,exact_duplicate_dhash_d0
/home/z/my-project/Factory-AI/datasets/production/hardhats/train/images/MX_img_61_jpg.rf.25f2eaad3cd90691ec6b997c070c9aab.jpg,/home/z/my-project/Factory-AI/datasets/production/hardhats/test/images/MX_img_39_jpg.rf.31a394b3198781248b7796f08b9fdc16.jpg,exact_duplicate_dhash_d0
/home/z/my-project/Factory-AI/datasets/production/hardhats/train/images/MX_img_64_jpg.rf.c1a25805c3bfc54be62ea79b4d0453a9.jpg,/home/z/my-project/Factory-AI/datasets/production/hardhats/test/images/MX_img_39_jpg.rf.31a394b3198781248b7796f08b9fdc16.jpg,exact_duplicate_dhash_d0
/home/z/my-project/Factory-AI/datasets/production/hardhats/train/images/MX_img_68_jpg.rf.5059d20f14885dbaa13b3ad2b4f1fd00.jpg,/home/z/my-project/Factory-AI/datasets/production/hardhats/train/images/MX_img_2_jpg.rf.5d65f2fac0917828a08df70dbe3d4d68.jpg,exact_duplicate_dhash_d0
/home/z/my-project/Factory-AI/datasets/production/hardhats/train/images/MX_img_71_jpg.rf.559c2ec311d96b3d8c086abf40b557bf.jpg,/home/z/my-project/Factory-AI/datasets/production/hardhats/train/images/MX_img_70_jpg.rf.a07f709c2d3afded2728f7e303ad0589.jpg,exact_duplicate_dhash_d0
/home/z/my-project/Factory-AI/datasets/production/hardhats/train/images/MX_img_74_jpg.rf.f8324891a5ceb9dd81fe80f869fbf84c.jpg,/home/z/my-project/Factory-AI/datasets/production/hardhats/train/images/MX_img_144_jpg.rf.da46a9d372f281e29398d618d07e9057.jpg,exact_duplicate_dhash_d0
/home/z/my-project/Factory-AI/datasets/production/hardhats/train/images/MX_img_77_jpg.rf.7292532cd99c56b60e2b3f513e20ac35.jpg,/home/z/my-project/Factory-AI/datasets/production/hardhats/test/images/MX_img_118_jpg.rf.a581d7cce365e25747170a644c2100a9.jpg,exact_duplicate_dhash_d0
/home/z/my-project/Factory-AI/datasets/production/hardhats/train/images/MX_img_78_jpg.rf.cce5f4e6b31954e0d54ea6b25776c83c.jpg,/home/z/my-project/Factory-AI/datasets/production/hardhats/test/images/MX_img_118_jpg.rf.a581d7cce365e25747170a644c2100a9.jpg,exact_duplicate_dhash_d0
/home/z/my-project/Factory-AI/datasets/production/hardhats/train/images/MX_img_80_jpg.rf.66478174a19810b09f91d408b8b9bc32.jpg,/home/z/my-project/Factory-AI/datasets/production/hardhats/test/images/MX_img_118_jpg.rf.a581d7cce365e25747170a644c2100a9.jpg,exact_duplicate_dhash_d0
/home/z/my-project/Factory-AI/datasets/production/hardhats/train/images/MX_img_83_jpg.rf.858281a51a92d1fca6fb5d22dcd9ba03.jpg,/home/z/my-project/Factory-AI/datasets/production/hardhats/test/images/MX_img_55_jpg.rf.6ab43711488a3063cba9b889f78f20af.jpg,exact_duplicate_dhash_d0
/home/z/my-project/Factory-AI/datasets/production/hardhats/train/images/MX_img_84_jpg.rf.4b2cf0ce80fbe1a3a89452bf77a5be6c.jpg,/home/z/my-project/Factory-AI/datasets/production/hardhats/test/images/MX_img_118_jpg.rf.a581d7cce365e25747170a644c2100a9.jpg,exact_duplicate_dhash_d0
/home/z/my-project/Factory-AI/datasets/production/hardhats/train/images/MX_img_86_jpg.rf.7f0d28f926831ba41a05963f18c82fdb.jpg,/home/z/my-project/Factory-AI/datasets/production/hardhats/test/images/MX_img_107_jpg.rf.6dca56ab417587cbd5fc693664364449.jpg,exact_duplicate_dhash_d0
/home/z/my-project/Factory-AI/datasets/production/hardhats/train/images/MX_img_87_jpg.rf.66ce4e41beca8cf2eae63c581271ba69.jpg,/home/z/my-project/Factory-AI/datasets/production/hardhats/test/images/MX_img_118_jpg.rf.a581d7cce365e25747170a644c2100a9.jpg,exact_duplicate_dhash_d0
/home/z/my-project/Factory-AI/datasets/production/hardhats/train/images/MX_img_88_jpg.rf.f5f8c27e1747c3431997dd25253adc86.jpg,/home/z/my-project/Factory-AI/datasets/production/hardhats/test/images/MX_img_118_jpg.rf.a581d7cce365e25747170a644c2100a9.jpg,exact_duplicate_dhash_d0
/home/z/my-project/Factory-AI/datasets/production/hardhats/train/images/MX_img_89_jpg.rf.2013a90780ee9fb376f8374034ae0903.jpg,/home/z/my-project/Factory-AI/datasets/production/hardhats/test/images/MX_img_107_jpg.rf.6dca56ab417587cbd5fc693664364449.jpg,exact_duplicate_dhash_d0
/home/z/my-project/Factory-AI/datasets/production/hardhats/train/images/MX_img_90_jpg.rf.853e6bf3335659b7c7dd4a204d1d59ab.jpg,/home/z/my-project/Factory-AI/datasets/production/hardhats/test/images/MX_img_118_jpg.rf.a581d7cce365e25747170a644c2100a9.jpg,exact_duplicate_dhash_d0
/home/z/my-project/Factory-AI/datasets/production/hardhats/train/images/MX_img_91_jpg.rf.856975ad8bd6e6ab64d0ab0804314b4f.jpg,/home/z/my-project/Factory-AI/datasets/production/hardhats/test/images/MX_img_107_jpg.rf.6dca56ab417587cbd5fc693664364449.jpg,exact_duplicate_dhash_d0
/home/z/my-project/Factory-AI/datasets/production/hardhats/train/images/MX_img_92_jpg.rf.00baefc6e727a60bc6feae531f289e8b.jpg,/home/z/my-project/Factory-AI/datasets/production/hardhats/test/images/MX_img_118_jpg.rf.a581d7cce365e25747170a644c2100a9.jpg,exact_duplicate_dhash_d0
/home/z/my-project/Factory-AI/datasets/production/hardhats/train/images/MX_img_93_jpg.rf.2620dd6fc091510da46dacabba4746ee.jpg,/home/z/my-project/Factory-AI/datasets/production/hardhats/test/images/MX_img_118_jpg.rf.a581d7cce365e25747170a644c2100a9.jpg,exact_duplicate_dhash_d0
/home/z/my-project/Factory-AI/datasets/production/hardhats/train/images/MX_img_94_jpg.rf.ac8633627c65543d9a95609c89e6a5a5.jpg,/home/z/my-project/Factory-AI/datasets/production/hardhats/train/images/MX_img_144_jpg.rf.da46a9d372f281e29398d618d07e9057.jpg,exact_duplicate_dhash_d0
/home/z/my-project/Factory-AI/datasets/production/hardhats/train/images/MX_img_95_jpg.rf.63aad5c946b35d681c43a5dbd04cf478.jpg,/home/z/my-project/Factory-AI/datasets/production/hardhats/test/images/MX_img_169_jpg.rf.016c13b309af14a1f3b53d3814e5136a.jpg,exact_duplicate_dhash_d0
/home/z/my-project/Factory-AI/datasets/production/hardhats/train/images/MX_img_96_jpg.rf.0a669701a945f3eaf35fedce20cebe33.jpg,/home/z/my-project/Factory-AI/datasets/production/hardhats/train/images/MX_img_143_jpg.rf.6bf896d421ae9006eb9cf2a92b91592b.jpg,exact_duplicate_dhash_d0
/home/z/my-project/Factory-AI/datasets/production/hardhats/train/images/MX_img_98_jpg.rf.0a40fd508765047cd5e969abf8c628d5.jpg,/home/z/my-project/Factory-AI/datasets/production/hardhats/test/images/MX_img_99_jpg.rf.47a6b9246238483028738a34a5936817.jpg,exact_duplicate_dhash_d0
/home/z/my-project/Factory-AI/datasets/production/hardhats/train/images/MX_img_9_jpg.rf.134669252b72c8e7e1f1341604f4a820.jpg,/home/z/my-project/Factory-AI/datasets/production/hardhats/test/images/MX_img_15_jpg.rf.1954bc4b475bc7955f5758707f9ad9c7.jpg,exact_duplicate_dhash_d0
/home/z/my-project/Factory-AI/datasets/production/hardhats/train/images/N5h_img_103_jpg.rf.faed834b474ab3f2f6a1885e093bb2e9.jpg,/home/z/my-project/Factory-AI/datasets/production/hardhats/train/images/N5h_img_102_jpg.rf.b6b031e45dc0f16ef9cd757782abfc68.jpg,exact_duplicate_dhash_d0
/home/z/my-project/Factory-AI/datasets/production/hardhats/train/images/N5h_img_107_jpg.rf.3bc66ab59e17fa2df50fd84c11de50bb.jpg,/home/z/my-project/Factory-AI/datasets/production/hardhats/test/images/N5h_img_91_jpg.rf.138cea0a0e479b3d1488b81a6e9f1b4c.jpg,exact_duplicate_dhash_d0
/home/z/my-project/Factory-AI/datasets/production/hardhats/train/images/N5h_img_108_jpg.rf.c5b0d17202d1d8c636083204103f1f18.jpg,/home/z/my-project/Factory-AI/datasets/production/hardhats/test/images/N5h_img_91_jpg.rf.138cea0a0e479b3d1488b81a6e9f1b4c.jpg,exact_duplicate_dhash_d0
/home/z/my-project/Factory-AI/datasets/production/hardhats/train/images/N5h_img_131_jpg.rf.b94b83a53468dfd69eb447d2d8eaafe8.jpg,/home/z/my-project/Factory-AI/datasets/production/hardhats/test/images/N5h_img_134_jpg.rf.696dee3a506c55b39b322113dd9d630a.jpg,exact_duplicate_dhash_d0
/home/z/my-project/Factory-AI/datasets/production/hardhats/train/images/N5h_img_132_jpg.rf.e79772fc647beb7813b73408d566f69b.jpg,/home/z/my-project/Factory-AI/datasets/production/hardhats/train/images/N5h_img_126_jpg.rf.a202ad001a6fe93497b060d84eb81d03.jpg,exact_duplicate_dhash_d0
/home/z/my-project/Factory-AI/datasets/production/hardhats/train/images/N5h_img_133_jpg.rf.b6614367fb44676b7e8b1605d0a8b761.jpg,/home/z/my-project/Factory-AI/datasets/production/hardhats/test/images/N5h_img_134_jpg.rf.696dee3a506c55b39b322113dd9d630a.jpg,exact_duplicate_dhash_d0
/home/z/my-project/Factory-AI/datasets/production/hardhats/train/images/N5h_img_135_jpg.rf.25541249cb54daf4e126d66f150b22b2.jpg,/home/z/my-project/Factory-AI/datasets/production/hardhats/test/images/N5h_img_134_jpg.rf.696dee3a506c55b39b322113dd9d630a.jpg,exact_duplicate_dhash_d0
/home/z/my-project/Factory-AI/datasets/production/hardhats/train/images/N5h_img_136_jpg.rf.f2116549cf9b86c110c7074b135b7812.jpg,/home/z/my-project/Factory-AI/datasets/production/hardhats/test/images/N5h_img_134_jpg.rf.696dee3a506c55b39b322113dd9d630a.jpg,exact_duplicate_dhash_d0
/home/z/my-project/Factory-AI/datasets/production/hardhats/train/images/N5h_img_148_jpg.rf.0021be9b0f066583bf377bd18500eaad.jpg,/home/z/my-project/Factory-AI/datasets/production/hardhats/test/images/N5h_img_91_jpg.rf.138cea0a0e479b3d1488b81a6e9f1b4c.jpg,exact_duplicate_dhash_d0
/home/z/my-project/Factory-AI/datasets/production/hardhats/train/images/N5h_img_150_jpg.rf.a590699c374cf1388d5fb7e8c5321253.jpg,/home/z/my-project/Factory-AI/datasets/production/hardhats/train/images/N5h_img_149_jpg.rf.d97cfdee3ce75fd04babc950fcb25b17.jpg,exact_duplicate_dhash_d0
/home/z/my-project/Factory-AI/datasets/production/hardhats/train/images/N5h_img_153_jpg.rf.65f8e45598e6438fe4a75d785c093590.jpg,/home/z/my-project/Factory-AI/datasets/production/hardhats/train/images/N5h_img_152_jpg.rf.1ec5643edb7aab3960d16b4391440966.jpg,exact_duplicate_dhash_d0
/home/z/my-project/Factory-AI/datasets/production/hardhats/train/images/N5h_img_156_jpg.rf.9b5526d6e02cd9ad864d02523e824b50.jpg,/home/z/my-project/Factory-AI/datasets/production/hardhats/train/images/N5h_img_155_jpg.rf.001dc4e5cc13e3b9c3ce87e90d238f26.jpg,exact_duplicate_dhash_d0
/home/z/my-project/Factory-AI/datasets/production/hardhats/train/images/N5h_img_157_jpg.rf.0b31fcef0832092466ffd342a1597d1d.jpg,/home/z/my-project/Factory-AI/datasets/production/hardhats/train/images/N5h_img_155_jpg.rf.001dc4e5cc13e3b9c3ce87e90d238f26.jpg,exact_duplicate_dhash_d0
/home/z/my-project/Factory-AI/datasets/production/hardhats/train/images/N5h_img_158_jpg.rf.721070f2ca9e330d83e4a7edf622fd46.jpg,/home/z/my-project/Factory-AI/datasets/production/hardhats/train/images/N5h_img_155_jpg.rf.001dc4e5cc13e3b9c3ce87e90d238f26.jpg,exact_duplicate_dhash_d0
/home/z/my-project/Factory-AI/datasets/production/hardhats/train/images/N5h_img_159_jpg.rf.9d48029d26259d069f43de0bf39a5a52.jpg,/home/z/my-project/Factory-AI/datasets/production/hardhats/train/images/N5h_img_155_jpg.rf.001dc4e5cc13e3b9c3ce87e90d238f26.jpg,exact_duplicate_dhash_d0
/home/z/my-project/Factory-AI/datasets/production/hardhats/train/images/N5h_img_162_jpg.rf.2a286f2daf598608b433894007ffed3f.jpg,/home/z/my-project/Factory-AI/datasets/production/hardhats/train/images/N5h_img_151_jpg.rf.529c5cb1cdeabd4d79ae277a2f9cc29d.jpg,exact_duplicate_dhash_d0
/home/z/my-project/Factory-AI/datasets/production/hardhats/train/images/N5h_img_163_jpg.rf.5933ec20a5dda1c3abd0eba0fd801a1d.jpg,/home/z/my-project/Factory-AI/datasets/production/hardhats/test/images/N5h_img_161_jpg.rf.9ec9f6be46f90bf6d197fd58fe70b147.jpg,exact_duplicate_dhash_d0
/home/z/my-project/Factory-AI/datasets/production/hardhats/train/images/N5h_img_164_jpg.rf.1288cb4833dd9eefac4814d588087426.jpg,/home/z/my-project/Factory-AI/datasets/production/hardhats/train/images/N5h_img_149_jpg.rf.d97cfdee3ce75fd04babc950fcb25b17.jpg,exact_duplicate_dhash_d0
/home/z/my-project/Factory-AI/datasets/production/hardhats/train/images/N5h_img_165_jpg.rf.d958bfa33a45f5830b7082c811f9fe41.jpg,/home/z/my-project/Factory-AI/datasets/production/hardhats/test/images/N5h_img_161_jpg.rf.9ec9f6be46f90bf6d197fd58fe70b147.jpg,exact_duplicate_dhash_d0
/home/z/my-project/Factory-AI/datasets/production/hardhats/train/images/N5h_img_166_jpg.rf.7e90db7d67a214d444d0fa83df5ed234.jpg,/home/z/my-project/Factory-AI/datasets/production/hardhats/test/images/N5h_img_161_jpg.rf.9ec9f6be46f90bf6d197fd58fe70b147.jpg,exact_duplicate_dhash_d0
/home/z/my-project/Factory-AI/datasets/production/hardhats/train/images/N5h_img_167_jpg.rf.2894a6bb01797f0b82c46b2f0bc270bd.jpg,/home/z/my-project/Factory-AI/datasets/production/hardhats/test/images/N5h_img_161_jpg.rf.9ec9f6be46f90bf6d197fd58fe70b147.jpg,exact_duplicate_dhash_d0
/home/z/my-project/Factory-AI/datasets/production/hardhats/train/images/N5h_img_169_jpg.rf.bb138bc13302fb45b1c891ed4e0de66e.jpg,/home/z/my-project/Factory-AI/datasets/production/hardhats/test/images/N5h_img_91_jpg.rf.138cea0a0e479b3d1488b81a6e9f1b4c.jpg,exact_duplicate_dhash_d0
/home/z/my-project/Factory-AI/datasets/production/hardhats/train/images/N5h_img_176_jpg.rf.4c783404459b194c5c22ae2af5ce088a.jpg,/home/z/my-project/Factory-AI/datasets/production/hardhats/train/images/N5h_img_144_jpg.rf.f0051e607a8a09b532d32d0c87f80d66.jpg,exact_duplicate_dhash_d0
/home/z/my-project/Factory-AI/datasets/production/hardhats/train/images/N5h_img_177_jpg.rf.c33ea32b17fd7644779266cc5032b157.jpg,/home/z/my-project/Factory-AI/datasets/production/hardhats/train/images/N5h_img_144_jpg.rf.f0051e607a8a09b532d32d0c87f80d66.jpg,exact_duplicate_dhash_d0
/home/z/my-project/Factory-AI/datasets/production/hardhats/train/images/N5h_img_178_jpg.rf.94bc890fc26f03d0447db917e549ccdf.jpg,/home/z/my-project/Factory-AI/datasets/production/hardhats/train/images/N5h_img_146_jpg.rf.971d8303c6f9c5dea2b6e3d27f378ac5.jpg,exact_duplicate_dhash_d0
/home/z/my-project/Factory-AI/datasets/production/hardhats/train/images/N5h_img_184_jpg.rf.aa5251f9e79a37e27a58585ea4e57f54.jpg,/home/z/my-project/Factory-AI/datasets/production/hardhats/train/images/N5h_img_151_jpg.rf.529c5cb1cdeabd4d79ae277a2f9cc29d.jpg,exact_duplicate_dhash_d0
/home/z/my-project/Factory-AI/datasets/production/hardhats/train/images/N5h_img_185_jpg.rf.ffa5d7a079066df78bc003c2a5f8d606.jpg,/home/z/my-project/Factory-AI/datasets/production/hardhats/test/images/N5h_img_168_jpg.rf.3e9039dd7bbd7cedcffdef6cb500537e.jpg,exact_duplicate_dhash_d0
/home/z/my-project/Factory-AI/datasets/production/hardhats/train/images/N5h_img_186_jpg.rf.26d1860d2277539cdc224267d70a4716.jpg,/home/z/my-project/Factory-AI/datasets/production/hardhats/test/images/N5h_img_168_jpg.rf.3e9039dd7bbd7cedcffdef6cb500537e.jpg,exact_duplicate_dhash_d0
/home/z/my-project/Factory-AI/datasets/production/hardhats/train/images/N5h_img_193_jpg.rf.16658984abe4b09c9e887e478f4c5a95.jpg,/home/z/my-project/Factory-AI/datasets/production/hardhats/train/images/N5h_img_192_jpg.rf.060638a886f90a3ee01fab7ab25297c8.jpg,exact_duplicate_dhash_d0
/home/z/my-project/Factory-AI/datasets/production/hardhats/train/images/N5h_img_225_jpg.rf.5430ff88bb980bfd49b08d4ca60622ea.jpg,/home/z/my-project/Factory-AI/datasets/production/hardhats/train/images/N5h_img_223_jpg.rf.6f3f9bb254f45b834c0dc5b6e30d0a9e.jpg,exact_duplicate_dhash_d0
/home/z/my-project/Factory-AI/datasets/production/hardhats/train/images/N5h_img_231_jpg.rf.8b5f0ba1c58564a105a1e43e0d70591b.jpg,/home/z/my-project/Factory-AI/datasets/production/hardhats/train/images/N5h_img_230_jpg.rf.c6ad7c17322f550ba94df9873d191eef.jpg,exact_duplicate_dhash_d0
/home/z/my-project/Factory-AI/datasets/production/hardhats/train/images/N5h_img_233_jpg.rf.ebf0ef51db8c8e80a35082432354940c.jpg,/home/z/my-project/Factory-AI/datasets/production/hardhats/train/images/N5h_img_146_jpg.rf.971d8303c6f9c5dea2b6e3d27f378ac5.jpg,exact_duplicate_dhash_d0
/home/z/my-project/Factory-AI/datasets/production/hardhats/train/images/N5h_img_243_jpg.rf.756ba7745f85b21e5a3351110358151e.jpg,/home/z/my-project/Factory-AI/datasets/production/hardhats/train/images/N5h_img_239_jpg.rf.16ce0d3478e070a1b5b04ce099001183.jpg,exact_duplicate_dhash_d0
/home/z/my-project/Factory-AI/datasets/production/hardhats/train/images/N5h_img_245_jpg.rf.e44cb28aae7581579d360d19970d4f73.jpg,/home/z/my-project/Factory-AI/datasets/production/hardhats/test/images/N5h_img_91_jpg.rf.138cea0a0e479b3d1488b81a6e9f1b4c.jpg,exact_duplicate_dhash_d0
/home/z/my-project/Factory-AI/datasets/production/hardhats/train/images/N5h_img_26_jpg.rf.b1646d820a93161eb475fe889c99abf6.jpg,/home/z/my-project/Factory-AI/datasets/production/hardhats/train/images/N5h_img_22_jpg.rf.a8c4bcd57e0235c4a30ca6d335031f76.jpg,exact_duplicate_dhash_d0
/home/z/my-project/Factory-AI/datasets/production/hardhats/train/images/N5h_img_29_jpg.rf.b578019b2fbc36d244878bc0aa804181.jpg,/home/z/my-project/Factory-AI/datasets/production/hardhats/train/images/N5h_img_28_jpg.rf.f225444ad1776ccf1c3d7cc9cebca32d.jpg,exact_duplicate_dhash_d0
/home/z/my-project/Factory-AI/datasets/production/hardhats/train/images/N5h_img_32_jpg.rf.4fbf13a5a6bc54515ccf92ab20146de8.jpg,/home/z/my-project/Factory-AI/datasets/production/hardhats/train/images/N5h_img_28_jpg.rf.f225444ad1776ccf1c3d7cc9cebca32d.jpg,exact_duplicate_dhash_d0
/home/z/my-project/Factory-AI/datasets/production/hardhats/train/images/N5h_img_33_jpg.rf.88e649fa165d82888fbf9e3e18a2c17b.jpg,/home/z/my-project/Factory-AI/datasets/production/hardhats/train/images/N5h_img_28_jpg.rf.f225444ad1776ccf1c3d7cc9cebca32d.jpg,exact_duplicate_dhash_d0
/home/z/my-project/Factory-AI/datasets/production/hardhats/train/images/N5h_img_34_jpg.rf.269724a02e09cc98886c038a94f264a7.jpg,/home/z/my-project/Factory-AI/datasets/production/hardhats/train/images/N5h_img_30_jpg.rf.15a5a7a2157b0b51fa065da832035082.jpg,exact_duplicate_dhash_d0
/home/z/my-project/Factory-AI/datasets/production/hardhats/train/images/N5h_img_35_jpg.rf.be3a59ae4b8ff5e773143b4fba771ff7.jpg,/home/z/my-project/Factory-AI/datasets/production/hardhats/train/images/N5h_img_21_jpg.rf.bc66e227294856bb3e0e0f3393b92e27.jpg,exact_duplicate_dhash_d0
/home/z/my-project/Factory-AI/datasets/production/hardhats/train/images/N5h_img_42_jpg.rf.66461baac55f944cf1bb8e8c05443e3a.jpg,/home/z/my-project/Factory-AI/datasets/production/hardhats/train/images/N5h_img_40_jpg.rf.2cac6b5f9ef815829c8e4337dd88fe19.jpg,exact_duplicate_dhash_d0
/home/z/my-project/Factory-AI/datasets/production/hardhats/train/images/N5h_img_46_jpg.rf.9da6eb010194dea26d832cc30b140067.jpg,/home/z/my-project/Factory-AI/datasets/production/hardhats/train/images/N5h_img_230_jpg.rf.c6ad7c17322f550ba94df9873d191eef.jpg,exact_duplicate_dhash_d0
/home/z/my-project/Factory-AI/datasets/production/hardhats/train/images/N5h_img_48_jpg.rf.0ea734cc6494a9040968fa6315b447a0.jpg,/home/z/my-project/Factory-AI/datasets/production/hardhats/test/images/N5h_img_91_jpg.rf.138cea0a0e479b3d1488b81a6e9f1b4c.jpg,exact_duplicate_dhash_d0
/home/z/my-project/Factory-AI/datasets/production/hardhats/train/images/N5h_img_49_jpg.rf.9d8aba386ac0d2ac909eea7c4b9976c8.jpg,/home/z/my-project/Factory-AI/datasets/production/hardhats/train/images/N5h_img_146_jpg.rf.971d8303c6f9c5dea2b6e3d27f378ac5.jpg,exact_duplicate_dhash_d0
/home/z/my-project/Factory-AI/datasets/production/hardhats/train/images/N5h_img_50_jpg.rf.deae20d5d4f5394b52c8b75a636927ea.jpg,/home/z/my-project/Factory-AI/datasets/production/hardhats/test/images/N5h_img_91_jpg.rf.138cea0a0e479b3d1488b81a6e9f1b4c.jpg,exact_duplicate_dhash_d0
/home/z/my-project/Factory-AI/datasets/production/hardhats/train/images/N5h_img_51_jpg.rf.d52f88068414820f243d0c204ac6387b.jpg,/home/z/my-project/Factory-AI/datasets/production/hardhats/test/images/N5h_img_91_jpg.rf.138cea0a0e479b3d1488b81a6e9f1b4c.jpg,exact_duplicate_dhash_d0
/home/z/my-project/Factory-AI/datasets/production/hardhats/train/images/N5h_img_52_jpg.rf.3c953aec2199e87e3d8972c62755d09a.jpg,/home/z/my-project/Factory-AI/datasets/production/hardhats/test/images/N5h_img_91_jpg.rf.138cea0a0e479b3d1488b81a6e9f1b4c.jpg,exact_duplicate_dhash_d0
/home/z/my-project/Factory-AI/datasets/production/hardhats/train/images/N5h_img_53_jpg.rf.4516f934ae83e087ea118039a13f72a6.jpg,/home/z/my-project/Factory-AI/datasets/production/hardhats/test/images/N5h_img_91_jpg.rf.138cea0a0e479b3d1488b81a6e9f1b4c.jpg,exact_duplicate_dhash_d0
/home/z/my-project/Factory-AI/datasets/production/hardhats/train/images/N5h_img_54_jpg.rf.0c8984d4e5ff87cf429c479d15326fc4.jpg,/home/z/my-project/Factory-AI/datasets/production/hardhats/train/images/N5h_img_247_jpg.rf.34fb5f2c2ddf36ed60a82d645ae81a75.jpg,exact_duplicate_dhash_d0
/home/z/my-project/Factory-AI/datasets/production/hardhats/train/images/N5h_img_55_jpg.rf.23b61b9f05a555172deedd1a09bc5d52.jpg,/home/z/my-project/Factory-AI/datasets/production/hardhats/train/images/N5h_img_247_jpg.rf.34fb5f2c2ddf36ed60a82d645ae81a75.jpg,exact_duplicate_dhash_d0
/home/z/my-project/Factory-AI/datasets/production/hardhats/train/images/N5h_img_56_jpg.rf.50fcb2a69fede07196e47d2e4dfedaac.jpg,/home/z/my-project/Factory-AI/datasets/production/hardhats/train/images/N5h_img_247_jpg.rf.34fb5f2c2ddf36ed60a82d645ae81a75.jpg,exact_duplicate_dhash_d0
/home/z/my-project/Factory-AI/datasets/production/hardhats/train/images/N5h_img_58_jpg.rf.471834890ce5d72ee953efffeb3d73a8.jpg,/home/z/my-project/Factory-AI/datasets/production/hardhats/train/images/N5h_img_247_jpg.rf.34fb5f2c2ddf36ed60a82d645ae81a75.jpg,exact_duplicate_dhash_d0
/home/z/my-project/Factory-AI/datasets/production/hardhats/train/images/N5h_img_59_jpg.rf.f2924441d592f992ef1938d4ddae6b85.jpg,/home/z/my-project/Factory-AI/datasets/production/hardhats/test/images/N5h_img_91_jpg.rf.138cea0a0e479b3d1488b81a6e9f1b4c.jpg,exact_duplicate_dhash_d0
/home/z/my-project/Factory-AI/datasets/production/hardhats/train/images/N5h_img_61_jpg.rf.83fb846aa6fc05ab1f0720ede3aa889c.jpg,/home/z/my-project/Factory-AI/datasets/production/hardhats/train/images/N5h_img_45_jpg.rf.3739bed682dfff8d4617eea919800c4c.jpg,exact_duplicate_dhash_d0
/home/z/my-project/Factory-AI/datasets/production/hardhats/train/images/N5h_img_63_jpg.rf.db55e5fed567ede4749968a847ef0ef8.jpg,/home/z/my-project/Factory-AI/datasets/production/hardhats/train/images/N5h_img_62_jpg.rf.4e44c166a6195ae90749879f724f06d8.jpg,exact_duplicate_dhash_d0
/home/z/my-project/Factory-AI/datasets/production/hardhats/train/images/N5h_img_65_jpg.rf.a512d91ba6c1b9288d985459b98c43a4.jpg,/home/z/my-project/Factory-AI/datasets/production/hardhats/train/images/N5h_img_119_jpg.rf.ed98280eb4822a248b75197bd61864e6.jpg,exact_duplicate_dhash_d0
/home/z/my-project/Factory-AI/datasets/production/hardhats/train/images/N5h_img_69_jpg.rf.fa1d77af5902359f93d72887c0ffac45.jpg,/home/z/my-project/Factory-AI/datasets/production/hardhats/train/images/N5h_img_62_jpg.rf.4e44c166a6195ae90749879f724f06d8.jpg,exact_duplicate_dhash_d0
/home/z/my-project/Factory-AI/datasets/production/hardhats/train/images/N5h_img_70_jpg.rf.5b8803b9e84a7d3854e62ad52e4c3e00.jpg,/home/z/my-project/Factory-AI/datasets/production/hardhats/train/images/N5h_img_62_jpg.rf.4e44c166a6195ae90749879f724f06d8.jpg,exact_duplicate_dhash_d0
/home/z/my-project/Factory-AI/datasets/production/hardhats/train/images/N5h_img_71_jpg.rf.feabf3660e2163c8396de3f22d90abdc.jpg,/home/z/my-project/Factory-AI/datasets/production/hardhats/train/images/N5h_img_119_jpg.rf.ed98280eb4822a248b75197bd61864e6.jpg,exact_duplicate_dhash_d0
/home/z/my-project/Factory-AI/datasets/production/hardhats/train/images/N5h_img_72_jpg.rf.1ec17d9b31ef73200f5426576058dc0c.jpg,/home/z/my-project/Factory-AI/datasets/production/hardhats/train/images/N5h_img_119_jpg.rf.ed98280eb4822a248b75197bd61864e6.jpg,exact_duplicate_dhash_d0
/home/z/my-project/Factory-AI/datasets/production/hardhats/train/images/N5h_img_74_jpg.rf.18e98d4bd779dd4b3ea082b1ee39aef3.jpg,/home/z/my-project/Factory-AI/datasets/production/hardhats/train/images/N5h_img_73_jpg.rf.7b0ec68dc770b66ddf5ea13e0412c642.jpg,exact_duplicate_dhash_d0
/home/z/my-project/Factory-AI/datasets/production/hardhats/train/images/N5h_img_75_jpg.rf.1f4565077608f868ae92a19b6242491a.jpg,/home/z/my-project/Factory-AI/datasets/production/hardhats/train/images/N5h_img_64_jpg.rf.95123ad772cc704c8814260b05d24624.jpg,exact_duplicate_dhash_d0
/home/z/my-project/Factory-AI/datasets/production/hardhats/train/images/N5h_img_78_jpg.rf.238d634d829e177c9869cef11719bc38.jpg,/home/z/my-project/Factory-AI/datasets/production/hardhats/train/images/N5h_img_64_jpg.rf.95123ad772cc704c8814260b05d24624.jpg,exact_duplicate_dhash_d0
/home/z/my-project/Factory-AI/datasets/production/hardhats/train/images/N5h_img_80_jpg.rf.a598cb3277fa6896e85c8ad4b7efc73b.jpg,/home/z/my-project/Factory-AI/datasets/production/hardhats/train/images/N5h_img_152_jpg.rf.1ec5643edb7aab3960d16b4391440966.jpg,exact_duplicate_dhash_d0
/home/z/my-project/Factory-AI/datasets/production/hardhats/train/images/N5h_img_81_jpg.rf.f76e210f81de3e09e369fa393fd5d2d7.jpg,/home/z/my-project/Factory-AI/datasets/production/hardhats/train/images/N5h_img_151_jpg.rf.529c5cb1cdeabd4d79ae277a2f9cc29d.jpg,exact_duplicate_dhash_d0
/home/z/my-project/Factory-AI/datasets/production/hardhats/train/images/N5h_img_82_jpg.rf.c5ebabd61fc547abe0627f5dd2a22e11.jpg,/home/z/my-project/Factory-AI/datasets/production/hardhats/train/images/N5h_img_151_jpg.rf.529c5cb1cdeabd4d79ae277a2f9cc29d.jpg,exact_duplicate_dhash_d0
/home/z/my-project/Factory-AI/datasets/production/hardhats/train/images/N5h_img_83_jpg.rf.68e97c78d6c9162fe469618c8e1bcbd7.jpg,/home/z/my-project/Factory-AI/datasets/production/hardhats/train/images/N5h_img_62_jpg.rf.4e44c166a6195ae90749879f724f06d8.jpg,exact_duplicate_dhash_d0
/home/z/my-project/Factory-AI/datasets/production/hardhats/train/images/N5h_img_84_jpg.rf.8009ffaf47305cc1c756d26f0c0f7118.jpg,/home/z/my-project/Factory-AI/datasets/production/hardhats/train/images/N5h_img_62_jpg.rf.4e44c166a6195ae90749879f724f06d8.jpg,exact_duplicate_dhash_d0
/home/z/my-project/Factory-AI/datasets/production/hardhats/train/images/N5h_img_85_jpg.rf.009ee7ba31a78f0af56901eaa6ef85e0.jpg,/home/z/my-project/Factory-AI/datasets/production/hardhats/train/images/N5h_img_62_jpg.rf.4e44c166a6195ae90749879f724f06d8.jpg,exact_duplicate_dhash_d0
/home/z/my-project/Factory-AI/datasets/production/hardhats/train/images/N5h_img_86_jpg.rf.d7d78146600a6027b820dec7eff5c685.jpg,/home/z/my-project/Factory-AI/datasets/production/hardhats/test/images/N5h_img_91_jpg.rf.138cea0a0e479b3d1488b81a6e9f1b4c.jpg,exact_duplicate_dhash_d0
/home/z/my-project/Factory-AI/datasets/production/hardhats/train/images/N5h_img_87_jpg.rf.0eec855af97ba7854e91e12d8a1494ff.jpg,/home/z/my-project/Factory-AI/datasets/production/hardhats/train/images/N5h_img_230_jpg.rf.c6ad7c17322f550ba94df9873d191eef.jpg,exact_duplicate_dhash_d0
/home/z/my-project/Factory-AI/datasets/production/hardhats/train/images/N5h_img_88_jpg.rf.c83b06fa6654ef49f2de38a5236e6861.jpg,/home/z/my-project/Factory-AI/datasets/production/hardhats/train/images/N5h_img_62_jpg.rf.4e44c166a6195ae90749879f724f06d8.jpg,exact_duplicate_dhash_d0
/home/z/my-project/Factory-AI/datasets/production/hardhats/train/images/N5h_img_89_jpg.rf.56862cb26a2d789079591a670600c2e6.jpg,/home/z/my-project/Factory-AI/datasets/production/hardhats/train/images/N5h_img_62_jpg.rf.4e44c166a6195ae90749879f724f06d8.jpg,exact_duplicate_dhash_d0
/home/z/my-project/Factory-AI/datasets/production/hardhats/train/images/N5h_img_90_jpg.rf.db87fbec382c8ebdfa7bbfe8c0db63ba.jpg,/home/z/my-project/Factory-AI/datasets/production/hardhats/train/images/N5h_img_62_jpg.rf.4e44c166a6195ae90749879f724f06d8.jpg,exact_duplicate_dhash_d0
/home/z/my-project/Factory-AI/datasets/production/hardhats/train/images/N5h_img_93_jpg.rf.9f5439ef7c80515cd76d564e2a70133a.jpg,/home/z/my-project/Factory-AI/datasets/production/hardhats/train/images/N5h_img_66_jpg.rf.a611a4c3ce3ab91ff92bdf0167b59e39.jpg,exact_duplicate_dhash_d0
/home/z/my-project/Factory-AI/datasets/production/hardhats/train/images/N5h_img_95_jpg.rf.181c27d84bce77c91a01b9fa8478c5e6.jpg,/home/z/my-project/Factory-AI/datasets/production/hardhats/train/images/N5h_img_66_jpg.rf.a611a4c3ce3ab91ff92bdf0167b59e39.jpg,exact_duplicate_dhash_d0
/home/z/my-project/Factory-AI/datasets/production/hardhats/train/images/N5h_img_98_jpg.rf.5205577602d7e66304e51ac5466985ba.jpg,/home/z/my-project/Factory-AI/datasets/production/hardhats/train/images/N5h_img_119_jpg.rf.ed98280eb4822a248b75197bd61864e6.jpg,exact_duplicate_dhash_d0
/home/z/my-project/Factory-AI/datasets/production/hardhats/train/images/NX_img_10_jpg.rf.c6eaab9f44bffd27f8c6743d0d0bc123.jpg,/home/z/my-project/Factory-AI/datasets/production/hardhats/test/images/NX_img_16_jpg.rf.152337b25493f5b9e28eeaf1871d174d.jpg,exact_duplicate_dhash_d0
/home/z/my-project/Factory-AI/datasets/production/hardhats/train/images/NX_img_11_jpg.rf.05ca61d04349dac58f26c48eb8b33e5b.jpg,/home/z/my-project/Factory-AI/datasets/production/hardhats/test/images/NX_img_16_jpg.rf.152337b25493f5b9e28eeaf1871d174d.jpg,exact_duplicate_dhash_d0
/home/z/my-project/Factory-AI/datasets/production/hardhats/train/images/NX_img_12_jpg.rf.ef8b00a42ce9a1b2dfbb86ed655fdf92.jpg,/home/z/my-project/Factory-AI/datasets/production/hardhats/test/images/NX_img_16_jpg.rf.152337b25493f5b9e28eeaf1871d174d.jpg,exact_duplicate_dhash_d0
/home/z/my-project/Factory-AI/datasets/production/hardhats/train/images/NX_img_13_jpg.rf.f51b62a14e7b2b0d9703555b2ffdb734.jpg,/home/z/my-project/Factory-AI/datasets/production/hardhats/test/images/NX_img_16_jpg.rf.152337b25493f5b9e28eeaf1871d174d.jpg,exact_duplicate_dhash_d0
/home/z/my-project/Factory-AI/datasets/production/hardhats/train/images/NX_img_15_jpg.rf.0cc6835198be848bea4655f662f90c29.jpg,/home/z/my-project/Factory-AI/datasets/production/hardhats/test/images/NX_img_16_jpg.rf.152337b25493f5b9e28eeaf1871d174d.jpg,exact_duplicate_dhash_d0
/home/z/my-project/Factory-AI/datasets/production/hardhats/train/images/NX_img_17_jpg.rf.70b2d92962b5e968c9f526c0edfe810e.jpg,/home/z/my-project/Factory-AI/datasets/production/hardhats/test/images/NX_img_4_jpg.rf.fcd8984d8e56041341c0ab1f765f936c.jpg,exact_duplicate_dhash_d0
/home/z/my-project/Factory-AI/datasets/production/hardhats/train/images/NX_img_18_jpg.rf.45601c65686ec010baed033658f77bd8.jpg,/home/z/my-project/Factory-AI/datasets/production/hardhats/test/images/NX_img_4_jpg.rf.fcd8984d8e56041341c0ab1f765f936c.jpg,exact_duplicate_dhash_d0
/home/z/my-project/Factory-AI/datasets/production/hardhats/train/images/NX_img_1_jpg.rf.db52ac80a08238807f6f2117202de42e.jpg,/home/z/my-project/Factory-AI/datasets/production/hardhats/test/images/NX_img_16_jpg.rf.152337b25493f5b9e28eeaf1871d174d.jpg,exact_duplicate_dhash_d0
/home/z/my-project/Factory-AI/datasets/production/hardhats/train/images/NX_img_20_jpg.rf.32a3708fe17ed17af393ecba366cfdd1.jpg,/home/z/my-project/Factory-AI/datasets/production/hardhats/test/images/NX_img_4_jpg.rf.fcd8984d8e56041341c0ab1f765f936c.jpg,exact_duplicate_dhash_d0
/home/z/my-project/Factory-AI/datasets/production/hardhats/train/images/NX_img_22_jpg.rf.5f659ab7a84cddda1a1e0479f342256c.jpg,/home/z/my-project/Factory-AI/datasets/production/hardhats/test/images/NX_img_4_jpg.rf.fcd8984d8e56041341c0ab1f765f936c.jpg,exact_duplicate_dhash_d0
/home/z/my-project/Factory-AI/datasets/production/hardhats/train/images/NX_img_23_jpg.rf.d03a0e07012e2a539ac05ade9b8f1b65.jpg,/home/z/my-project/Factory-AI/datasets/production/hardhats/test/images/NX_img_4_jpg.rf.fcd8984d8e56041341c0ab1f765f936c.jpg,exact_duplicate_dhash_d0
/home/z/my-project/Factory-AI/datasets/production/hardhats/train/images/NX_img_25_jpg.rf.8adf8a584c72b515e6ea178ab8cfa8a7.jpg,/home/z/my-project/Factory-AI/datasets/production/hardhats/test/images/NX_img_4_jpg.rf.fcd8984d8e56041341c0ab1f765f936c.jpg,exact_duplicate_dhash_d0
/home/z/my-project/Factory-AI/datasets/production/hardhats/train/images/NX_img_2_jpg.rf.fc0cc6423881839b9c8d51c48d61658b.jpg,/home/z/my-project/Factory-AI/datasets/production/hardhats/test/images/NX_img_16_jpg.rf.152337b25493f5b9e28eeaf1871d174d.jpg,exact_duplicate_dhash_d0
/home/z/my-project/Factory-AI/datasets/production/hardhats/train/images/NX_img_3_jpg.rf.76aacf979bfd0eb22f2ccfc259a5b167.jpg,/home/z/my-project/Factory-AI/datasets/production/hardhats/test/images/NX_img_16_jpg.rf.152337b25493f5b9e28eeaf1871d174d.jpg,exact_duplicate_dhash_d0
/home/z/my-project/Factory-AI/datasets/production/hardhats/train/images/NX_img_6_jpg.rf.65f371801fc7444a8f38f1d8e97b531f.jpg,/home/z/my-project/Factory-AI/datasets/production/hardhats/test/images/NX_img_16_jpg.rf.152337b25493f5b9e28eeaf1871d174d.jpg,exact_duplicate_dhash_d0
/home/z/my-project/Factory-AI/datasets/production/hardhats/train/images/NX_img_7_jpg.rf.ea74be420ab5e34f5682ab09cf462a41.jpg,/home/z/my-project/Factory-AI/datasets/production/hardhats/test/images/NX_img_16_jpg.rf.152337b25493f5b9e28eeaf1871d174d.jpg,exact_duplicate_dhash_d0
/home/z/my-project/Factory-AI/datasets/production/hardhats/train/images/NX_img_8_jpg.rf.afba0fbb9bfd3853c68e60b4f91409b1.jpg,/home/z/my-project/Factory-AI/datasets/production/hardhats/test/images/NX_img_16_jpg.rf.152337b25493f5b9e28eeaf1871d174d.jpg,exact_duplicate_dhash_d0
/home/z/my-project/Factory-AI/datasets/production/hardhats/train/images/NX_img_9_jpg.rf.80a32b5e5621eb416f450151917fd3df.jpg,/home/z/my-project/Factory-AI/datasets/production/hardhats/test/images/NX_img_16_jpg.rf.152337b25493f5b9e28eeaf1871d174d.jpg,exact_duplicate_dhash_d0
/home/z/my-project/Factory-AI/datasets/production/hardhats/train/images/Nhh_img_135_jpg.rf.0187c2f4c316cca7a591f9d1e7efdffe.jpg,/home/z/my-project/Factory-AI/datasets/production/hardhats/train/images/Nhh_img_134_jpg.rf.cd4f48757d9dcf09a91341939dab036f.jpg,exact_duplicate_dhash_d0
/home/z/my-project/Factory-AI/datasets/production/hardhats/train/images/Nhh_img_140_jpg.rf.c67fb64da8d3f343692a2b57b4c203f7.jpg,/home/z/my-project/Factory-AI/datasets/production/hardhats/test/images/Nhh_img_138_jpg.rf.6183c350b691e8703d8baef6ed64b27f.jpg,exact_duplicate_dhash_d0
/home/z/my-project/Factory-AI/datasets/production/hardhats/train/images/Nhh_img_141_jpg.rf.3fbcabe9f29bebc4d0a62935fe5b6c52.jpg,/home/z/my-project/Factory-AI/datasets/production/hardhats/test/images/Nhh_img_138_jpg.rf.6183c350b691e8703d8baef6ed64b27f.jpg,exact_duplicate_dhash_d0
/home/z/my-project/Factory-AI/datasets/production/hardhats/train/images/Nhh_img_142_jpg.rf.e1f8168dab159542c1916ad3b82dba1c.jpg,/home/z/my-project/Factory-AI/datasets/production/hardhats/test/images/Nhh_img_138_jpg.rf.6183c350b691e8703d8baef6ed64b27f.jpg,exact_duplicate_dhash_d0
/home/z/my-project/Factory-AI/datasets/production/hardhats/train/images/Nhh_img_143_jpg.rf.a2f2b98ac6db9c9f45e83bea3d6bb3f4.jpg,/home/z/my-project/Factory-AI/datasets/production/hardhats/test/images/Nhh_img_138_jpg.rf.6183c350b691e8703d8baef6ed64b27f.jpg,exact_duplicate_dhash_d0
/home/z/my-project/Factory-AI/datasets/production/hardhats/train/images/Nhh_img_157_jpg.rf.fa27e8b7cf578488d2d412f6828d257b.jpg,/home/z/my-project/Factory-AI/datasets/production/hardhats/train/images/Nhh_img_155_jpg.rf.a5e273d9bb01793929717119378e9545.jpg,exact_duplicate_dhash_d0
/home/z/my-project/Factory-AI/datasets/production/hardhats/train/images/Nhh_img_191_jpg.rf.903f1bf47184c730659346e7debb8ab6.jpg,/home/z/my-project/Factory-AI/datasets/production/hardhats/test/images/Nhh_img_194_jpg.rf.087098ad7d99c91f2f2e5e06cc4937b6.jpg,exact_duplicate_dhash_d0
/home/z/my-project/Factory-AI/datasets/production/hardhats/train/images/Nhh_img_192_jpg.rf.6adada0937f96ddadb9459099c6b1728.jpg,/home/z/my-project/Factory-AI/datasets/production/hardhats/test/images/Nhh_img_178_jpg.rf.2d1a38d629f15584abee85a167222239.jpg,exact_duplicate_dhash_d0
/home/z/my-project/Factory-AI/datasets/production/hardhats/train/images/PHOTriZgIKIgsnNLdBJG75vj200203_1000x2000_jpg.rf.496bcda151016e233cc98393a022a250.jpg,/home/z/my-project/Factory-AI/datasets/production/hardhats/test/images/PHOTriZgIKIgsnNLdBJG75vj200203_1000x2000_jpg.rf.4204fabb2747949fcc737a3114711e46.jpg,exact_duplicate_dhash_d0
/home/z/my-project/Factory-AI/datasets/production/hardhats/train/images/PRI_129079114_1580299603_195_jpg.rf.fd63f4c80684704e79d29100e443e2c8.jpg,/home/z/my-project/Factory-AI/datasets/production/hardhats/train/images/PRI_129079114_1580299603_195_jpg.rf.510b84d99cfe3eae717152950fff82f4.jpg,exact_duplicate_dhash_d0
/home/z/my-project/Factory-AI/datasets/production/hardhats/train/images/PhotoGrid_1580452532909_jpg.rf.abdf4d64cb1116b8edd7dcde7c22937b.jpg,/home/z/my-project/Factory-AI/datasets/production/hardhats/train/images/PhotoGrid_1580452532909_jpg.rf.07bcd099bcacc99292d6ce1694377053.jpg,exact_duplicate_dhash_d0
/home/z/my-project/Factory-AI/datasets/production/hardhats/train/images/RPReplay_Final1667001201_MP4-25_jpg.rf.288dd8c3a50b84824212d48d289f0be7.jpg,/home/z/my-project/Factory-AI/datasets/production/hardhats/train/images/RPReplay_Final1667001201_MP4-24_jpg.rf.e13898172cd435b7aad2ba20c061d700.jpg,exact_duplicate_dhash_d0
/home/z/my-project/Factory-AI/datasets/production/hardhats/train/images/RPReplay_Final1667001201_MP4-2_jpg.rf.33e3bd1594c8c417349d374acab9ed63.jpg,/home/z/my-project/Factory-AI/datasets/production/hardhats/test/images/RPReplay_Final1667001201_MP4-1_jpg.rf.e27f4243d476905f0c69a9dbcde09578.jpg,exact_duplicate_dhash_d0
/home/z/my-project/Factory-AI/datasets/production/hardhats/train/images/RPReplay_Final1667001201_MP4-3_jpg.rf.84a91f117a86f61fc5699a3e20eeadae.jpg,/home/z/my-project/Factory-AI/datasets/production/hardhats/test/images/RPReplay_Final1667001201_MP4-1_jpg.rf.e27f4243d476905f0c69a9dbcde09578.jpg,exact_duplicate_dhash_d0
/home/z/my-project/Factory-AI/datasets/production/hardhats/train/images/RPReplay_Final1667001201_MP4-4_jpg.rf.c96bd220bdd58354a60e04b7d9fc43c5.jpg,/home/z/my-project/Factory-AI/datasets/production/hardhats/test/images/RPReplay_Final1667001201_MP4-1_jpg.rf.e27f4243d476905f0c69a9dbcde09578.jpg,exact_duplicate_dhash_d0
/home/z/my-project/Factory-AI/datasets/production/hardhats/train/images/RPReplay_Final1667001201_MP4-6_jpg.rf.cf99da961f89b4d90355774675f874f5.jpg,/home/z/my-project/Factory-AI/datasets/production/hardhats/test/images/RPReplay_Final1667001201_MP4-1_jpg.rf.e27f4243d476905f0c69a9dbcde09578.jpg,exact_duplicate_dhash_d0
/home/z/my-project/Factory-AI/datasets/production/hardhats/train/images/RPReplay_Final1667001201_MP4-7_jpg.rf.2aa3b05fb30a941a033a915c1d276ce8.jpg,/home/z/my-project/Factory-AI/datasets/production/hardhats/test/images/RPReplay_Final1667001201_MP4-1_jpg.rf.e27f4243d476905f0c69a9dbcde09578.jpg,exact_duplicate_dhash_d0
/home/z/my-project/Factory-AI/datasets/production/hardhats/train/images/RPReplay_Final1667001201_MP4-8_jpg.rf.604587785a067330fd32d87ab9fe28d6.jpg,/home/z/my-project/Factory-AI/datasets/production/hardhats/test/images/RPReplay_Final1667001201_MP4-1_jpg.rf.e27f4243d476905f0c69a9dbcde09578.jpg,exact_duplicate_dhash_d0
/home/z/my-project/Factory-AI/datasets/production/hardhats/train/images/RTX1GIDS_jpg.rf.1c19036ad9a2874d687184296e75cba3.jpg,/home/z/my-project/Factory-AI/datasets/production/hardhats/test/images/RTX1GIDS_jpg.rf.78436a95ed4ecccbe170607c9ebcaf0d.jpg,exact_duplicate_dhash_d0
/home/z/my-project/Factory-AI/datasets/production/hardhats/train/images/RTX7CD4D-e1580252893876_jpg.rf.ba0dfd63a60d17a8a8455e5f11d6e114.jpg,/home/z/my-project/Factory-AI/datasets/production/hardhats/train/images/RTX7CD4D-e1580252893876_jpg.rf.8a328b1622e6a3ceaa407d4770d50cb2.jpg,exact_duplicate_dhash_d0
/home/z/my-project/Factory-AI/datasets/production/hardhats/train/images/S1-EV360_FACEMA_M_20200130144349_jpg.rf.53f777ace9d119d9b69fb5e9195bb261.jpg,/home/z/my-project/Factory-AI/datasets/production/hardhats/test/images/S1-EV360_FACEMA_M_20200130144349_jpg.rf.c26f7fa39f6790149edd67ff015b92fb.jpg,exact_duplicate_dhash_d0
/home/z/my-project/Factory-AI/datasets/production/hardhats/train/images/ST_20190917_SPTHAZE_5120715_jpg.rf.6f65c8cd719dd23c1e8af81d5cecb99c.jpg,/home/z/my-project/Factory-AI/datasets/production/hardhats/train/images/ST_20190917_SPTHAZE_5120715_jpg.rf.40e80a6fe4f65cee2e7d9aa288a29834.jpg,exact_duplicate_dhash_d0
/home/z/my-project/Factory-AI/datasets/production/hardhats/train/images/TB2R28UvUOWBKNjSZKzXXXfWFXa_-1116877752_jpg.rf.769e48c8bcd104895f7c127abd194680.jpg,/home/z/my-project/Factory-AI/datasets/production/hardhats/test/images/TB2R28UvUOWBKNjSZKzXXXfWFXa_-1116877752_jpg.rf.4652f750833f204c8d5721c598de6b62.jpg,exact_duplicate_dhash_d0
/home/z/my-project/Factory-AI/datasets/production/hardhats/train/images/UDD3JG3E4JFQ5KSFNGQQ5REINU_jpg.rf.9fe40ac853a37a71779e8849df077d87.jpg,/home/z/my-project/Factory-AI/datasets/production/hardhats/train/images/UDD3JG3E4JFQ5KSFNGQQ5REINU_jpg.rf.21508e9f803271976f291eebc939548e.jpg,exact_duplicate_dhash_d0
/home/z/my-project/Factory-AI/datasets/production/hardhats/train/images/US-expands-coronavirus-screenings-United-suspends-some-flights-to-China_jpg.rf.ad6dd2a3df65c79cba736ae432a844bc.jpg,/home/z/my-project/Factory-AI/datasets/production/hardhats/train/images/US-expands-coronavirus-screenings-United-suspends-some-flights-to-China_jpg.rf.65f1f2f743a00f5f91bac277922d59c6.jpg,exact_duplicate_dhash_d0
/home/z/my-project/Factory-AI/datasets/production/hardhats/train/images/Untitled-design-13_png_jpg.rf.fb40b08eb17b8b36b688171b2eee65d2.jpg,/home/z/my-project/Factory-AI/datasets/production/hardhats/train/images/Untitled-design-13_png_jpg.rf.bcca0d7810ec1ec66c3fcdd246d24947.jpg,exact_duplicate_dhash_d0
/home/z/my-project/Factory-AI/datasets/production/hardhats/train/images/YouTube-FreeStockFootage-PersonThinkingDeeply-h-HC-hj-Zo-720p_mp4-4_jpg.rf.4d78893459e74bad4c49acf7b88827e3.jpg,/home/z/my-project/Factory-AI/datasets/production/hardhats/train/images/YouTube-FreeStockFootage-PersonThinkingDeeply-h-HC-hj-Zo-720p_mp4-3_jpg.rf.e552a142aad768620d8be68c17ad85a3.jpg,exact_duplicate_dhash_d0
/home/z/my-project/Factory-AI/datasets/production/hardhats/train/images/YouTube-FreeStockFootage-PersonThinkingDeeply-h-HC-hj-Zo-720p_mp4-5_jpg.rf.ee03142c1b84dd892929a8d32d077647.jpg,/home/z/my-project/Factory-AI/datasets/production/hardhats/train/images/YouTube-FreeStockFootage-PersonThinkingDeeply-h-HC-hj-Zo-720p_mp4-3_jpg.rf.e552a142aad768620d8be68c17ad85a3.jpg,exact_duplicate_dhash_d0
/home/z/my-project/Factory-AI/datasets/production/hardhats/train/images/YouTube_FreeStockFootage_People-wearing-face-mask_Empty-Street_Covid19-D_DbgrvhlGs-720p_mp4-51_jpg.rf.be985f7f704dae8ac0dfd2aba58d85af.jpg,/home/z/my-project/Factory-AI/datasets/production/hardhats/test/images/YouTube_FreeStockFootage_People-wearing-face-mask_Empty-Street_Covid19-D_DbgrvhlGs-720p_mp4-52_jpg.rf.c545a0c9177a4017294d26f753daffbe.jpg,exact_duplicate_dhash_d0
/home/z/my-project/Factory-AI/datasets/production/hardhats/train/images/additional_tests-Nomask-wearing_mp4-35_jpg.rf.2ca5706aac94e76968b669c9a8cb6402.jpg,/home/z/my-project/Factory-AI/datasets/production/hardhats/train/images/additional_tests-Nomask-wearing_mp4-34_jpg.rf.e5c1e3ab57b9032bfb0867d93b7ab2c0.jpg,exact_duplicate_dhash_d0
/home/z/my-project/Factory-AI/datasets/production/hardhats/train/images/additional_tests-Nomask-wearing_mp4-5_jpg.rf.d1479589eb0923a88944e8f16bca5cee.jpg,/home/z/my-project/Factory-AI/datasets/production/hardhats/train/images/additional_tests-Nomask-wearing_mp4-4_jpg.rf.9c9727eedf34a87ad21bab870d7fa289.jpg,exact_duplicate_dhash_d0
/home/z/my-project/Factory-AI/datasets/production/hardhats/train/images/front_crawling_00078_jpg.rf.cc95e086b7426fd41869e111386046fb.jpg,/home/z/my-project/Factory-AI/datasets/production/hardhats/test/images/front_crawling_00755_jpg.rf.7ff0e1c6323ba20a6aa2ace3212bae66.jpg,exact_duplicate_dhash_d0
/home/z/my-project/Factory-AI/datasets/production/hardhats/train/images/front_crawling_00190_jpg.rf.357c3aa8c7cf8142a7b400bb767416f8.jpg,/home/z/my-project/Factory-AI/datasets/production/hardhats/train/images/front_crawling_00021_jpg.rf.3a01744601d28a24695572b1e2b8a733.jpg,exact_duplicate_dhash_d0
/home/z/my-project/Factory-AI/datasets/production/hardhats/train/images/front_crawling_00192_jpg.rf.a5d98ddacd5de024cfe23f845a2df126.jpg,/home/z/my-project/Factory-AI/datasets/production/hardhats/train/images/front_crawling_00125_jpg.rf.7f7743c5d3fe99d5dfffc3482b60fcb5.jpg,exact_duplicate_dhash_d0
/home/z/my-project/Factory-AI/datasets/production/hardhats/train/images/front_crawling_00352_jpg.rf.ec35591afae5616095e0409aaf326876.jpg,/home/z/my-project/Factory-AI/datasets/production/hardhats/train/images/front_crawling_00168_jpg.rf.cad0df75d16b6e4c6f35a8898ab4a934.jpg,exact_duplicate_dhash_d0
/home/z/my-project/Factory-AI/datasets/production/hardhats/train/images/front_crawling_00358_jpg.rf.b0dae1d6c11b1c45adfeba5c8bd04d43.jpg,/home/z/my-project/Factory-AI/datasets/production/hardhats/train/images/front_crawling_00275_jpg.rf.9d5395c02a5ff0023842cfc2143d9322.jpg,exact_duplicate_dhash_d0
/home/z/my-project/Factory-AI/datasets/production/hardhats/train/images/front_crawling_00375_jpg.rf.ddc625fefdcadfdfa1dc19f21d19f325.jpg,/home/z/my-project/Factory-AI/datasets/production/hardhats/train/images/front_crawling_00025_jpg.rf.da85107afe46629da405e51b866b0e48.jpg,exact_duplicate_dhash_d0
/home/z/my-project/Factory-AI/datasets/production/hardhats/train/images/front_crawling_00396_jpg.rf.3ca688687f27f7d5805abf84974b9622.jpg,/home/z/my-project/Factory-AI/datasets/production/hardhats/train/images/front_crawling_00103_jpg.rf.b5a9763f0b08493cf1adf5514d78d595.jpg,exact_duplicate_dhash_d0
/home/z/my-project/Factory-AI/datasets/production/hardhats/train/images/front_crawling_00441_jpg.rf.60edcfdb2e9cf7cc8e61506bcbbb89d1.jpg,/home/z/my-project/Factory-AI/datasets/production/hardhats/test/images/front_crawling_00607_jpg.rf.8a726d91d52b92d29ce0c6f9a3dd47e5.jpg,exact_duplicate_dhash_d0
/home/z/my-project/Factory-AI/datasets/production/hardhats/train/images/front_crawling_00455_jpg.rf.8b3efe9b813e0fbeb575ed14b3cc1733.jpg,/home/z/my-project/Factory-AI/datasets/production/hardhats/train/images/front_crawling_00107_jpg.rf.8df3336585cc9079db4571c70a27259e.jpg,exact_duplicate_dhash_d0
/home/z/my-project/Factory-AI/datasets/production/hardhats/train/images/front_crawling_00578_jpg.rf.0c5e25b602646025e020bf5eac7ece33.jpg,/home/z/my-project/Factory-AI/datasets/production/hardhats/train/images/front_crawling_00112_jpg.rf.833f6e1c4a3fa97ea50854c733014423.jpg,exact_duplicate_dhash_d0
/home/z/my-project/Factory-AI/datasets/production/hardhats/train/images/front_crawling_00676_jpg.rf.9df6facdeb13f36fdeea884fab068d63.jpg,/home/z/my-project/Factory-AI/datasets/production/hardhats/train/images/front_crawling_00546_jpg.rf.857a7762f1ec613ccc2b42b25ee5f042.jpg,exact_duplicate_dhash_d0
/home/z/my-project/Factory-AI/datasets/production/hardhats/train/images/front_crawling_00686_jpg.rf.d38c723a1d28d6249ba9511e15718590.jpg,/home/z/my-project/Factory-AI/datasets/production/hardhats/train/images/001346_jpg.rf.f1a064c93dfda9f953fd8eac5415c1fa.jpg,exact_duplicate_dhash_d0
/home/z/my-project/Factory-AI/datasets/production/hardhats/train/images/front_crawling_00764_jpg.rf.37a078f2839d26b6d499b0125f720610.jpg,/home/z/my-project/Factory-AI/datasets/production/hardhats/train/images/front_crawling_00435_jpg.rf.a148b919f7dac9982e1e946487c076c7.jpg,exact_duplicate_dhash_d0
/home/z/my-project/Factory-AI/datasets/production/hardhats/train/images/front_crawling_00920_jpg.rf.2aff45234acbc049bbee54f0323a3c07.jpg,/home/z/my-project/Factory-AI/datasets/production/hardhats/train/images/front_crawling_00864_jpg.rf.79dd6b558a811be4d37df93bd46d9cc5.jpg,exact_duplicate_dhash_d0
/home/z/my-project/Factory-AI/datasets/production/hardhats/train/images/helmet9991000_jpg.rf.eec0d0e46cea55c4239cffae3059cea0.jpg,/home/z/my-project/Factory-AI/datasets/production/hardhats/test/images/helmet9991201_jpg.rf.d09e989059a6d551989c5d0ecf962f6a.jpg,exact_duplicate_dhash_d0
/home/z/my-project/Factory-AI/datasets/production/hardhats/train/images/helmet9991003_jpg.rf.c6fb0ad3ff933b720537144071a1a96d.jpg,/home/z/my-project/Factory-AI/datasets/production/hardhats/train/images/helmet9991002_jpg.rf.5369ad334d14e09eab42a7508a1e48cc.jpg,exact_duplicate_dhash_d0
/home/z/my-project/Factory-AI/datasets/production/hardhats/train/images/helmet9991004_jpg.rf.3d8765aa2bfe81ddbe6b0be813a515f0.jpg,/home/z/my-project/Factory-AI/datasets/production/hardhats/train/images/helmet9991002_jpg.rf.5369ad334d14e09eab42a7508a1e48cc.jpg,exact_duplicate_dhash_d0
/home/z/my-project/Factory-AI/datasets/production/hardhats/train/images/helmet9991005_jpg.rf.cdf5351e5dc4d4e7745db25b69453837.jpg,/home/z/my-project/Factory-AI/datasets/production/hardhats/train/images/helmet9991002_jpg.rf.5369ad334d14e09eab42a7508a1e48cc.jpg,exact_duplicate_dhash_d0
/home/z/my-project/Factory-AI/datasets/production/hardhats/train/images/helmet9991007_jpg.rf.a01501efb5d2c3fba3522e684b6c47fb.jpg,/home/z/my-project/Factory-AI/datasets/production/hardhats/train/images/helmet9991002_jpg.rf.5369ad334d14e09eab42a7508a1e48cc.jpg,exact_duplicate_dhash_d0
/home/z/my-project/Factory-AI/datasets/production/hardhats/train/images/helmet9991008_jpg.rf.f243b122986730fbeeb594a43a59af3d.jpg,/home/z/my-project/Factory-AI/datasets/production/hardhats/test/images/helmet9991201_jpg.rf.d09e989059a6d551989c5d0ecf962f6a.jpg,exact_duplicate_dhash_d0
/home/z/my-project/Factory-AI/datasets/production/hardhats/train/images/helmet9991009_jpg.rf.91e9722bc56438e605a56308c78acfde.jpg,/home/z/my-project/Factory-AI/datasets/production/hardhats/test/images/helmet9991201_jpg.rf.d09e989059a6d551989c5d0ecf962f6a.jpg,exact_duplicate_dhash_d0
/home/z/my-project/Factory-AI/datasets/production/hardhats/train/images/helmet9991010_jpg.rf.835f38627be2ed4bbeefd40691184732.jpg,/home/z/my-project/Factory-AI/datasets/production/hardhats/train/images/helmet9991002_jpg.rf.5369ad334d14e09eab42a7508a1e48cc.jpg,exact_duplicate_dhash_d0
/home/z/my-project/Factory-AI/datasets/production/hardhats/train/images/helmet9991011_jpg.rf.e4df56074fa3c94e4eca350062869fff.jpg,/home/z/my-project/Factory-AI/datasets/production/hardhats/train/images/helmet9991002_jpg.rf.5369ad334d14e09eab42a7508a1e48cc.jpg,exact_duplicate_dhash_d0
/home/z/my-project/Factory-AI/datasets/production/hardhats/train/images/helmet9991013_jpg.rf.bce24f7b32a30ca9acdfa20fda92ed55.jpg,/home/z/my-project/Factory-AI/datasets/production/hardhats/train/images/helmet9991002_jpg.rf.5369ad334d14e09eab42a7508a1e48cc.jpg,exact_duplicate_dhash_d0
/home/z/my-project/Factory-AI/datasets/production/hardhats/train/images/helmet9991014_jpg.rf.58dd3be1b9ed1a41d60388c5a48948df.jpg,/home/z/my-project/Factory-AI/datasets/production/hardhats/train/images/helmet9991002_jpg.rf.5369ad334d14e09eab42a7508a1e48cc.jpg,exact_duplicate_dhash_d0
/home/z/my-project/Factory-AI/datasets/production/hardhats/train/images/helmet9991016_jpg.rf.1b6ecca14223097a98cfeb81d4035442.jpg,/home/z/my-project/Factory-AI/datasets/production/hardhats/train/images/helmet9991002_jpg.rf.5369ad334d14e09eab42a7508a1e48cc.jpg,exact_duplicate_dhash_d0
/home/z/my-project/Factory-AI/datasets/production/hardhats/train/images/helmet9991017_jpg.rf.1689c08596537dde5490ffe2f88d245d.jpg,/home/z/my-project/Factory-AI/datasets/production/hardhats/train/images/helmet9991002_jpg.rf.5369ad334d14e09eab42a7508a1e48cc.jpg,exact_duplicate_dhash_d0
/home/z/my-project/Factory-AI/datasets/production/hardhats/train/images/helmet9991018_jpg.rf.3b32f88c6e0c430bae6de552fcaa3657.jpg,/home/z/my-project/Factory-AI/datasets/production/hardhats/train/images/helmet9991002_jpg.rf.5369ad334d14e09eab42a7508a1e48cc.jpg,exact_duplicate_dhash_d0
/home/z/my-project/Factory-AI/datasets/production/hardhats/train/images/helmet9991020_jpg.rf.c5a3f974f37a48dbe1f822716ec5ca3d.jpg,/home/z/my-project/Factory-AI/datasets/production/hardhats/train/images/helmet9991002_jpg.rf.5369ad334d14e09eab42a7508a1e48cc.jpg,exact_duplicate_dhash_d0
/home/z/my-project/Factory-AI/datasets/production/hardhats/train/images/helmet9991022_jpg.rf.468913ab3227a7a713796969677e005b.jpg,/home/z/my-project/Factory-AI/datasets/production/hardhats/train/images/helmet9991002_jpg.rf.5369ad334d14e09eab42a7508a1e48cc.jpg,exact_duplicate_dhash_d0
/home/z/my-project/Factory-AI/datasets/production/hardhats/train/images/helmet9991023_jpg.rf.1cdc10bbbd61dd7d8bcafdac8eb80424.jpg,/home/z/my-project/Factory-AI/datasets/production/hardhats/train/images/helmet9991002_jpg.rf.5369ad334d14e09eab42a7508a1e48cc.jpg,exact_duplicate_dhash_d0
/home/z/my-project/Factory-AI/datasets/production/hardhats/train/images/helmet9991025_jpg.rf.e99f0c9e4ccb8a1aa2886dfb16ba0a13.jpg,/home/z/my-project/Factory-AI/datasets/production/hardhats/test/images/helmet9991047_jpg.rf.e572804fe48ad7022ec4cf4f2127eb8b.jpg,exact_duplicate_dhash_d0
/home/z/my-project/Factory-AI/datasets/production/hardhats/train/images/helmet9991026_jpg.rf.65f42e354fc636c7bd98b2944d94ea22.jpg,/home/z/my-project/Factory-AI/datasets/production/hardhats/test/images/helmet9991032_jpg.rf.91cb3f40e865a0035a359203f8576cac.jpg,exact_duplicate_dhash_d0
/home/z/my-project/Factory-AI/datasets/production/hardhats/train/images/helmet9991027_jpg.rf.0f11c1640ac022f7575befe52ccc4d37.jpg,/home/z/my-project/Factory-AI/datasets/production/hardhats/test/images/helmet9991032_jpg.rf.91cb3f40e865a0035a359203f8576cac.jpg,exact_duplicate_dhash_d0
/home/z/my-project/Factory-AI/datasets/production/hardhats/train/images/helmet9991028_jpg.rf.cf19b3f2c7d4335cfc9639d995e06025.jpg,/home/z/my-project/Factory-AI/datasets/production/hardhats/test/images/helmet9991032_jpg.rf.91cb3f40e865a0035a359203f8576cac.jpg,exact_duplicate_dhash_d0
/home/z/my-project/Factory-AI/datasets/production/hardhats/train/images/helmet9991029_jpg.rf.eb330e9ee9b3a4e763efbef3716d869c.jpg,/home/z/my-project/Factory-AI/datasets/production/hardhats/test/images/helmet9991032_jpg.rf.91cb3f40e865a0035a359203f8576cac.jpg,exact_duplicate_dhash_d0
/home/z/my-project/Factory-AI/datasets/production/hardhats/train/images/helmet9991030_jpg.rf.38060b275d52b5170d22abcc732fcd0e.jpg,/home/z/my-project/Factory-AI/datasets/production/hardhats/test/images/helmet9991032_jpg.rf.91cb3f40e865a0035a359203f8576cac.jpg,exact_duplicate_dhash_d0
/home/z/my-project/Factory-AI/datasets/production/hardhats/train/images/helmet9991031_jpg.rf.1e56e9ba45ccd103d136e96613325d7c.jpg,/home/z/my-project/Factory-AI/datasets/production/hardhats/test/images/helmet9991032_jpg.rf.91cb3f40e865a0035a359203f8576cac.jpg,exact_duplicate_dhash_d0
/home/z/my-project/Factory-AI/datasets/production/hardhats/train/images/helmet9991033_jpg.rf.7ab486dffc022e7887810e306cd725d7.jpg,/home/z/my-project/Factory-AI/datasets/production/hardhats/test/images/helmet9991032_jpg.rf.91cb3f40e865a0035a359203f8576cac.jpg,exact_duplicate_dhash_d0
/home/z/my-project/Factory-AI/datasets/production/hardhats/train/images/helmet9991034_jpg.rf.c37b951aff5e1b5569f615b43660a946.jpg,/home/z/my-project/Factory-AI/datasets/production/hardhats/test/images/helmet9991047_jpg.rf.e572804fe48ad7022ec4cf4f2127eb8b.jpg,exact_duplicate_dhash_d0
/home/z/my-project/Factory-AI/datasets/production/hardhats/train/images/helmet9991037_jpg.rf.ce4ed1e8cc1adf782f6eb9a570609f63.jpg,/home/z/my-project/Factory-AI/datasets/production/hardhats/test/images/helmet9991032_jpg.rf.91cb3f40e865a0035a359203f8576cac.jpg,exact_duplicate_dhash_d0
/home/z/my-project/Factory-AI/datasets/production/hardhats/train/images/helmet9991042_jpg.rf.0137070b8a1dffabfe8d8ea2c31b757d.jpg,/home/z/my-project/Factory-AI/datasets/production/hardhats/test/images/helmet9991047_jpg.rf.e572804fe48ad7022ec4cf4f2127eb8b.jpg,exact_duplicate_dhash_d0
/home/z/my-project/Factory-AI/datasets/production/hardhats/train/images/helmet9991043_jpg.rf.09e0ad36fffeb7ffa7d0511c8cb4b88d.jpg,/home/z/my-project/Factory-AI/datasets/production/hardhats/test/images/helmet9991047_jpg.rf.e572804fe48ad7022ec4cf4f2127eb8b.jpg,exact_duplicate_dhash_d0
/home/z/my-project/Factory-AI/datasets/production/hardhats/train/images/helmet9991044_jpg.rf.67381f6996b337946512f1337e32df9a.jpg,/home/z/my-project/Factory-AI/datasets/production/hardhats/test/images/helmet9991046_jpg.rf.98f957e4b40298ca79ffa69188da95ea.jpg,exact_duplicate_dhash_d0
/home/z/my-project/Factory-AI/datasets/production/hardhats/train/images/helmet9991051_jpg.rf.8aa004cd1c0f0bcc9066869fee5100ca.jpg,/home/z/my-project/Factory-AI/datasets/production/hardhats/test/images/helmet9991047_jpg.rf.e572804fe48ad7022ec4cf4f2127eb8b.jpg,exact_duplicate_dhash_d0
/home/z/my-project/Factory-AI/datasets/production/hardhats/train/images/helmet9991054_jpg.rf.77cecdf3e0371174b9cbbecd03cdee9b.jpg,/home/z/my-project/Factory-AI/datasets/production/hardhats/test/images/helmet9991047_jpg.rf.e572804fe48ad7022ec4cf4f2127eb8b.jpg,exact_duplicate_dhash_d0
/home/z/my-project/Factory-AI/datasets/production/hardhats/train/images/helmet9991056_jpg.rf.a699cebd7a11ce810ca140df8b7348fa.jpg,/home/z/my-project/Factory-AI/datasets/production/hardhats/test/images/helmet9991047_jpg.rf.e572804fe48ad7022ec4cf4f2127eb8b.jpg,exact_duplicate_dhash_d0
/home/z/my-project/Factory-AI/datasets/production/hardhats/train/images/helmet9991057_jpg.rf.8da30012b841df1233714f4d804147da.jpg,/home/z/my-project/Factory-AI/datasets/production/hardhats/test/images/helmet9991047_jpg.rf.e572804fe48ad7022ec4cf4f2127eb8b.jpg,exact_duplicate_dhash_d0
/home/z/my-project/Factory-AI/datasets/production/hardhats/train/images/helmet9991058_jpg.rf.c40d2c4b11c39801191827425d8d1c22.jpg,/home/z/my-project/Factory-AI/datasets/production/hardhats/test/images/helmet9991047_jpg.rf.e572804fe48ad7022ec4cf4f2127eb8b.jpg,exact_duplicate_dhash_d0
/home/z/my-project/Factory-AI/datasets/production/hardhats/train/images/helmet9991059_jpg.rf.f3191debb3626ffdfa549be6c5ea8338.jpg,/home/z/my-project/Factory-AI/datasets/production/hardhats/test/images/helmet9991047_jpg.rf.e572804fe48ad7022ec4cf4f2127eb8b.jpg,exact_duplicate_dhash_d0
/home/z/my-project/Factory-AI/datasets/production/hardhats/train/images/helmet9991061_jpg.rf.647184a7201564cb983af9ae24199855.jpg,/home/z/my-project/Factory-AI/datasets/production/hardhats/train/images/helmet9991060_jpg.rf.45cb0a21c98af852e45e636cc866cae9.jpg,exact_duplicate_dhash_d0
/home/z/my-project/Factory-AI/datasets/production/hardhats/train/images/helmet9991062_jpg.rf.ed1f068c62e74e3c37009edbc3b91003.jpg,/home/z/my-project/Factory-AI/datasets/production/hardhats/train/images/helmet9991060_jpg.rf.45cb0a21c98af852e45e636cc866cae9.jpg,exact_duplicate_dhash_d0
/home/z/my-project/Factory-AI/datasets/production/hardhats/train/images/helmet9991063_jpg.rf.c7680f7ed5f0c3cdbc9f141a00785cd6.jpg,/home/z/my-project/Factory-AI/datasets/production/hardhats/train/images/helmet9991060_jpg.rf.45cb0a21c98af852e45e636cc866cae9.jpg,exact_duplicate_dhash_d0
/home/z/my-project/Factory-AI/datasets/production/hardhats/train/images/helmet9991064_jpg.rf.89b6c602468d18345ebbb984aad455e5.jpg,/home/z/my-project/Factory-AI/datasets/production/hardhats/train/images/helmet9991060_jpg.rf.45cb0a21c98af852e45e636cc866cae9.jpg,exact_duplicate_dhash_d0
/home/z/my-project/Factory-AI/datasets/production/hardhats/train/images/helmet9991067_jpg.rf.d52107f2724a758435407f70a897ed39.jpg,/home/z/my-project/Factory-AI/datasets/production/hardhats/test/images/helmet9991072_jpg.rf.7049a3f2d19e8ff9d4d720536188bab5.jpg,exact_duplicate_dhash_d0
/home/z/my-project/Factory-AI/datasets/production/hardhats/train/images/helmet9991068_jpg.rf.de85d6f9b6f95c00f2c102bc9c5bfd19.jpg,/home/z/my-project/Factory-AI/datasets/production/hardhats/test/images/helmet9991072_jpg.rf.7049a3f2d19e8ff9d4d720536188bab5.jpg,exact_duplicate_dhash_d0
/home/z/my-project/Factory-AI/datasets/production/hardhats/train/images/helmet9991070_jpg.rf.48a84db5e8f5e064f3573df3d9f82fcf.jpg,/home/z/my-project/Factory-AI/datasets/production/hardhats/test/images/helmet9991072_jpg.rf.7049a3f2d19e8ff9d4d720536188bab5.jpg,exact_duplicate_dhash_d0
/home/z/my-project/Factory-AI/datasets/production/hardhats/train/images/helmet9991073_jpg.rf.f0604a6e8eb005528ad80dea85764d38.jpg,/home/z/my-project/Factory-AI/datasets/production/hardhats/test/images/helmet9991072_jpg.rf.7049a3f2d19e8ff9d4d720536188bab5.jpg,exact_duplicate_dhash_d0
/home/z/my-project/Factory-AI/datasets/production/hardhats/train/images/helmet9991074_jpg.rf.db844b83f6bf82122c40b3504a27e886.jpg,/home/z/my-project/Factory-AI/datasets/production/hardhats/test/images/helmet9991072_jpg.rf.7049a3f2d19e8ff9d4d720536188bab5.jpg,exact_duplicate_dhash_d0
/home/z/my-project/Factory-AI/datasets/production/hardhats/train/images/helmet9991076_jpg.rf.3194992db2ee0792259715b116e6f283.jpg,/home/z/my-project/Factory-AI/datasets/production/hardhats/test/images/helmet9991072_jpg.rf.7049a3f2d19e8ff9d4d720536188bab5.jpg,exact_duplicate_dhash_d0
/home/z/my-project/Factory-AI/datasets/production/hardhats/train/images/helmet9991077_jpg.rf.fc75ae1d5124a92509b29c9c6c108f9f.jpg,/home/z/my-project/Factory-AI/datasets/production/hardhats/train/images/helmet9991069_jpg.rf.e0d828fdfc2651963dd8101ce0e75ef3.jpg,exact_duplicate_dhash_d0
/home/z/my-project/Factory-AI/datasets/production/hardhats/train/images/helmet9991080_jpg.rf.df8770966eae42a97cc4592c3d1d595b.jpg,/home/z/my-project/Factory-AI/datasets/production/hardhats/train/images/helmet9991079_jpg.rf.c2fbf3e5b5904b02eff8154c58168491.jpg,exact_duplicate_dhash_d0
/home/z/my-project/Factory-AI/datasets/production/hardhats/train/images/helmet9991082_jpg.rf.7dd24ef60ad0647c08c40730ac9c69b4.jpg,/home/z/my-project/Factory-AI/datasets/production/hardhats/test/images/helmet9991072_jpg.rf.7049a3f2d19e8ff9d4d720536188bab5.jpg,exact_duplicate_dhash_d0
/home/z/my-project/Factory-AI/datasets/production/hardhats/train/images/helmet9991083_jpg.rf.7478422516a166a3498fec9ebc53fcec.jpg,/home/z/my-project/Factory-AI/datasets/production/hardhats/test/images/helmet9991113_jpg.rf.2e42afe72df70745e1dfbc0c6e5af180.jpg,exact_duplicate_dhash_d0
/home/z/my-project/Factory-AI/datasets/production/hardhats/train/images/helmet9991086_jpg.rf.88ee8ec6733a5b64cd811706789c7c4d.jpg,/home/z/my-project/Factory-AI/datasets/production/hardhats/test/images/helmet9991072_jpg.rf.7049a3f2d19e8ff9d4d720536188bab5.jpg,exact_duplicate_dhash_d0
/home/z/my-project/Factory-AI/datasets/production/hardhats/train/images/helmet9991088_jpg.rf.2ca560b31b371e3cabbd3771fb4cc851.jpg,/home/z/my-project/Factory-AI/datasets/production/hardhats/test/images/helmet9991072_jpg.rf.7049a3f2d19e8ff9d4d720536188bab5.jpg,exact_duplicate_dhash_d0
/home/z/my-project/Factory-AI/datasets/production/hardhats/train/images/helmet9991091_jpg.rf.ec48c4526920e3306aa6afe694a611bc.jpg,/home/z/my-project/Factory-AI/datasets/production/hardhats/train/images/helmet9991090_jpg.rf.13da9c0f3c397d2af6e39e7c74c01f26.jpg,exact_duplicate_dhash_d0
/home/z/my-project/Factory-AI/datasets/production/hardhats/train/images/helmet9991094_jpg.rf.e35c7a05d1a2bb496b7b98ab5da1b417.jpg,/home/z/my-project/Factory-AI/datasets/production/hardhats/test/images/helmet9991072_jpg.rf.7049a3f2d19e8ff9d4d720536188bab5.jpg,exact_duplicate_dhash_d0
/home/z/my-project/Factory-AI/datasets/production/hardhats/train/images/helmet9991095_jpg.rf.75a1e55e70eb5ba3b78683e95e8738b0.jpg,/home/z/my-project/Factory-AI/datasets/production/hardhats/test/images/helmet9991113_jpg.rf.2e42afe72df70745e1dfbc0c6e5af180.jpg,exact_duplicate_dhash_d0
/home/z/my-project/Factory-AI/datasets/production/hardhats/train/images/helmet9991098_jpg.rf.b96c24ce733c82446ff76f0b3eeb9dff.jpg,/home/z/my-project/Factory-AI/datasets/production/hardhats/test/images/helmet9991072_jpg.rf.7049a3f2d19e8ff9d4d720536188bab5.jpg,exact_duplicate_dhash_d0
/home/z/my-project/Factory-AI/datasets/production/hardhats/train/images/helmet9991101_jpg.rf.4b03e6ab635d96024e337b7bbb7e199f.jpg,/home/z/my-project/Factory-AI/datasets/production/hardhats/test/images/helmet9991120_jpg.rf.6b88d4ec8251e6f26101e441c631f0eb.jpg,exact_duplicate_dhash_d0
/home/z/my-project/Factory-AI/datasets/production/hardhats/train/images/helmet9991102_jpg.rf.8c777acfe6f3ea15d330d13f064050c7.jpg,/home/z/my-project/Factory-AI/datasets/production/hardhats/test/images/helmet9991120_jpg.rf.6b88d4ec8251e6f26101e441c631f0eb.jpg,exact_duplicate_dhash_d0
/home/z/my-project/Factory-AI/datasets/production/hardhats/train/images/helmet9991106_jpg.rf.59d8833aff831dc99750c07bedcb119f.jpg,/home/z/my-project/Factory-AI/datasets/production/hardhats/test/images/helmet9991113_jpg.rf.2e42afe72df70745e1dfbc0c6e5af180.jpg,exact_duplicate_dhash_d0
/home/z/my-project/Factory-AI/datasets/production/hardhats/train/images/helmet9991107_jpg.rf.5804d41a644021d2604c61ee17e354fb.jpg,/home/z/my-project/Factory-AI/datasets/production/hardhats/train/images/helmet9991081_jpg.rf.bdfa182a4ad5001f64e65aa6b11fa10f.jpg,exact_duplicate_dhash_d0
/home/z/my-project/Factory-AI/datasets/production/hardhats/train/images/helmet9991109_jpg.rf.f2050ed0dd261c40441aae076a4c8d22.jpg,/home/z/my-project/Factory-AI/datasets/production/hardhats/train/images/helmet9991081_jpg.rf.bdfa182a4ad5001f64e65aa6b11fa10f.jpg,exact_duplicate_dhash_d0
/home/z/my-project/Factory-AI/datasets/production/hardhats/train/images/helmet9991110_jpg.rf.6e7705f0ce0989b823f9a36bac5d6518.jpg,/home/z/my-project/Factory-AI/datasets/production/hardhats/train/images/helmet9991081_jpg.rf.bdfa182a4ad5001f64e65aa6b11fa10f.jpg,exact_duplicate_dhash_d0
/home/z/my-project/Factory-AI/datasets/production/hardhats/train/images/helmet9991112_jpg.rf.28788e27aab09e70160689d9d9d46712.jpg,/home/z/my-project/Factory-AI/datasets/production/hardhats/train/images/helmet9991081_jpg.rf.bdfa182a4ad5001f64e65aa6b11fa10f.jpg,exact_duplicate_dhash_d0
/home/z/my-project/Factory-AI/datasets/production/hardhats/train/images/helmet9991114_jpg.rf.1f7fe8e7336c88eb04cff28920e71898.jpg,/home/z/my-project/Factory-AI/datasets/production/hardhats/train/images/helmet9991081_jpg.rf.bdfa182a4ad5001f64e65aa6b11fa10f.jpg,exact_duplicate_dhash_d0
/home/z/my-project/Factory-AI/datasets/production/hardhats/train/images/helmet9991116_jpg.rf.869b8f5615069f8eedf8db7f09eb3cac.jpg,/home/z/my-project/Factory-AI/datasets/production/hardhats/train/images/helmet9991081_jpg.rf.bdfa182a4ad5001f64e65aa6b11fa10f.jpg,exact_duplicate_dhash_d0
/home/z/my-project/Factory-AI/datasets/production/hardhats/train/images/helmet9991117_jpg.rf.7421b7b2f644353970fa0444e19944ce.jpg,/home/z/my-project/Factory-AI/datasets/production/hardhats/test/images/helmet9991119_jpg.rf.a8255c56d337b66ab98bc5ab0b32e364.jpg,exact_duplicate_dhash_d0
/home/z/my-project/Factory-AI/datasets/production/hardhats/train/images/helmet9991118_jpg.rf.2667cf7a29b1f650c7f14765ab90aa06.jpg,/home/z/my-project/Factory-AI/datasets/production/hardhats/test/images/helmet9991120_jpg.rf.6b88d4ec8251e6f26101e441c631f0eb.jpg,exact_duplicate_dhash_d0
/home/z/my-project/Factory-AI/datasets/production/hardhats/train/images/helmet9991121_jpg.rf.cfa96e36d8f086c6c314ae8abced984b.jpg,/home/z/my-project/Factory-AI/datasets/production/hardhats/test/images/helmet9991119_jpg.rf.a8255c56d337b66ab98bc5ab0b32e364.jpg,exact_duplicate_dhash_d0
/home/z/my-project/Factory-AI/datasets/production/hardhats/train/images/helmet9991122_jpg.rf.09d1f4b3f2281017687851bc33bf28c1.jpg,/home/z/my-project/Factory-AI/datasets/production/hardhats/test/images/helmet9991119_jpg.rf.a8255c56d337b66ab98bc5ab0b32e364.jpg,exact_duplicate_dhash_d0
/home/z/my-project/Factory-AI/datasets/production/hardhats/train/images/helmet9991124_jpg.rf.eae1a85c14f30d881c3c9fcdd7159194.jpg,/home/z/my-project/Factory-AI/datasets/production/hardhats/train/images/helmet9991099_jpg.rf.2804a7d4a399d20df54b83a8e1ab0600.jpg,exact_duplicate_dhash_d0
/home/z/my-project/Factory-AI/datasets/production/hardhats/train/images/helmet9991129_jpg.rf.ee6fc34f03c76818e5b5e4c479141162.jpg,/home/z/my-project/Factory-AI/datasets/production/hardhats/train/images/helmet9991127_jpg.rf.48838df9e63227979ce733b3a39e968e.jpg,exact_duplicate_dhash_d0
/home/z/my-project/Factory-AI/datasets/production/hardhats/train/images/helmet9991130_jpg.rf.e7a5d44582c27b7f4133c94030ee1aa1.jpg,/home/z/my-project/Factory-AI/datasets/production/hardhats/train/images/helmet9991127_jpg.rf.48838df9e63227979ce733b3a39e968e.jpg,exact_duplicate_dhash_d0
/home/z/my-project/Factory-AI/datasets/production/hardhats/train/images/helmet9991138_jpg.rf.60042ca2fc98f0872b15cf34db8acac7.jpg,/home/z/my-project/Factory-AI/datasets/production/hardhats/test/images/helmet9991113_jpg.rf.2e42afe72df70745e1dfbc0c6e5af180.jpg,exact_duplicate_dhash_d0
/home/z/my-project/Factory-AI/datasets/production/hardhats/train/images/helmet9991139_jpg.rf.522fe6c95a6958fc787efbba702c4594.jpg,/home/z/my-project/Factory-AI/datasets/production/hardhats/test/images/helmet9991072_jpg.rf.7049a3f2d19e8ff9d4d720536188bab5.jpg,exact_duplicate_dhash_d0
/home/z/my-project/Factory-AI/datasets/production/hardhats/train/images/helmet9991144_jpg.rf.970bb3bb8ad5c2ba2cd012050f65a28b.jpg,/home/z/my-project/Factory-AI/datasets/production/hardhats/test/images/helmet9991152_jpg.rf.a550d2e0ff2845272c86b8e5bcfcee71.jpg,exact_duplicate_dhash_d0
/home/z/my-project/Factory-AI/datasets/production/hardhats/train/images/helmet9991145_jpg.rf.87d256bc3e8fc5002de32aa3448c001d.jpg,/home/z/my-project/Factory-AI/datasets/production/hardhats/test/images/helmet9991152_jpg.rf.a550d2e0ff2845272c86b8e5bcfcee71.jpg,exact_duplicate_dhash_d0
/home/z/my-project/Factory-AI/datasets/production/hardhats/train/images/helmet9991146_jpg.rf.da480a3d82ddd4c53e9653da7d8e8ef7.jpg,/home/z/my-project/Factory-AI/datasets/production/hardhats/test/images/helmet9991152_jpg.rf.a550d2e0ff2845272c86b8e5bcfcee71.jpg,exact_duplicate_dhash_d0
/home/z/my-project/Factory-AI/datasets/production/hardhats/train/images/helmet9991147_jpg.rf.653b00a738a15c698994c412d035572e.jpg,/home/z/my-project/Factory-AI/datasets/production/hardhats/test/images/helmet9991152_jpg.rf.a550d2e0ff2845272c86b8e5bcfcee71.jpg,exact_duplicate_dhash_d0
/home/z/my-project/Factory-AI/datasets/production/hardhats/train/images/helmet9991148_jpg.rf.62915b6bdf5b50d6423a15461cf56858.jpg,/home/z/my-project/Factory-AI/datasets/production/hardhats/test/images/helmet9991152_jpg.rf.a550d2e0ff2845272c86b8e5bcfcee71.jpg,exact_duplicate_dhash_d0
/home/z/my-project/Factory-AI/datasets/production/hardhats/train/images/helmet9991149_jpg.rf.509b98176ae58bcee9e25facce35b561.jpg,/home/z/my-project/Factory-AI/datasets/production/hardhats/test/images/helmet9991152_jpg.rf.a550d2e0ff2845272c86b8e5bcfcee71.jpg,exact_duplicate_dhash_d0
/home/z/my-project/Factory-AI/datasets/production/hardhats/train/images/helmet9991150_jpg.rf.64b0e47818b18f7960d9b44d767082e4.jpg,/home/z/my-project/Factory-AI/datasets/production/hardhats/test/images/helmet9991152_jpg.rf.a550d2e0ff2845272c86b8e5bcfcee71.jpg,exact_duplicate_dhash_d0
/home/z/my-project/Factory-AI/datasets/production/hardhats/train/images/helmet9991151_jpg.rf.904d9ccd3358a8d78b5a4f7d850e60f2.jpg,/home/z/my-project/Factory-AI/datasets/production/hardhats/test/images/helmet9991152_jpg.rf.a550d2e0ff2845272c86b8e5bcfcee71.jpg,exact_duplicate_dhash_d0
/home/z/my-project/Factory-AI/datasets/production/hardhats/train/images/helmet9991153_jpg.rf.c64cd8baab9a9a3d6faf16440fd3da22.jpg,/home/z/my-project/Factory-AI/datasets/production/hardhats/test/images/helmet9991152_jpg.rf.a550d2e0ff2845272c86b8e5bcfcee71.jpg,exact_duplicate_dhash_d0
/home/z/my-project/Factory-AI/datasets/production/hardhats/train/images/helmet9991155_jpg.rf.bc6248dbb2735a1d149a4cfb2db6f80a.jpg,/home/z/my-project/Factory-AI/datasets/production/hardhats/test/images/helmet9991152_jpg.rf.a550d2e0ff2845272c86b8e5bcfcee71.jpg,exact_duplicate_dhash_d0
/home/z/my-project/Factory-AI/datasets/production/hardhats/train/images/helmet9991156_jpg.rf.3ab7d9d0a99692f9b260582bb1b126ce.jpg,/home/z/my-project/Factory-AI/datasets/production/hardhats/test/images/helmet9991152_jpg.rf.a550d2e0ff2845272c86b8e5bcfcee71.jpg,exact_duplicate_dhash_d0
/home/z/my-project/Factory-AI/datasets/production/hardhats/train/images/helmet9991160_jpg.rf.a00872ee443153a9db71a3e6072b94c8.jpg,/home/z/my-project/Factory-AI/datasets/production/hardhats/test/images/helmet9991032_jpg.rf.91cb3f40e865a0035a359203f8576cac.jpg,exact_duplicate_dhash_d0
/home/z/my-project/Factory-AI/datasets/production/hardhats/train/images/helmet9991161_jpg.rf.ffcf3a6deafa5ef06f129ba728cbc9e2.jpg,/home/z/my-project/Factory-AI/datasets/production/hardhats/train/images/helmet9991060_jpg.rf.45cb0a21c98af852e45e636cc866cae9.jpg,exact_duplicate_dhash_d0
/home/z/my-project/Factory-AI/datasets/production/hardhats/train/images/helmet9991162_jpg.rf.026e7cc58ad5ec46c8fd3326d25831b1.jpg,/home/z/my-project/Factory-AI/datasets/production/hardhats/train/images/helmet9991060_jpg.rf.45cb0a21c98af852e45e636cc866cae9.jpg,exact_duplicate_dhash_d0
/home/z/my-project/Factory-AI/datasets/production/hardhats/train/images/helmet9991165_jpg.rf.07918e6489924f4d619db07c70de6917.jpg,/home/z/my-project/Factory-AI/datasets/production/hardhats/train/images/helmet9991163_jpg.rf.3f94bf4c7bb5299682a5ccce07e27ff4.jpg,exact_duplicate_dhash_d0
/home/z/my-project/Factory-AI/datasets/production/hardhats/train/images/helmet9991167_jpg.rf.8970cf77a7f38e9ff47f64027399b241.jpg,/home/z/my-project/Factory-AI/datasets/production/hardhats/train/images/helmet9991060_jpg.rf.45cb0a21c98af852e45e636cc866cae9.jpg,exact_duplicate_dhash_d0
/home/z/my-project/Factory-AI/datasets/production/hardhats/train/images/helmet9991169_jpg.rf.299136648fe54f89af1b5ffb37efc864.jpg,/home/z/my-project/Factory-AI/datasets/production/hardhats/train/images/helmet9991060_jpg.rf.45cb0a21c98af852e45e636cc866cae9.jpg,exact_duplicate_dhash_d0
/home/z/my-project/Factory-AI/datasets/production/hardhats/train/images/helmet9991170_jpg.rf.4a565ecccc8f92ec7f5d2055ef100e26.jpg,/home/z/my-project/Factory-AI/datasets/production/hardhats/test/images/helmet9991032_jpg.rf.91cb3f40e865a0035a359203f8576cac.jpg,exact_duplicate_dhash_d0
/home/z/my-project/Factory-AI/datasets/production/hardhats/train/images/helmet9991171_jpg.rf.edccdfbb426e6aa88f39dfb64ca38fcb.jpg,/home/z/my-project/Factory-AI/datasets/production/hardhats/test/images/helmet9991047_jpg.rf.e572804fe48ad7022ec4cf4f2127eb8b.jpg,exact_duplicate_dhash_d0
/home/z/my-project/Factory-AI/datasets/production/hardhats/train/images/helmet9991173_jpg.rf.dcf04a3dfc2092a1caa2ef1117309b60.jpg,/home/z/my-project/Factory-AI/datasets/production/hardhats/test/images/helmet9991047_jpg.rf.e572804fe48ad7022ec4cf4f2127eb8b.jpg,exact_duplicate_dhash_d0
/home/z/my-project/Factory-AI/datasets/production/hardhats/train/images/helmet9991175_jpg.rf.cf3e5b57a3b8f28957dad47ff8f937e9.jpg,/home/z/my-project/Factory-AI/datasets/production/hardhats/train/images/helmet9991174_jpg.rf.d38144fb35aa03322686d1c3b71c68d1.jpg,exact_duplicate_dhash_d0
/home/z/my-project/Factory-AI/datasets/production/hardhats/train/images/helmet9991176_jpg.rf.22b5c9f52f02f0a4f96fc5c0ad847b24.jpg,/home/z/my-project/Factory-AI/datasets/production/hardhats/train/images/helmet9991174_jpg.rf.d38144fb35aa03322686d1c3b71c68d1.jpg,exact_duplicate_dhash_d0
/home/z/my-project/Factory-AI/datasets/production/hardhats/train/images/helmet9991177_jpg.rf.ebad1cd6a20a5f5fbcc28f534172432f.jpg,/home/z/my-project/Factory-AI/datasets/production/hardhats/train/images/helmet9991174_jpg.rf.d38144fb35aa03322686d1c3b71c68d1.jpg,exact_duplicate_dhash_d0
/home/z/my-project/Factory-AI/datasets/production/hardhats/train/images/helmet9991178_jpg.rf.2f28ba3f737d726d7c6f2963d81452ba.jpg,/home/z/my-project/Factory-AI/datasets/production/hardhats/test/images/helmet9991182_jpg.rf.b68fae5f8c7c2ae9885c78f90932af5c.jpg,exact_duplicate_dhash_d0
/home/z/my-project/Factory-AI/datasets/production/hardhats/train/images/helmet9991179_jpg.rf.c8354b814e37c21924ab5b67b309a23e.jpg,/home/z/my-project/Factory-AI/datasets/production/hardhats/test/images/helmet9991182_jpg.rf.b68fae5f8c7c2ae9885c78f90932af5c.jpg,exact_duplicate_dhash_d0
/home/z/my-project/Factory-AI/datasets/production/hardhats/train/images/helmet9991180_jpg.rf.ee1b6ec14014122f4a657b2ebd922a13.jpg,/home/z/my-project/Factory-AI/datasets/production/hardhats/test/images/helmet9991182_jpg.rf.b68fae5f8c7c2ae9885c78f90932af5c.jpg,exact_duplicate_dhash_d0
/home/z/my-project/Factory-AI/datasets/production/hardhats/train/images/helmet9991181_jpg.rf.345cb02111b2e13a09dfb674a614c36a.jpg,/home/z/my-project/Factory-AI/datasets/production/hardhats/test/images/helmet9991182_jpg.rf.b68fae5f8c7c2ae9885c78f90932af5c.jpg,exact_duplicate_dhash_d0
/home/z/my-project/Factory-AI/datasets/production/hardhats/train/images/helmet9991183_jpg.rf.8ed9d55fc7959f78961f614c4e8e2968.jpg,/home/z/my-project/Factory-AI/datasets/production/hardhats/test/images/helmet9991182_jpg.rf.b68fae5f8c7c2ae9885c78f90932af5c.jpg,exact_duplicate_dhash_d0
/home/z/my-project/Factory-AI/datasets/production/hardhats/train/images/helmet9991184_jpg.rf.aceb69cedfa034c0e18cb470d920f402.jpg,/home/z/my-project/Factory-AI/datasets/production/hardhats/train/images/helmet9991174_jpg.rf.d38144fb35aa03322686d1c3b71c68d1.jpg,exact_duplicate_dhash_d0
/home/z/my-project/Factory-AI/datasets/production/hardhats/train/images/helmet9991187_jpg.rf.076f7e7af427e1256b286cbf32cc24ba.jpg,/home/z/my-project/Factory-AI/datasets/production/hardhats/train/images/helmet9991186_jpg.rf.19050b87746f1c2300ba00e1670a667d.jpg,exact_duplicate_dhash_d0
/home/z/my-project/Factory-AI/datasets/production/hardhats/train/images/helmet9991188_jpg.rf.336eb2df03e2f3536cbdd8f1066aba2c.jpg,/home/z/my-project/Factory-AI/datasets/production/hardhats/test/images/helmet9991201_jpg.rf.d09e989059a6d551989c5d0ecf962f6a.jpg,exact_duplicate_dhash_d0
/home/z/my-project/Factory-AI/datasets/production/hardhats/train/images/helmet9991190_jpg.rf.a52d5bb0dbb05ee4353adbe9a403e34c.jpg,/home/z/my-project/Factory-AI/datasets/production/hardhats/test/images/helmet9991201_jpg.rf.d09e989059a6d551989c5d0ecf962f6a.jpg,exact_duplicate_dhash_d0
/home/z/my-project/Factory-AI/datasets/production/hardhats/train/images/helmet9991191_jpg.rf.4c9e06e1fe416e7704c4518fdcb4057b.jpg,/home/z/my-project/Factory-AI/datasets/production/hardhats/train/images/helmet9991186_jpg.rf.19050b87746f1c2300ba00e1670a667d.jpg,exact_duplicate_dhash_d0
/home/z/my-project/Factory-AI/datasets/production/hardhats/train/images/helmet9991192_jpg.rf.543c5d13188e0f200f5d03d14a63961d.jpg,/home/z/my-project/Factory-AI/datasets/production/hardhats/test/images/helmet9991201_jpg.rf.d09e989059a6d551989c5d0ecf962f6a.jpg,exact_duplicate_dhash_d0
/home/z/my-project/Factory-AI/datasets/production/hardhats/train/images/helmet9991193_jpg.rf.22b21d469b6e3d5e401e6ff4a53b7ef4.jpg,/home/z/my-project/Factory-AI/datasets/production/hardhats/test/images/helmet9991201_jpg.rf.d09e989059a6d551989c5d0ecf962f6a.jpg,exact_duplicate_dhash_d0
/home/z/my-project/Factory-AI/datasets/production/hardhats/train/images/helmet9991194_jpg.rf.54de3a51020f190993d55e10f3156b28.jpg,/home/z/my-project/Factory-AI/datasets/production/hardhats/test/images/helmet9991201_jpg.rf.d09e989059a6d551989c5d0ecf962f6a.jpg,exact_duplicate_dhash_d0
/home/z/my-project/Factory-AI/datasets/production/hardhats/train/images/helmet9991196_jpg.rf.69178cb4006f9edf4e0b483cf37281a3.jpg,/home/z/my-project/Factory-AI/datasets/production/hardhats/train/images/helmet9991186_jpg.rf.19050b87746f1c2300ba00e1670a667d.jpg,exact_duplicate_dhash_d0
/home/z/my-project/Factory-AI/datasets/production/hardhats/train/images/helmet9991197_jpg.rf.1e39556710c6c5435e926c95e8302f35.jpg,/home/z/my-project/Factory-AI/datasets/production/hardhats/test/images/helmet9991201_jpg.rf.d09e989059a6d551989c5d0ecf962f6a.jpg,exact_duplicate_dhash_d0
/home/z/my-project/Factory-AI/datasets/production/hardhats/train/images/helmet9991198_jpg.rf.6c675ff8bbacb49d1aafced90eaa412b.jpg,/home/z/my-project/Factory-AI/datasets/production/hardhats/train/images/helmet9991002_jpg.rf.5369ad334d14e09eab42a7508a1e48cc.jpg,exact_duplicate_dhash_d0
/home/z/my-project/Factory-AI/datasets/production/hardhats/train/images/helmet9991200_jpg.rf.34a2083f5e4c56e3680931c04d552c49.jpg,/home/z/my-project/Factory-AI/datasets/production/hardhats/test/images/helmet9991201_jpg.rf.d09e989059a6d551989c5d0ecf962f6a.jpg,exact_duplicate_dhash_d0
/home/z/my-project/Factory-AI/datasets/production/hardhats/train/images/helmet9991202_jpg.rf.8b3226fb496b2c77fd9c86464ba96dfe.jpg,/home/z/my-project/Factory-AI/datasets/production/hardhats/test/images/helmet9991201_jpg.rf.d09e989059a6d551989c5d0ecf962f6a.jpg,exact_duplicate_dhash_d0
/home/z/my-project/Factory-AI/datasets/production/hardhats/train/images/helmet9991203_jpg.rf.715dc75d0e65be88c79f683caaa25d1a.jpg,/home/z/my-project/Factory-AI/datasets/production/hardhats/test/images/helmet9991201_jpg.rf.d09e989059a6d551989c5d0ecf962f6a.jpg,exact_duplicate_dhash_d0
/home/z/my-project/Factory-AI/datasets/production/hardhats/train/images/helmet9991204_jpg.rf.3baebf119e22c1eb0e4a89938cddbb2e.jpg,/home/z/my-project/Factory-AI/datasets/production/hardhats/train/images/helmet9991002_jpg.rf.5369ad334d14e09eab42a7508a1e48cc.jpg,exact_duplicate_dhash_d0
/home/z/my-project/Factory-AI/datasets/production/hardhats/train/images/helmet9991205_jpg.rf.3fc444e7fc362579f6bef0df87ca2c99.jpg,/home/z/my-project/Factory-AI/datasets/production/hardhats/train/images/helmet9991002_jpg.rf.5369ad334d14e09eab42a7508a1e48cc.jpg,exact_duplicate_dhash_d0
/home/z/my-project/Factory-AI/datasets/production/hardhats/train/images/helmet9991206_jpg.rf.c8689fe0f447cbd79fd9b1e9ef5d8119.jpg,/home/z/my-project/Factory-AI/datasets/production/hardhats/train/images/helmet9991002_jpg.rf.5369ad334d14e09eab42a7508a1e48cc.jpg,exact_duplicate_dhash_d0
/home/z/my-project/Factory-AI/datasets/production/hardhats/train/images/helmet9991208_jpg.rf.7c0d4ca14c4dc2caba7b1af74824ac12.jpg,/home/z/my-project/Factory-AI/datasets/production/hardhats/train/images/helmet9991002_jpg.rf.5369ad334d14e09eab42a7508a1e48cc.jpg,exact_duplicate_dhash_d0
/home/z/my-project/Factory-AI/datasets/production/hardhats/train/images/helmet9991209_jpg.rf.efe82a429d612d5c6d000db616c314c8.jpg,/home/z/my-project/Factory-AI/datasets/production/hardhats/test/images/helmet9991201_jpg.rf.d09e989059a6d551989c5d0ecf962f6a.jpg,exact_duplicate_dhash_d0
/home/z/my-project/Factory-AI/datasets/production/hardhats/train/images/helmet9991210_jpg.rf.71a0424343b6b937322fc467ec39f281.jpg,/home/z/my-project/Factory-AI/datasets/production/hardhats/test/images/helmet9991201_jpg.rf.d09e989059a6d551989c5d0ecf962f6a.jpg,exact_duplicate_dhash_d0
/home/z/my-project/Factory-AI/datasets/production/hardhats/train/images/helmet9991211_jpg.rf.20e3fc35ae85d7f23a4d65b28ea56126.jpg,/home/z/my-project/Factory-AI/datasets/production/hardhats/test/images/helmet9991201_jpg.rf.d09e989059a6d551989c5d0ecf962f6a.jpg,exact_duplicate_dhash_d0
/home/z/my-project/Factory-AI/datasets/production/hardhats/train/images/helmet9991212_jpg.rf.5a0039e0b9edbdbd40240c10d40fe79c.jpg,/home/z/my-project/Factory-AI/datasets/production/hardhats/test/images/helmet9991201_jpg.rf.d09e989059a6d551989c5d0ecf962f6a.jpg,exact_duplicate_dhash_d0
/home/z/my-project/Factory-AI/datasets/production/hardhats/train/images/helmet9991214_jpg.rf.62abd00a5ef90639804b12426a8cffff.jpg,/home/z/my-project/Factory-AI/datasets/production/hardhats/test/images/helmet9991201_jpg.rf.d09e989059a6d551989c5d0ecf962f6a.jpg,exact_duplicate_dhash_d0
/home/z/my-project/Factory-AI/datasets/production/hardhats/train/images/helmet9991215_jpg.rf.b94e7c3434cb4646d16305b46b3f0fac.jpg,/home/z/my-project/Factory-AI/datasets/production/hardhats/test/images/helmet9991201_jpg.rf.d09e989059a6d551989c5d0ecf962f6a.jpg,exact_duplicate_dhash_d0
/home/z/my-project/Factory-AI/datasets/production/hardhats/train/images/helmet9991216_jpg.rf.01a9b2b85e84eca33a973ba30b4c924c.jpg,/home/z/my-project/Factory-AI/datasets/production/hardhats/test/images/helmet9991201_jpg.rf.d09e989059a6d551989c5d0ecf962f6a.jpg,exact_duplicate_dhash_d0
/home/z/my-project/Factory-AI/datasets/production/hardhats/train/images/helmet9991217_jpg.rf.5cd5f6e60a74740ff37e60a5765f2620.jpg,/home/z/my-project/Factory-AI/datasets/production/hardhats/test/images/helmet9991201_jpg.rf.d09e989059a6d551989c5d0ecf962f6a.jpg,exact_duplicate_dhash_d0
/home/z/my-project/Factory-AI/datasets/production/hardhats/train/images/helmet9991218_jpg.rf.83af0373e2c5c4ca54416f991c576710.jpg,/home/z/my-project/Factory-AI/datasets/production/hardhats/train/images/helmet9991002_jpg.rf.5369ad334d14e09eab42a7508a1e48cc.jpg,exact_duplicate_dhash_d0
/home/z/my-project/Factory-AI/datasets/production/hardhats/train/images/helmet9991219_jpg.rf.2207e7f7e0581033a0451aa8820fda69.jpg,/home/z/my-project/Factory-AI/datasets/production/hardhats/train/images/helmet9991002_jpg.rf.5369ad334d14e09eab42a7508a1e48cc.jpg,exact_duplicate_dhash_d0
/home/z/my-project/Factory-AI/datasets/production/hardhats/train/images/helmet9991220_jpg.rf.c680aa666624d43ed42215a29e58e3a0.jpg,/home/z/my-project/Factory-AI/datasets/production/hardhats/train/images/helmet9991002_jpg.rf.5369ad334d14e09eab42a7508a1e48cc.jpg,exact_duplicate_dhash_d0
/home/z/my-project/Factory-AI/datasets/production/hardhats/train/images/helmet9991221_jpg.rf.0d28d6f455d948eb9835735ce1663da6.jpg,/home/z/my-project/Factory-AI/datasets/production/hardhats/train/images/helmet9991002_jpg.rf.5369ad334d14e09eab42a7508a1e48cc.jpg,exact_duplicate_dhash_d0
/home/z/my-project/Factory-AI/datasets/production/hardhats/train/images/helmet9991222_jpg.rf.e3ea4922fbbc759fef44085709a4d054.jpg,/home/z/my-project/Factory-AI/datasets/production/hardhats/train/images/helmet9991002_jpg.rf.5369ad334d14e09eab42a7508a1e48cc.jpg,exact_duplicate_dhash_d0
/home/z/my-project/Factory-AI/datasets/production/hardhats/train/images/helmet9991223_jpg.rf.82b9acc1a9653fa105990c3efe6afd51.jpg,/home/z/my-project/Factory-AI/datasets/production/hardhats/train/images/helmet9991002_jpg.rf.5369ad334d14e09eab42a7508a1e48cc.jpg,exact_duplicate_dhash_d0
/home/z/my-project/Factory-AI/datasets/production/hardhats/train/images/helmet9991224_jpg.rf.dcbad0eef604820c6c5cde736ca0e61f.jpg,/home/z/my-project/Factory-AI/datasets/production/hardhats/train/images/helmet9991002_jpg.rf.5369ad334d14e09eab42a7508a1e48cc.jpg,exact_duplicate_dhash_d0
/home/z/my-project/Factory-AI/datasets/production/hardhats/train/images/helmet9991225_jpg.rf.47c7603826f0815d3ef210d7da5d6369.jpg,/home/z/my-project/Factory-AI/datasets/production/hardhats/train/images/helmet9991002_jpg.rf.5369ad334d14e09eab42a7508a1e48cc.jpg,exact_duplicate_dhash_d0
/home/z/my-project/Factory-AI/datasets/production/hardhats/train/images/helmet999504_jpg.rf.b8993e2e0440ceb51e6d9bd6ffcc0945.jpg,/home/z/my-project/Factory-AI/datasets/production/hardhats/train/images/helmet999501_jpg.rf.e2834f7b0fa3032784dc0f0ebc29467c.jpg,exact_duplicate_dhash_d0
/home/z/my-project/Factory-AI/datasets/production/hardhats/train/images/helmet999505_jpg.rf.e9d5abd6670d3ee2c956a1178781d0b0.jpg,/home/z/my-project/Factory-AI/datasets/production/hardhats/train/images/helmet999501_jpg.rf.e2834f7b0fa3032784dc0f0ebc29467c.jpg,exact_duplicate_dhash_d0
/home/z/my-project/Factory-AI/datasets/production/hardhats/train/images/helmet999508_jpg.rf.7804aa31c0e05c4ac5d9aa45580f2034.jpg,/home/z/my-project/Factory-AI/datasets/production/hardhats/test/images/helmet999515_jpg.rf.e646bfb97ea5f50f94b5392f64cce243.jpg,exact_duplicate_dhash_d0
/home/z/my-project/Factory-AI/datasets/production/hardhats/train/images/helmet999512_jpg.rf.23ce8ee8f19759d263ba358f115ef0e4.jpg,/home/z/my-project/Factory-AI/datasets/production/hardhats/train/images/helmet999510_jpg.rf.4720afb0cd632f4b53086f76fcf92529.jpg,exact_duplicate_dhash_d0
/home/z/my-project/Factory-AI/datasets/production/hardhats/train/images/helmet999514_jpg.rf.6465e6b90c204fd67f98857e614b42e2.jpg,/home/z/my-project/Factory-AI/datasets/production/hardhats/test/images/helmet999515_jpg.rf.e646bfb97ea5f50f94b5392f64cce243.jpg,exact_duplicate_dhash_d0
/home/z/my-project/Factory-AI/datasets/production/hardhats/train/images/helmet999516_jpg.rf.628e4b769547151e00f28c9169b54773.jpg,/home/z/my-project/Factory-AI/datasets/production/hardhats/test/images/helmet999515_jpg.rf.e646bfb97ea5f50f94b5392f64cce243.jpg,exact_duplicate_dhash_d0
/home/z/my-project/Factory-AI/datasets/production/hardhats/train/images/helmet999517_jpg.rf.812eb7b7947f0043c39ebec84f6a8670.jpg,/home/z/my-project/Factory-AI/datasets/production/hardhats/test/images/helmet999515_jpg.rf.e646bfb97ea5f50f94b5392f64cce243.jpg,exact_duplicate_dhash_d0
/home/z/my-project/Factory-AI/datasets/production/hardhats/train/images/helmet999521_jpg.rf.65089c1f5be308023120017b739591be.jpg,/home/z/my-project/Factory-AI/datasets/production/hardhats/test/images/helmet999515_jpg.rf.e646bfb97ea5f50f94b5392f64cce243.jpg,exact_duplicate_dhash_d0
/home/z/my-project/Factory-AI/datasets/production/hardhats/train/images/helmet999523_jpg.rf.0dac5a1f09be519de9fe3d41390210ac.jpg,/home/z/my-project/Factory-AI/datasets/production/hardhats/test/images/helmet999515_jpg.rf.e646bfb97ea5f50f94b5392f64cce243.jpg,exact_duplicate_dhash_d0
/home/z/my-project/Factory-AI/datasets/production/hardhats/train/images/helmet999528_jpg.rf.75dda262662e643dddd7338937bc4f66.jpg,/home/z/my-project/Factory-AI/datasets/production/hardhats/train/images/helmet999525_jpg.rf.5c84340df70ff63d37666d3d4b8b1ccf.jpg,exact_duplicate_dhash_d0
/home/z/my-project/Factory-AI/datasets/production/hardhats/train/images/helmet999530_jpg.rf.0ca7aceed1a1c95c0958ec60dfb8072a.jpg,/home/z/my-project/Factory-AI/datasets/production/hardhats/train/images/helmet999525_jpg.rf.5c84340df70ff63d37666d3d4b8b1ccf.jpg,exact_duplicate_dhash_d0
/home/z/my-project/Factory-AI/datasets/production/hardhats/train/images/helmet999531_jpg.rf.7310a0b98b87e2e5fe2cfac9db71e792.jpg,/home/z/my-project/Factory-AI/datasets/production/hardhats/test/images/helmet999533_jpg.rf.80082b789fb285e1d8a75bfc4a229d13.jpg,exact_duplicate_dhash_d0
/home/z/my-project/Factory-AI/datasets/production/hardhats/train/images/helmet999534_jpg.rf.f566a750a3fd2f64a809b94606702b8e.jpg,/home/z/my-project/Factory-AI/datasets/production/hardhats/train/images/helmet999526_jpg.rf.dab3e6d1215b3541049b288043d3a407.jpg,exact_duplicate_dhash_d0
/home/z/my-project/Factory-AI/datasets/production/hardhats/train/images/helmet999536_jpg.rf.df10c3c5a3dce03444e0336a2e529e1c.jpg,/home/z/my-project/Factory-AI/datasets/production/hardhats/train/images/helmet999526_jpg.rf.dab3e6d1215b3541049b288043d3a407.jpg,exact_duplicate_dhash_d0
/home/z/my-project/Factory-AI/datasets/production/hardhats/train/images/helmet999538_jpg.rf.2b445e236afaebb79c7df85547afbfd0.jpg,/home/z/my-project/Factory-AI/datasets/production/hardhats/train/images/helmet999525_jpg.rf.5c84340df70ff63d37666d3d4b8b1ccf.jpg,exact_duplicate_dhash_d0
/home/z/my-project/Factory-AI/datasets/production/hardhats/train/images/helmet999541_jpg.rf.5052569c8185958d7e1efd496fc779ef.jpg,/home/z/my-project/Factory-AI/datasets/production/hardhats/train/images/helmet999510_jpg.rf.4720afb0cd632f4b53086f76fcf92529.jpg,exact_duplicate_dhash_d0
/home/z/my-project/Factory-AI/datasets/production/hardhats/train/images/helmet999542_jpg.rf.ff970889d961efc24aca3a7eaca214d8.jpg,/home/z/my-project/Factory-AI/datasets/production/hardhats/train/images/helmet999540_jpg.rf.0ad0a2d305abd875bcc21c5b52a8e49d.jpg,exact_duplicate_dhash_d0
/home/z/my-project/Factory-AI/datasets/production/hardhats/train/images/helmet999543_jpg.rf.eb5bd72e8c44a3f8e08a54dc7eb762f9.jpg,/home/z/my-project/Factory-AI/datasets/production/hardhats/train/images/helmet999510_jpg.rf.4720afb0cd632f4b53086f76fcf92529.jpg,exact_duplicate_dhash_d0
/home/z/my-project/Factory-AI/datasets/production/hardhats/train/images/helmet999544_jpg.rf.785242f6b030117fc6b2819fc61567ea.jpg,/home/z/my-project/Factory-AI/datasets/production/hardhats/train/images/helmet999510_jpg.rf.4720afb0cd632f4b53086f76fcf92529.jpg,exact_duplicate_dhash_d0
/home/z/my-project/Factory-AI/datasets/production/hardhats/train/images/helmet999545_jpg.rf.6e83d2ffed06f4a5b74cc412aad4b6b7.jpg,/home/z/my-project/Factory-AI/datasets/production/hardhats/train/images/helmet999510_jpg.rf.4720afb0cd632f4b53086f76fcf92529.jpg,exact_duplicate_dhash_d0
/home/z/my-project/Factory-AI/datasets/production/hardhats/train/images/helmet999567_jpg.rf.6a21303bb33c07f6abf4cbc557912794.jpg,/home/z/my-project/Factory-AI/datasets/production/hardhats/test/images/helmet999569_jpg.rf.0427abe5c4c97b80c1748757cacdb630.jpg,exact_duplicate_dhash_d0
/home/z/my-project/Factory-AI/datasets/production/hardhats/train/images/helmet999568_jpg.rf.7ab24042ac76ee934443c622991cbeed.jpg,/home/z/my-project/Factory-AI/datasets/production/hardhats/test/images/helmet999569_jpg.rf.0427abe5c4c97b80c1748757cacdb630.jpg,exact_duplicate_dhash_d0
/home/z/my-project/Factory-AI/datasets/production/hardhats/train/images/helmet999570_jpg.rf.16bbdc717d37e4fe81308b9391db6384.jpg,/home/z/my-project/Factory-AI/datasets/production/hardhats/test/images/helmet999569_jpg.rf.0427abe5c4c97b80c1748757cacdb630.jpg,exact_duplicate_dhash_d0
/home/z/my-project/Factory-AI/datasets/production/hardhats/train/images/helmet999571_jpg.rf.85c4254a60d8eb24e63253de45321275.jpg,/home/z/my-project/Factory-AI/datasets/production/hardhats/test/images/helmet999569_jpg.rf.0427abe5c4c97b80c1748757cacdb630.jpg,exact_duplicate_dhash_d0
/home/z/my-project/Factory-AI/datasets/production/hardhats/train/images/helmet999573_jpg.rf.80eaf98ef9de7a25a7759569c36acfff.jpg,/home/z/my-project/Factory-AI/datasets/production/hardhats/test/images/helmet999569_jpg.rf.0427abe5c4c97b80c1748757cacdb630.jpg,exact_duplicate_dhash_d0
/home/z/my-project/Factory-AI/datasets/production/hardhats/train/images/helmet999574_jpg.rf.282f065332faa1f8e2072dafa57b7118.jpg,/home/z/my-project/Factory-AI/datasets/production/hardhats/test/images/helmet999569_jpg.rf.0427abe5c4c97b80c1748757cacdb630.jpg,exact_duplicate_dhash_d0
/home/z/my-project/Factory-AI/datasets/production/hardhats/train/images/helmet999575_jpg.rf.153971650833e5b0e443730ef3063339.jpg,/home/z/my-project/Factory-AI/datasets/production/hardhats/test/images/helmet999569_jpg.rf.0427abe5c4c97b80c1748757cacdb630.jpg,exact_duplicate_dhash_d0
/home/z/my-project/Factory-AI/datasets/production/hardhats/train/images/helmet999576_jpg.rf.e554d9c4c5be1f7e539ade1624d16e4b.jpg,/home/z/my-project/Factory-AI/datasets/production/hardhats/test/images/helmet999569_jpg.rf.0427abe5c4c97b80c1748757cacdb630.jpg,exact_duplicate_dhash_d0
/home/z/my-project/Factory-AI/datasets/production/hardhats/train/images/helmet999577_jpg.rf.1c7b737a7901c2f8282dc73eca6d3a85.jpg,/home/z/my-project/Factory-AI/datasets/production/hardhats/test/images/helmet999569_jpg.rf.0427abe5c4c97b80c1748757cacdb630.jpg,exact_duplicate_dhash_d0
/home/z/my-project/Factory-AI/datasets/production/hardhats/train/images/helmet999578_jpg.rf.322beb4c68a81b7d5ff13ec92bb76cc3.jpg,/home/z/my-project/Factory-AI/datasets/production/hardhats/test/images/helmet999569_jpg.rf.0427abe5c4c97b80c1748757cacdb630.jpg,exact_duplicate_dhash_d0
/home/z/my-project/Factory-AI/datasets/production/hardhats/train/images/helmet999579_jpg.rf.31ccca444ef12293d374ffb92b5665ae.jpg,/home/z/my-project/Factory-AI/datasets/production/hardhats/test/images/helmet999569_jpg.rf.0427abe5c4c97b80c1748757cacdb630.jpg,exact_duplicate_dhash_d0
/home/z/my-project/Factory-AI/datasets/production/hardhats/train/images/helmet999580_jpg.rf.42f29b17cbb52d5707879450a502b145.jpg,/home/z/my-project/Factory-AI/datasets/production/hardhats/test/images/helmet999569_jpg.rf.0427abe5c4c97b80c1748757cacdb630.jpg,exact_duplicate_dhash_d0
/home/z/my-project/Factory-AI/datasets/production/hardhats/train/images/helmet999581_jpg.rf.a623427dd292be3a7a29fd13dec31acc.jpg,/home/z/my-project/Factory-AI/datasets/production/hardhats/test/images/helmet999569_jpg.rf.0427abe5c4c97b80c1748757cacdb630.jpg,exact_duplicate_dhash_d0
/home/z/my-project/Factory-AI/datasets/production/hardhats/train/images/helmet999584_jpg.rf.a9e787f4246cf240c5aa091c89addd10.jpg,/home/z/my-project/Factory-AI/datasets/production/hardhats/test/images/helmet999569_jpg.rf.0427abe5c4c97b80c1748757cacdb630.jpg,exact_duplicate_dhash_d0
/home/z/my-project/Factory-AI/datasets/production/hardhats/train/images/helmet999585_jpg.rf.8e0c2cdee1a38f31255ef83317ec51e6.jpg,/home/z/my-project/Factory-AI/datasets/production/hardhats/train/images/helmet999582_jpg.rf.45c52036660bf07e076e9e504e27a429.jpg,exact_duplicate_dhash_d0
/home/z/my-project/Factory-AI/datasets/production/hardhats/train/images/helmet999586_jpg.rf.d53e7d82d490c19054b6c8f686f2f31a.jpg,/home/z/my-project/Factory-AI/datasets/production/hardhats/train/images/helmet999582_jpg.rf.45c52036660bf07e076e9e504e27a429.jpg,exact_duplicate_dhash_d0
/home/z/my-project/Factory-AI/datasets/production/hardhats/train/images/helmet999587_jpg.rf.aaa5237202363f8996cee88e9e591f37.jpg,/home/z/my-project/Factory-AI/datasets/production/hardhats/train/images/helmet999582_jpg.rf.45c52036660bf07e076e9e504e27a429.jpg,exact_duplicate_dhash_d0
/home/z/my-project/Factory-AI/datasets/production/hardhats/train/images/helmet999589_jpg.rf.b42128a29028b22b96eadf34f2122461.jpg,/home/z/my-project/Factory-AI/datasets/production/hardhats/train/images/helmet999588_jpg.rf.c830a7600b4dba90b81d834b96bbc1d8.jpg,exact_duplicate_dhash_d0
/home/z/my-project/Factory-AI/datasets/production/hardhats/train/images/helmet999590_jpg.rf.d26903d368b4a8a6230125b556d5214c.jpg,/home/z/my-project/Factory-AI/datasets/production/hardhats/train/images/helmet999588_jpg.rf.c830a7600b4dba90b81d834b96bbc1d8.jpg,exact_duplicate_dhash_d0
/home/z/my-project/Factory-AI/datasets/production/hardhats/train/images/helmet999591_jpg.rf.d12d897f37b5c755e555d3467eaafbcc.jpg,/home/z/my-project/Factory-AI/datasets/production/hardhats/train/images/helmet999582_jpg.rf.45c52036660bf07e076e9e504e27a429.jpg,exact_duplicate_dhash_d0
/home/z/my-project/Factory-AI/datasets/production/hardhats/train/images/helmet999593_jpg.rf.3ca51f78cb0ea8b6454234c6affefd49.jpg,/home/z/my-project/Factory-AI/datasets/production/hardhats/test/images/helmet999569_jpg.rf.0427abe5c4c97b80c1748757cacdb630.jpg,exact_duplicate_dhash_d0
/home/z/my-project/Factory-AI/datasets/production/hardhats/train/images/helmet999595_jpg.rf.7cbaaabbeda34d47af621fbad7b1c3f1.jpg,/home/z/my-project/Factory-AI/datasets/production/hardhats/train/images/helmet999582_jpg.rf.45c52036660bf07e076e9e504e27a429.jpg,exact_duplicate_dhash_d0
/home/z/my-project/Factory-AI/datasets/production/hardhats/train/images/helmet999597_jpg.rf.cc523a0c5b6dd1056c993d9e67a84489.jpg,/home/z/my-project/Factory-AI/datasets/production/hardhats/train/images/helmet999582_jpg.rf.45c52036660bf07e076e9e504e27a429.jpg,exact_duplicate_dhash_d0
/home/z/my-project/Factory-AI/datasets/production/hardhats/train/images/helmet999638_jpg.rf.57f74fe57ec746daf09f7286c4c4451c.jpg,/home/z/my-project/Factory-AI/datasets/production/hardhats/train/images/helmet999637_jpg.rf.316135ee51c0a78912cd8828d0e0922e.jpg,exact_duplicate_dhash_d0
/home/z/my-project/Factory-AI/datasets/production/hardhats/train/images/helmet999640_jpg.rf.bb4c4253bf7fcec45d4f5fc7b4009923.jpg,/home/z/my-project/Factory-AI/datasets/production/hardhats/train/images/helmet999639_jpg.rf.1a5c069758d02edda8b1d1532258236f.jpg,exact_duplicate_dhash_d0
/home/z/my-project/Factory-AI/datasets/production/hardhats/train/images/helmet999641_jpg.rf.70b95da95c951cdf463bb5c2968e62b5.jpg,/home/z/my-project/Factory-AI/datasets/production/hardhats/train/images/helmet999639_jpg.rf.1a5c069758d02edda8b1d1532258236f.jpg,exact_duplicate_dhash_d0
/home/z/my-project/Factory-AI/datasets/production/hardhats/train/images/helmet999649_jpg.rf.caaf6fdbdc189ceed990a8e403ddad5a.jpg,/home/z/my-project/Factory-AI/datasets/production/hardhats/train/images/helmet999645_jpg.rf.56a3f1091f74cf751fc765b151b7ef3b.jpg,exact_duplicate_dhash_d0
/home/z/my-project/Factory-AI/datasets/production/hardhats/train/images/helmet999650_jpg.rf.c5301273e8793854f4f605ef9f723a2c.jpg,/home/z/my-project/Factory-AI/datasets/production/hardhats/train/images/helmet999645_jpg.rf.56a3f1091f74cf751fc765b151b7ef3b.jpg,exact_duplicate_dhash_d0
/home/z/my-project/Factory-AI/datasets/production/hardhats/train/images/helmet999657_jpg.rf.fab7970fe0fb74d3457c584b34e48f91.jpg,/home/z/my-project/Factory-AI/datasets/production/hardhats/train/images/helmet999656_jpg.rf.c28a2d4725b6e907357208ed6fdffbb5.jpg,exact_duplicate_dhash_d0
/home/z/my-project/Factory-AI/datasets/production/hardhats/train/images/helmet999659_jpg.rf.9d4585085843e51e0d1664bb39933e96.jpg,/home/z/my-project/Factory-AI/datasets/production/hardhats/train/images/helmet999658_jpg.rf.1c8a79e83255445278eb6504e0336c40.jpg,exact_duplicate_dhash_d0
/home/z/my-project/Factory-AI/datasets/production/hardhats/train/images/helmet999670_jpg.rf.f7f6bcc3bc7fdf46c4f919fb2cf091c5.jpg,/home/z/my-project/Factory-AI/datasets/production/hardhats/train/images/helmet999666_jpg.rf.6c429b6764c3912438384ccad1f70b96.jpg,exact_duplicate_dhash_d0
/home/z/my-project/Factory-AI/datasets/production/hardhats/train/images/helmet999673_jpg.rf.ddc0e473c74369f55311d0bbc7c5580a.jpg,/home/z/my-project/Factory-AI/datasets/production/hardhats/train/images/helmet999665_jpg.rf.d162017d72372e87d43bfc0dea52f834.jpg,exact_duplicate_dhash_d0
/home/z/my-project/Factory-AI/datasets/production/hardhats/train/images/helmet999675_jpg.rf.a58e54a071cea048121229dc3c7447f4.jpg,/home/z/my-project/Factory-AI/datasets/production/hardhats/train/images/helmet999665_jpg.rf.d162017d72372e87d43bfc0dea52f834.jpg,exact_duplicate_dhash_d0
/home/z/my-project/Factory-AI/datasets/production/hardhats/train/images/helmet999676_jpg.rf.5db4be24b09ffd21af73b3d3bd6344bc.jpg,/home/z/my-project/Factory-AI/datasets/production/hardhats/train/images/helmet999666_jpg.rf.6c429b6764c3912438384ccad1f70b96.jpg,exact_duplicate_dhash_d0
/home/z/my-project/Factory-AI/datasets/production/hardhats/train/images/helmet999682_jpg.rf.df7aefe4cf0038d3580f7f330d3a5446.jpg,/home/z/my-project/Factory-AI/datasets/production/hardhats/test/images/helmet999690_jpg.rf.e406d5c6ca9bfd578ddb552d701b22df.jpg,exact_duplicate_dhash_d0
/home/z/my-project/Factory-AI/datasets/production/hardhats/train/images/helmet999685_jpg.rf.952008b7b703ef8e7c4acbed5e52c7ca.jpg,/home/z/my-project/Factory-AI/datasets/production/hardhats/test/images/helmet999690_jpg.rf.e406d5c6ca9bfd578ddb552d701b22df.jpg,exact_duplicate_dhash_d0
/home/z/my-project/Factory-AI/datasets/production/hardhats/train/images/helmet999686_jpg.rf.c4170d6b2b0a1119ed6aca8945eb4982.jpg,/home/z/my-project/Factory-AI/datasets/production/hardhats/test/images/helmet999690_jpg.rf.e406d5c6ca9bfd578ddb552d701b22df.jpg,exact_duplicate_dhash_d0
/home/z/my-project/Factory-AI/datasets/production/hardhats/train/images/helmet999687_jpg.rf.3d8dbc4e5d4664ba3bfdb0f110938e75.jpg,/home/z/my-project/Factory-AI/datasets/production/hardhats/test/images/helmet999690_jpg.rf.e406d5c6ca9bfd578ddb552d701b22df.jpg,exact_duplicate_dhash_d0
/home/z/my-project/Factory-AI/datasets/production/hardhats/train/images/helmet999688_jpg.rf.05f5c108d72250a5567181526ea8fb25.jpg,/home/z/my-project/Factory-AI/datasets/production/hardhats/test/images/helmet999690_jpg.rf.e406d5c6ca9bfd578ddb552d701b22df.jpg,exact_duplicate_dhash_d0
/home/z/my-project/Factory-AI/datasets/production/hardhats/train/images/helmet999689_jpg.rf.64b0d3aeda70cde260f5a2bd2dfb1d64.jpg,/home/z/my-project/Factory-AI/datasets/production/hardhats/test/images/helmet999690_jpg.rf.e406d5c6ca9bfd578ddb552d701b22df.jpg,exact_duplicate_dhash_d0
/home/z/my-project/Factory-AI/datasets/production/hardhats/train/images/helmet999691_jpg.rf.88d64d3e910581982015579ee367d16d.jpg,/home/z/my-project/Factory-AI/datasets/production/hardhats/test/images/helmet999690_jpg.rf.e406d5c6ca9bfd578ddb552d701b22df.jpg,exact_duplicate_dhash_d0
/home/z/my-project/Factory-AI/datasets/production/hardhats/train/images/helmet999692_jpg.rf.62c8eb3fa16061c919df242bf66555d4.jpg,/home/z/my-project/Factory-AI/datasets/production/hardhats/test/images/helmet999690_jpg.rf.e406d5c6ca9bfd578ddb552d701b22df.jpg,exact_duplicate_dhash_d0
/home/z/my-project/Factory-AI/datasets/production/hardhats/train/images/helmet999695_jpg.rf.aa98835631dcc44d0ed1d7abe9b7d8a9.jpg,/home/z/my-project/Factory-AI/datasets/production/hardhats/test/images/helmet999690_jpg.rf.e406d5c6ca9bfd578ddb552d701b22df.jpg,exact_duplicate_dhash_d0
/home/z/my-project/Factory-AI/datasets/production/hardhats/train/images/helmet999699_jpg.rf.a27564fb2f1d9fa175bbaf0d94e86e87.jpg,/home/z/my-project/Factory-AI/datasets/production/hardhats/test/images/helmet999690_jpg.rf.e406d5c6ca9bfd578ddb552d701b22df.jpg,exact_duplicate_dhash_d0
/home/z/my-project/Factory-AI/datasets/production/hardhats/train/images/helmet999702_jpg.rf.e1cd3b6a7b64db9d78dc7aa8f84ffc5c.jpg,/home/z/my-project/Factory-AI/datasets/production/hardhats/test/images/helmet999690_jpg.rf.e406d5c6ca9bfd578ddb552d701b22df.jpg,exact_duplicate_dhash_d0
/home/z/my-project/Factory-AI/datasets/production/hardhats/train/images/helmet999703_jpg.rf.dfdb68ed739e513e8168757eacf8853f.jpg,/home/z/my-project/Factory-AI/datasets/production/hardhats/test/images/helmet999690_jpg.rf.e406d5c6ca9bfd578ddb552d701b22df.jpg,exact_duplicate_dhash_d0
/home/z/my-project/Factory-AI/datasets/production/hardhats/train/images/helmet999706_jpg.rf.03e39238c881eab8f50f9bee78535bd1.jpg,/home/z/my-project/Factory-AI/datasets/production/hardhats/test/images/helmet999690_jpg.rf.e406d5c6ca9bfd578ddb552d701b22df.jpg,exact_duplicate_dhash_d0
/home/z/my-project/Factory-AI/datasets/production/hardhats/train/images/helmet999707_jpg.rf.a4f9c42e77b72d29056ce5804c1b2587.jpg,/home/z/my-project/Factory-AI/datasets/production/hardhats/test/images/helmet999690_jpg.rf.e406d5c6ca9bfd578ddb552d701b22df.jpg,exact_duplicate_dhash_d0
/home/z/my-project/Factory-AI/datasets/production/hardhats/train/images/helmet999708_jpg.rf.8a21ea887bb7a5188510da02d8f85bec.jpg,/home/z/my-project/Factory-AI/datasets/production/hardhats/test/images/helmet999690_jpg.rf.e406d5c6ca9bfd578ddb552d701b22df.jpg,exact_duplicate_dhash_d0
/home/z/my-project/Factory-AI/datasets/production/hardhats/train/images/helmet999710_jpg.rf.af208ee6822f8912a86ca640c4579618.jpg,/home/z/my-project/Factory-AI/datasets/production/hardhats/test/images/helmet999690_jpg.rf.e406d5c6ca9bfd578ddb552d701b22df.jpg,exact_duplicate_dhash_d0
/home/z/my-project/Factory-AI/datasets/production/hardhats/train/images/helmet999717_jpg.rf.dfecf296acc3087ce4c4d745a37a3ca6.jpg,/home/z/my-project/Factory-AI/datasets/production/hardhats/test/images/helmet999716_jpg.rf.a7f487e24556a6ff5112ca2a93283736.jpg,exact_duplicate_dhash_d0
/home/z/my-project/Factory-AI/datasets/production/hardhats/train/images/helmet999726_jpg.rf.a50bf917ef95716147fb58290d788bb6.jpg,/home/z/my-project/Factory-AI/datasets/production/hardhats/test/images/helmet999731_jpg.rf.68448d4a6998eb4f98489faf70c02698.jpg,exact_duplicate_dhash_d0
/home/z/my-project/Factory-AI/datasets/production/hardhats/train/images/helmet999727_jpg.rf.60b93b505c775d37c2ef972618a2f2b4.jpg,/home/z/my-project/Factory-AI/datasets/production/hardhats/train/images/helmet999725_jpg.rf.b6a3a1225a7e8219ade316b73595d80d.jpg,exact_duplicate_dhash_d0
/home/z/my-project/Factory-AI/datasets/production/hardhats/train/images/helmet999729_jpg.rf.926239f4268a097ed0974f19d298559c.jpg,/home/z/my-project/Factory-AI/datasets/production/hardhats/test/images/helmet999731_jpg.rf.68448d4a6998eb4f98489faf70c02698.jpg,exact_duplicate_dhash_d0
/home/z/my-project/Factory-AI/datasets/production/hardhats/train/images/helmet999730_jpg.rf.ffce8dd059f3051549aa633e989f6827.jpg,/home/z/my-project/Factory-AI/datasets/production/hardhats/test/images/helmet999731_jpg.rf.68448d4a6998eb4f98489faf70c02698.jpg,exact_duplicate_dhash_d0
/home/z/my-project/Factory-AI/datasets/production/hardhats/train/images/helmet999732_jpg.rf.fddeb4debf6257ae41240315cb601332.jpg,/home/z/my-project/Factory-AI/datasets/production/hardhats/test/images/helmet999731_jpg.rf.68448d4a6998eb4f98489faf70c02698.jpg,exact_duplicate_dhash_d0
/home/z/my-project/Factory-AI/datasets/production/hardhats/train/images/helmet999733_jpg.rf.49a0cb79ab65114a7e9daa77421c5cbe.jpg,/home/z/my-project/Factory-AI/datasets/production/hardhats/test/images/helmet999731_jpg.rf.68448d4a6998eb4f98489faf70c02698.jpg,exact_duplicate_dhash_d0
/home/z/my-project/Factory-AI/datasets/production/hardhats/train/images/helmet999734_jpg.rf.9603f672857774dbc261a8f399d5efec.jpg,/home/z/my-project/Factory-AI/datasets/production/hardhats/test/images/helmet999731_jpg.rf.68448d4a6998eb4f98489faf70c02698.jpg,exact_duplicate_dhash_d0
/home/z/my-project/Factory-AI/datasets/production/hardhats/train/images/helmet999735_jpg.rf.341a8ae4c88bc1a11643b26e689d3d53.jpg,/home/z/my-project/Factory-AI/datasets/production/hardhats/test/images/helmet999731_jpg.rf.68448d4a6998eb4f98489faf70c02698.jpg,exact_duplicate_dhash_d0
/home/z/my-project/Factory-AI/datasets/production/hardhats/train/images/helmet999736_jpg.rf.ddbc7c0ea9794aa5579cb4b8ca8143b3.jpg,/home/z/my-project/Factory-AI/datasets/production/hardhats/test/images/helmet999731_jpg.rf.68448d4a6998eb4f98489faf70c02698.jpg,exact_duplicate_dhash_d0
/home/z/my-project/Factory-AI/datasets/production/hardhats/train/images/helmet999737_jpg.rf.7d3f85ff035bf575fe5127122a2ce77a.jpg,/home/z/my-project/Factory-AI/datasets/production/hardhats/test/images/helmet999731_jpg.rf.68448d4a6998eb4f98489faf70c02698.jpg,exact_duplicate_dhash_d0
/home/z/my-project/Factory-AI/datasets/production/hardhats/train/images/helmet999738_jpg.rf.7601a73cd73039a60e9c6edcc438f16d.jpg,/home/z/my-project/Factory-AI/datasets/production/hardhats/test/images/helmet999731_jpg.rf.68448d4a6998eb4f98489faf70c02698.jpg,exact_duplicate_dhash_d0
/home/z/my-project/Factory-AI/datasets/production/hardhats/train/images/helmet999739_jpg.rf.58ae9ded14486216f45089542a7e82a9.jpg,/home/z/my-project/Factory-AI/datasets/production/hardhats/test/images/helmet999731_jpg.rf.68448d4a6998eb4f98489faf70c02698.jpg,exact_duplicate_dhash_d0
/home/z/my-project/Factory-AI/datasets/production/hardhats/train/images/helmet999741_jpg.rf.9a377b1fe1ff6cb16af5abfdb1ffbe9b.jpg,/home/z/my-project/Factory-AI/datasets/production/hardhats/test/images/helmet999731_jpg.rf.68448d4a6998eb4f98489faf70c02698.jpg,exact_duplicate_dhash_d0
/home/z/my-project/Factory-AI/datasets/production/hardhats/train/images/helmet999747_jpg.rf.b254f8272e47a58f10013f95f328aa82.jpg,/home/z/my-project/Factory-AI/datasets/production/hardhats/train/images/helmet999746_jpg.rf.1b02e2897774466f0cf8b1c4b0165eb4.jpg,exact_duplicate_dhash_d0
/home/z/my-project/Factory-AI/datasets/production/hardhats/train/images/helmet999749_jpg.rf.ebfc29f97935d7f647eb519b5c2547ef.jpg,/home/z/my-project/Factory-AI/datasets/production/hardhats/train/images/helmet999748_jpg.rf.f34705d64d6ae2803edfbdf69845b068.jpg,exact_duplicate_dhash_d0
/home/z/my-project/Factory-AI/datasets/production/hardhats/train/images/helmet999771_jpg.rf.efaadef9e1aaa79d75d385f15b0344ec.jpg,/home/z/my-project/Factory-AI/datasets/production/hardhats/test/images/helmet9991201_jpg.rf.d09e989059a6d551989c5d0ecf962f6a.jpg,exact_duplicate_dhash_d0
/home/z/my-project/Factory-AI/datasets/production/hardhats/train/images/helmet999772_jpg.rf.676c337c564893950692f89e06558df5.jpg,/home/z/my-project/Factory-AI/datasets/production/hardhats/test/images/helmet9991201_jpg.rf.d09e989059a6d551989c5d0ecf962f6a.jpg,exact_duplicate_dhash_d0
/home/z/my-project/Factory-AI/datasets/production/hardhats/train/images/helmet999773_jpg.rf.630c26c719db2ac1cd39378247fa2ca5.jpg,/home/z/my-project/Factory-AI/datasets/production/hardhats/test/images/helmet9991201_jpg.rf.d09e989059a6d551989c5d0ecf962f6a.jpg,exact_duplicate_dhash_d0
/home/z/my-project/Factory-AI/datasets/production/hardhats/train/images/helmet999774_jpg.rf.1f04e6ad647932d70e049d456379c689.jpg,/home/z/my-project/Factory-AI/datasets/production/hardhats/test/images/helmet9991201_jpg.rf.d09e989059a6d551989c5d0ecf962f6a.jpg,exact_duplicate_dhash_d0
/home/z/my-project/Factory-AI/datasets/production/hardhats/train/images/helmet999776_jpg.rf.37c6fc7bdc60d12c2c683ab79f81ea9f.jpg,/home/z/my-project/Factory-AI/datasets/production/hardhats/test/images/helmet9991201_jpg.rf.d09e989059a6d551989c5d0ecf962f6a.jpg,exact_duplicate_dhash_d0
/home/z/my-project/Factory-AI/datasets/production/hardhats/train/images/helmet999784_jpg.rf.052ab7fb98124fd11e9f2e6ffcc6889d.jpg,/home/z/my-project/Factory-AI/datasets/production/hardhats/test/images/helmet999817_jpg.rf.597624c378f750ef7f09244769668df3.jpg,exact_duplicate_dhash_d0
/home/z/my-project/Factory-AI/datasets/production/hardhats/train/images/helmet999785_jpg.rf.028107dbd1daaf748aee5b3b72293a8c.jpg,/home/z/my-project/Factory-AI/datasets/production/hardhats/test/images/helmet999792_jpg.rf.b945b165c39480c9e94c5d1dcd729f23.jpg,exact_duplicate_dhash_d0
/home/z/my-project/Factory-AI/datasets/production/hardhats/train/images/helmet999786_jpg.rf.a31452908f23540ec8482bbe5d43be30.jpg,/home/z/my-project/Factory-AI/datasets/production/hardhats/test/images/helmet999792_jpg.rf.b945b165c39480c9e94c5d1dcd729f23.jpg,exact_duplicate_dhash_d0
/home/z/my-project/Factory-AI/datasets/production/hardhats/train/images/helmet999787_jpg.rf.f6bad7a8f530aebd3ed7aebab0b47305.jpg,/home/z/my-project/Factory-AI/datasets/production/hardhats/test/images/helmet999792_jpg.rf.b945b165c39480c9e94c5d1dcd729f23.jpg,exact_duplicate_dhash_d0
/home/z/my-project/Factory-AI/datasets/production/hardhats/train/images/helmet999789_jpg.rf.2db37ba32546adf534bd693a84cd6b63.jpg,/home/z/my-project/Factory-AI/datasets/production/hardhats/test/images/helmet999792_jpg.rf.b945b165c39480c9e94c5d1dcd729f23.jpg,exact_duplicate_dhash_d0
/home/z/my-project/Factory-AI/datasets/production/hardhats/train/images/helmet999790_jpg.rf.b7d53dd501892929e1f40da217b29cbf.jpg,/home/z/my-project/Factory-AI/datasets/production/hardhats/train/images/helmet999788_jpg.rf.0e71074d863b5e7d0850274377442156.jpg,exact_duplicate_dhash_d0
/home/z/my-project/Factory-AI/datasets/production/hardhats/train/images/helmet999793_jpg.rf.f84555f84a161225ec1fa3ee8c0fe215.jpg,/home/z/my-project/Factory-AI/datasets/production/hardhats/test/images/helmet999792_jpg.rf.b945b165c39480c9e94c5d1dcd729f23.jpg,exact_duplicate_dhash_d0
/home/z/my-project/Factory-AI/datasets/production/hardhats/train/images/helmet999794_jpg.rf.d0a102c4b573b665222d6319e624b80d.jpg,/home/z/my-project/Factory-AI/datasets/production/hardhats/test/images/helmet999792_jpg.rf.b945b165c39480c9e94c5d1dcd729f23.jpg,exact_duplicate_dhash_d0
/home/z/my-project/Factory-AI/datasets/production/hardhats/train/images/helmet999796_jpg.rf.841c48fe698691ea4fb0717192b12eb9.jpg,/home/z/my-project/Factory-AI/datasets/production/hardhats/test/images/helmet999792_jpg.rf.b945b165c39480c9e94c5d1dcd729f23.jpg,exact_duplicate_dhash_d0
/home/z/my-project/Factory-AI/datasets/production/hardhats/train/images/helmet999800_jpg.rf.01b04b059276ff3e60c29757dc7c443e.jpg,/home/z/my-project/Factory-AI/datasets/production/hardhats/test/images/helmet999792_jpg.rf.b945b165c39480c9e94c5d1dcd729f23.jpg,exact_duplicate_dhash_d0
/home/z/my-project/Factory-AI/datasets/production/hardhats/train/images/helmet999803_jpg.rf.51801f8bfd81fc739e7cc6a33fa450f8.jpg,/home/z/my-project/Factory-AI/datasets/production/hardhats/test/images/helmet999817_jpg.rf.597624c378f750ef7f09244769668df3.jpg,exact_duplicate_dhash_d0
/home/z/my-project/Factory-AI/datasets/production/hardhats/train/images/helmet999805_jpg.rf.e59b4eba1040632c807eb03e1a923f48.jpg,/home/z/my-project/Factory-AI/datasets/production/hardhats/test/images/helmet999792_jpg.rf.b945b165c39480c9e94c5d1dcd729f23.jpg,exact_duplicate_dhash_d0
/home/z/my-project/Factory-AI/datasets/production/hardhats/train/images/helmet999806_jpg.rf.d393826265e09d4eb35f24b4a6787179.jpg,/home/z/my-project/Factory-AI/datasets/production/hardhats/test/images/helmet999792_jpg.rf.b945b165c39480c9e94c5d1dcd729f23.jpg,exact_duplicate_dhash_d0
/home/z/my-project/Factory-AI/datasets/production/hardhats/train/images/helmet999808_jpg.rf.e8819df6617d22f5e66d040960214af6.jpg,/home/z/my-project/Factory-AI/datasets/production/hardhats/test/images/helmet999792_jpg.rf.b945b165c39480c9e94c5d1dcd729f23.jpg,exact_duplicate_dhash_d0
/home/z/my-project/Factory-AI/datasets/production/hardhats/train/images/helmet999809_jpg.rf.4a4bc470598a42f3edd7a5fd09a351ff.jpg,/home/z/my-project/Factory-AI/datasets/production/hardhats/test/images/helmet999792_jpg.rf.b945b165c39480c9e94c5d1dcd729f23.jpg,exact_duplicate_dhash_d0
/home/z/my-project/Factory-AI/datasets/production/hardhats/train/images/helmet999810_jpg.rf.b2033947fcec83d3af6e8cb59f3c2e60.jpg,/home/z/my-project/Factory-AI/datasets/production/hardhats/test/images/helmet999792_jpg.rf.b945b165c39480c9e94c5d1dcd729f23.jpg,exact_duplicate_dhash_d0
/home/z/my-project/Factory-AI/datasets/production/hardhats/train/images/helmet999813_jpg.rf.dba4584d584c37bf6a13d9bae9f56b3f.jpg,/home/z/my-project/Factory-AI/datasets/production/hardhats/train/images/helmet999812_jpg.rf.083d4d8600e742cd95a6f47b1f407344.jpg,exact_duplicate_dhash_d0
/home/z/my-project/Factory-AI/datasets/production/hardhats/train/images/helmet999814_jpg.rf.12b07bee6f3a5afee2e639e1c4ca6820.jpg,/home/z/my-project/Factory-AI/datasets/production/hardhats/train/images/helmet999812_jpg.rf.083d4d8600e742cd95a6f47b1f407344.jpg,exact_duplicate_dhash_d0
/home/z/my-project/Factory-AI/datasets/production/hardhats/train/images/helmet999818_jpg.rf.cd32f242dbb5ef0302e313875cd46bc1.jpg,/home/z/my-project/Factory-AI/datasets/production/hardhats/test/images/helmet999792_jpg.rf.b945b165c39480c9e94c5d1dcd729f23.jpg,exact_duplicate_dhash_d0
/home/z/my-project/Factory-AI/datasets/production/hardhats/train/images/helmet999819_jpg.rf.0da2bb5e89701809dc9760832db98564.jpg,/home/z/my-project/Factory-AI/datasets/production/hardhats/train/images/helmet999799_jpg.rf.5a4b8c0045f15d911401b6ae34e1ac13.jpg,exact_duplicate_dhash_d0
/home/z/my-project/Factory-AI/datasets/production/hardhats/train/images/helmet999825_jpg.rf.278eff34deee7fe445e12745229a4fa1.jpg,/home/z/my-project/Factory-AI/datasets/production/hardhats/train/images/helmet999645_jpg.rf.56a3f1091f74cf751fc765b151b7ef3b.jpg,exact_duplicate_dhash_d0
/home/z/my-project/Factory-AI/datasets/production/hardhats/train/images/helmet999827_jpg.rf.619003e16f923baad26c72a497634199.jpg,/home/z/my-project/Factory-AI/datasets/production/hardhats/train/images/helmet999826_jpg.rf.2154dabc6622c7bbbd54ded7f2d912dc.jpg,exact_duplicate_dhash_d0
/home/z/my-project/Factory-AI/datasets/production/hardhats/train/images/helmet999844_jpg.rf.92cd3142bf05550adda32c01f983ff25.jpg,/home/z/my-project/Factory-AI/datasets/production/hardhats/test/images/helmet999792_jpg.rf.b945b165c39480c9e94c5d1dcd729f23.jpg,exact_duplicate_dhash_d0
/home/z/my-project/Factory-AI/datasets/production/hardhats/train/images/helmet999849_jpg.rf.705cccd6ad89b9e0d52c46368139b59c.jpg,/home/z/my-project/Factory-AI/datasets/production/hardhats/train/images/helmet999801_jpg.rf.1b1a9197979b6431d7267365b250aee2.jpg,exact_duplicate_dhash_d0
/home/z/my-project/Factory-AI/datasets/production/hardhats/train/images/helmet999850_jpg.rf.63b6bc5f2b9fde86a33dd71b3428e79c.jpg,/home/z/my-project/Factory-AI/datasets/production/hardhats/train/images/helmet999788_jpg.rf.0e71074d863b5e7d0850274377442156.jpg,exact_duplicate_dhash_d0
/home/z/my-project/Factory-AI/datasets/production/hardhats/train/images/helmet999851_jpg.rf.2942a9c9f63c91e27d726a2d0bdd3b49.jpg,/home/z/my-project/Factory-AI/datasets/production/hardhats/train/images/helmet999788_jpg.rf.0e71074d863b5e7d0850274377442156.jpg,exact_duplicate_dhash_d0
/home/z/my-project/Factory-AI/datasets/production/hardhats/train/images/helmet999852_jpg.rf.f8f75a8a6a0fe9ce9ecb675541c3977f.jpg,/home/z/my-project/Factory-AI/datasets/production/hardhats/train/images/helmet999788_jpg.rf.0e71074d863b5e7d0850274377442156.jpg,exact_duplicate_dhash_d0
/home/z/my-project/Factory-AI/datasets/production/hardhats/train/images/helmet999853_jpg.rf.dd9743ecba6f8233536304f2b3c20723.jpg,/home/z/my-project/Factory-AI/datasets/production/hardhats/train/images/helmet999788_jpg.rf.0e71074d863b5e7d0850274377442156.jpg,exact_duplicate_dhash_d0
/home/z/my-project/Factory-AI/datasets/production/hardhats/train/images/helmet999860_jpg.rf.3485dcbafa8368276377baadd802552a.jpg,/home/z/my-project/Factory-AI/datasets/production/hardhats/train/images/helmet999859_jpg.rf.85ccf261bdd7e9a82baac1041e4ac23e.jpg,exact_duplicate_dhash_d0
/home/z/my-project/Factory-AI/datasets/production/hardhats/train/images/helmet999861_jpg.rf.6d5bf318c4115f9f30f6e4bae482fa6f.jpg,/home/z/my-project/Factory-AI/datasets/production/hardhats/train/images/helmet9991127_jpg.rf.48838df9e63227979ce733b3a39e968e.jpg,exact_duplicate_dhash_d0
/home/z/my-project/Factory-AI/datasets/production/hardhats/train/images/helmet999862_jpg.rf.08da22843119eb5681e8aa5564efdcc3.jpg,/home/z/my-project/Factory-AI/datasets/production/hardhats/train/images/helmet9991127_jpg.rf.48838df9e63227979ce733b3a39e968e.jpg,exact_duplicate_dhash_d0
/home/z/my-project/Factory-AI/datasets/production/hardhats/train/images/helmet999868_jpg.rf.5afe79a0fc128a03f7c014429376f668.jpg,/home/z/my-project/Factory-AI/datasets/production/hardhats/train/images/helmet999867_jpg.rf.53d5c4ca8532d1c63523a97cc57a0d7a.jpg,exact_duplicate_dhash_d0
/home/z/my-project/Factory-AI/datasets/production/hardhats/train/images/helmet999884_jpg.rf.9ba06909953507ffc6b1f94ac0ff4495.jpg,/home/z/my-project/Factory-AI/datasets/production/hardhats/test/images/helmet9991072_jpg.rf.7049a3f2d19e8ff9d4d720536188bab5.jpg,exact_duplicate_dhash_d0
/home/z/my-project/Factory-AI/datasets/production/hardhats/train/images/helmet999885_jpg.rf.f0c50d404e6e2d98c7c17acaa5f5b7dc.jpg,/home/z/my-project/Factory-AI/datasets/production/hardhats/train/images/helmet9991131_jpg.rf.5d70fecf32d71482ebcced9c70e80945.jpg,exact_duplicate_dhash_d0
/home/z/my-project/Factory-AI/datasets/production/hardhats/train/images/helmet999887_jpg.rf.59fe8abd0bbaf7fbfb32e99469f9ecf7.jpg,/home/z/my-project/Factory-AI/datasets/production/hardhats/train/images/helmet9991081_jpg.rf.bdfa182a4ad5001f64e65aa6b11fa10f.jpg,exact_duplicate_dhash_d0
/home/z/my-project/Factory-AI/datasets/production/hardhats/train/images/helmet999888_jpg.rf.ff33fa22f9129b6093d711e3d8905581.jpg,/home/z/my-project/Factory-AI/datasets/production/hardhats/train/images/helmet9991081_jpg.rf.bdfa182a4ad5001f64e65aa6b11fa10f.jpg,exact_duplicate_dhash_d0
/home/z/my-project/Factory-AI/datasets/production/hardhats/train/images/helmet999889_jpg.rf.aa6c63c7177af23673fd81fad26b31c8.jpg,/home/z/my-project/Factory-AI/datasets/production/hardhats/train/images/helmet9991081_jpg.rf.bdfa182a4ad5001f64e65aa6b11fa10f.jpg,exact_duplicate_dhash_d0
/home/z/my-project/Factory-AI/datasets/production/hardhats/train/images/helmet999890_jpg.rf.c98c8a357a468710b4ea39a6ac819f6d.jpg,/home/z/my-project/Factory-AI/datasets/production/hardhats/train/images/helmet9991081_jpg.rf.bdfa182a4ad5001f64e65aa6b11fa10f.jpg,exact_duplicate_dhash_d0
/home/z/my-project/Factory-AI/datasets/production/hardhats/train/images/helmet999891_jpg.rf.0efca6e1e3bdf5e26b85f1ae913eb6d9.jpg,/home/z/my-project/Factory-AI/datasets/production/hardhats/train/images/helmet9991069_jpg.rf.e0d828fdfc2651963dd8101ce0e75ef3.jpg,exact_duplicate_dhash_d0
/home/z/my-project/Factory-AI/datasets/production/hardhats/train/images/helmet999894_jpg.rf.4cfdcc4abaf4521801e2dd0743cc4d7e.jpg,/home/z/my-project/Factory-AI/datasets/production/hardhats/train/images/helmet9991069_jpg.rf.e0d828fdfc2651963dd8101ce0e75ef3.jpg,exact_duplicate_dhash_d0
/home/z/my-project/Factory-AI/datasets/production/hardhats/train/images/helmet999925_jpg.rf.3c99485fb5df5de64a46477286a09589.jpg,/home/z/my-project/Factory-AI/datasets/production/hardhats/train/images/helmet999920_jpg.rf.7131cc5f298a231ae0cb272e4549e911.jpg,exact_duplicate_dhash_d0
/home/z/my-project/Factory-AI/datasets/production/hardhats/train/images/helmet999933_jpg.rf.ab6038744ceb8a5b4f40651a968d9d20.jpg,/home/z/my-project/Factory-AI/datasets/production/hardhats/test/images/helmet999934_jpg.rf.7ac9be3c69da7e2d4edf14bf94abc29c.jpg,exact_duplicate_dhash_d0
/home/z/my-project/Factory-AI/datasets/production/hardhats/train/images/helmet999936_jpg.rf.ff15d3cf758dadcb54d79b37106c73e7.jpg,/home/z/my-project/Factory-AI/datasets/production/hardhats/test/images/helmet999934_jpg.rf.7ac9be3c69da7e2d4edf14bf94abc29c.jpg,exact_duplicate_dhash_d0
/home/z/my-project/Factory-AI/datasets/production/hardhats/train/images/helmet999937_jpg.rf.42ac8074aeed97b7c1f66da512b619bc.jpg,/home/z/my-project/Factory-AI/datasets/production/hardhats/test/images/helmet999934_jpg.rf.7ac9be3c69da7e2d4edf14bf94abc29c.jpg,exact_duplicate_dhash_d0
/home/z/my-project/Factory-AI/datasets/production/hardhats/train/images/helmet999938_jpg.rf.4fa5ef572e698df3c4137da4f6089c18.jpg,/home/z/my-project/Factory-AI/datasets/production/hardhats/test/images/helmet999934_jpg.rf.7ac9be3c69da7e2d4edf14bf94abc29c.jpg,exact_duplicate_dhash_d0
/home/z/my-project/Factory-AI/datasets/production/hardhats/train/images/helmet999940_jpg.rf.a5811072f19321c041583e2e2e67041f.jpg,/home/z/my-project/Factory-AI/datasets/production/hardhats/test/images/helmet999934_jpg.rf.7ac9be3c69da7e2d4edf14bf94abc29c.jpg,exact_duplicate_dhash_d0
/home/z/my-project/Factory-AI/datasets/production/hardhats/train/images/helmet999941_jpg.rf.20a62895200ac23eeb7029b1b1e45f82.jpg,/home/z/my-project/Factory-AI/datasets/production/hardhats/test/images/helmet999934_jpg.rf.7ac9be3c69da7e2d4edf14bf94abc29c.jpg,exact_duplicate_dhash_d0
/home/z/my-project/Factory-AI/datasets/production/hardhats/train/images/helmet999942_jpg.rf.d77c6cf1ea5fd3acfb46f664d2d3d333.jpg,/home/z/my-project/Factory-AI/datasets/production/hardhats/test/images/helmet999934_jpg.rf.7ac9be3c69da7e2d4edf14bf94abc29c.jpg,exact_duplicate_dhash_d0
/home/z/my-project/Factory-AI/datasets/production/hardhats/train/images/helmet999943_jpg.rf.974482237d371f024e4c77a1acd9ea0f.jpg,/home/z/my-project/Factory-AI/datasets/production/hardhats/test/images/helmet999934_jpg.rf.7ac9be3c69da7e2d4edf14bf94abc29c.jpg,exact_duplicate_dhash_d0
/home/z/my-project/Factory-AI/datasets/production/hardhats/train/images/helmet999944_jpg.rf.db195f9b367232915f68949adb6a8f24.jpg,/home/z/my-project/Factory-AI/datasets/production/hardhats/test/images/helmet999934_jpg.rf.7ac9be3c69da7e2d4edf14bf94abc29c.jpg,exact_duplicate_dhash_d0
/home/z/my-project/Factory-AI/datasets/production/hardhats/train/images/helmet999945_jpg.rf.e1ffb34dcdd6d6181bc2bc464de6fca7.jpg,/home/z/my-project/Factory-AI/datasets/production/hardhats/test/images/helmet999934_jpg.rf.7ac9be3c69da7e2d4edf14bf94abc29c.jpg,exact_duplicate_dhash_d0
/home/z/my-project/Factory-AI/datasets/production/hardhats/train/images/helmet999946_jpg.rf.788c769eaf058973a61f02eb17421e12.jpg,/home/z/my-project/Factory-AI/datasets/production/hardhats/test/images/helmet999934_jpg.rf.7ac9be3c69da7e2d4edf14bf94abc29c.jpg,exact_duplicate_dhash_d0
/home/z/my-project/Factory-AI/datasets/production/hardhats/train/images/helmet999947_jpg.rf.008d186b5d05c05832a4d54f48b981e4.jpg,/home/z/my-project/Factory-AI/datasets/production/hardhats/test/images/helmet999934_jpg.rf.7ac9be3c69da7e2d4edf14bf94abc29c.jpg,exact_duplicate_dhash_d0
/home/z/my-project/Factory-AI/datasets/production/hardhats/train/images/helmet999948_jpg.rf.fb72bab9f881ce8ec3832b1460812058.jpg,/home/z/my-project/Factory-AI/datasets/production/hardhats/test/images/helmet999934_jpg.rf.7ac9be3c69da7e2d4edf14bf94abc29c.jpg,exact_duplicate_dhash_d0
/home/z/my-project/Factory-AI/datasets/production/hardhats/train/images/helmet999950_jpg.rf.efbf4480e57d6f491ce30c04e032314a.jpg,/home/z/my-project/Factory-AI/datasets/production/hardhats/train/images/helmet999949_jpg.rf.a33442078b8019caf7dbcabdc99b26ed.jpg,exact_duplicate_dhash_d0
/home/z/my-project/Factory-AI/datasets/production/hardhats/train/images/helmet999956_jpg.rf.9146fca3607f2a6cd005f35810469bbe.jpg,/home/z/my-project/Factory-AI/datasets/production/hardhats/test/images/helmet999958_jpg.rf.c20b516a6a36203afcd0cd426a11b71c.jpg,exact_duplicate_dhash_d0
/home/z/my-project/Factory-AI/datasets/production/hardhats/train/images/helmet999957_jpg.rf.6a47fc4e2b5a7be4d5374347b39adb8b.jpg,/home/z/my-project/Factory-AI/datasets/production/hardhats/test/images/helmet999958_jpg.rf.c20b516a6a36203afcd0cd426a11b71c.jpg,exact_duplicate_dhash_d0
/home/z/my-project/Factory-AI/datasets/production/hardhats/train/images/helmet999959_jpg.rf.d604b841ef63695b3e4ae295912f28ce.jpg,/home/z/my-project/Factory-AI/datasets/production/hardhats/test/images/helmet999958_jpg.rf.c20b516a6a36203afcd0cd426a11b71c.jpg,exact_duplicate_dhash_d0
/home/z/my-project/Factory-AI/datasets/production/hardhats/train/images/helmet999960_jpg.rf.02d8a0c78951713e2edd1ea379d3c6db.jpg,/home/z/my-project/Factory-AI/datasets/production/hardhats/test/images/helmet999958_jpg.rf.c20b516a6a36203afcd0cd426a11b71c.jpg,exact_duplicate_dhash_d0
/home/z/my-project/Factory-AI/datasets/production/hardhats/train/images/helmet999963_jpg.rf.21f3ff70dac5af52aab317acc9aa0abc.jpg,/home/z/my-project/Factory-AI/datasets/production/hardhats/test/images/helmet999958_jpg.rf.c20b516a6a36203afcd0cd426a11b71c.jpg,exact_duplicate_dhash_d0
/home/z/my-project/Factory-AI/datasets/production/hardhats/train/images/helmet999964_jpg.rf.36f683b0e8a79520a6210fd6f1fd6b50.jpg,/home/z/my-project/Factory-AI/datasets/production/hardhats/test/images/helmet999958_jpg.rf.c20b516a6a36203afcd0cd426a11b71c.jpg,exact_duplicate_dhash_d0
/home/z/my-project/Factory-AI/datasets/production/hardhats/train/images/helmet999966_jpg.rf.e1af3ad4ebe611a4f565f8f8fe8e6c09.jpg,/home/z/my-project/Factory-AI/datasets/production/hardhats/test/images/helmet999958_jpg.rf.c20b516a6a36203afcd0cd426a11b71c.jpg,exact_duplicate_dhash_d0
/home/z/my-project/Factory-AI/datasets/production/hardhats/train/images/helmet999967_jpg.rf.888c80122f419f793a3cd751f33d73e2.jpg,/home/z/my-project/Factory-AI/datasets/production/hardhats/test/images/helmet999958_jpg.rf.c20b516a6a36203afcd0cd426a11b71c.jpg,exact_duplicate_dhash_d0
/home/z/my-project/Factory-AI/datasets/production/hardhats/train/images/helmet999968_jpg.rf.c11e5e195e47a247c1a5a19ceb812caa.jpg,/home/z/my-project/Factory-AI/datasets/production/hardhats/test/images/helmet999958_jpg.rf.c20b516a6a36203afcd0cd426a11b71c.jpg,exact_duplicate_dhash_d0
/home/z/my-project/Factory-AI/datasets/production/hardhats/train/images/helmet999969_jpg.rf.481b4522a26781f4ca4246ecb1c3fe20.jpg,/home/z/my-project/Factory-AI/datasets/production/hardhats/test/images/helmet999958_jpg.rf.c20b516a6a36203afcd0cd426a11b71c.jpg,exact_duplicate_dhash_d0
/home/z/my-project/Factory-AI/datasets/production/hardhats/train/images/helmet999970_jpg.rf.5c847af61b03bb2c18da8dae8131c5fe.jpg,/home/z/my-project/Factory-AI/datasets/production/hardhats/test/images/helmet999958_jpg.rf.c20b516a6a36203afcd0cd426a11b71c.jpg,exact_duplicate_dhash_d0
/home/z/my-project/Factory-AI/datasets/production/hardhats/train/images/helmet999971_jpg.rf.05bb3361a0b26f0bb3a6a4f397593002.jpg,/home/z/my-project/Factory-AI/datasets/production/hardhats/test/images/helmet999958_jpg.rf.c20b516a6a36203afcd0cd426a11b71c.jpg,exact_duplicate_dhash_d0
/home/z/my-project/Factory-AI/datasets/production/hardhats/train/images/helmet999972_jpg.rf.169d59197f8a8f43ca3d2f25eacc5ac4.jpg,/home/z/my-project/Factory-AI/datasets/production/hardhats/test/images/helmet999958_jpg.rf.c20b516a6a36203afcd0cd426a11b71c.jpg,exact_duplicate_dhash_d0
/home/z/my-project/Factory-AI/datasets/production/hardhats/train/images/helmet999973_jpg.rf.0772375f6a77e74128968c4843f2078e.jpg,/home/z/my-project/Factory-AI/datasets/production/hardhats/test/images/helmet999958_jpg.rf.c20b516a6a36203afcd0cd426a11b71c.jpg,exact_duplicate_dhash_d0
/home/z/my-project/Factory-AI/datasets/production/hardhats/train/images/helmet999974_jpg.rf.0fbddf721506efaf354e811ab9701ceb.jpg,/home/z/my-project/Factory-AI/datasets/production/hardhats/test/images/helmet999958_jpg.rf.c20b516a6a36203afcd0cd426a11b71c.jpg,exact_duplicate_dhash_d0
/home/z/my-project/Factory-AI/datasets/production/hardhats/train/images/helmet999975_jpg.rf.e0e05eda3c8f4fda3367e42a1bd199ac.jpg,/home/z/my-project/Factory-AI/datasets/production/hardhats/test/images/helmet999958_jpg.rf.c20b516a6a36203afcd0cd426a11b71c.jpg,exact_duplicate_dhash_d0
/home/z/my-project/Factory-AI/datasets/production/hardhats/train/images/helmet999976_jpg.rf.31c47562192636b54fe59bab3f445c0a.jpg,/home/z/my-project/Factory-AI/datasets/production/hardhats/test/images/helmet999958_jpg.rf.c20b516a6a36203afcd0cd426a11b71c.jpg,exact_duplicate_dhash_d0
/home/z/my-project/Factory-AI/datasets/production/hardhats/train/images/helmet999977_jpg.rf.fc5a5ff70249b48a049ed1d3c5de1c0e.jpg,/home/z/my-project/Factory-AI/datasets/production/hardhats/test/images/helmet999958_jpg.rf.c20b516a6a36203afcd0cd426a11b71c.jpg,exact_duplicate_dhash_d0
/home/z/my-project/Factory-AI/datasets/production/hardhats/train/images/helmet999978_jpg.rf.e4a6f60bac2c3553bd068276cc7894f5.jpg,/home/z/my-project/Factory-AI/datasets/production/hardhats/test/images/helmet999958_jpg.rf.c20b516a6a36203afcd0cd426a11b71c.jpg,exact_duplicate_dhash_d0
/home/z/my-project/Factory-AI/datasets/production/hardhats/train/images/helmet999979_jpg.rf.0fe6e7964a4f211fad487cde10a2ecd3.jpg,/home/z/my-project/Factory-AI/datasets/production/hardhats/test/images/helmet999958_jpg.rf.c20b516a6a36203afcd0cd426a11b71c.jpg,exact_duplicate_dhash_d0
/home/z/my-project/Factory-AI/datasets/production/hardhats/train/images/helmet999980_jpg.rf.0a315012d4478b6624e89be53ff745ac.jpg,/home/z/my-project/Factory-AI/datasets/production/hardhats/test/images/helmet999958_jpg.rf.c20b516a6a36203afcd0cd426a11b71c.jpg,exact_duplicate_dhash_d0
/home/z/my-project/Factory-AI/datasets/production/hardhats/train/images/helmet999981_jpg.rf.d273ac49943cbe34018724c710bc0d6f.jpg,/home/z/my-project/Factory-AI/datasets/production/hardhats/test/images/helmet999958_jpg.rf.c20b516a6a36203afcd0cd426a11b71c.jpg,exact_duplicate_dhash_d0
/home/z/my-project/Factory-AI/datasets/production/hardhats/train/images/helmet999982_jpg.rf.f8784b0a03e0bebca19e01791025c502.jpg,/home/z/my-project/Factory-AI/datasets/production/hardhats/test/images/helmet999958_jpg.rf.c20b516a6a36203afcd0cd426a11b71c.jpg,exact_duplicate_dhash_d0
/home/z/my-project/Factory-AI/datasets/production/hardhats/train/images/helmet999983_jpg.rf.227662afa198ff115b2b8de23f665b18.jpg,/home/z/my-project/Factory-AI/datasets/production/hardhats/test/images/helmet999958_jpg.rf.c20b516a6a36203afcd0cd426a11b71c.jpg,exact_duplicate_dhash_d0
/home/z/my-project/Factory-AI/datasets/production/hardhats/train/images/helmet999984_jpg.rf.981c82bf4f9878a009fc4bfc6a11e3f6.jpg,/home/z/my-project/Factory-AI/datasets/production/hardhats/test/images/helmet999958_jpg.rf.c20b516a6a36203afcd0cd426a11b71c.jpg,exact_duplicate_dhash_d0
/home/z/my-project/Factory-AI/datasets/production/hardhats/train/images/helmet999986_jpg.rf.48254683f6359d6e0e1e8ff01fb1c3c7.jpg,/home/z/my-project/Factory-AI/datasets/production/hardhats/test/images/helmet999958_jpg.rf.c20b516a6a36203afcd0cd426a11b71c.jpg,exact_duplicate_dhash_d0
/home/z/my-project/Factory-AI/datasets/production/hardhats/train/images/helmet999987_jpg.rf.5d0d73ddb5900f7d05b53a404ae8c5b7.jpg,/home/z/my-project/Factory-AI/datasets/production/hardhats/test/images/helmet999958_jpg.rf.c20b516a6a36203afcd0cd426a11b71c.jpg,exact_duplicate_dhash_d0
/home/z/my-project/Factory-AI/datasets/production/hardhats/train/images/helmet999988_jpg.rf.e0b79e4e24849bd124355982aa4bdd79.jpg,/home/z/my-project/Factory-AI/datasets/production/hardhats/test/images/helmet999958_jpg.rf.c20b516a6a36203afcd0cd426a11b71c.jpg,exact_duplicate_dhash_d0
/home/z/my-project/Factory-AI/datasets/production/hardhats/train/images/helmet999989_jpg.rf.2f71a83c4c7fc3b521134b7316fcf433.jpg,/home/z/my-project/Factory-AI/datasets/production/hardhats/test/images/helmet999958_jpg.rf.c20b516a6a36203afcd0cd426a11b71c.jpg,exact_duplicate_dhash_d0
/home/z/my-project/Factory-AI/datasets/production/hardhats/train/images/helmet999991_jpg.rf.17c8879894bb30e3b4f31288ca59c84a.jpg,/home/z/my-project/Factory-AI/datasets/production/hardhats/test/images/helmet999958_jpg.rf.c20b516a6a36203afcd0cd426a11b71c.jpg,exact_duplicate_dhash_d0
/home/z/my-project/Factory-AI/datasets/production/hardhats/train/images/helmet999992_jpg.rf.277cb9e4723bdf9ccdd1188659651e76.jpg,/home/z/my-project/Factory-AI/datasets/production/hardhats/test/images/helmet999958_jpg.rf.c20b516a6a36203afcd0cd426a11b71c.jpg,exact_duplicate_dhash_d0
/home/z/my-project/Factory-AI/datasets/production/hardhats/train/images/helmet999993_jpg.rf.0379760d8a058c98de7a850f880b5389.jpg,/home/z/my-project/Factory-AI/datasets/production/hardhats/test/images/helmet999958_jpg.rf.c20b516a6a36203afcd0cd426a11b71c.jpg,exact_duplicate_dhash_d0
/home/z/my-project/Factory-AI/datasets/production/hardhats/train/images/helmet999994_jpg.rf.443681334ad16eda387b55b1dfa65627.jpg,/home/z/my-project/Factory-AI/datasets/production/hardhats/test/images/helmet999958_jpg.rf.c20b516a6a36203afcd0cd426a11b71c.jpg,exact_duplicate_dhash_d0
/home/z/my-project/Factory-AI/datasets/production/hardhats/train/images/helmet999995_jpg.rf.f8709712ec510713162bb345a7678d3a.jpg,/home/z/my-project/Factory-AI/datasets/production/hardhats/test/images/helmet999958_jpg.rf.c20b516a6a36203afcd0cd426a11b71c.jpg,exact_duplicate_dhash_d0
/home/z/my-project/Factory-AI/datasets/production/hardhats/train/images/helmet999996_jpg.rf.3369cb985a87c534ca2d76e9deacf867.jpg,/home/z/my-project/Factory-AI/datasets/production/hardhats/test/images/helmet999958_jpg.rf.c20b516a6a36203afcd0cd426a11b71c.jpg,exact_duplicate_dhash_d0
/home/z/my-project/Factory-AI/datasets/production/hardhats/train/images/helmet999997_jpg.rf.8477260a5af46b439d58aacb343bdd2b.jpg,/home/z/my-project/Factory-AI/datasets/production/hardhats/test/images/helmet9991201_jpg.rf.d09e989059a6d551989c5d0ecf962f6a.jpg,exact_duplicate_dhash_d0
/home/z/my-project/Factory-AI/datasets/production/hardhats/train/images/helmet999999_jpg.rf.d628472300fe53f2e6dee296ff72b7d4.jpg,/home/z/my-project/Factory-AI/datasets/production/hardhats/train/images/helmet9991002_jpg.rf.5369ad334d14e09eab42a7508a1e48cc.jpg,exact_duplicate_dhash_d0
/home/z/my-project/Factory-AI/datasets/production/hardhats/train/images/image_100_jpg.rf.c3118f3c5da0b1109b9efa3c61e19d14.jpg,/home/z/my-project/Factory-AI/datasets/production/hardhats/test/images/image_73_jpg.rf.b2d009d0f19b3c3d8c24694259f430a3.jpg,exact_duplicate_dhash_d0
/home/z/my-project/Factory-AI/datasets/production/hardhats/train/images/image_100_jpg.rf.cca61aaa7b4815f24723bba0239e925d.jpg,/home/z/my-project/Factory-AI/datasets/production/hardhats/test/images/image_73_jpg.rf.b2d009d0f19b3c3d8c24694259f430a3.jpg,exact_duplicate_dhash_d0
/home/z/my-project/Factory-AI/datasets/production/hardhats/train/images/image_101_jpg.rf.9bd64d589de7aabdc28f9cf08e5e37c5.jpg,/home/z/my-project/Factory-AI/datasets/production/hardhats/test/images/image_73_jpg.rf.b2d009d0f19b3c3d8c24694259f430a3.jpg,exact_duplicate_dhash_d0
/home/z/my-project/Factory-AI/datasets/production/hardhats/train/images/image_102_jpg.rf.f901089f5628fe525aa63f87583ebb55.jpg,/home/z/my-project/Factory-AI/datasets/production/hardhats/train/images/image_101_jpg.rf.469698664c14811a6d2045ea0dbfa1f3.jpg,exact_duplicate_dhash_d0
/home/z/my-project/Factory-AI/datasets/production/hardhats/train/images/image_103_jpg.rf.8e5dd0d6cdc8e2bd244caf0695a3ef43.jpg,/home/z/my-project/Factory-AI/datasets/production/hardhats/test/images/image_73_jpg.rf.b2d009d0f19b3c3d8c24694259f430a3.jpg,exact_duplicate_dhash_d0
/home/z/my-project/Factory-AI/datasets/production/hardhats/train/images/image_104_jpg.rf.879234afd1e9711817633d1782fe4d90.jpg,/home/z/my-project/Factory-AI/datasets/production/hardhats/test/images/image_92_jpg.rf.9ff352485c2991d4e2bfda56ffce9f69.jpg,exact_duplicate_dhash_d0
/home/z/my-project/Factory-AI/datasets/production/hardhats/train/images/image_104_jpg.rf.dbb69672b57c749b056d260fe859c4fc.jpg,/home/z/my-project/Factory-AI/datasets/production/hardhats/test/images/image_73_jpg.rf.b2d009d0f19b3c3d8c24694259f430a3.jpg,exact_duplicate_dhash_d0
/home/z/my-project/Factory-AI/datasets/production/hardhats/train/images/image_105_jpg.rf.3d9e7c36a96befc137b4ce0b529acc19.jpg,/home/z/my-project/Factory-AI/datasets/production/hardhats/test/images/image_73_jpg.rf.b2d009d0f19b3c3d8c24694259f430a3.jpg,exact_duplicate_dhash_d0
/home/z/my-project/Factory-AI/datasets/production/hardhats/train/images/image_106_jpg.rf.49db9a9cb8452ec4bfee862cc882b89b.jpg,/home/z/my-project/Factory-AI/datasets/production/hardhats/train/images/image_101_jpg.rf.469698664c14811a6d2045ea0dbfa1f3.jpg,exact_duplicate_dhash_d0
/home/z/my-project/Factory-AI/datasets/production/hardhats/train/images/image_106_jpg.rf.792d4f299e33eaafa20dba4d4212b6f9.jpg,/home/z/my-project/Factory-AI/datasets/production/hardhats/test/images/image_73_jpg.rf.b2d009d0f19b3c3d8c24694259f430a3.jpg,exact_duplicate_dhash_d0
/home/z/my-project/Factory-AI/datasets/production/hardhats/train/images/image_107_jpg.rf.96dc455ae51a75e7208318cf54c26b5e.jpg,/home/z/my-project/Factory-AI/datasets/production/hardhats/test/images/image_108_jpg.rf.a2a7f9dd16e7a136d02fb42a810d1644.jpg,exact_duplicate_dhash_d0
/home/z/my-project/Factory-AI/datasets/production/hardhats/train/images/image_108_jpg.rf.072b57feaffa2d1b3f6166b349a06ce0.jpg,/home/z/my-project/Factory-AI/datasets/production/hardhats/train/images/image_105_jpg.rf.75b1babb369cf08a56e22218ba735e1c.jpg,exact_duplicate_dhash_d0
/home/z/my-project/Factory-AI/datasets/production/hardhats/train/images/image_110_jpg.rf.a1570b59e2862aaf7ec98bccb9cceead.jpg,/home/z/my-project/Factory-AI/datasets/production/hardhats/test/images/image_108_jpg.rf.a2a7f9dd16e7a136d02fb42a810d1644.jpg,exact_duplicate_dhash_d0
/home/z/my-project/Factory-AI/datasets/production/hardhats/train/images/image_113_jpg.rf.8748b482fa26df8182be5345539bb54f.jpg,/home/z/my-project/Factory-AI/datasets/production/hardhats/train/images/image_109_jpg.rf.de7be395f1ce6cfdbbddb202cf7ea06a.jpg,exact_duplicate_dhash_d0
/home/z/my-project/Factory-AI/datasets/production/hardhats/train/images/image_113_jpg.rf.96b8070fabaff4dc9a602a9716a7e224.jpg,/home/z/my-project/Factory-AI/datasets/production/hardhats/train/images/image_109_jpg.rf.97e0d8b8a9d988891794955326462baa.jpg,exact_duplicate_dhash_d0
/home/z/my-project/Factory-AI/datasets/production/hardhats/train/images/image_115_jpg.rf.50c2a46b9ab8971f13fc5a9305823771.jpg,/home/z/my-project/Factory-AI/datasets/production/hardhats/test/images/image_112_jpg.rf.fb95c68898328129c9df311ebfc01845.jpg,exact_duplicate_dhash_d0
/home/z/my-project/Factory-AI/datasets/production/hardhats/train/images/image_118_jpg.rf.60323051339e90602f8ee594605a86a7.jpg,/home/z/my-project/Factory-AI/datasets/production/hardhats/test/images/image_112_jpg.rf.fb95c68898328129c9df311ebfc01845.jpg,exact_duplicate_dhash_d0
/home/z/my-project/Factory-AI/datasets/production/hardhats/train/images/image_119_jpg.rf.198bf11452018a57365e0276c4f6d14f.jpg,/home/z/my-project/Factory-AI/datasets/production/hardhats/test/images/image_73_jpg.rf.b2d009d0f19b3c3d8c24694259f430a3.jpg,exact_duplicate_dhash_d0
/home/z/my-project/Factory-AI/datasets/production/hardhats/train/images/image_126_jpg.rf.cd0170acd6a76be75010024873561f43.jpg,/home/z/my-project/Factory-AI/datasets/production/hardhats/train/images/image_105_jpg.rf.75b1babb369cf08a56e22218ba735e1c.jpg,exact_duplicate_dhash_d0
/home/z/my-project/Factory-AI/datasets/production/hardhats/train/images/image_127_jpg.rf.1ce077967fc063e10e5e8c7c3ca1b8e1.jpg,/home/z/my-project/Factory-AI/datasets/production/hardhats/train/images/image_126_jpg.rf.fef93cc971b7eebd6e09a4984fa1eb06.jpg,exact_duplicate_dhash_d0
/home/z/my-project/Factory-AI/datasets/production/hardhats/train/images/image_128_jpg.rf.9cce693842e013a7284365a899fcf535.jpg,/home/z/my-project/Factory-AI/datasets/production/hardhats/train/images/image_126_jpg.rf.fef93cc971b7eebd6e09a4984fa1eb06.jpg,exact_duplicate_dhash_d0
/home/z/my-project/Factory-AI/datasets/production/hardhats/train/images/image_128_jpg.rf.e1dd4b2638bd1bfb82c10027b24a0847.jpg,/home/z/my-project/Factory-AI/datasets/production/hardhats/train/images/image_117_jpg.rf.19199756ff4d4834c71b902a6cb83446.jpg,exact_duplicate_dhash_d0
/home/z/my-project/Factory-AI/datasets/production/hardhats/train/images/image_129_jpg.rf.b7a763fe8f5d3ff1b29807a54df66d2d.jpg,/home/z/my-project/Factory-AI/datasets/production/hardhats/train/images/image_117_jpg.rf.19199756ff4d4834c71b902a6cb83446.jpg,exact_duplicate_dhash_d0
/home/z/my-project/Factory-AI/datasets/production/hardhats/train/images/image_129_jpg.rf.e20bae05e1763ee4283b0339f6b0506b.jpg,/home/z/my-project/Factory-AI/datasets/production/hardhats/train/images/image_126_jpg.rf.fef93cc971b7eebd6e09a4984fa1eb06.jpg,exact_duplicate_dhash_d0
/home/z/my-project/Factory-AI/datasets/production/hardhats/train/images/image_130_jpg.rf.09aca2f2ffba7d770f480e7640219363.jpg,/home/z/my-project/Factory-AI/datasets/production/hardhats/train/images/image_129_jpg.rf.e22c862efac377e9b5472ad4b53c0d1e.jpg,exact_duplicate_dhash_d0
/home/z/my-project/Factory-AI/datasets/production/hardhats/train/images/image_131_jpg.rf.05b1593fcc191e77bb92ef342920af96.jpg,/home/z/my-project/Factory-AI/datasets/production/hardhats/train/images/image_126_jpg.rf.fef93cc971b7eebd6e09a4984fa1eb06.jpg,exact_duplicate_dhash_d0
/home/z/my-project/Factory-AI/datasets/production/hardhats/train/images/image_132_jpg.rf.f2a743840c1d59eb8e0fa6c7396c7931.jpg,/home/z/my-project/Factory-AI/datasets/production/hardhats/train/images/image_126_jpg.rf.fef93cc971b7eebd6e09a4984fa1eb06.jpg,exact_duplicate_dhash_d0
/home/z/my-project/Factory-AI/datasets/production/hardhats/train/images/image_133_jpg.rf.236256f19c33cbd095b028ab16908a1f.jpg,/home/z/my-project/Factory-AI/datasets/production/hardhats/train/images/image_126_jpg.rf.fef93cc971b7eebd6e09a4984fa1eb06.jpg,exact_duplicate_dhash_d0
/home/z/my-project/Factory-AI/datasets/production/hardhats/train/images/image_134_jpg.rf.70779b94f695d37f529079b98c369c49.jpg,/home/z/my-project/Factory-AI/datasets/production/hardhats/train/images/image_126_jpg.rf.fef93cc971b7eebd6e09a4984fa1eb06.jpg,exact_duplicate_dhash_d0
/home/z/my-project/Factory-AI/datasets/production/hardhats/train/images/image_137_jpg.rf.1cf47f1b7a4e373c168e79350c4c8f07.jpg,/home/z/my-project/Factory-AI/datasets/production/hardhats/train/images/image_133_jpg.rf.164b15d82c7a83ebec5c0b283890be87.jpg,exact_duplicate_dhash_d0
/home/z/my-project/Factory-AI/datasets/production/hardhats/train/images/image_138_jpg.rf.5565a40f2705a1fc3707a7ff94241e03.jpg,/home/z/my-project/Factory-AI/datasets/production/hardhats/train/images/image_134_jpg.rf.951f3fe96dec721bce2d8ebba1e5abf3.jpg,exact_duplicate_dhash_d0
/home/z/my-project/Factory-AI/datasets/production/hardhats/train/images/image_140_jpg.rf.38297ad2727eb1b0324ba5c50bd17b69.jpg,/home/z/my-project/Factory-AI/datasets/production/hardhats/train/images/image_138_jpg.rf.5a4c2a44da64bcc5b2fb9900270dc79d.jpg,exact_duplicate_dhash_d0
/home/z/my-project/Factory-AI/datasets/production/hardhats/train/images/image_142_jpg.rf.692d1fc6505c7bf97eb77583c26b3cf4.jpg,/home/z/my-project/Factory-AI/datasets/production/hardhats/train/images/image_139_jpg.rf.7a28cdf436ab8372ab2561152df66e50.jpg,exact_duplicate_dhash_d0
/home/z/my-project/Factory-AI/datasets/production/hardhats/train/images/image_142_jpg.rf.cfd67b1e4b7319e6a81a1f32fb3217b9.jpg,/home/z/my-project/Factory-AI/datasets/production/hardhats/train/images/image_141_jpg.rf.9ef6c5234812318ccc4731aa110deb1c.jpg,exact_duplicate_dhash_d0
/home/z/my-project/Factory-AI/datasets/production/hardhats/train/images/image_142_jpg.rf.e58d24de797f9b7e096b17952724734b.jpg,/home/z/my-project/Factory-AI/datasets/production/hardhats/train/images/image_137_jpg.rf.1be317a0decd18f1b8f0edab562812bc.jpg,exact_duplicate_dhash_d0
/home/z/my-project/Factory-AI/datasets/production/hardhats/train/images/image_143_jpg.rf.d83190d1498de9c1bdefcee4c3dbb8e3.jpg,/home/z/my-project/Factory-AI/datasets/production/hardhats/train/images/image_137_jpg.rf.1be317a0decd18f1b8f0edab562812bc.jpg,exact_duplicate_dhash_d0
/home/z/my-project/Factory-AI/datasets/production/hardhats/train/images/image_144_jpg.rf.998b8c1e844803040e88f32441b62ec4.jpg,/home/z/my-project/Factory-AI/datasets/production/hardhats/train/images/image_141_jpg.rf.9ef6c5234812318ccc4731aa110deb1c.jpg,exact_duplicate_dhash_d0
/home/z/my-project/Factory-AI/datasets/production/hardhats/train/images/image_146_jpg.rf.226f794247bf973373fbcf1fc9729b5c.jpg,/home/z/my-project/Factory-AI/datasets/production/hardhats/train/images/image_141_jpg.rf.9ef6c5234812318ccc4731aa110deb1c.jpg,exact_duplicate_dhash_d0
/home/z/my-project/Factory-AI/datasets/production/hardhats/train/images/image_149_jpg.rf.d9b7f86506efaec6944a45cef3c995c0.jpg,/home/z/my-project/Factory-AI/datasets/production/hardhats/train/images/image_138_jpg.rf.5a4c2a44da64bcc5b2fb9900270dc79d.jpg,exact_duplicate_dhash_d0
/home/z/my-project/Factory-AI/datasets/production/hardhats/train/images/image_150_jpg.rf.5e392a2750751b5af5aeb5a9a1d15f7e.jpg,/home/z/my-project/Factory-AI/datasets/production/hardhats/train/images/image_101_jpg.rf.469698664c14811a6d2045ea0dbfa1f3.jpg,exact_duplicate_dhash_d0
/home/z/my-project/Factory-AI/datasets/production/hardhats/train/images/image_150_jpg.rf.6d7f82fbdffb0572fef030cd46cf2b00.jpg,/home/z/my-project/Factory-AI/datasets/production/hardhats/train/images/image_138_jpg.rf.5a4c2a44da64bcc5b2fb9900270dc79d.jpg,exact_duplicate_dhash_d0
/home/z/my-project/Factory-AI/datasets/production/hardhats/train/images/image_150_jpg.rf.af3873a5ef394abd58f191949c79e894.jpg,/home/z/my-project/Factory-AI/datasets/production/hardhats/train/images/image_147_jpg.rf.02c0f43493d3c39afaed065e27c6d566.jpg,exact_duplicate_dhash_d0
/home/z/my-project/Factory-AI/datasets/production/hardhats/train/images/image_150_jpg.rf.d574e97f583d91ee04c41da0274ded56.jpg,/home/z/my-project/Factory-AI/datasets/production/hardhats/test/images/image_160_jpg.rf.ac9affc3880fad457cd8e895ddd1c673.jpg,exact_duplicate_dhash_d0
/home/z/my-project/Factory-AI/datasets/production/hardhats/train/images/image_151_jpg.rf.cd42c7254b1a2d2f759da50fac1f638b.jpg,/home/z/my-project/Factory-AI/datasets/production/hardhats/test/images/image_160_jpg.rf.ac9affc3880fad457cd8e895ddd1c673.jpg,exact_duplicate_dhash_d0
/home/z/my-project/Factory-AI/datasets/production/hardhats/train/images/image_152_jpg.rf.d26eac68a24f997315e9c682045f5df7.jpg,/home/z/my-project/Factory-AI/datasets/production/hardhats/train/images/image_149_jpg.rf.079916dd6ba76b39250608242246beb6.jpg,exact_duplicate_dhash_d0
/home/z/my-project/Factory-AI/datasets/production/hardhats/train/images/image_153_jpg.rf.2b6c686452ee7e104339a85d2b211af0.jpg,/home/z/my-project/Factory-AI/datasets/production/hardhats/test/images/image_160_jpg.rf.ac9affc3880fad457cd8e895ddd1c673.jpg,exact_duplicate_dhash_d0
/home/z/my-project/Factory-AI/datasets/production/hardhats/train/images/image_153_jpg.rf.bc8ac14edacf2f754057412a1771e723.jpg,/home/z/my-project/Factory-AI/datasets/production/hardhats/train/images/image_138_jpg.rf.5a4c2a44da64bcc5b2fb9900270dc79d.jpg,exact_duplicate_dhash_d0
/home/z/my-project/Factory-AI/datasets/production/hardhats/train/images/image_155_jpg.rf.8cf16685a5bcfd93b9af20f65b251b31.jpg,/home/z/my-project/Factory-AI/datasets/production/hardhats/train/images/image_154_jpg.rf.6826fb697376271ef33bd02a247f6cf0.jpg,exact_duplicate_dhash_d0
/home/z/my-project/Factory-AI/datasets/production/hardhats/train/images/image_155_jpg.rf.b27c998585f11263f10522cf760f148d.jpg,/home/z/my-project/Factory-AI/datasets/production/hardhats/test/images/image_160_jpg.rf.ac9affc3880fad457cd8e895ddd1c673.jpg,exact_duplicate_dhash_d0
/home/z/my-project/Factory-AI/datasets/production/hardhats/train/images/image_155_jpg.rf.f769a6b4f77042ab216027de06107afa.jpg,/home/z/my-project/Factory-AI/datasets/production/hardhats/train/images/image_103_jpg.rf.255edbbbc53a592a532b67122b0b42a4.jpg,exact_duplicate_dhash_d0
/home/z/my-project/Factory-AI/datasets/production/hardhats/train/images/image_158_jpg.rf.8c3aba72511c3c6cc7dd85d03c9bc61a.jpg,/home/z/my-project/Factory-AI/datasets/production/hardhats/train/images/image_130_jpg.rf.4c8b6153bc2d3d20b0927425a8df3276.jpg,exact_duplicate_dhash_d0
/home/z/my-project/Factory-AI/datasets/production/hardhats/train/images/image_163_jpg.rf.0d75f0e63ac7ed5dcbbcc13bf014f20b.jpg,/home/z/my-project/Factory-AI/datasets/production/hardhats/test/images/image_78_jpg.rf.1119427e4db7a217bcd2b7923ca066fc.jpg,exact_duplicate_dhash_d0
/home/z/my-project/Factory-AI/datasets/production/hardhats/train/images/image_163_jpg.rf.19b8b639616b3541f512a4fc001de9f1.jpg,/home/z/my-project/Factory-AI/datasets/production/hardhats/train/images/image_162_jpg.rf.31fa661ffc84c0d93bcb1ec2e0a1ccc7.jpg,exact_duplicate_dhash_d0
/home/z/my-project/Factory-AI/datasets/production/hardhats/train/images/image_163_jpg.rf.d10da02b67fccf072e33ce3fb0ca4829.jpg,/home/z/my-project/Factory-AI/datasets/production/hardhats/train/images/image_160_jpg.rf.bc526323cf4f033d4a6294ceadcc9013.jpg,exact_duplicate_dhash_d0
/home/z/my-project/Factory-AI/datasets/production/hardhats/train/images/image_164_jpg.rf.195d347392b867fcfd4f2841afbc44c2.jpg,/home/z/my-project/Factory-AI/datasets/production/hardhats/test/images/image_78_jpg.rf.1119427e4db7a217bcd2b7923ca066fc.jpg,exact_duplicate_dhash_d0
/home/z/my-project/Factory-AI/datasets/production/hardhats/train/images/image_164_jpg.rf.71e0dcd4a028c3ecc3cda2951991ab52.jpg,/home/z/my-project/Factory-AI/datasets/production/hardhats/test/images/image_160_jpg.rf.ac9affc3880fad457cd8e895ddd1c673.jpg,exact_duplicate_dhash_d0
/home/z/my-project/Factory-AI/datasets/production/hardhats/train/images/image_165_jpg.rf.78d73e8b2580693afb4e9b62f84a12ca.jpg,/home/z/my-project/Factory-AI/datasets/production/hardhats/train/images/image_163_jpg.rf.c2159a47edbbed6971d1bc434b0e6cde.jpg,exact_duplicate_dhash_d0
/home/z/my-project/Factory-AI/datasets/production/hardhats/train/images/image_166_jpg.rf.177d8eefbbc890e542bd76bdc6f71e4a.jpg,/home/z/my-project/Factory-AI/datasets/production/hardhats/train/images/image_141_jpg.rf.9ef6c5234812318ccc4731aa110deb1c.jpg,exact_duplicate_dhash_d0
/home/z/my-project/Factory-AI/datasets/production/hardhats/train/images/image_167_jpg.rf.3acbf3640f457ff0ccc96393fbabaa7f.jpg,/home/z/my-project/Factory-AI/datasets/production/hardhats/train/images/image_138_jpg.rf.5a4c2a44da64bcc5b2fb9900270dc79d.jpg,exact_duplicate_dhash_d0
/home/z/my-project/Factory-AI/datasets/production/hardhats/train/images/image_167_jpg.rf.f9808d992346e10d8b83251e8add20b5.jpg,/home/z/my-project/Factory-AI/datasets/production/hardhats/train/images/image_166_jpg.rf.71c4f27b434eedf96bdca764573c10cb.jpg,exact_duplicate_dhash_d0
/home/z/my-project/Factory-AI/datasets/production/hardhats/train/images/image_168_jpg.rf.a2ae00c736a31d2a632363bdfbae430d.jpg,/home/z/my-project/Factory-AI/datasets/production/hardhats/train/images/image_165_jpg.rf.8c77abc89cc43653afa6c8cc4bb2cb74.jpg,exact_duplicate_dhash_d0
/home/z/my-project/Factory-AI/datasets/production/hardhats/train/images/image_170_jpg.rf.33abc50ec3d74e79566a038f310472df.jpg,/home/z/my-project/Factory-AI/datasets/production/hardhats/train/images/image_169_jpg.rf.134ce57a2f3ce86d111e34c25d02e1f8.jpg,exact_duplicate_dhash_d0
/home/z/my-project/Factory-AI/datasets/production/hardhats/train/images/image_171_jpg.rf.73f1b6d4e73a7012fdf1c72b1fe9bfdd.jpg,/home/z/my-project/Factory-AI/datasets/production/hardhats/train/images/image_169_jpg.rf.134ce57a2f3ce86d111e34c25d02e1f8.jpg,exact_duplicate_dhash_d0
/home/z/my-project/Factory-AI/datasets/production/hardhats/train/images/image_172_jpg.rf.0a21828bad9f322bde05d71b28ecc550.jpg,/home/z/my-project/Factory-AI/datasets/production/hardhats/train/images/image_170_jpg.rf.ef091dfaccd1459c0588160b8f743696.jpg,exact_duplicate_dhash_d0
/home/z/my-project/Factory-AI/datasets/production/hardhats/train/images/image_173_jpg.rf.4f11cf79129696c585d2a958b40be0dd.jpg,/home/z/my-project/Factory-AI/datasets/production/hardhats/train/images/image_169_jpg.rf.134ce57a2f3ce86d111e34c25d02e1f8.jpg,exact_duplicate_dhash_d0
/home/z/my-project/Factory-AI/datasets/production/hardhats/train/images/image_173_jpg.rf.a9a3b5277a6c151e245c5a1379f28272.jpg,/home/z/my-project/Factory-AI/datasets/production/hardhats/train/images/image_170_jpg.rf.ef091dfaccd1459c0588160b8f743696.jpg,exact_duplicate_dhash_d0
/home/z/my-project/Factory-AI/datasets/production/hardhats/train/images/image_177_jpg.rf.b6dabd475db79ada063e70ad06fb91bc.jpg,/home/z/my-project/Factory-AI/datasets/production/hardhats/test/images/image_183_jpg.rf.19c7e593e7a7315b5ce43fd683ccfd6b.jpg,exact_duplicate_dhash_d0
/home/z/my-project/Factory-AI/datasets/production/hardhats/train/images/image_179_jpg.rf.30cd3fa11755e79ba7a9213ded4f35c3.jpg,/home/z/my-project/Factory-AI/datasets/production/hardhats/test/images/image_183_jpg.rf.19c7e593e7a7315b5ce43fd683ccfd6b.jpg,exact_duplicate_dhash_d0
/home/z/my-project/Factory-AI/datasets/production/hardhats/train/images/image_179_jpg.rf.caed07d66aa42da158d4935221c771e8.jpg,/home/z/my-project/Factory-AI/datasets/production/hardhats/train/images/image_177_jpg.rf.6d18b65d20abc88f6272e526428f7609.jpg,exact_duplicate_dhash_d0
/home/z/my-project/Factory-AI/datasets/production/hardhats/train/images/image_180_jpg.rf.3e38a74681a4e3b0352f95f9dee39579.jpg,/home/z/my-project/Factory-AI/datasets/production/hardhats/test/images/image_183_jpg.rf.19c7e593e7a7315b5ce43fd683ccfd6b.jpg,exact_duplicate_dhash_d0
/home/z/my-project/Factory-AI/datasets/production/hardhats/train/images/image_180_jpg.rf.dbf9fa6d7d1b7f301da73de1dd6ecfed.jpg,/home/z/my-project/Factory-AI/datasets/production/hardhats/train/images/image_177_jpg.rf.6d18b65d20abc88f6272e526428f7609.jpg,exact_duplicate_dhash_d0
/home/z/my-project/Factory-AI/datasets/production/hardhats/train/images/image_183_jpg.rf.2190be15e142aa44a3161927713e9c38.jpg,/home/z/my-project/Factory-AI/datasets/production/hardhats/train/images/image_181_jpg.rf.cb659d434a5ca0503f16aef33c72cea7.jpg,exact_duplicate_dhash_d0
/home/z/my-project/Factory-AI/datasets/production/hardhats/train/images/image_186_jpg.rf.cd60436ccf801e7e406aaaefc3fda208.jpg,/home/z/my-project/Factory-AI/datasets/production/hardhats/train/images/image_185_jpg.rf.3778214d66976615d6d0b86a9250280c.jpg,exact_duplicate_dhash_d0
/home/z/my-project/Factory-AI/datasets/production/hardhats/train/images/image_188_jpg.rf.4333cb360bc47ad36f8417e1c3803621.jpg,/home/z/my-project/Factory-AI/datasets/production/hardhats/train/images/image_185_jpg.rf.3778214d66976615d6d0b86a9250280c.jpg,exact_duplicate_dhash_d0
/home/z/my-project/Factory-AI/datasets/production/hardhats/train/images/image_188_jpg.rf.4b5e85f44d1f26aaa8d41b0b1977f75f.jpg,/home/z/my-project/Factory-AI/datasets/production/hardhats/train/images/image_165_jpg.rf.8c77abc89cc43653afa6c8cc4bb2cb74.jpg,exact_duplicate_dhash_d0
/home/z/my-project/Factory-AI/datasets/production/hardhats/train/images/image_189_jpg.rf.d84d31f61ba30ba2af5c5069f0d03f7a.jpg,/home/z/my-project/Factory-AI/datasets/production/hardhats/train/images/image_181_jpg.rf.cb659d434a5ca0503f16aef33c72cea7.jpg,exact_duplicate_dhash_d0
/home/z/my-project/Factory-AI/datasets/production/hardhats/train/images/image_190_jpg.rf.eedd10681e0a9d04f5493df71a8341b2.jpg,/home/z/my-project/Factory-AI/datasets/production/hardhats/train/images/image_185_jpg.rf.3778214d66976615d6d0b86a9250280c.jpg,exact_duplicate_dhash_d0
/home/z/my-project/Factory-AI/datasets/production/hardhats/train/images/image_191_jpg.rf.afbf9cb147ce3812b81089f361c364cb.jpg,/home/z/my-project/Factory-AI/datasets/production/hardhats/train/images/image_165_jpg.rf.8c77abc89cc43653afa6c8cc4bb2cb74.jpg,exact_duplicate_dhash_d0
/home/z/my-project/Factory-AI/datasets/production/hardhats/train/images/image_191_jpg.rf.b3fbb3afaea42de9e266e0e214f1b75a.jpg,/home/z/my-project/Factory-AI/datasets/production/hardhats/test/images/image_92_jpg.rf.9ff352485c2991d4e2bfda56ffce9f69.jpg,exact_duplicate_dhash_d0
/home/z/my-project/Factory-AI/datasets/production/hardhats/train/images/image_193_jpg.rf.d918180f65e85d2e904999f16d2c9dc2.jpg,/home/z/my-project/Factory-AI/datasets/production/hardhats/train/images/image_165_jpg.rf.8c77abc89cc43653afa6c8cc4bb2cb74.jpg,exact_duplicate_dhash_d0
/home/z/my-project/Factory-AI/datasets/production/hardhats/train/images/image_198_jpg.rf.34460e11cc29f52ba4ea98dada790e1c.jpg,/home/z/my-project/Factory-AI/datasets/production/hardhats/train/images/image_141_jpg.rf.9ef6c5234812318ccc4731aa110deb1c.jpg,exact_duplicate_dhash_d0
/home/z/my-project/Factory-AI/datasets/production/hardhats/train/images/image_199_jpg.rf.9fbdadb0640342bf5747f42c05ba624d.jpg,/home/z/my-project/Factory-AI/datasets/production/hardhats/train/images/image_165_jpg.rf.8c77abc89cc43653afa6c8cc4bb2cb74.jpg,exact_duplicate_dhash_d0
/home/z/my-project/Factory-AI/datasets/production/hardhats/train/images/image_200_jpg.rf.81b632727dd29f7394bee06392252b24.jpg,/home/z/my-project/Factory-AI/datasets/production/hardhats/train/images/image_165_jpg.rf.8c77abc89cc43653afa6c8cc4bb2cb74.jpg,exact_duplicate_dhash_d0
/home/z/my-project/Factory-AI/datasets/production/hardhats/train/images/image_201_jpg.rf.b375757dd3d865185079f8b0a83986d5.jpg,/home/z/my-project/Factory-AI/datasets/production/hardhats/train/images/image_200_jpg.rf.e1f6032b6f36ed45850abd1870ba5d1c.jpg,exact_duplicate_dhash_d0
/home/z/my-project/Factory-AI/datasets/production/hardhats/train/images/image_202_jpg.rf.f795136b85786bc7c5dfa75e702c42c4.jpg,/home/z/my-project/Factory-AI/datasets/production/hardhats/train/images/image_165_jpg.rf.8c77abc89cc43653afa6c8cc4bb2cb74.jpg,exact_duplicate_dhash_d0
/home/z/my-project/Factory-AI/datasets/production/hardhats/train/images/image_204_jpg.rf.e88788a50c8a9d932b02254f1d834351.jpg,/home/z/my-project/Factory-AI/datasets/production/hardhats/test/images/image_202_jpg.rf.5cfd319f1a62b2669f4741d2f3f8aafb.jpg,exact_duplicate_dhash_d0
/home/z/my-project/Factory-AI/datasets/production/hardhats/train/images/image_205_jpg.rf.7f3f58275ac09a00ed8d588019b09afc.jpg,/home/z/my-project/Factory-AI/datasets/production/hardhats/test/images/image_202_jpg.rf.5cfd319f1a62b2669f4741d2f3f8aafb.jpg,exact_duplicate_dhash_d0
/home/z/my-project/Factory-AI/datasets/production/hardhats/train/images/image_206_jpg.rf.9e8c6151cc83afca12f2fea3b0ecb5cc.jpg,/home/z/my-project/Factory-AI/datasets/production/hardhats/test/images/image_202_jpg.rf.5cfd319f1a62b2669f4741d2f3f8aafb.jpg,exact_duplicate_dhash_d0
/home/z/my-project/Factory-AI/datasets/production/hardhats/train/images/image_207_jpg.rf.a0086a083a27c903562ceddafccd66b3.jpg,/home/z/my-project/Factory-AI/datasets/production/hardhats/test/images/image_202_jpg.rf.5cfd319f1a62b2669f4741d2f3f8aafb.jpg,exact_duplicate_dhash_d0
/home/z/my-project/Factory-AI/datasets/production/hardhats/train/images/image_208_jpg.rf.7af5253d23ca31cbaaad1cb46b94ec16.jpg,/home/z/my-project/Factory-AI/datasets/production/hardhats/test/images/image_202_jpg.rf.5cfd319f1a62b2669f4741d2f3f8aafb.jpg,exact_duplicate_dhash_d0
/home/z/my-project/Factory-AI/datasets/production/hardhats/train/images/image_209_jpg.rf.69b61699adde6bbe02ceffca5c06c644.jpg,/home/z/my-project/Factory-AI/datasets/production/hardhats/test/images/image_202_jpg.rf.5cfd319f1a62b2669f4741d2f3f8aafb.jpg,exact_duplicate_dhash_d0
/home/z/my-project/Factory-AI/datasets/production/hardhats/train/images/image_211_jpg.rf.e04e54f9993ae0418bd9e5aed38e41e0.jpg,/home/z/my-project/Factory-AI/datasets/production/hardhats/test/images/image_202_jpg.rf.5cfd319f1a62b2669f4741d2f3f8aafb.jpg,exact_duplicate_dhash_d0
/home/z/my-project/Factory-AI/datasets/production/hardhats/train/images/image_211_jpg.rf.ff662b8fade111b1f37557bb7f098efe.jpg,/home/z/my-project/Factory-AI/datasets/production/hardhats/train/images/image_141_jpg.rf.9ef6c5234812318ccc4731aa110deb1c.jpg,exact_duplicate_dhash_d0
/home/z/my-project/Factory-AI/datasets/production/hardhats/train/images/image_212_jpg.rf.01403caf80eaa1d15e618831b21c2f17.jpg,/home/z/my-project/Factory-AI/datasets/production/hardhats/train/images/image_165_jpg.rf.8c77abc89cc43653afa6c8cc4bb2cb74.jpg,exact_duplicate_dhash_d0
/home/z/my-project/Factory-AI/datasets/production/hardhats/train/images/image_213_jpg.rf.11cc282f2db4bc0b16d1b033f4eb4953.jpg,/home/z/my-project/Factory-AI/datasets/production/hardhats/train/images/image_165_jpg.rf.8c77abc89cc43653afa6c8cc4bb2cb74.jpg,exact_duplicate_dhash_d0
/home/z/my-project/Factory-AI/datasets/production/hardhats/train/images/image_218_jpg.rf.a50b08f3f46679458efb62bbf77a057e.jpg,/home/z/my-project/Factory-AI/datasets/production/hardhats/train/images/image_215_jpg.rf.5492ba3ea825f3aeb668898fc73e3172.jpg,exact_duplicate_dhash_d0
/home/z/my-project/Factory-AI/datasets/production/hardhats/train/images/image_21_jpg.rf.58bcdf74f97036bc6bcead4440aac9eb.jpg,/home/z/my-project/Factory-AI/datasets/production/hardhats/train/images/image_20_jpg.rf.2db8366dc68437eb94ee28b661d9389f.jpg,exact_duplicate_dhash_d0
/home/z/my-project/Factory-AI/datasets/production/hardhats/train/images/image_220_jpg.rf.14148c0ccd3456f18e7116389716de36.jpg,/home/z/my-project/Factory-AI/datasets/production/hardhats/train/images/image_215_jpg.rf.5492ba3ea825f3aeb668898fc73e3172.jpg,exact_duplicate_dhash_d0
/home/z/my-project/Factory-AI/datasets/production/hardhats/train/images/image_221_jpg.rf.dd71aa44b48a35fdfcd5934d85edf9da.jpg,/home/z/my-project/Factory-AI/datasets/production/hardhats/train/images/image_215_jpg.rf.5492ba3ea825f3aeb668898fc73e3172.jpg,exact_duplicate_dhash_d0
/home/z/my-project/Factory-AI/datasets/production/hardhats/train/images/image_223_jpg.rf.3ffde7e8be84a1b4880da6fe192c44d5.jpg,/home/z/my-project/Factory-AI/datasets/production/hardhats/train/images/image_216_jpg.rf.a35c4d24c0d0015f86016e1fb43975ae.jpg,exact_duplicate_dhash_d0
/home/z/my-project/Factory-AI/datasets/production/hardhats/train/images/image_225_jpg.rf.34cec438a87cb3b216f725fc84f98014.jpg,/home/z/my-project/Factory-AI/datasets/production/hardhats/train/images/image_216_jpg.rf.a35c4d24c0d0015f86016e1fb43975ae.jpg,exact_duplicate_dhash_d0
/home/z/my-project/Factory-AI/datasets/production/hardhats/train/images/image_232_jpg.rf.f40d97e34a15eaf994be70e24714f5e8.jpg,/home/z/my-project/Factory-AI/datasets/production/hardhats/test/images/image_73_jpg.rf.b2d009d0f19b3c3d8c24694259f430a3.jpg,exact_duplicate_dhash_d0
/home/z/my-project/Factory-AI/datasets/production/hardhats/train/images/image_233_jpg.rf.1ce2870b02a7dc4eabbdd85e4e83a1c3.jpg,/home/z/my-project/Factory-AI/datasets/production/hardhats/test/images/image_66_jpg.rf.a350fd979c102a29afefbad62c4c7e3b.jpg,exact_duplicate_dhash_d0
/home/z/my-project/Factory-AI/datasets/production/hardhats/train/images/image_237_jpg.rf.0922c56f779f1ca1d8f633066cefb352.jpg,/home/z/my-project/Factory-AI/datasets/production/hardhats/train/images/image_165_jpg.rf.8c77abc89cc43653afa6c8cc4bb2cb74.jpg,exact_duplicate_dhash_d0
/home/z/my-project/Factory-AI/datasets/production/hardhats/train/images/image_247_jpg.rf.cba06fc45e96c243e2b5741e155b4bd4.jpg,/home/z/my-project/Factory-AI/datasets/production/hardhats/train/images/image_165_jpg.rf.8c77abc89cc43653afa6c8cc4bb2cb74.jpg,exact_duplicate_dhash_d0
/home/z/my-project/Factory-AI/datasets/production/hardhats/train/images/image_250_jpg.rf.87794aaba12a8c289eea4b2733acb556.jpg,/home/z/my-project/Factory-AI/datasets/production/hardhats/train/images/image_165_jpg.rf.8c77abc89cc43653afa6c8cc4bb2cb74.jpg,exact_duplicate_dhash_d0
/home/z/my-project/Factory-AI/datasets/production/hardhats/train/images/image_251_jpg.rf.bfbea17dfe37bf7ff5c0ce56f108af20.jpg,/home/z/my-project/Factory-AI/datasets/production/hardhats/test/images/image_253_jpg.rf.5a985eec91c138e715eea2193be664f8.jpg,exact_duplicate_dhash_d0
/home/z/my-project/Factory-AI/datasets/production/hardhats/train/images/image_25_jpg.rf.db36e3b4bab7116d081c9567eac94e56.jpg,/home/z/my-project/Factory-AI/datasets/production/hardhats/test/images/image_27_jpg.rf.db3fc688cc37c5aef0694d28daa74fad.jpg,exact_duplicate_dhash_d0
/home/z/my-project/Factory-AI/datasets/production/hardhats/train/images/image_26_jpg.rf.536b4ae8ad17d7ed87be690139dd3adf.jpg,/home/z/my-project/Factory-AI/datasets/production/hardhats/test/images/image_27_jpg.rf.db3fc688cc37c5aef0694d28daa74fad.jpg,exact_duplicate_dhash_d0
/home/z/my-project/Factory-AI/datasets/production/hardhats/train/images/image_33_jpg.rf.52679016b058dc7ae2104cd49b71d911.jpg,/home/z/my-project/Factory-AI/datasets/production/hardhats/train/images/image_13_jpg.rf.4cac5dfeca678d0020a630f5335892a1.jpg,exact_duplicate_dhash_d0
/home/z/my-project/Factory-AI/datasets/production/hardhats/train/images/image_34_jpg.rf.7953db5cb5a14df0b6ef73d29f64f0c0.jpg,/home/z/my-project/Factory-AI/datasets/production/hardhats/train/images/image_13_jpg.rf.4cac5dfeca678d0020a630f5335892a1.jpg,exact_duplicate_dhash_d0
/home/z/my-project/Factory-AI/datasets/production/hardhats/train/images/image_45_jpg.rf.9964a5713e4726d7e4afc3e62fab2ea2.jpg,/home/z/my-project/Factory-AI/datasets/production/hardhats/train/images/image_36_jpg.rf.7d5c0fc28157aaac5e67218f878bba90.jpg,exact_duplicate_dhash_d0
/home/z/my-project/Factory-AI/datasets/production/hardhats/train/images/image_46_jpg.rf.0964b8e200841891fc7fa2568bf4ee7c.jpg,/home/z/my-project/Factory-AI/datasets/production/hardhats/train/images/image_43_jpg.rf.e4f23bca61d46913a857a919face5a37.jpg,exact_duplicate_dhash_d0
/home/z/my-project/Factory-AI/datasets/production/hardhats/train/images/image_47_jpg.rf.36771336920db3b6b8c6d75cba419fa2.jpg,/home/z/my-project/Factory-AI/datasets/production/hardhats/train/images/image_43_jpg.rf.e4f23bca61d46913a857a919face5a37.jpg,exact_duplicate_dhash_d0
/home/z/my-project/Factory-AI/datasets/production/hardhats/train/images/image_50_jpg.rf.4fb9232f1af1e864f9f842ddcb7e1e92.jpg,/home/z/my-project/Factory-AI/datasets/production/hardhats/train/images/image_49_jpg.rf.1e927daa73d856e5c5cd4cc1c1db8393.jpg,exact_duplicate_dhash_d0
/home/z/my-project/Factory-AI/datasets/production/hardhats/train/images/image_51_jpg.rf.6deadcd188e2b4d194ea442aad46efe1.jpg,/home/z/my-project/Factory-AI/datasets/production/hardhats/train/images/image_49_jpg.rf.1e927daa73d856e5c5cd4cc1c1db8393.jpg,exact_duplicate_dhash_d0
/home/z/my-project/Factory-AI/datasets/production/hardhats/train/images/image_53_jpg.rf.80608629309bb588a7d351439207b93d.jpg,/home/z/my-project/Factory-AI/datasets/production/hardhats/test/images/image_226_jpg.rf.07e04867b48864783c0c84c0ef05bdd0.jpg,exact_duplicate_dhash_d0
/home/z/my-project/Factory-AI/datasets/production/hardhats/train/images/image_54_jpg.rf.04b3c7b4943ed2cb29666be834d469ae.jpg,/home/z/my-project/Factory-AI/datasets/production/hardhats/test/images/image_226_jpg.rf.07e04867b48864783c0c84c0ef05bdd0.jpg,exact_duplicate_dhash_d0
/home/z/my-project/Factory-AI/datasets/production/hardhats/train/images/image_55_jpg.rf.b30ddfb92bee9ad852e0460432eee691.jpg,/home/z/my-project/Factory-AI/datasets/production/hardhats/test/images/image_66_jpg.rf.a350fd979c102a29afefbad62c4c7e3b.jpg,exact_duplicate_dhash_d0
/home/z/my-project/Factory-AI/datasets/production/hardhats/train/images/image_56_jpg.rf.26664fccd445294f265a036c1665971d.jpg,/home/z/my-project/Factory-AI/datasets/production/hardhats/train/images/image_54_jpg.rf.9eba85bf573d7d00e310383d2505644f.jpg,exact_duplicate_dhash_d0
/home/z/my-project/Factory-AI/datasets/production/hardhats/train/images/image_56_jpg.rf.369b7d9e6ac9873c7097bfd02a4da467.jpg,/home/z/my-project/Factory-AI/datasets/production/hardhats/train/images/image_105_jpg.rf.75b1babb369cf08a56e22218ba735e1c.jpg,exact_duplicate_dhash_d0
/home/z/my-project/Factory-AI/datasets/production/hardhats/train/images/image_58_jpg.rf.7de49df7de5e8be9a9b4eca43a338f27.jpg,/home/z/my-project/Factory-AI/datasets/production/hardhats/train/images/image_105_jpg.rf.75b1babb369cf08a56e22218ba735e1c.jpg,exact_duplicate_dhash_d0
/home/z/my-project/Factory-AI/datasets/production/hardhats/train/images/image_58_jpg.rf.ea06680d8e36495735e19c171d3f88c9.jpg,/home/z/my-project/Factory-AI/datasets/production/hardhats/test/images/image_78_jpg.rf.1119427e4db7a217bcd2b7923ca066fc.jpg,exact_duplicate_dhash_d0
/home/z/my-project/Factory-AI/datasets/production/hardhats/train/images/image_60_jpg.rf.5983a18213e49fe8a608ec55f36f069c.jpg,/home/z/my-project/Factory-AI/datasets/production/hardhats/train/images/image_168_jpg.rf.57e8d7398ad7f5f9f7148efda2527ae8.jpg,exact_duplicate_dhash_d0
/home/z/my-project/Factory-AI/datasets/production/hardhats/train/images/image_60_jpg.rf.c608bca90b835e0eeb2fc229992dbf39.jpg,/home/z/my-project/Factory-AI/datasets/production/hardhats/test/images/image_78_jpg.rf.1119427e4db7a217bcd2b7923ca066fc.jpg,exact_duplicate_dhash_d0
/home/z/my-project/Factory-AI/datasets/production/hardhats/train/images/image_60_jpg.rf.cf316228d791d567120115d1baae5402.jpg,/home/z/my-project/Factory-AI/datasets/production/hardhats/train/images/image_58_jpg.rf.0c1934460ccc227cf7dbb00a9f28cffa.jpg,exact_duplicate_dhash_d0
/home/z/my-project/Factory-AI/datasets/production/hardhats/train/images/image_61_jpg.rf.49e4691ceca7bc466a4c136f1f02dc1c.jpg,/home/z/my-project/Factory-AI/datasets/production/hardhats/train/images/image_115_jpg.rf.0398f758480fdfcafd9059af58cc074c.jpg,exact_duplicate_dhash_d0
/home/z/my-project/Factory-AI/datasets/production/hardhats/train/images/image_61_jpg.rf.c4e59475e8b759dd36d52ea74469ea3e.jpg,/home/z/my-project/Factory-AI/datasets/production/hardhats/train/images/image_193_jpg.rf.211f8e1d7a60144c7350134a1b73aefd.jpg,exact_duplicate_dhash_d0
/home/z/my-project/Factory-AI/datasets/production/hardhats/train/images/image_62_jpg.rf.222d2b58d17151c6c4b21c24c2823309.jpg,/home/z/my-project/Factory-AI/datasets/production/hardhats/train/images/image_193_jpg.rf.211f8e1d7a60144c7350134a1b73aefd.jpg,exact_duplicate_dhash_d0
/home/z/my-project/Factory-AI/datasets/production/hardhats/train/images/image_62_jpg.rf.b78663a180b8276887206a6cff15bf5b.jpg,/home/z/my-project/Factory-AI/datasets/production/hardhats/test/images/image_66_jpg.rf.a350fd979c102a29afefbad62c4c7e3b.jpg,exact_duplicate_dhash_d0
/home/z/my-project/Factory-AI/datasets/production/hardhats/train/images/image_64_jpg.rf.d27b5e007b47a86494e724b6733b27a6.jpg,/home/z/my-project/Factory-AI/datasets/production/hardhats/train/images/image_193_jpg.rf.211f8e1d7a60144c7350134a1b73aefd.jpg,exact_duplicate_dhash_d0
/home/z/my-project/Factory-AI/datasets/production/hardhats/train/images/image_65_jpg.rf.cc0804455c8b2294eabd7a56d822a71d.jpg,/home/z/my-project/Factory-AI/datasets/production/hardhats/train/images/image_101_jpg.rf.05190d4f555480efe536b54ebce417b9.jpg,exact_duplicate_dhash_d0
/home/z/my-project/Factory-AI/datasets/production/hardhats/train/images/image_66_jpg.rf.7141846cc39464537ff7216cbef72f60.jpg,/home/z/my-project/Factory-AI/datasets/production/hardhats/train/images/image_194_jpg.rf.81ecafd829d2ccae0fcdee4d434ea74e.jpg,exact_duplicate_dhash_d0
/home/z/my-project/Factory-AI/datasets/production/hardhats/train/images/image_66_jpg.rf.7374ceffe24fbff9f9551e2d479aaba6.jpg,/home/z/my-project/Factory-AI/datasets/production/hardhats/test/images/image_78_jpg.rf.1119427e4db7a217bcd2b7923ca066fc.jpg,exact_duplicate_dhash_d0
/home/z/my-project/Factory-AI/datasets/production/hardhats/train/images/image_68_jpg.rf.038cd7aed4fa1670c8e7e0deb2724b15.jpg,/home/z/my-project/Factory-AI/datasets/production/hardhats/test/images/image_78_jpg.rf.1119427e4db7a217bcd2b7923ca066fc.jpg,exact_duplicate_dhash_d0
/home/z/my-project/Factory-AI/datasets/production/hardhats/train/images/image_70_jpg.rf.11eb928611e86386b7dc7d04314fa831.jpg,/home/z/my-project/Factory-AI/datasets/production/hardhats/test/images/image_78_jpg.rf.1119427e4db7a217bcd2b7923ca066fc.jpg,exact_duplicate_dhash_d0
/home/z/my-project/Factory-AI/datasets/production/hardhats/train/images/image_70_jpg.rf.71de094c3584881e55537c240593132c.jpg,/home/z/my-project/Factory-AI/datasets/production/hardhats/test/images/image_108_jpg.rf.a2a7f9dd16e7a136d02fb42a810d1644.jpg,exact_duplicate_dhash_d0
/home/z/my-project/Factory-AI/datasets/production/hardhats/train/images/image_70_jpg.rf.987ff0a8e84ebfe139cab593c01bdba8.jpg,/home/z/my-project/Factory-AI/datasets/production/hardhats/train/images/image_100_jpg.rf.c254133d453b011a7883a45c40968011.jpg,exact_duplicate_dhash_d0
/home/z/my-project/Factory-AI/datasets/production/hardhats/train/images/image_71_jpg.rf.fd407a14c257f1366575b6d8010240f3.jpg,/home/z/my-project/Factory-AI/datasets/production/hardhats/test/images/image_78_jpg.rf.1119427e4db7a217bcd2b7923ca066fc.jpg,exact_duplicate_dhash_d0
/home/z/my-project/Factory-AI/datasets/production/hardhats/train/images/image_72_jpg.rf.8336521ec80b4f59d4618ab10c4cfe34.jpg,/home/z/my-project/Factory-AI/datasets/production/hardhats/test/images/image_66_jpg.rf.a350fd979c102a29afefbad62c4c7e3b.jpg,exact_duplicate_dhash_d0
/home/z/my-project/Factory-AI/datasets/production/hardhats/train/images/image_73_jpg.rf.20a2960173485fb852a67afc98ab71ff.jpg,/home/z/my-project/Factory-AI/datasets/production/hardhats/train/images/image_194_jpg.rf.81ecafd829d2ccae0fcdee4d434ea74e.jpg,exact_duplicate_dhash_d0
/home/z/my-project/Factory-AI/datasets/production/hardhats/train/images/image_75_jpg.rf.3d791ee8a5627c31cdc2d1815e778b52.jpg,/home/z/my-project/Factory-AI/datasets/production/hardhats/test/images/image_66_jpg.rf.a350fd979c102a29afefbad62c4c7e3b.jpg,exact_duplicate_dhash_d0
/home/z/my-project/Factory-AI/datasets/production/hardhats/train/images/image_76_jpg.rf.4e46627e03fd1c9795f3230966c7ada9.jpg,/home/z/my-project/Factory-AI/datasets/production/hardhats/test/images/image_94_jpg.rf.4cdd7648cc5e8ef04ca24befaea3093b.jpg,exact_duplicate_dhash_d0
/home/z/my-project/Factory-AI/datasets/production/hardhats/train/images/image_76_jpg.rf.9f15b71725c62d3eee07dba5ecfe6171.jpg,/home/z/my-project/Factory-AI/datasets/production/hardhats/test/images/image_78_jpg.rf.1119427e4db7a217bcd2b7923ca066fc.jpg,exact_duplicate_dhash_d0
/home/z/my-project/Factory-AI/datasets/production/hardhats/train/images/image_76_jpg.rf.bae67721d4cefb6f58f95fa255ecf318.jpg,/home/z/my-project/Factory-AI/datasets/production/hardhats/test/images/image_78_jpg.rf.1119427e4db7a217bcd2b7923ca066fc.jpg,exact_duplicate_dhash_d0
/home/z/my-project/Factory-AI/datasets/production/hardhats/train/images/image_77_jpg.rf.6bf675048421ebf2674917433865fe66.jpg,/home/z/my-project/Factory-AI/datasets/production/hardhats/test/images/image_78_jpg.rf.1119427e4db7a217bcd2b7923ca066fc.jpg,exact_duplicate_dhash_d0
/home/z/my-project/Factory-AI/datasets/production/hardhats/train/images/image_77_jpg.rf.9cfe95e75be7e8664287c9093a7c2ade.jpg,/home/z/my-project/Factory-AI/datasets/production/hardhats/test/images/image_78_jpg.rf.1119427e4db7a217bcd2b7923ca066fc.jpg,exact_duplicate_dhash_d0
/home/z/my-project/Factory-AI/datasets/production/hardhats/train/images/image_78_jpg.rf.4c243e66b86b997a7b94be9cfd09f854.jpg,/home/z/my-project/Factory-AI/datasets/production/hardhats/train/images/image_193_jpg.rf.211f8e1d7a60144c7350134a1b73aefd.jpg,exact_duplicate_dhash_d0
/home/z/my-project/Factory-AI/datasets/production/hardhats/train/images/image_78_jpg.rf.f535867ca80dc90ad84db5302354b170.jpg,/home/z/my-project/Factory-AI/datasets/production/hardhats/test/images/image_66_jpg.rf.a350fd979c102a29afefbad62c4c7e3b.jpg,exact_duplicate_dhash_d0
/home/z/my-project/Factory-AI/datasets/production/hardhats/train/images/image_80_jpg.rf.82c6f0fc65f825452687b63a6f20ce89.jpg,/home/z/my-project/Factory-AI/datasets/production/hardhats/train/images/image_193_jpg.rf.211f8e1d7a60144c7350134a1b73aefd.jpg,exact_duplicate_dhash_d0
/home/z/my-project/Factory-AI/datasets/production/hardhats/train/images/image_81_jpg.rf.aaeb1ec0b5bde524b383e0e76efc5408.jpg,/home/z/my-project/Factory-AI/datasets/production/hardhats/train/images/image_193_jpg.rf.211f8e1d7a60144c7350134a1b73aefd.jpg,exact_duplicate_dhash_d0
/home/z/my-project/Factory-AI/datasets/production/hardhats/train/images/image_82_jpg.rf.0265ed2f292cfd64f89ddce0b36d1bc1.jpg,/home/z/my-project/Factory-AI/datasets/production/hardhats/train/images/image_194_jpg.rf.81ecafd829d2ccae0fcdee4d434ea74e.jpg,exact_duplicate_dhash_d0
/home/z/my-project/Factory-AI/datasets/production/hardhats/train/images/image_83_jpg.rf.28cf5c401306d1350669f00e6df2bbef.jpg,/home/z/my-project/Factory-AI/datasets/production/hardhats/test/images/image_78_jpg.rf.1119427e4db7a217bcd2b7923ca066fc.jpg,exact_duplicate_dhash_d0
/home/z/my-project/Factory-AI/datasets/production/hardhats/train/images/image_84_jpg.rf.772f712079126e77620c96c53c66880a.jpg,/home/z/my-project/Factory-AI/datasets/production/hardhats/train/images/image_83_jpg.rf.acafff4570a1be1cece88d57b2de844e.jpg,exact_duplicate_dhash_d0
/home/z/my-project/Factory-AI/datasets/production/hardhats/train/images/image_84_jpg.rf.fc62ae4099aff653e0af17191868add7.jpg,/home/z/my-project/Factory-AI/datasets/production/hardhats/test/images/image_78_jpg.rf.1119427e4db7a217bcd2b7923ca066fc.jpg,exact_duplicate_dhash_d0
/home/z/my-project/Factory-AI/datasets/production/hardhats/train/images/image_85_jpg.rf.2e4d7069807d12e74a85e82bf57b41e7.jpg,/home/z/my-project/Factory-AI/datasets/production/hardhats/test/images/image_78_jpg.rf.1119427e4db7a217bcd2b7923ca066fc.jpg,exact_duplicate_dhash_d0
/home/z/my-project/Factory-AI/datasets/production/hardhats/train/images/image_88_jpg.rf.1c7fbbc8fc227defb4a1b4dc1ee96e5b.jpg,/home/z/my-project/Factory-AI/datasets/production/hardhats/test/images/image_78_jpg.rf.1119427e4db7a217bcd2b7923ca066fc.jpg,exact_duplicate_dhash_d0
/home/z/my-project/Factory-AI/datasets/production/hardhats/train/images/image_88_jpg.rf.c74278c800418cc5d49d1e6e69c68d6c.jpg,/home/z/my-project/Factory-AI/datasets/production/hardhats/train/images/image_100_jpg.rf.c254133d453b011a7883a45c40968011.jpg,exact_duplicate_dhash_d0
/home/z/my-project/Factory-AI/datasets/production/hardhats/train/images/image_89_jpg.rf.7936ae2e958f5b157e91272e173f1c22.jpg,/home/z/my-project/Factory-AI/datasets/production/hardhats/train/images/image_83_jpg.rf.acafff4570a1be1cece88d57b2de844e.jpg,exact_duplicate_dhash_d0
/home/z/my-project/Factory-AI/datasets/production/hardhats/train/images/image_90_jpg.rf.00cb4b252ff3d210f4af8f6f17bfb9a4.jpg,/home/z/my-project/Factory-AI/datasets/production/hardhats/test/images/image_78_jpg.rf.1119427e4db7a217bcd2b7923ca066fc.jpg,exact_duplicate_dhash_d0
/home/z/my-project/Factory-AI/datasets/production/hardhats/train/images/image_91_jpg.rf.9cee1328cd2d971363c67f8dbaff9c64.jpg,/home/z/my-project/Factory-AI/datasets/production/hardhats/train/images/image_83_jpg.rf.acafff4570a1be1cece88d57b2de844e.jpg,exact_duplicate_dhash_d0
/home/z/my-project/Factory-AI/datasets/production/hardhats/train/images/image_92_jpg.rf.299acb0d615590c0566a4b7ec6ccb9e0.jpg,/home/z/my-project/Factory-AI/datasets/production/hardhats/test/images/image_94_jpg.rf.4cdd7648cc5e8ef04ca24befaea3093b.jpg,exact_duplicate_dhash_d0
/home/z/my-project/Factory-AI/datasets/production/hardhats/train/images/image_93_jpg.rf.5c6a7bf54862d48ec9a3b5bd44ef16de.jpg,/home/z/my-project/Factory-AI/datasets/production/hardhats/train/images/image_84_jpg.rf.7589eb3e8003c42f05ac7f1f65e54ef0.jpg,exact_duplicate_dhash_d0
/home/z/my-project/Factory-AI/datasets/production/hardhats/train/images/image_93_jpg.rf.e6102b82620ba68a650a65f68d6f7196.jpg,/home/z/my-project/Factory-AI/datasets/production/hardhats/test/images/image_94_jpg.rf.4cdd7648cc5e8ef04ca24befaea3093b.jpg,exact_duplicate_dhash_d0
/home/z/my-project/Factory-AI/datasets/production/hardhats/train/images/image_93_jpg.rf.e7e43227b76f5ecf47e5f783d6cc69ea.jpg,/home/z/my-project/Factory-AI/datasets/production/hardhats/test/images/image_92_jpg.rf.9ff352485c2991d4e2bfda56ffce9f69.jpg,exact_duplicate_dhash_d0
/home/z/my-project/Factory-AI/datasets/production/hardhats/train/images/image_94_jpg.rf.07e03f8e0060a8a3e0efbefc36ea9110.jpg,/home/z/my-project/Factory-AI/datasets/production/hardhats/train/images/image_84_jpg.rf.7589eb3e8003c42f05ac7f1f65e54ef0.jpg,exact_duplicate_dhash_d0
/home/z/my-project/Factory-AI/datasets/production/hardhats/train/images/image_94_jpg.rf.4c67a985c6eee586bdaae4fb3a1147ca.jpg,/home/z/my-project/Factory-AI/datasets/production/hardhats/test/images/image_78_jpg.rf.1119427e4db7a217bcd2b7923ca066fc.jpg,exact_duplicate_dhash_d0
/home/z/my-project/Factory-AI/datasets/production/hardhats/train/images/image_94_jpg.rf.fc3ab04175873b4211c9d8eabcf1938b.jpg,/home/z/my-project/Factory-AI/datasets/production/hardhats/test/images/image_92_jpg.rf.9ff352485c2991d4e2bfda56ffce9f69.jpg,exact_duplicate_dhash_d0
/home/z/my-project/Factory-AI/datasets/production/hardhats/train/images/image_95_jpg.rf.27b4b312dd8ba6bb5ead4103b163eda7.jpg,/home/z/my-project/Factory-AI/datasets/production/hardhats/test/images/image_92_jpg.rf.9ff352485c2991d4e2bfda56ffce9f69.jpg,exact_duplicate_dhash_d0
/home/z/my-project/Factory-AI/datasets/production/hardhats/train/images/image_95_jpg.rf.a390fb2d826ab9544c7dc4c2d872944a.jpg,/home/z/my-project/Factory-AI/datasets/production/hardhats/train/images/image_101_jpg.rf.05190d4f555480efe536b54ebce417b9.jpg,exact_duplicate_dhash_d0
/home/z/my-project/Factory-AI/datasets/production/hardhats/train/images/image_96_jpg.rf.333ce60d30638a9ee0af6e94bcf6553a.jpg,/home/z/my-project/Factory-AI/datasets/production/hardhats/train/images/image_101_jpg.rf.05190d4f555480efe536b54ebce417b9.jpg,exact_duplicate_dhash_d0
/home/z/my-project/Factory-AI/datasets/production/hardhats/train/images/image_96_jpg.rf.a409f03419c90df36eb851bb8dc69727.jpg,/home/z/my-project/Factory-AI/datasets/production/hardhats/train/images/image_83_jpg.rf.acafff4570a1be1cece88d57b2de844e.jpg,exact_duplicate_dhash_d0
/home/z/my-project/Factory-AI/datasets/production/hardhats/train/images/image_97_jpg.rf.bc4bd20ee7645e8c2497d039ad2798c0.jpg,/home/z/my-project/Factory-AI/datasets/production/hardhats/test/images/image_66_jpg.rf.a350fd979c102a29afefbad62c4c7e3b.jpg,exact_duplicate_dhash_d0
/home/z/my-project/Factory-AI/datasets/production/hardhats/train/images/image_97_jpg.rf.e2880de89a9052a646a404861d3c4058.jpg,/home/z/my-project/Factory-AI/datasets/production/hardhats/test/images/image_98_jpg.rf.6c3478c58c77cd742989b358f638af75.jpg,exact_duplicate_dhash_d0
/home/z/my-project/Factory-AI/datasets/production/hardhats/train/images/image_98_jpg.rf.1b01ac27a52f8163e3b750f20262336e.jpg,/home/z/my-project/Factory-AI/datasets/production/hardhats/train/images/image_103_jpg.rf.66523187515bfa1ae90c5c00480b8e15.jpg,exact_duplicate_dhash_d0
/home/z/my-project/Factory-AI/datasets/production/hardhats/train/images/image_99_jpg.rf.a9141a949561e7951d377622fb533aba.jpg,/home/z/my-project/Factory-AI/datasets/production/hardhats/test/images/image_66_jpg.rf.a350fd979c102a29afefbad62c4c7e3b.jpg,exact_duplicate_dhash_d0
/home/z/my-project/Factory-AI/datasets/production/hardhats/train/images/image_99_jpg.rf.c4071e81163f5b7a7a3b6e80215bbf0c.jpg,/home/z/my-project/Factory-AI/datasets/production/hardhats/train/images/image_103_jpg.rf.66523187515bfa1ae90c5c00480b8e15.jpg,exact_duplicate_dhash_d0
/home/z/my-project/Factory-AI/datasets/production/hardhats/train/images/mask-wearing-1632933595158_png_jpg.rf.45b3067fa004fe56110a3a96078986e2.jpg,/home/z/my-project/Factory-AI/datasets/production/hardhats/train/images/mask-wearing-1632933592327_png_jpg.rf.3751509df5d8e8846cee726dd3628a25.jpg,exact_duplicate_dhash_d0
/home/z/my-project/Factory-AI/datasets/production/hardhats/train/images/mask-wearing-1632937768842_png_jpg.rf.eb5662053eb442a3c0adc9f549e4166c.jpg,/home/z/my-project/Factory-AI/datasets/production/hardhats/test/images/mask-wearing-1632937770348_png_jpg.rf.f46e942cc952cb3cff7081add62eac8d.jpg,exact_duplicate_dhash_d0
/home/z/my-project/Factory-AI/datasets/production/hardhats/train/images/mask-wearing-tests_mohamed_mp4-15_jpg.rf.b2abd8f6ec7b9219704a9fb4f22f4da3.jpg,/home/z/my-project/Factory-AI/datasets/production/hardhats/train/images/mask-wearing-tests_mohamed_mp4-14_jpg.rf.036a7ebe9d3b68d606fc443932c460c7.jpg,exact_duplicate_dhash_d0
/home/z/my-project/Factory-AI/datasets/production/hardhats/train/images/mask-wearing-tests_mohamed_mp4-21_jpg.rf.75e6233ca27768f8273fc8b0f1a3cbbd.jpg,/home/z/my-project/Factory-AI/datasets/production/hardhats/train/images/mask-wearing-tests_mohamed_mp4-20_jpg.rf.14eb22b83a6ec08bbe6a1e4326516238.jpg,exact_duplicate_dhash_d0
/home/z/my-project/Factory-AI/datasets/production/hardhats/train/images/mask-wearing-tests_mohamed_mp4-23_jpg.rf.e2385e3e8017c059c22d5a30a8e0f40c.jpg,/home/z/my-project/Factory-AI/datasets/production/hardhats/train/images/mask-wearing-tests_mohamed_mp4-22_jpg.rf.a1bf4b1b795f4d06a1366e1e18b21fbb.jpg,exact_duplicate_dhash_d0
/home/z/my-project/Factory-AI/datasets/production/hardhats/train/images/mask-wearing-tests_mohamed_mp4-25_jpg.rf.d9b3312e9f558bb3c17ea4dc32cf9eea.jpg,/home/z/my-project/Factory-AI/datasets/production/hardhats/test/images/mask-wearing-tests_mohamed_mp4-27_jpg.rf.0170529ec16ce7c1aa7ba695ba72e2b5.jpg,exact_duplicate_dhash_d0
/home/z/my-project/Factory-AI/datasets/production/hardhats/train/images/mask-wearing-tests_mohamed_mp4-26_jpg.rf.56c9e9ef81301f862866ad68379c62b2.jpg,/home/z/my-project/Factory-AI/datasets/production/hardhats/test/images/mask-wearing-tests_mohamed_mp4-27_jpg.rf.0170529ec16ce7c1aa7ba695ba72e2b5.jpg,exact_duplicate_dhash_d0
/home/z/my-project/Factory-AI/datasets/production/hardhats/train/images/mask-wearing-tests_mohamed_mp4-33_jpg.rf.faf12a94b3f021ceefd83797fad78840.jpg,/home/z/my-project/Factory-AI/datasets/production/hardhats/train/images/mask-wearing-tests_mohamed_mp4-32_jpg.rf.4d517b7c70a1ee9585202d7a7f519624.jpg,exact_duplicate_dhash_d0
/home/z/my-project/Factory-AI/datasets/production/hardhats/train/images/mask-wearing-tests_mohamed_mp4-44_jpg.rf.c1961609f590056acf3b5ce3cfa6b47c.jpg,/home/z/my-project/Factory-AI/datasets/production/hardhats/test/images/mask-wearing-tests_mohamed_mp4-45_jpg.rf.8f2e75126cc50405b567a9e3a598e67f.jpg,exact_duplicate_dhash_d0
/home/z/my-project/Factory-AI/datasets/production/hardhats/train/images/mask-wearing-tests_mohamed_mp4-51_jpg.rf.0beee061c56bf81f74ddf1040b97638c.jpg,/home/z/my-project/Factory-AI/datasets/production/hardhats/train/images/mask-wearing-tests_mohamed_mp4-50_jpg.rf.7d4225498252f1035e3c4bca529e69d2.jpg,exact_duplicate_dhash_d0
/home/z/my-project/Factory-AI/datasets/production/hardhats/train/images/mask-wearing-tests_mohamed_mp4-60_jpg.rf.caab0598da5f3f08b0a5e063a14ccce4.jpg,/home/z/my-project/Factory-AI/datasets/production/hardhats/train/images/mask-wearing-tests_mohamed_mp4-59_jpg.rf.7e7a27101f5cb2e3ad34a0838733f005.jpg,exact_duplicate_dhash_d0
/home/z/my-project/Factory-AI/datasets/production/hardhats/train/images/mask-wearing-tests_mohamed_mp4-93_jpg.rf.0e15861793a95af3031f6626d0b3b610.jpg,/home/z/my-project/Factory-AI/datasets/production/hardhats/train/images/mask-wearing-tests_mohamed_mp4-92_jpg.rf.061add5fa04f56cc84a6828d8c904c1b.jpg,exact_duplicate_dhash_d0
/home/z/my-project/Factory-AI/datasets/production/hardhats/train/images/no-mask_mov-13_jpg.rf.202e72bfe9c2789802f78fafd042c298.jpg,/home/z/my-project/Factory-AI/datasets/production/hardhats/train/images/no-mask_mov-12_jpg.rf.bb9c043d335863b2fa70813ac7771b94.jpg,exact_duplicate_dhash_d0
/home/z/my-project/Factory-AI/datasets/production/hardhats/train/images/p113103_jpg.rf.66ffe8856007dab674fc21baca032344.jpg,/home/z/my-project/Factory-AI/datasets/production/hardhats/test/images/p113175_jpg.rf.78ac3e5aef45a9d2db3beab8d659ba75.jpg,exact_duplicate_dhash_d0
/home/z/my-project/Factory-AI/datasets/production/hardhats/train/images/p113104_jpg.rf.7fd26559d032e7d177c8e1db6fc623d5.jpg,/home/z/my-project/Factory-AI/datasets/production/hardhats/test/images/p113175_jpg.rf.78ac3e5aef45a9d2db3beab8d659ba75.jpg,exact_duplicate_dhash_d0
/home/z/my-project/Factory-AI/datasets/production/hardhats/train/images/p113106_jpg.rf.788a976dcf11a26496824c3f6b947981.jpg,/home/z/my-project/Factory-AI/datasets/production/hardhats/test/images/p113175_jpg.rf.78ac3e5aef45a9d2db3beab8d659ba75.jpg,exact_duplicate_dhash_d0
/home/z/my-project/Factory-AI/datasets/production/hardhats/train/images/p113107_jpg.rf.5da03cd48afa939cefb33c972d132a19.jpg,/home/z/my-project/Factory-AI/datasets/production/hardhats/test/images/p113175_jpg.rf.78ac3e5aef45a9d2db3beab8d659ba75.jpg,exact_duplicate_dhash_d0
/home/z/my-project/Factory-AI/datasets/production/hardhats/train/images/p113109_jpg.rf.e6a30e46072460d9fbd770de722d1874.jpg,/home/z/my-project/Factory-AI/datasets/production/hardhats/test/images/p113175_jpg.rf.78ac3e5aef45a9d2db3beab8d659ba75.jpg,exact_duplicate_dhash_d0
/home/z/my-project/Factory-AI/datasets/production/hardhats/train/images/p113113_jpg.rf.111708e1d59da2952dcaf1691ef50b79.jpg,/home/z/my-project/Factory-AI/datasets/production/hardhats/test/images/p113175_jpg.rf.78ac3e5aef45a9d2db3beab8d659ba75.jpg,exact_duplicate_dhash_d0
/home/z/my-project/Factory-AI/datasets/production/hardhats/train/images/p113117_jpg.rf.1d608d2c106d2974059875130521de7b.jpg,/home/z/my-project/Factory-AI/datasets/production/hardhats/test/images/p113191_jpg.rf.460f1e05b7a6f7c239729ea77942d6ce.jpg,exact_duplicate_dhash_d0
/home/z/my-project/Factory-AI/datasets/production/hardhats/train/images/p113120_jpg.rf.eb2b5ccc55d6723a44a7ca32eae579cf.jpg,/home/z/my-project/Factory-AI/datasets/production/hardhats/train/images/p113119_jpg.rf.cee074b3465f6f1e0a27d1283fc2ee88.jpg,exact_duplicate_dhash_d0
/home/z/my-project/Factory-AI/datasets/production/hardhats/train/images/p113121_jpg.rf.32b82eda8499d442c5244b8f7dbd0fb3.jpg,/home/z/my-project/Factory-AI/datasets/production/hardhats/train/images/p113119_jpg.rf.cee074b3465f6f1e0a27d1283fc2ee88.jpg,exact_duplicate_dhash_d0
/home/z/my-project/Factory-AI/datasets/production/hardhats/train/images/p113122_jpg.rf.67ab0adefc1acad761cc32e4907a2181.jpg,/home/z/my-project/Factory-AI/datasets/production/hardhats/train/images/p113119_jpg.rf.cee074b3465f6f1e0a27d1283fc2ee88.jpg,exact_duplicate_dhash_d0
/home/z/my-project/Factory-AI/datasets/production/hardhats/train/images/p113124_jpg.rf.50dc37cca9e3be8c1749a13350209be0.jpg,/home/z/my-project/Factory-AI/datasets/production/hardhats/train/images/p113123_jpg.rf.4b5dadecfe2559ce2f0810950fde9b4c.jpg,exact_duplicate_dhash_d0
/home/z/my-project/Factory-AI/datasets/production/hardhats/train/images/p113125_jpg.rf.848406d55793d95f8c852a48848caad5.jpg,/home/z/my-project/Factory-AI/datasets/production/hardhats/test/images/p113175_jpg.rf.78ac3e5aef45a9d2db3beab8d659ba75.jpg,exact_duplicate_dhash_d0
/home/z/my-project/Factory-AI/datasets/production/hardhats/train/images/p113126_jpg.rf.ac3b01dff8436b10d05a019c7bc1ec16.jpg,/home/z/my-project/Factory-AI/datasets/production/hardhats/test/images/p113175_jpg.rf.78ac3e5aef45a9d2db3beab8d659ba75.jpg,exact_duplicate_dhash_d0
/home/z/my-project/Factory-AI/datasets/production/hardhats/train/images/p113127_jpg.rf.b9b613aefc1f50d197d7b12a6611c293.jpg,/home/z/my-project/Factory-AI/datasets/production/hardhats/test/images/p113175_jpg.rf.78ac3e5aef45a9d2db3beab8d659ba75.jpg,exact_duplicate_dhash_d0
/home/z/my-project/Factory-AI/datasets/production/hardhats/train/images/p113128_jpg.rf.cee015b7675e63da55bb53d78b28bd08.jpg,/home/z/my-project/Factory-AI/datasets/production/hardhats/train/images/p113119_jpg.rf.cee074b3465f6f1e0a27d1283fc2ee88.jpg,exact_duplicate_dhash_d0
/home/z/my-project/Factory-AI/datasets/production/hardhats/train/images/p113129_jpg.rf.aada0aa223f2209647cfa15148f61198.jpg,/home/z/my-project/Factory-AI/datasets/production/hardhats/train/images/p113119_jpg.rf.cee074b3465f6f1e0a27d1283fc2ee88.jpg,exact_duplicate_dhash_d0
/home/z/my-project/Factory-AI/datasets/production/hardhats/train/images/p113130_jpg.rf.22525b31993d446c694cee8a27f36318.jpg,/home/z/my-project/Factory-AI/datasets/production/hardhats/train/images/p113119_jpg.rf.cee074b3465f6f1e0a27d1283fc2ee88.jpg,exact_duplicate_dhash_d0
/home/z/my-project/Factory-AI/datasets/production/hardhats/train/images/p113136_jpg.rf.bd34815ca8bc46ca18b5caa6ac4140dd.jpg,/home/z/my-project/Factory-AI/datasets/production/hardhats/train/images/p113134_jpg.rf.9e7290b73b577fcd38b1561d6781b579.jpg,exact_duplicate_dhash_d0
/home/z/my-project/Factory-AI/datasets/production/hardhats/train/images/p113137_jpg.rf.d28e257b0f7b461f28eb60ef1129a66d.jpg,/home/z/my-project/Factory-AI/datasets/production/hardhats/train/images/p113133_jpg.rf.cb5f7e8fdc47403250c599e0ab9894bd.jpg,exact_duplicate_dhash_d0
/home/z/my-project/Factory-AI/datasets/production/hardhats/train/images/p113140_jpg.rf.80cc9a4912064107803552823629bad4.jpg,/home/z/my-project/Factory-AI/datasets/production/hardhats/train/images/p113133_jpg.rf.cb5f7e8fdc47403250c599e0ab9894bd.jpg,exact_duplicate_dhash_d0
/home/z/my-project/Factory-AI/datasets/production/hardhats/train/images/p113141_jpg.rf.c92f26e40952fe8b2871b3f4cae71b21.jpg,/home/z/my-project/Factory-AI/datasets/production/hardhats/train/images/p113133_jpg.rf.cb5f7e8fdc47403250c599e0ab9894bd.jpg,exact_duplicate_dhash_d0
/home/z/my-project/Factory-AI/datasets/production/hardhats/train/images/p113142_jpg.rf.10082bda84424a507bbd4043c49a1737.jpg,/home/z/my-project/Factory-AI/datasets/production/hardhats/train/images/p113133_jpg.rf.cb5f7e8fdc47403250c599e0ab9894bd.jpg,exact_duplicate_dhash_d0
/home/z/my-project/Factory-AI/datasets/production/hardhats/train/images/p113143_jpg.rf.6b8b4638e6eb74e7a3ca246368b70d59.jpg,/home/z/my-project/Factory-AI/datasets/production/hardhats/train/images/p113133_jpg.rf.cb5f7e8fdc47403250c599e0ab9894bd.jpg,exact_duplicate_dhash_d0
/home/z/my-project/Factory-AI/datasets/production/hardhats/train/images/p113144_jpg.rf.1d7cfb181a9fd625cf977ab767cc9136.jpg,/home/z/my-project/Factory-AI/datasets/production/hardhats/train/images/p113133_jpg.rf.cb5f7e8fdc47403250c599e0ab9894bd.jpg,exact_duplicate_dhash_d0
/home/z/my-project/Factory-AI/datasets/production/hardhats/train/images/p113145_jpg.rf.dfa5344d97ce89c8d1d27e6b1ce0eb90.jpg,/home/z/my-project/Factory-AI/datasets/production/hardhats/train/images/p113133_jpg.rf.cb5f7e8fdc47403250c599e0ab9894bd.jpg,exact_duplicate_dhash_d0
/home/z/my-project/Factory-AI/datasets/production/hardhats/train/images/p113147_jpg.rf.6f6b046dbf8346fad420ab98a17e2ae7.jpg,/home/z/my-project/Factory-AI/datasets/production/hardhats/test/images/p113175_jpg.rf.78ac3e5aef45a9d2db3beab8d659ba75.jpg,exact_duplicate_dhash_d0
/home/z/my-project/Factory-AI/datasets/production/hardhats/train/images/p113150_jpg.rf.e2e3d997c220e09092c10c9a7f3b819b.jpg,/home/z/my-project/Factory-AI/datasets/production/hardhats/test/images/p113169_jpg.rf.c2f171fec8ea19c5f0ab4a8cae33a733.jpg,exact_duplicate_dhash_d0
/home/z/my-project/Factory-AI/datasets/production/hardhats/train/images/p113151_jpg.rf.66a3c99fee49ed4c7c201a682b8eb62a.jpg,/home/z/my-project/Factory-AI/datasets/production/hardhats/test/images/p113169_jpg.rf.c2f171fec8ea19c5f0ab4a8cae33a733.jpg,exact_duplicate_dhash_d0
/home/z/my-project/Factory-AI/datasets/production/hardhats/train/images/p113153_jpg.rf.bc0c81fd1b2389d9c045af7701fa7815.jpg,/home/z/my-project/Factory-AI/datasets/production/hardhats/test/images/p113169_jpg.rf.c2f171fec8ea19c5f0ab4a8cae33a733.jpg,exact_duplicate_dhash_d0
/home/z/my-project/Factory-AI/datasets/production/hardhats/train/images/p113154_jpg.rf.17176fd3af044a5d28719804f988bf7a.jpg,/home/z/my-project/Factory-AI/datasets/production/hardhats/test/images/p113169_jpg.rf.c2f171fec8ea19c5f0ab4a8cae33a733.jpg,exact_duplicate_dhash_d0
/home/z/my-project/Factory-AI/datasets/production/hardhats/train/images/p113155_jpg.rf.929e91ba4f81af1a47058e693c5617c6.jpg,/home/z/my-project/Factory-AI/datasets/production/hardhats/test/images/p113169_jpg.rf.c2f171fec8ea19c5f0ab4a8cae33a733.jpg,exact_duplicate_dhash_d0
/home/z/my-project/Factory-AI/datasets/production/hardhats/train/images/p113156_jpg.rf.748f1a03e1ae7e8b0bb0a1a6a610708f.jpg,/home/z/my-project/Factory-AI/datasets/production/hardhats/test/images/p113169_jpg.rf.c2f171fec8ea19c5f0ab4a8cae33a733.jpg,exact_duplicate_dhash_d0
/home/z/my-project/Factory-AI/datasets/production/hardhats/train/images/p113157_jpg.rf.09bc6f844c2358f311dd4da190a67cfb.jpg,/home/z/my-project/Factory-AI/datasets/production/hardhats/test/images/p113169_jpg.rf.c2f171fec8ea19c5f0ab4a8cae33a733.jpg,exact_duplicate_dhash_d0
/home/z/my-project/Factory-AI/datasets/production/hardhats/train/images/p113158_jpg.rf.2a03b907bd9b65ba5fd81dcd6c3b95f3.jpg,/home/z/my-project/Factory-AI/datasets/production/hardhats/test/images/p113169_jpg.rf.c2f171fec8ea19c5f0ab4a8cae33a733.jpg,exact_duplicate_dhash_d0
/home/z/my-project/Factory-AI/datasets/production/hardhats/train/images/p113159_jpg.rf.8483f09abae42688faa0139b649c0114.jpg,/home/z/my-project/Factory-AI/datasets/production/hardhats/test/images/p113169_jpg.rf.c2f171fec8ea19c5f0ab4a8cae33a733.jpg,exact_duplicate_dhash_d0
/home/z/my-project/Factory-AI/datasets/production/hardhats/train/images/p113160_jpg.rf.a93ebb00b7b3beba66f6b8ac5c81bf0a.jpg,/home/z/my-project/Factory-AI/datasets/production/hardhats/test/images/p113169_jpg.rf.c2f171fec8ea19c5f0ab4a8cae33a733.jpg,exact_duplicate_dhash_d0
/home/z/my-project/Factory-AI/datasets/production/hardhats/train/images/p113161_jpg.rf.4631445b48645fbc8174d10b42ca795c.jpg,/home/z/my-project/Factory-AI/datasets/production/hardhats/test/images/p113169_jpg.rf.c2f171fec8ea19c5f0ab4a8cae33a733.jpg,exact_duplicate_dhash_d0
/home/z/my-project/Factory-AI/datasets/production/hardhats/train/images/p113162_jpg.rf.49ad2bdeffd588a1f48e24b511da2e10.jpg,/home/z/my-project/Factory-AI/datasets/production/hardhats/test/images/p113169_jpg.rf.c2f171fec8ea19c5f0ab4a8cae33a733.jpg,exact_duplicate_dhash_d0
/home/z/my-project/Factory-AI/datasets/production/hardhats/train/images/p113163_jpg.rf.97017850f02c1802538dbaa53b4fb451.jpg,/home/z/my-project/Factory-AI/datasets/production/hardhats/test/images/p113169_jpg.rf.c2f171fec8ea19c5f0ab4a8cae33a733.jpg,exact_duplicate_dhash_d0
/home/z/my-project/Factory-AI/datasets/production/hardhats/train/images/p113164_jpg.rf.6ff75d396aa979814421e84f031dc1f5.jpg,/home/z/my-project/Factory-AI/datasets/production/hardhats/test/images/p113169_jpg.rf.c2f171fec8ea19c5f0ab4a8cae33a733.jpg,exact_duplicate_dhash_d0
/home/z/my-project/Factory-AI/datasets/production/hardhats/train/images/p113165_jpg.rf.7c1d709dcee48760e08386270aa7fbee.jpg,/home/z/my-project/Factory-AI/datasets/production/hardhats/test/images/p113169_jpg.rf.c2f171fec8ea19c5f0ab4a8cae33a733.jpg,exact_duplicate_dhash_d0
/home/z/my-project/Factory-AI/datasets/production/hardhats/train/images/p113167_jpg.rf.f27ae6f1926b303f6c968663fcb38a8b.jpg,/home/z/my-project/Factory-AI/datasets/production/hardhats/train/images/p113166_jpg.rf.efcf2e18db8a1aa29495e3d567b42b58.jpg,exact_duplicate_dhash_d0
/home/z/my-project/Factory-AI/datasets/production/hardhats/train/images/p113168_jpg.rf.209a541e8e7903b69e86c79d6e636fee.jpg,/home/z/my-project/Factory-AI/datasets/production/hardhats/train/images/p113166_jpg.rf.efcf2e18db8a1aa29495e3d567b42b58.jpg,exact_duplicate_dhash_d0
/home/z/my-project/Factory-AI/datasets/production/hardhats/train/images/p11316_jpg.rf.fc8352b044819c7f34d9990c81ad0ba0.jpg,/home/z/my-project/Factory-AI/datasets/production/hardhats/train/images/p11310_jpg.rf.4373481c91a8b719a95c629b86db815d.jpg,exact_duplicate_dhash_d0
/home/z/my-project/Factory-AI/datasets/production/hardhats/train/images/p113173_jpg.rf.5a6df3e8e6779abe0d28c318524852b9.jpg,/home/z/my-project/Factory-AI/datasets/production/hardhats/train/images/p113101_jpg.rf.baa28fd0bdfdc60aecb7fc1f7ba8fdf0.jpg,exact_duplicate_dhash_d0
/home/z/my-project/Factory-AI/datasets/production/hardhats/train/images/p113174_jpg.rf.8ec036981ee0c8865586edb9dc52488e.jpg,/home/z/my-project/Factory-AI/datasets/production/hardhats/test/images/p113191_jpg.rf.460f1e05b7a6f7c239729ea77942d6ce.jpg,exact_duplicate_dhash_d0
/home/z/my-project/Factory-AI/datasets/production/hardhats/train/images/p113176_jpg.rf.5e8b7585837f7f7723e0da3d3ed1a2c7.jpg,/home/z/my-project/Factory-AI/datasets/production/hardhats/test/images/p113191_jpg.rf.460f1e05b7a6f7c239729ea77942d6ce.jpg,exact_duplicate_dhash_d0
/home/z/my-project/Factory-AI/datasets/production/hardhats/train/images/p11317_jpg.rf.0b6d396530e8dc58fa66502df2c46542.jpg,/home/z/my-project/Factory-AI/datasets/production/hardhats/train/images/p11310_jpg.rf.4373481c91a8b719a95c629b86db815d.jpg,exact_duplicate_dhash_d0
/home/z/my-project/Factory-AI/datasets/production/hardhats/train/images/p113180_jpg.rf.f3c9ff1a81ab5a7bff6c27a74b2c9b6c.jpg,/home/z/my-project/Factory-AI/datasets/production/hardhats/test/images/p113191_jpg.rf.460f1e05b7a6f7c239729ea77942d6ce.jpg,exact_duplicate_dhash_d0
/home/z/my-project/Factory-AI/datasets/production/hardhats/train/images/p113181_jpg.rf.5aec9b1f31c2117bdab22a8612c7af1c.jpg,/home/z/my-project/Factory-AI/datasets/production/hardhats/test/images/p113175_jpg.rf.78ac3e5aef45a9d2db3beab8d659ba75.jpg,exact_duplicate_dhash_d0
/home/z/my-project/Factory-AI/datasets/production/hardhats/train/images/p113182_jpg.rf.3abe22d599d661f78eb392b21691c285.jpg,/home/z/my-project/Factory-AI/datasets/production/hardhats/train/images/p113148_jpg.rf.63fdc38fce0b55c870afd9b1a6c6e94c.jpg,exact_duplicate_dhash_d0
/home/z/my-project/Factory-AI/datasets/production/hardhats/train/images/p113183_jpg.rf.0eb7d6716e8ef9324c714ec009501d29.jpg,/home/z/my-project/Factory-AI/datasets/production/hardhats/train/images/p113148_jpg.rf.63fdc38fce0b55c870afd9b1a6c6e94c.jpg,exact_duplicate_dhash_d0
/home/z/my-project/Factory-AI/datasets/production/hardhats/train/images/p113186_jpg.rf.824899334ea2d51f8cf7b3b860b7f2bc.jpg,/home/z/my-project/Factory-AI/datasets/production/hardhats/train/images/p113148_jpg.rf.63fdc38fce0b55c870afd9b1a6c6e94c.jpg,exact_duplicate_dhash_d0
/home/z/my-project/Factory-AI/datasets/production/hardhats/train/images/p113188_jpg.rf.2427e18caf8cdc41df878c5bda7e99d7.jpg,/home/z/my-project/Factory-AI/datasets/production/hardhats/test/images/p113184_jpg.rf.c9140a8d44ae1c5f104e20e6a186803f.jpg,exact_duplicate_dhash_d0
/home/z/my-project/Factory-AI/datasets/production/hardhats/train/images/p11318_jpg.rf.c2e1ff9969e5b7065e8333f5d42adaa0.jpg,/home/z/my-project/Factory-AI/datasets/production/hardhats/train/images/p11310_jpg.rf.4373481c91a8b719a95c629b86db815d.jpg,exact_duplicate_dhash_d0
/home/z/my-project/Factory-AI/datasets/production/hardhats/train/images/p113193_jpg.rf.8f01757081d94c4d9035c6c88340b08b.jpg,/home/z/my-project/Factory-AI/datasets/production/hardhats/train/images/p113190_jpg.rf.b2074923be100daba5def2356419aa2c.jpg,exact_duplicate_dhash_d0
/home/z/my-project/Factory-AI/datasets/production/hardhats/train/images/p113194_jpg.rf.7630550207c5d05b3b37d8e8e22dbbe5.jpg,/home/z/my-project/Factory-AI/datasets/production/hardhats/test/images/p113195_jpg.rf.c7932801e4cad125d0058e3ed745d5d7.jpg,exact_duplicate_dhash_d0
/home/z/my-project/Factory-AI/datasets/production/hardhats/train/images/p113196_jpg.rf.6d0f34008133a1b53b52921d651fc444.jpg,/home/z/my-project/Factory-AI/datasets/production/hardhats/test/images/p113195_jpg.rf.c7932801e4cad125d0058e3ed745d5d7.jpg,exact_duplicate_dhash_d0
/home/z/my-project/Factory-AI/datasets/production/hardhats/train/images/p113197_jpg.rf.95ab9658300bfbab0af4916b883b0687.jpg,/home/z/my-project/Factory-AI/datasets/production/hardhats/test/images/p113195_jpg.rf.c7932801e4cad125d0058e3ed745d5d7.jpg,exact_duplicate_dhash_d0
/home/z/my-project/Factory-AI/datasets/production/hardhats/train/images/p113198_jpg.rf.0347fc019d826298cb455a0f75179c51.jpg,/home/z/my-project/Factory-AI/datasets/production/hardhats/test/images/p113195_jpg.rf.c7932801e4cad125d0058e3ed745d5d7.jpg,exact_duplicate_dhash_d0
/home/z/my-project/Factory-AI/datasets/production/hardhats/train/images/p113199_jpg.rf.128f163fd75294cdc9e6edc8138f87ed.jpg,/home/z/my-project/Factory-AI/datasets/production/hardhats/train/images/p113190_jpg.rf.b2074923be100daba5def2356419aa2c.jpg,exact_duplicate_dhash_d0
/home/z/my-project/Factory-AI/datasets/production/hardhats/train/images/p1131_jpg.rf.e0f32d94bd2c28a4ef3786d8c8c6b24a.jpg,/home/z/my-project/Factory-AI/datasets/production/hardhats/train/images/p11310_jpg.rf.4373481c91a8b719a95c629b86db815d.jpg,exact_duplicate_dhash_d0
/home/z/my-project/Factory-AI/datasets/production/hardhats/train/images/p113200_jpg.rf.bdf6fcbdcd29c437feee6849e443990a.jpg,/home/z/my-project/Factory-AI/datasets/production/hardhats/train/images/p113190_jpg.rf.b2074923be100daba5def2356419aa2c.jpg,exact_duplicate_dhash_d0
/home/z/my-project/Factory-AI/datasets/production/hardhats/train/images/p1132_jpg.rf.a626c1759ffabb29b54314909ea6a24e.jpg,/home/z/my-project/Factory-AI/datasets/production/hardhats/train/images/p11311_jpg.rf.135ff8a169bac72fda738bac6ccb143b.jpg,exact_duplicate_dhash_d0
/home/z/my-project/Factory-AI/datasets/production/hardhats/train/images/p1133_jpg.rf.b1c4af2ef7d774038333ef2620e8fbd1.jpg,/home/z/my-project/Factory-AI/datasets/production/hardhats/train/images/p11311_jpg.rf.135ff8a169bac72fda738bac6ccb143b.jpg,exact_duplicate_dhash_d0
/home/z/my-project/Factory-AI/datasets/production/hardhats/train/images/p11343_jpg.rf.a6b4e3d04780a74907617479eabb861c.jpg,/home/z/my-project/Factory-AI/datasets/production/hardhats/train/images/p11332_jpg.rf.99a2de558f3432739363ffafb44e0af1.jpg,exact_duplicate_dhash_d0
/home/z/my-project/Factory-AI/datasets/production/hardhats/train/images/p11346_jpg.rf.b1469139934a3fb9a702daaee18a8840.jpg,/home/z/my-project/Factory-AI/datasets/production/hardhats/train/images/p11334_jpg.rf.598fa432218c2c4526faa23aad859004.jpg,exact_duplicate_dhash_d0
/home/z/my-project/Factory-AI/datasets/production/hardhats/train/images/p11348_jpg.rf.a3bd219df2e1cb05ff8b37252e1bbf75.jpg,/home/z/my-project/Factory-AI/datasets/production/hardhats/train/images/p11333_jpg.rf.a12d1c1aab69f6447c270a9d79564d1f.jpg,exact_duplicate_dhash_d0
/home/z/my-project/Factory-AI/datasets/production/hardhats/train/images/p1134_jpg.rf.5547881897516e9bca762f403d14c3da.jpg,/home/z/my-project/Factory-AI/datasets/production/hardhats/train/images/p11310_jpg.rf.4373481c91a8b719a95c629b86db815d.jpg,exact_duplicate_dhash_d0
/home/z/my-project/Factory-AI/datasets/production/hardhats/train/images/p11350_jpg.rf.c7902f5766e1c716f6fd8befa9359d2c.jpg,/home/z/my-project/Factory-AI/datasets/production/hardhats/train/images/p11349_jpg.rf.bd391d32473ddd1d967f3043d9569f15.jpg,exact_duplicate_dhash_d0
/home/z/my-project/Factory-AI/datasets/production/hardhats/train/images/p11353_jpg.rf.aad0bfe75984bdba52839897639da9e8.jpg,/home/z/my-project/Factory-AI/datasets/production/hardhats/train/images/p11349_jpg.rf.bd391d32473ddd1d967f3043d9569f15.jpg,exact_duplicate_dhash_d0
/home/z/my-project/Factory-AI/datasets/production/hardhats/train/images/p11354_jpg.rf.12af1b8512604e70cab4bdecfc5ca8e2.jpg,/home/z/my-project/Factory-AI/datasets/production/hardhats/train/images/p11334_jpg.rf.598fa432218c2c4526faa23aad859004.jpg,exact_duplicate_dhash_d0
/home/z/my-project/Factory-AI/datasets/production/hardhats/train/images/p11359_jpg.rf.b99173e00f24b295930799b9721e4fe1.jpg,/home/z/my-project/Factory-AI/datasets/production/hardhats/train/images/p11358_jpg.rf.141e0acf2f229badf5f36b7b6847684c.jpg,exact_duplicate_dhash_d0
/home/z/my-project/Factory-AI/datasets/production/hardhats/train/images/p1135_jpg.rf.e089378fdfd6d82a5f52b6a8691f51a2.jpg,/home/z/my-project/Factory-AI/datasets/production/hardhats/train/images/p11311_jpg.rf.135ff8a169bac72fda738bac6ccb143b.jpg,exact_duplicate_dhash_d0
/home/z/my-project/Factory-AI/datasets/production/hardhats/train/images/p11360_jpg.rf.ddc30ffbd45a58ba9b05b175232e3df9.jpg,/home/z/my-project/Factory-AI/datasets/production/hardhats/train/images/p11357_jpg.rf.2f1a52a339150fc8c2aed9250f71db43.jpg,exact_duplicate_dhash_d0
/home/z/my-project/Factory-AI/datasets/production/hardhats/train/images/p11369_jpg.rf.81a8ba6d3c087d83d18ab59201a1384d.jpg,/home/z/my-project/Factory-AI/datasets/production/hardhats/test/images/p11374_jpg.rf.3a24995e7ff9293b6d35419b8f970e62.jpg,exact_duplicate_dhash_d0
/home/z/my-project/Factory-AI/datasets/production/hardhats/train/images/p11370_jpg.rf.1f6fcfb03e1386d30c20c7bc8ebd6ac1.jpg,/home/z/my-project/Factory-AI/datasets/production/hardhats/train/images/p11368_jpg.rf.2e6a654319df7a380001756febf781d3.jpg,exact_duplicate_dhash_d0
/home/z/my-project/Factory-AI/datasets/production/hardhats/train/images/p11371_jpg.rf.825afdcb41c9c124d15a5e6fcb99010a.jpg,/home/z/my-project/Factory-AI/datasets/production/hardhats/test/images/p11374_jpg.rf.3a24995e7ff9293b6d35419b8f970e62.jpg,exact_duplicate_dhash_d0
/home/z/my-project/Factory-AI/datasets/production/hardhats/train/images/p11372_jpg.rf.7448b07c2c499079c6b510bbb0eafdb4.jpg,/home/z/my-project/Factory-AI/datasets/production/hardhats/test/images/p11374_jpg.rf.3a24995e7ff9293b6d35419b8f970e62.jpg,exact_duplicate_dhash_d0
/home/z/my-project/Factory-AI/datasets/production/hardhats/train/images/p11373_jpg.rf.57d634373351fb5a5b69cdf127213f2f.jpg,/home/z/my-project/Factory-AI/datasets/production/hardhats/test/images/p11374_jpg.rf.3a24995e7ff9293b6d35419b8f970e62.jpg,exact_duplicate_dhash_d0
/home/z/my-project/Factory-AI/datasets/production/hardhats/train/images/p11386_jpg.rf.2291cd71792583376f88f67e4c15c90d.jpg,/home/z/my-project/Factory-AI/datasets/production/hardhats/train/images/p11365_jpg.rf.a2e9e20790e2846b0e18ae377c102cd5.jpg,exact_duplicate_dhash_d0
/home/z/my-project/Factory-AI/datasets/production/hardhats/train/images/p11387_jpg.rf.f9c51d7d0e943c0410b3d4ddce024801.jpg,/home/z/my-project/Factory-AI/datasets/production/hardhats/train/images/p11365_jpg.rf.a2e9e20790e2846b0e18ae377c102cd5.jpg,exact_duplicate_dhash_d0
/home/z/my-project/Factory-AI/datasets/production/hardhats/train/images/p11389_jpg.rf.0b3d8e8f972d0be64268d72f15734a05.jpg,/home/z/my-project/Factory-AI/datasets/production/hardhats/test/images/p113175_jpg.rf.78ac3e5aef45a9d2db3beab8d659ba75.jpg,exact_duplicate_dhash_d0
/home/z/my-project/Factory-AI/datasets/production/hardhats/train/images/p11396_jpg.rf.389825c9d6c5c05d6a105e887ec13873.jpg,/home/z/my-project/Factory-AI/datasets/production/hardhats/train/images/p113146_jpg.rf.1eb245df1f4b985865ac5ef76cc1f16e.jpg,exact_duplicate_dhash_d0
/home/z/my-project/Factory-AI/datasets/production/hardhats/train/images/p11399_jpg.rf.29fc2919cb43a5f76811606020cd76a4.jpg,/home/z/my-project/Factory-AI/datasets/production/hardhats/test/images/p113175_jpg.rf.78ac3e5aef45a9d2db3beab8d659ba75.jpg,exact_duplicate_dhash_d0
/home/z/my-project/Factory-AI/datasets/production/hardhats/train/images/p651311_jpg.rf.9e8b84acfa03761128ba5de9a303c31c.jpg,/home/z/my-project/Factory-AI/datasets/production/hardhats/train/images/p651310_jpg.rf.1cd784617d97565c7d51ae835609f1d9.jpg,exact_duplicate_dhash_d0
/home/z/my-project/Factory-AI/datasets/production/hardhats/train/images/p651314_jpg.rf.acd5e4ca1ef3799f138690ad22a968c5.jpg,/home/z/my-project/Factory-AI/datasets/production/hardhats/test/images/p651319_jpg.rf.51a7cba9a3178302a2830f0bf02bf55f.jpg,exact_duplicate_dhash_d0
/home/z/my-project/Factory-AI/datasets/production/hardhats/train/images/p651315_jpg.rf.04a3cf55ed227e5f4df55857b190d509.jpg,/home/z/my-project/Factory-AI/datasets/production/hardhats/train/images/p651310_jpg.rf.1cd784617d97565c7d51ae835609f1d9.jpg,exact_duplicate_dhash_d0
/home/z/my-project/Factory-AI/datasets/production/hardhats/train/images/p651316_jpg.rf.c72e8eb0fa51387ce27971f260c83c10.jpg,/home/z/my-project/Factory-AI/datasets/production/hardhats/train/images/p651310_jpg.rf.1cd784617d97565c7d51ae835609f1d9.jpg,exact_duplicate_dhash_d0
/home/z/my-project/Factory-AI/datasets/production/hardhats/train/images/p651317_jpg.rf.4a88c49b201d014ab5cf796d4327ec33.jpg,/home/z/my-project/Factory-AI/datasets/production/hardhats/test/images/p651319_jpg.rf.51a7cba9a3178302a2830f0bf02bf55f.jpg,exact_duplicate_dhash_d0
/home/z/my-project/Factory-AI/datasets/production/hardhats/train/images/p651318_jpg.rf.218892ada250b9604cc314aeae07c81a.jpg,/home/z/my-project/Factory-AI/datasets/production/hardhats/test/images/p651319_jpg.rf.51a7cba9a3178302a2830f0bf02bf55f.jpg,exact_duplicate_dhash_d0
/home/z/my-project/Factory-AI/datasets/production/hardhats/train/images/p651320_jpg.rf.00eb185b2ccf5d6b54a8df7566a560e4.jpg,/home/z/my-project/Factory-AI/datasets/production/hardhats/test/images/p651319_jpg.rf.51a7cba9a3178302a2830f0bf02bf55f.jpg,exact_duplicate_dhash_d0
/home/z/my-project/Factory-AI/datasets/production/hardhats/train/images/p651321_jpg.rf.b39c803d7d1edef4bce1d02f890e4d5c.jpg,/home/z/my-project/Factory-AI/datasets/production/hardhats/test/images/p651319_jpg.rf.51a7cba9a3178302a2830f0bf02bf55f.jpg,exact_duplicate_dhash_d0
/home/z/my-project/Factory-AI/datasets/production/hardhats/train/images/p651323_jpg.rf.5dc92198a695e59f2ed76d818a9722f0.jpg,/home/z/my-project/Factory-AI/datasets/production/hardhats/test/images/p651319_jpg.rf.51a7cba9a3178302a2830f0bf02bf55f.jpg,exact_duplicate_dhash_d0
/home/z/my-project/Factory-AI/datasets/production/hardhats/train/images/p651324_jpg.rf.c6fb6c227eee803e29a2cb1407bc38a9.jpg,/home/z/my-project/Factory-AI/datasets/production/hardhats/train/images/p651310_jpg.rf.1cd784617d97565c7d51ae835609f1d9.jpg,exact_duplicate_dhash_d0
/home/z/my-project/Factory-AI/datasets/production/hardhats/train/images/p651326_jpg.rf.a825589ad734fdc2d92bb9eee304ebc4.jpg,/home/z/my-project/Factory-AI/datasets/production/hardhats/train/images/p651310_jpg.rf.1cd784617d97565c7d51ae835609f1d9.jpg,exact_duplicate_dhash_d0
/home/z/my-project/Factory-AI/datasets/production/hardhats/train/images/p651327_jpg.rf.62490a35a7fe758b05c6939f3644d525.jpg,/home/z/my-project/Factory-AI/datasets/production/hardhats/train/images/p651310_jpg.rf.1cd784617d97565c7d51ae835609f1d9.jpg,exact_duplicate_dhash_d0
/home/z/my-project/Factory-AI/datasets/production/hardhats/train/images/p651329_jpg.rf.5635b3cc07f0d6fdfd2a427dffc9a625.jpg,/home/z/my-project/Factory-AI/datasets/production/hardhats/test/images/p651330_jpg.rf.b0befd0824e9bfddc9169aa9f2397fa7.jpg,exact_duplicate_dhash_d0
/home/z/my-project/Factory-AI/datasets/production/hardhats/train/images/p65132_jpg.rf.b7390440e4988b30406611aee8984835.jpg,/home/z/my-project/Factory-AI/datasets/production/hardhats/train/images/p651310_jpg.rf.1cd784617d97565c7d51ae835609f1d9.jpg,exact_duplicate_dhash_d0
/home/z/my-project/Factory-AI/datasets/production/hardhats/train/images/p651333_jpg.rf.f9664b4c60e812894126eb6192edfac8.jpg,/home/z/my-project/Factory-AI/datasets/production/hardhats/train/images/p651332_jpg.rf.24c4ea21c8cc83d40396c60e61cfed55.jpg,exact_duplicate_dhash_d0
/home/z/my-project/Factory-AI/datasets/production/hardhats/train/images/p651334_jpg.rf.4f0d34be7f497ecfa42ca8b7c1299ea0.jpg,/home/z/my-project/Factory-AI/datasets/production/hardhats/train/images/p651332_jpg.rf.24c4ea21c8cc83d40396c60e61cfed55.jpg,exact_duplicate_dhash_d0
/home/z/my-project/Factory-AI/datasets/production/hardhats/train/images/p65133_jpg.rf.01f6ebd5f81c511e1bbcbd1169a8a43b.jpg,/home/z/my-project/Factory-AI/datasets/production/hardhats/train/images/p651310_jpg.rf.1cd784617d97565c7d51ae835609f1d9.jpg,exact_duplicate_dhash_d0
/home/z/my-project/Factory-AI/datasets/production/hardhats/train/images/p651341_jpg.rf.ec4033149e90fb54bc4268ee2654ed43.jpg,/home/z/my-project/Factory-AI/datasets/production/hardhats/train/images/p651340_jpg.rf.6e8bfebe9041c4dcc01d9bf07c62ee05.jpg,exact_duplicate_dhash_d0
/home/z/my-project/Factory-AI/datasets/production/hardhats/train/images/p651343_jpg.rf.89e850b07e71c52040730b25964857fc.jpg,/home/z/my-project/Factory-AI/datasets/production/hardhats/train/images/p651340_jpg.rf.6e8bfebe9041c4dcc01d9bf07c62ee05.jpg,exact_duplicate_dhash_d0
/home/z/my-project/Factory-AI/datasets/production/hardhats/train/images/p651344_jpg.rf.fe5f67d4729006bfdc06d6554f05bdd1.jpg,/home/z/my-project/Factory-AI/datasets/production/hardhats/train/images/p651340_jpg.rf.6e8bfebe9041c4dcc01d9bf07c62ee05.jpg,exact_duplicate_dhash_d0
/home/z/my-project/Factory-AI/datasets/production/hardhats/train/images/p651345_jpg.rf.078149cf3a2710b023a643d0e957187a.jpg,/home/z/my-project/Factory-AI/datasets/production/hardhats/train/images/p651340_jpg.rf.6e8bfebe9041c4dcc01d9bf07c62ee05.jpg,exact_duplicate_dhash_d0
/home/z/my-project/Factory-AI/datasets/production/hardhats/train/images/p65134_jpg.rf.ab80da052452bfe05049701c7b8c56db.jpg,/home/z/my-project/Factory-AI/datasets/production/hardhats/train/images/p651310_jpg.rf.1cd784617d97565c7d51ae835609f1d9.jpg,exact_duplicate_dhash_d0
/home/z/my-project/Factory-AI/datasets/production/hardhats/train/images/p651352_jpg.rf.b46d7210a031778d4706cc1461fd9aaa.jpg,/home/z/my-project/Factory-AI/datasets/production/hardhats/train/images/p651340_jpg.rf.6e8bfebe9041c4dcc01d9bf07c62ee05.jpg,exact_duplicate_dhash_d0
/home/z/my-project/Factory-AI/datasets/production/hardhats/train/images/p651353_jpg.rf.1b9cce673bcbba08ba555ddb2725a392.jpg,/home/z/my-project/Factory-AI/datasets/production/hardhats/train/images/p651340_jpg.rf.6e8bfebe9041c4dcc01d9bf07c62ee05.jpg,exact_duplicate_dhash_d0
/home/z/my-project/Factory-AI/datasets/production/hardhats/train/images/p651354_jpg.rf.242374ef31855221ad2d7c0cae570109.jpg,/home/z/my-project/Factory-AI/datasets/production/hardhats/train/images/p651340_jpg.rf.6e8bfebe9041c4dcc01d9bf07c62ee05.jpg,exact_duplicate_dhash_d0
/home/z/my-project/Factory-AI/datasets/production/hardhats/train/images/p651355_jpg.rf.60faf35836057751aaecd0f5af075937.jpg,/home/z/my-project/Factory-AI/datasets/production/hardhats/test/images/p651359_jpg.rf.dee5dc82e195051ff952a08423c55cc7.jpg,exact_duplicate_dhash_d0
/home/z/my-project/Factory-AI/datasets/production/hardhats/train/images/p651356_jpg.rf.ee99710cf25e3da22bfdd821053bc323.jpg,/home/z/my-project/Factory-AI/datasets/production/hardhats/test/images/p651359_jpg.rf.dee5dc82e195051ff952a08423c55cc7.jpg,exact_duplicate_dhash_d0
/home/z/my-project/Factory-AI/datasets/production/hardhats/train/images/p651358_jpg.rf.af4690345782626d1efe09065b8ac484.jpg,/home/z/my-project/Factory-AI/datasets/production/hardhats/test/images/p651359_jpg.rf.dee5dc82e195051ff952a08423c55cc7.jpg,exact_duplicate_dhash_d0
/home/z/my-project/Factory-AI/datasets/production/hardhats/train/images/p65135_jpg.rf.50ed0f6340ac5dd10095af3a6fa0f067.jpg,/home/z/my-project/Factory-AI/datasets/production/hardhats/train/images/p651310_jpg.rf.1cd784617d97565c7d51ae835609f1d9.jpg,exact_duplicate_dhash_d0
/home/z/my-project/Factory-AI/datasets/production/hardhats/train/images/p651360_jpg.rf.74bd6240733ae2810ac49a9cde08a783.jpg,/home/z/my-project/Factory-AI/datasets/production/hardhats/train/images/p113138_jpg.rf.de26b3a87172b8e8ac2a7558a26d4d47.jpg,exact_duplicate_dhash_d0
/home/z/my-project/Factory-AI/datasets/production/hardhats/train/images/p651361_jpg.rf.d7daaa65fdb55f7d5027ec2eabd1d1b0.jpg,/home/z/my-project/Factory-AI/datasets/production/hardhats/train/images/p113138_jpg.rf.de26b3a87172b8e8ac2a7558a26d4d47.jpg,exact_duplicate_dhash_d0
/home/z/my-project/Factory-AI/datasets/production/hardhats/train/images/p651362_jpg.rf.f41e32bdad350a0f87579d51e02c3241.jpg,/home/z/my-project/Factory-AI/datasets/production/hardhats/train/images/p113138_jpg.rf.de26b3a87172b8e8ac2a7558a26d4d47.jpg,exact_duplicate_dhash_d0
/home/z/my-project/Factory-AI/datasets/production/hardhats/train/images/p651363_jpg.rf.011ed417c9c37900bab0da49783effb4.jpg,/home/z/my-project/Factory-AI/datasets/production/hardhats/train/images/p113138_jpg.rf.de26b3a87172b8e8ac2a7558a26d4d47.jpg,exact_duplicate_dhash_d0
/home/z/my-project/Factory-AI/datasets/production/hardhats/train/images/p651364_jpg.rf.e1574956640fefae9c9705d7edd8fb51.jpg,/home/z/my-project/Factory-AI/datasets/production/hardhats/train/images/p113138_jpg.rf.de26b3a87172b8e8ac2a7558a26d4d47.jpg,exact_duplicate_dhash_d0
/home/z/my-project/Factory-AI/datasets/production/hardhats/train/images/p651365_jpg.rf.d1bf51630c08ac2d7a685c387491ff32.jpg,/home/z/my-project/Factory-AI/datasets/production/hardhats/test/images/p651359_jpg.rf.dee5dc82e195051ff952a08423c55cc7.jpg,exact_duplicate_dhash_d0
/home/z/my-project/Factory-AI/datasets/production/hardhats/train/images/p651366_jpg.rf.e1689315f7dd3a3e4c5dda1ec425d55a.jpg,/home/z/my-project/Factory-AI/datasets/production/hardhats/test/images/p651359_jpg.rf.dee5dc82e195051ff952a08423c55cc7.jpg,exact_duplicate_dhash_d0
/home/z/my-project/Factory-AI/datasets/production/hardhats/train/images/p65136_jpg.rf.c9f0ecf6fae748ae28a5c51c9ff804a0.jpg,/home/z/my-project/Factory-AI/datasets/production/hardhats/train/images/p651310_jpg.rf.1cd784617d97565c7d51ae835609f1d9.jpg,exact_duplicate_dhash_d0
/home/z/my-project/Factory-AI/datasets/production/hardhats/train/images/p65138_jpg.rf.567847351dd1209fe7fa737c8944380f.jpg,/home/z/my-project/Factory-AI/datasets/production/hardhats/train/images/p651310_jpg.rf.1cd784617d97565c7d51ae835609f1d9.jpg,exact_duplicate_dhash_d0
/home/z/my-project/Factory-AI/datasets/production/hardhats/train/images/p65139_jpg.rf.2bfd5eec6f22485d6b0308aba211ddb9.jpg,/home/z/my-project/Factory-AI/datasets/production/hardhats/train/images/p651310_jpg.rf.1cd784617d97565c7d51ae835609f1d9.jpg,exact_duplicate_dhash_d0
/home/z/my-project/Factory-AI/datasets/production/hardhats/train/images/p65213145_jpg.rf.38d7e0d886ca955dfb806a76bc21f4c4.jpg,/home/z/my-project/Factory-AI/datasets/production/hardhats/test/images/p651359_jpg.rf.dee5dc82e195051ff952a08423c55cc7.jpg,exact_duplicate_dhash_d0
/home/z/my-project/Factory-AI/datasets/production/hardhats/train/images/p65213146_jpg.rf.07719b5f977c725e3c6d507f37bec435.jpg,/home/z/my-project/Factory-AI/datasets/production/hardhats/test/images/p651359_jpg.rf.dee5dc82e195051ff952a08423c55cc7.jpg,exact_duplicate_dhash_d0
/home/z/my-project/Factory-AI/datasets/production/hardhats/train/images/p65213148_jpg.rf.2c071bc046e77087ee3d8ab7e3d1c665.jpg,/home/z/my-project/Factory-AI/datasets/production/hardhats/test/images/p651359_jpg.rf.dee5dc82e195051ff952a08423c55cc7.jpg,exact_duplicate_dhash_d0
/home/z/my-project/Factory-AI/datasets/production/hardhats/train/images/p65213149_jpg.rf.437fe60e90d15fb882c6d708f83bbf55.jpg,/home/z/my-project/Factory-AI/datasets/production/hardhats/test/images/p65213140_jpg.rf.9e4d6b5163f36ca1f77b3bace264308f.jpg,exact_duplicate_dhash_d0
/home/z/my-project/Factory-AI/datasets/production/hardhats/train/images/p65213151_jpg.rf.4598961565b9b7196d52b74306c79702.jpg,/home/z/my-project/Factory-AI/datasets/production/hardhats/test/images/p651359_jpg.rf.dee5dc82e195051ff952a08423c55cc7.jpg,exact_duplicate_dhash_d0
/home/z/my-project/Factory-AI/datasets/production/hardhats/train/images/p65213156_jpg.rf.92715a04eea406bcf0c68afa74c42724.jpg,/home/z/my-project/Factory-AI/datasets/production/hardhats/train/images/p65213155_jpg.rf.f16374ea5a98a5c459adacab572eec41.jpg,exact_duplicate_dhash_d0
/home/z/my-project/Factory-AI/datasets/production/hardhats/train/images/p65213158_jpg.rf.e6ea87736af3332ffe12260a9e1a62ef.jpg,/home/z/my-project/Factory-AI/datasets/production/hardhats/test/images/p651359_jpg.rf.dee5dc82e195051ff952a08423c55cc7.jpg,exact_duplicate_dhash_d0
/home/z/my-project/Factory-AI/datasets/production/hardhats/train/images/p65213160_jpg.rf.d6a7ee976536301db30c3c9c66fc1e61.jpg,/home/z/my-project/Factory-AI/datasets/production/hardhats/test/images/p651359_jpg.rf.dee5dc82e195051ff952a08423c55cc7.jpg,exact_duplicate_dhash_d0
/home/z/my-project/Factory-AI/datasets/production/hardhats/train/images/p65213162_jpg.rf.1d0a9a9ec5610cfa6162b0b3608fdd8f.jpg,/home/z/my-project/Factory-AI/datasets/production/hardhats/test/images/p651359_jpg.rf.dee5dc82e195051ff952a08423c55cc7.jpg,exact_duplicate_dhash_d0
/home/z/my-project/Factory-AI/datasets/production/hardhats/train/images/p65213163_jpg.rf.97da18da54f3b18bdacffc8377350abe.jpg,/home/z/my-project/Factory-AI/datasets/production/hardhats/test/images/p651359_jpg.rf.dee5dc82e195051ff952a08423c55cc7.jpg,exact_duplicate_dhash_d0
/home/z/my-project/Factory-AI/datasets/production/hardhats/train/images/p65213164_jpg.rf.14bf4cf4dcd3f8008731248f244102fe.jpg,/home/z/my-project/Factory-AI/datasets/production/hardhats/test/images/p651359_jpg.rf.dee5dc82e195051ff952a08423c55cc7.jpg,exact_duplicate_dhash_d0
/home/z/my-project/Factory-AI/datasets/production/hardhats/train/images/p65213165_jpg.rf.c5ae111c2f343ba979915f282f0567a8.jpg,/home/z/my-project/Factory-AI/datasets/production/hardhats/test/images/p651359_jpg.rf.dee5dc82e195051ff952a08423c55cc7.jpg,exact_duplicate_dhash_d0
/home/z/my-project/Factory-AI/datasets/production/hardhats/train/images/p65213166_jpg.rf.e0eeadac8ebf68e2d2a8d0cbbc8a9d51.jpg,/home/z/my-project/Factory-AI/datasets/production/hardhats/test/images/p651359_jpg.rf.dee5dc82e195051ff952a08423c55cc7.jpg,exact_duplicate_dhash_d0
/home/z/my-project/Factory-AI/datasets/production/hardhats/train/images/p65213167_jpg.rf.e7d3192e50a3d32e3d66c84353a7769e.jpg,/home/z/my-project/Factory-AI/datasets/production/hardhats/test/images/p651359_jpg.rf.dee5dc82e195051ff952a08423c55cc7.jpg,exact_duplicate_dhash_d0
/home/z/my-project/Factory-AI/datasets/production/hardhats/train/images/p65213168_jpg.rf.a570971d7f58cb3ca031c2e232200ad2.jpg,/home/z/my-project/Factory-AI/datasets/production/hardhats/test/images/p651359_jpg.rf.dee5dc82e195051ff952a08423c55cc7.jpg,exact_duplicate_dhash_d0
/home/z/my-project/Factory-AI/datasets/production/hardhats/train/images/p65213169_jpg.rf.6bbd98359c6e313c768a655cb16169dc.jpg,/home/z/my-project/Factory-AI/datasets/production/hardhats/test/images/p651359_jpg.rf.dee5dc82e195051ff952a08423c55cc7.jpg,exact_duplicate_dhash_d0
/home/z/my-project/Factory-AI/datasets/production/hardhats/train/images/p65213170_jpg.rf.af4715c16dfd63f868da2b728e3e62f1.jpg,/home/z/my-project/Factory-AI/datasets/production/hardhats/test/images/p65213185_jpg.rf.2f2123e379ef598db811f5c355410dd8.jpg,exact_duplicate_dhash_d0
/home/z/my-project/Factory-AI/datasets/production/hardhats/train/images/p65213173_jpg.rf.09e0354863a1b80ca19c652af6854857.jpg,/home/z/my-project/Factory-AI/datasets/production/hardhats/test/images/p65213185_jpg.rf.2f2123e379ef598db811f5c355410dd8.jpg,exact_duplicate_dhash_d0
/home/z/my-project/Factory-AI/datasets/production/hardhats/train/images/p65213174_jpg.rf.5852d103bc8b27565c65929f6f4c292c.jpg,/home/z/my-project/Factory-AI/datasets/production/hardhats/test/images/p65213185_jpg.rf.2f2123e379ef598db811f5c355410dd8.jpg,exact_duplicate_dhash_d0
/home/z/my-project/Factory-AI/datasets/production/hardhats/train/images/p65213175_jpg.rf.caf136c9703059f3d1addf104e182673.jpg,/home/z/my-project/Factory-AI/datasets/production/hardhats/test/images/p65213185_jpg.rf.2f2123e379ef598db811f5c355410dd8.jpg,exact_duplicate_dhash_d0
/home/z/my-project/Factory-AI/datasets/production/hardhats/train/images/p65213176_jpg.rf.9d7f6ca17637cd09c3666585da185976.jpg,/home/z/my-project/Factory-AI/datasets/production/hardhats/test/images/p65213185_jpg.rf.2f2123e379ef598db811f5c355410dd8.jpg,exact_duplicate_dhash_d0
/home/z/my-project/Factory-AI/datasets/production/hardhats/train/images/p65213177_jpg.rf.9b8a58aca0581dec5e7aee1e283d6bb5.jpg,/home/z/my-project/Factory-AI/datasets/production/hardhats/test/images/p65213185_jpg.rf.2f2123e379ef598db811f5c355410dd8.jpg,exact_duplicate_dhash_d0
/home/z/my-project/Factory-AI/datasets/production/hardhats/train/images/p65213178_jpg.rf.bd1d9cc233aeb9599cd272c660cad96c.jpg,/home/z/my-project/Factory-AI/datasets/production/hardhats/test/images/p65213185_jpg.rf.2f2123e379ef598db811f5c355410dd8.jpg,exact_duplicate_dhash_d0
/home/z/my-project/Factory-AI/datasets/production/hardhats/train/images/p65213179_jpg.rf.18bcd1babee8b83349dc632cc7d62c01.jpg,/home/z/my-project/Factory-AI/datasets/production/hardhats/test/images/p65213185_jpg.rf.2f2123e379ef598db811f5c355410dd8.jpg,exact_duplicate_dhash_d0
/home/z/my-project/Factory-AI/datasets/production/hardhats/train/images/p65213180_jpg.rf.e7a7c9bbf1c15731370b17c03b94ce57.jpg,/home/z/my-project/Factory-AI/datasets/production/hardhats/test/images/p65213185_jpg.rf.2f2123e379ef598db811f5c355410dd8.jpg,exact_duplicate_dhash_d0
/home/z/my-project/Factory-AI/datasets/production/hardhats/train/images/p65213181_jpg.rf.673f846fbe420860f690de51e520c7ea.jpg,/home/z/my-project/Factory-AI/datasets/production/hardhats/test/images/p65213185_jpg.rf.2f2123e379ef598db811f5c355410dd8.jpg,exact_duplicate_dhash_d0
/home/z/my-project/Factory-AI/datasets/production/hardhats/train/images/p65213182_jpg.rf.91eac611e492669073ec133cda3cd916.jpg,/home/z/my-project/Factory-AI/datasets/production/hardhats/test/images/p65213185_jpg.rf.2f2123e379ef598db811f5c355410dd8.jpg,exact_duplicate_dhash_d0
/home/z/my-project/Factory-AI/datasets/production/hardhats/train/images/p65213183_jpg.rf.52d3f64ee6fa67be01a9a8b63a6bfc1e.jpg,/home/z/my-project/Factory-AI/datasets/production/hardhats/test/images/p65213185_jpg.rf.2f2123e379ef598db811f5c355410dd8.jpg,exact_duplicate_dhash_d0
/home/z/my-project/Factory-AI/datasets/production/hardhats/train/images/p65213184_jpg.rf.de3f44c6e7893f947f90103f37f8046e.jpg,/home/z/my-project/Factory-AI/datasets/production/hardhats/test/images/p65213185_jpg.rf.2f2123e379ef598db811f5c355410dd8.jpg,exact_duplicate_dhash_d0
/home/z/my-project/Factory-AI/datasets/production/hardhats/train/images/p65213188_jpg.rf.255f9a583bbb3dc485ad96bc1f81a82f.jpg,/home/z/my-project/Factory-AI/datasets/production/hardhats/train/images/p65213187_jpg.rf.d9f9468c9f07c7dd9aaa25ea3acc6057.jpg,exact_duplicate_dhash_d0
/home/z/my-project/Factory-AI/datasets/production/hardhats/train/images/p65213189_jpg.rf.75f9a8127d8939f667791245d0427ba3.jpg,/home/z/my-project/Factory-AI/datasets/production/hardhats/train/images/p65213187_jpg.rf.d9f9468c9f07c7dd9aaa25ea3acc6057.jpg,exact_duplicate_dhash_d0
/home/z/my-project/Factory-AI/datasets/production/hardhats/train/images/p65213190_jpg.rf.1f5c4222f0a2a2de6bab55874900b7b4.jpg,/home/z/my-project/Factory-AI/datasets/production/hardhats/train/images/p65213187_jpg.rf.d9f9468c9f07c7dd9aaa25ea3acc6057.jpg,exact_duplicate_dhash_d0
/home/z/my-project/Factory-AI/datasets/production/hardhats/train/images/p65213191_jpg.rf.41ebed65b55c1652d682bbc195dc1b40.jpg,/home/z/my-project/Factory-AI/datasets/production/hardhats/train/images/p65213187_jpg.rf.d9f9468c9f07c7dd9aaa25ea3acc6057.jpg,exact_duplicate_dhash_d0
/home/z/my-project/Factory-AI/datasets/production/hardhats/train/images/p65213194_jpg.rf.a769563ff9607dfcd1ed24a49a9166e8.jpg,/home/z/my-project/Factory-AI/datasets/production/hardhats/train/images/p65213187_jpg.rf.d9f9468c9f07c7dd9aaa25ea3acc6057.jpg,exact_duplicate_dhash_d0
/home/z/my-project/Factory-AI/datasets/production/hardhats/train/images/p65213195_jpg.rf.d83306b3e5fe1651f0c17fee1322f1c0.jpg,/home/z/my-project/Factory-AI/datasets/production/hardhats/train/images/p65213187_jpg.rf.d9f9468c9f07c7dd9aaa25ea3acc6057.jpg,exact_duplicate_dhash_d0
/home/z/my-project/Factory-AI/datasets/production/hardhats/train/images/p65213196_jpg.rf.f8bf3b6d99c61bd454ed19789b4c7a8d.jpg,/home/z/my-project/Factory-AI/datasets/production/hardhats/train/images/p65213187_jpg.rf.d9f9468c9f07c7dd9aaa25ea3acc6057.jpg,exact_duplicate_dhash_d0
/home/z/my-project/Factory-AI/datasets/production/hardhats/train/images/p65213197_jpg.rf.8b9bf3561162e81d6412b37b8b2f42d1.jpg,/home/z/my-project/Factory-AI/datasets/production/hardhats/train/images/p65213187_jpg.rf.d9f9468c9f07c7dd9aaa25ea3acc6057.jpg,exact_duplicate_dhash_d0
/home/z/my-project/Factory-AI/datasets/production/hardhats/train/images/p65213198_jpg.rf.d37b7cd0f2ad92f96deb62e521d4c0b4.jpg,/home/z/my-project/Factory-AI/datasets/production/hardhats/test/images/p65213185_jpg.rf.2f2123e379ef598db811f5c355410dd8.jpg,exact_duplicate_dhash_d0
/home/z/my-project/Factory-AI/datasets/production/hardhats/train/images/p65213199_jpg.rf.b4d1df365b1ef3acfc283460c21aefdc.jpg,/home/z/my-project/Factory-AI/datasets/production/hardhats/test/images/p65213185_jpg.rf.2f2123e379ef598db811f5c355410dd8.jpg,exact_duplicate_dhash_d0
/home/z/my-project/Factory-AI/datasets/production/hardhats/train/images/p65213200_jpg.rf.50c38a6323bed2f2a342dec26259c815.jpg,/home/z/my-project/Factory-AI/datasets/production/hardhats/test/images/p65213185_jpg.rf.2f2123e379ef598db811f5c355410dd8.jpg,exact_duplicate_dhash_d0
/home/z/my-project/Factory-AI/datasets/production/hardhats/train/images/p656213104_jpg.rf.72e1ee000f066d8926ccb7b1523dfd9d.jpg,/home/z/my-project/Factory-AI/datasets/production/hardhats/test/images/p656213122_jpg.rf.6e23a1e6937de91f76ad8f4ec00565a0.jpg,exact_duplicate_dhash_d0
/home/z/my-project/Factory-AI/datasets/production/hardhats/train/images/p656213106_jpg.rf.9339179096e2b317c42ce6f9d823d6ee.jpg,/home/z/my-project/Factory-AI/datasets/production/hardhats/train/images/p656213105_jpg.rf.aeb3af78ef31c319022925eb8bfc337c.jpg,exact_duplicate_dhash_d0
/home/z/my-project/Factory-AI/datasets/production/hardhats/train/images/p656213107_jpg.rf.9501c8637201044e8982cdd2ba49a640.jpg,/home/z/my-project/Factory-AI/datasets/production/hardhats/test/images/p656213122_jpg.rf.6e23a1e6937de91f76ad8f4ec00565a0.jpg,exact_duplicate_dhash_d0
/home/z/my-project/Factory-AI/datasets/production/hardhats/train/images/p656213109_jpg.rf.307fe2760a058d1ab8187c930fdd9aab.jpg,/home/z/my-project/Factory-AI/datasets/production/hardhats/test/images/p656213103_jpg.rf.6f6e65039dbe5f6b945079e528dac378.jpg,exact_duplicate_dhash_d0
/home/z/my-project/Factory-AI/datasets/production/hardhats/train/images/p656213110_jpg.rf.78f280c1e9f0eb29b9433e1a62ad38a1.jpg,/home/z/my-project/Factory-AI/datasets/production/hardhats/test/images/p656213103_jpg.rf.6f6e65039dbe5f6b945079e528dac378.jpg,exact_duplicate_dhash_d0
/home/z/my-project/Factory-AI/datasets/production/hardhats/train/images/p656213112_jpg.rf.06258fd60f61bfd922ed5880f663cb40.jpg,/home/z/my-project/Factory-AI/datasets/production/hardhats/test/images/p656213103_jpg.rf.6f6e65039dbe5f6b945079e528dac378.jpg,exact_duplicate_dhash_d0
/home/z/my-project/Factory-AI/datasets/production/hardhats/train/images/p656213114_jpg.rf.a5c5a0e5daa05a2e99de0c692060c3e7.jpg,/home/z/my-project/Factory-AI/datasets/production/hardhats/test/images/p656213103_jpg.rf.6f6e65039dbe5f6b945079e528dac378.jpg,exact_duplicate_dhash_d0
/home/z/my-project/Factory-AI/datasets/production/hardhats/train/images/p656213117_jpg.rf.9ec777b34185da747603610df8467a40.jpg,/home/z/my-project/Factory-AI/datasets/production/hardhats/test/images/p656213121_jpg.rf.181c80f2c65ab409a9e2eee9a083ca7e.jpg,exact_duplicate_dhash_d0
/home/z/my-project/Factory-AI/datasets/production/hardhats/train/images/p656213118_jpg.rf.29fc29ecf67d231c5507da7cbacf5e30.jpg,/home/z/my-project/Factory-AI/datasets/production/hardhats/train/images/helmet9991060_jpg.rf.45cb0a21c98af852e45e636cc866cae9.jpg,exact_duplicate_dhash_d0
/home/z/my-project/Factory-AI/datasets/production/hardhats/train/images/p656213120_jpg.rf.5a90cc09b181510aa8c240acdf1d4fcf.jpg,/home/z/my-project/Factory-AI/datasets/production/hardhats/train/images/helmet9991060_jpg.rf.45cb0a21c98af852e45e636cc866cae9.jpg,exact_duplicate_dhash_d0
/home/z/my-project/Factory-AI/datasets/production/hardhats/train/images/p656213123_jpg.rf.5981f9c8d1e37cd5faf4658166628d41.jpg,/home/z/my-project/Factory-AI/datasets/production/hardhats/train/images/p656213105_jpg.rf.aeb3af78ef31c319022925eb8bfc337c.jpg,exact_duplicate_dhash_d0
/home/z/my-project/Factory-AI/datasets/production/hardhats/train/images/p656213124_jpg.rf.ba306e9fd23a3c0e0e57c41b53293e85.jpg,/home/z/my-project/Factory-AI/datasets/production/hardhats/train/images/p656213105_jpg.rf.aeb3af78ef31c319022925eb8bfc337c.jpg,exact_duplicate_dhash_d0
/home/z/my-project/Factory-AI/datasets/production/hardhats/train/images/p656213126_jpg.rf.010d1b9cf58bc24ebed30cfabdabe8f9.jpg,/home/z/my-project/Factory-AI/datasets/production/hardhats/test/images/p656213155_jpg.rf.44a4a936831f65d14344597e0cd056ad.jpg,exact_duplicate_dhash_d0
/home/z/my-project/Factory-AI/datasets/production/hardhats/train/images/p656213129_jpg.rf.7831bead27976c294bc4767d7a760e82.jpg,/home/z/my-project/Factory-AI/datasets/production/hardhats/train/images/p656213128_jpg.rf.8f70e0d1ad153a4b6cb41136b79f6f66.jpg,exact_duplicate_dhash_d0
/home/z/my-project/Factory-AI/datasets/production/hardhats/train/images/p656213130_jpg.rf.59bc270584d849ec46cecda4270945da.jpg,/home/z/my-project/Factory-AI/datasets/production/hardhats/train/images/p656213128_jpg.rf.8f70e0d1ad153a4b6cb41136b79f6f66.jpg,exact_duplicate_dhash_d0
/home/z/my-project/Factory-AI/datasets/production/hardhats/train/images/p656213131_jpg.rf.a8b27b4fb2ec107682e29b52d2e11bdf.jpg,/home/z/my-project/Factory-AI/datasets/production/hardhats/train/images/p656213128_jpg.rf.8f70e0d1ad153a4b6cb41136b79f6f66.jpg,exact_duplicate_dhash_d0
/home/z/my-project/Factory-AI/datasets/production/hardhats/train/images/p656213132_jpg.rf.8283e7583573ef87b5565758b177d1eb.jpg,/home/z/my-project/Factory-AI/datasets/production/hardhats/train/images/p656213128_jpg.rf.8f70e0d1ad153a4b6cb41136b79f6f66.jpg,exact_duplicate_dhash_d0
/home/z/my-project/Factory-AI/datasets/production/hardhats/train/images/p656213151_jpg.rf.a3ccbd2ccf1c897fed3ab1bfdb21edff.jpg,/home/z/my-project/Factory-AI/datasets/production/hardhats/test/images/p656213155_jpg.rf.44a4a936831f65d14344597e0cd056ad.jpg,exact_duplicate_dhash_d0
/home/z/my-project/Factory-AI/datasets/production/hardhats/train/images/p656213152_jpg.rf.1eac7bc79256fa09ac6eb6fa2f50a752.jpg,/home/z/my-project/Factory-AI/datasets/production/hardhats/test/images/p656213155_jpg.rf.44a4a936831f65d14344597e0cd056ad.jpg,exact_duplicate_dhash_d0
/home/z/my-project/Factory-AI/datasets/production/hardhats/train/images/p656213153_jpg.rf.c5e334a0703a327d420cc5b9429b47ce.jpg,/home/z/my-project/Factory-AI/datasets/production/hardhats/train/images/p656213128_jpg.rf.8f70e0d1ad153a4b6cb41136b79f6f66.jpg,exact_duplicate_dhash_d0
/home/z/my-project/Factory-AI/datasets/production/hardhats/train/images/p656213154_jpg.rf.a889518b9de9e74ac6e660c09dc8815b.jpg,/home/z/my-project/Factory-AI/datasets/production/hardhats/test/images/p656213155_jpg.rf.44a4a936831f65d14344597e0cd056ad.jpg,exact_duplicate_dhash_d0
/home/z/my-project/Factory-AI/datasets/production/hardhats/train/images/p656213156_jpg.rf.d57293e2d7f872dacb2d52d6d463f10a.jpg,/home/z/my-project/Factory-AI/datasets/production/hardhats/test/images/p656213155_jpg.rf.44a4a936831f65d14344597e0cd056ad.jpg,exact_duplicate_dhash_d0
/home/z/my-project/Factory-AI/datasets/production/hardhats/train/images/p656213158_jpg.rf.80965f9e4906fb860297f7b8dfd7397a.jpg,/home/z/my-project/Factory-AI/datasets/production/hardhats/test/images/p656213155_jpg.rf.44a4a936831f65d14344597e0cd056ad.jpg,exact_duplicate_dhash_d0
/home/z/my-project/Factory-AI/datasets/production/hardhats/train/images/p656213159_jpg.rf.a831a0fcbe409f9a510fdcfd7bcce7ca.jpg,/home/z/my-project/Factory-AI/datasets/production/hardhats/test/images/p656213103_jpg.rf.6f6e65039dbe5f6b945079e528dac378.jpg,exact_duplicate_dhash_d0
/home/z/my-project/Factory-AI/datasets/production/hardhats/train/images/p656213160_jpg.rf.3211e4f47dc4c65636a3332897550186.jpg,/home/z/my-project/Factory-AI/datasets/production/hardhats/test/images/p656213155_jpg.rf.44a4a936831f65d14344597e0cd056ad.jpg,exact_duplicate_dhash_d0
/home/z/my-project/Factory-AI/datasets/production/hardhats/train/images/p656213161_jpg.rf.6808acdd1dc022d3f4a4e08f5df89af8.jpg,/home/z/my-project/Factory-AI/datasets/production/hardhats/test/images/p656213155_jpg.rf.44a4a936831f65d14344597e0cd056ad.jpg,exact_duplicate_dhash_d0
/home/z/my-project/Factory-AI/datasets/production/hardhats/train/images/p656213162_jpg.rf.2b6c0d1be509dbbe26fb667dc443658c.jpg,/home/z/my-project/Factory-AI/datasets/production/hardhats/test/images/p656213155_jpg.rf.44a4a936831f65d14344597e0cd056ad.jpg,exact_duplicate_dhash_d0
/home/z/my-project/Factory-AI/datasets/production/hardhats/train/images/p656213163_jpg.rf.09d9f9eacd61852ac82398374d9374de.jpg,/home/z/my-project/Factory-AI/datasets/production/hardhats/test/images/p656213103_jpg.rf.6f6e65039dbe5f6b945079e528dac378.jpg,exact_duplicate_dhash_d0
/home/z/my-project/Factory-AI/datasets/production/hardhats/train/images/p656213167_jpg.rf.d0fbd3dcb808bcbe6ce5b9c0dc692371.jpg,/home/z/my-project/Factory-AI/datasets/production/hardhats/test/images/p656213103_jpg.rf.6f6e65039dbe5f6b945079e528dac378.jpg,exact_duplicate_dhash_d0
/home/z/my-project/Factory-AI/datasets/production/hardhats/train/images/p656213168_jpg.rf.dd464220ca64618dc5bca319c086fda8.jpg,/home/z/my-project/Factory-AI/datasets/production/hardhats/test/images/p656213122_jpg.rf.6e23a1e6937de91f76ad8f4ec00565a0.jpg,exact_duplicate_dhash_d0
/home/z/my-project/Factory-AI/datasets/production/hardhats/train/images/p656213170_jpg.rf.0fbea17fe1aa342b9799c3c85ea3cf24.jpg,/home/z/my-project/Factory-AI/datasets/production/hardhats/test/images/p656213103_jpg.rf.6f6e65039dbe5f6b945079e528dac378.jpg,exact_duplicate_dhash_d0
/home/z/my-project/Factory-AI/datasets/production/hardhats/train/images/p656213171_jpg.rf.6dfe289213b76973167421498f627c5a.jpg,/home/z/my-project/Factory-AI/datasets/production/hardhats/test/images/p656213103_jpg.rf.6f6e65039dbe5f6b945079e528dac378.jpg,exact_duplicate_dhash_d0
/home/z/my-project/Factory-AI/datasets/production/hardhats/train/images/p656213172_jpg.rf.86a114f1d7cacab3063c546e7ce7445c.jpg,/home/z/my-project/Factory-AI/datasets/production/hardhats/test/images/p656213103_jpg.rf.6f6e65039dbe5f6b945079e528dac378.jpg,exact_duplicate_dhash_d0
/home/z/my-project/Factory-AI/datasets/production/hardhats/train/images/p656213173_jpg.rf.6aed904638eb63c1ae94a5e7e57e237f.jpg,/home/z/my-project/Factory-AI/datasets/production/hardhats/test/images/p656213103_jpg.rf.6f6e65039dbe5f6b945079e528dac378.jpg,exact_duplicate_dhash_d0
/home/z/my-project/Factory-AI/datasets/production/hardhats/train/images/p656213174_jpg.rf.eaf3423745f36ddf113899518629bc3e.jpg,/home/z/my-project/Factory-AI/datasets/production/hardhats/test/images/p656213103_jpg.rf.6f6e65039dbe5f6b945079e528dac378.jpg,exact_duplicate_dhash_d0
/home/z/my-project/Factory-AI/datasets/production/hardhats/train/images/p656213175_jpg.rf.336813c5849af7544fa8a51d5bf2d5f4.jpg,/home/z/my-project/Factory-AI/datasets/production/hardhats/test/images/p656213103_jpg.rf.6f6e65039dbe5f6b945079e528dac378.jpg,exact_duplicate_dhash_d0
/home/z/my-project/Factory-AI/datasets/production/hardhats/train/images/p656213187_jpg.rf.f9e963815720bace051ee1750533aa58.jpg,/home/z/my-project/Factory-AI/datasets/production/hardhats/test/images/p656213103_jpg.rf.6f6e65039dbe5f6b945079e528dac378.jpg,exact_duplicate_dhash_d0
/home/z/my-project/Factory-AI/datasets/production/hardhats/train/images/p656213188_jpg.rf.eeed87a29d638fdb66207fdbee317733.jpg,/home/z/my-project/Factory-AI/datasets/production/hardhats/test/images/p656213103_jpg.rf.6f6e65039dbe5f6b945079e528dac378.jpg,exact_duplicate_dhash_d0
/home/z/my-project/Factory-AI/datasets/production/hardhats/train/images/p656213189_jpg.rf.a000cd85034eefb27bea31b62c859f5e.jpg,/home/z/my-project/Factory-AI/datasets/production/hardhats/train/images/p656213164_jpg.rf.71b8b4d7994f8fac22488005982d09d4.jpg,exact_duplicate_dhash_d0
/home/z/my-project/Factory-AI/datasets/production/hardhats/train/images/p656213192_jpg.rf.91bfef7e2cac8715e05485c3764b5372.jpg,/home/z/my-project/Factory-AI/datasets/production/hardhats/train/images/p656213105_jpg.rf.aeb3af78ef31c319022925eb8bfc337c.jpg,exact_duplicate_dhash_d0
/home/z/my-project/Factory-AI/datasets/production/hardhats/train/images/p656213199_jpg.rf.87352c4529a9aafc462494565ee02285.jpg,/home/z/my-project/Factory-AI/datasets/production/hardhats/test/images/p656213103_jpg.rf.6f6e65039dbe5f6b945079e528dac378.jpg,exact_duplicate_dhash_d0
/home/z/my-project/Factory-AI/datasets/production/hardhats/train/images/p6562132_jpg.rf.73166a1665e3cd12040c67ace8a08a70.jpg,/home/z/my-project/Factory-AI/datasets/production/hardhats/train/images/p6562131_jpg.rf.f2cd731b49cbe9309d3ec22c8a9b40dc.jpg,exact_duplicate_dhash_d0
/home/z/my-project/Factory-AI/datasets/production/hardhats/train/images/p65621335_jpg.rf.3207ded8e16ce1798f128bb5a543d385.jpg,/home/z/my-project/Factory-AI/datasets/production/hardhats/test/images/p656213103_jpg.rf.6f6e65039dbe5f6b945079e528dac378.jpg,exact_duplicate_dhash_d0
/home/z/my-project/Factory-AI/datasets/production/hardhats/train/images/p65621337_jpg.rf.fd8a8180afd265851ce4c062449165e6.jpg,/home/z/my-project/Factory-AI/datasets/production/hardhats/test/images/p656213103_jpg.rf.6f6e65039dbe5f6b945079e528dac378.jpg,exact_duplicate_dhash_d0
/home/z/my-project/Factory-AI/datasets/production/hardhats/train/images/p65621338_jpg.rf.1ce4a9b8603177ea69a932daeb57901e.jpg,/home/z/my-project/Factory-AI/datasets/production/hardhats/test/images/p656213103_jpg.rf.6f6e65039dbe5f6b945079e528dac378.jpg,exact_duplicate_dhash_d0
/home/z/my-project/Factory-AI/datasets/production/hardhats/train/images/p65621339_jpg.rf.14952f53909bd4c83fa258d687049e21.jpg,/home/z/my-project/Factory-AI/datasets/production/hardhats/test/images/p656213103_jpg.rf.6f6e65039dbe5f6b945079e528dac378.jpg,exact_duplicate_dhash_d0
/home/z/my-project/Factory-AI/datasets/production/hardhats/train/images/p6562133_jpg.rf.481d6657271e279c8fa85d6b878e4e78.jpg,/home/z/my-project/Factory-AI/datasets/production/hardhats/test/images/p656213103_jpg.rf.6f6e65039dbe5f6b945079e528dac378.jpg,exact_duplicate_dhash_d0
/home/z/my-project/Factory-AI/datasets/production/hardhats/train/images/p65621340_jpg.rf.e88300c944e9815e23212b0c03364a7f.jpg,/home/z/my-project/Factory-AI/datasets/production/hardhats/test/images/p656213103_jpg.rf.6f6e65039dbe5f6b945079e528dac378.jpg,exact_duplicate_dhash_d0
/home/z/my-project/Factory-AI/datasets/production/hardhats/train/images/p65621344_jpg.rf.e68aa7a39313b877c88ed99ddb570b1d.jpg,/home/z/my-project/Factory-AI/datasets/production/hardhats/train/images/p65621343_jpg.rf.49d066000d4a7a5e2f78376880727f44.jpg,exact_duplicate_dhash_d0
/home/z/my-project/Factory-AI/datasets/production/hardhats/train/images/p65621349_jpg.rf.0efdf700a8e8110f6a5f0782a10b1081.jpg,/home/z/my-project/Factory-AI/datasets/production/hardhats/train/images/p656213105_jpg.rf.aeb3af78ef31c319022925eb8bfc337c.jpg,exact_duplicate_dhash_d0
/home/z/my-project/Factory-AI/datasets/production/hardhats/train/images/p6562134_jpg.rf.6a3aec3ce6435266cf3394bc304da050.jpg,/home/z/my-project/Factory-AI/datasets/production/hardhats/test/images/p656213103_jpg.rf.6f6e65039dbe5f6b945079e528dac378.jpg,exact_duplicate_dhash_d0
/home/z/my-project/Factory-AI/datasets/production/hardhats/train/images/p65621350_jpg.rf.d564029d1fa5476ef93fd7c78aa6456e.jpg,/home/z/my-project/Factory-AI/datasets/production/hardhats/train/images/p656213105_jpg.rf.aeb3af78ef31c319022925eb8bfc337c.jpg,exact_duplicate_dhash_d0
/home/z/my-project/Factory-AI/datasets/production/hardhats/train/images/p65621355_jpg.rf.c3951a6dbd2caf9903e5d394877a29b6.jpg,/home/z/my-project/Factory-AI/datasets/production/hardhats/train/images/p65621354_jpg.rf.793c6bed50b3561999f25ff488e7cba6.jpg,exact_duplicate_dhash_d0
/home/z/my-project/Factory-AI/datasets/production/hardhats/train/images/p65621356_jpg.rf.39da05234db193ec61ecdf6c65320569.jpg,/home/z/my-project/Factory-AI/datasets/production/hardhats/train/images/p65621354_jpg.rf.793c6bed50b3561999f25ff488e7cba6.jpg,exact_duplicate_dhash_d0
/home/z/my-project/Factory-AI/datasets/production/hardhats/train/images/p65621357_jpg.rf.9fe5a4a9a8e105516d0934bf49b5496b.jpg,/home/z/my-project/Factory-AI/datasets/production/hardhats/train/images/p65621354_jpg.rf.793c6bed50b3561999f25ff488e7cba6.jpg,exact_duplicate_dhash_d0
/home/z/my-project/Factory-AI/datasets/production/hardhats/train/images/p65621358_jpg.rf.53df365f4e595adae28ed07b109aaa29.jpg,/home/z/my-project/Factory-AI/datasets/production/hardhats/train/images/p65621354_jpg.rf.793c6bed50b3561999f25ff488e7cba6.jpg,exact_duplicate_dhash_d0
/home/z/my-project/Factory-AI/datasets/production/hardhats/train/images/p6562135_jpg.rf.ba2c174010a5b6dab9e8cf91fae6aab5.jpg,/home/z/my-project/Factory-AI/datasets/production/hardhats/test/images/p656213103_jpg.rf.6f6e65039dbe5f6b945079e528dac378.jpg,exact_duplicate_dhash_d0
/home/z/my-project/Factory-AI/datasets/production/hardhats/train/images/p65621369_jpg.rf.911dc5621765451ffc4625b749742c43.jpg,/home/z/my-project/Factory-AI/datasets/production/hardhats/test/images/p656213103_jpg.rf.6f6e65039dbe5f6b945079e528dac378.jpg,exact_duplicate_dhash_d0
/home/z/my-project/Factory-AI/datasets/production/hardhats/train/images/p6562136_jpg.rf.aec91acb7807146d0958f514a80e6a29.jpg,/home/z/my-project/Factory-AI/datasets/production/hardhats/test/images/p656213103_jpg.rf.6f6e65039dbe5f6b945079e528dac378.jpg,exact_duplicate_dhash_d0
/home/z/my-project/Factory-AI/datasets/production/hardhats/train/images/p65621370_jpg.rf.0714216641059be744acba83373b49d0.jpg,/home/z/my-project/Factory-AI/datasets/production/hardhats/test/images/p656213103_jpg.rf.6f6e65039dbe5f6b945079e528dac378.jpg,exact_duplicate_dhash_d0
/home/z/my-project/Factory-AI/datasets/production/hardhats/train/images/p65621371_jpg.rf.b87414d19ec962bab0726cd3eb299c00.jpg,/home/z/my-project/Factory-AI/datasets/production/hardhats/test/images/p656213122_jpg.rf.6e23a1e6937de91f76ad8f4ec00565a0.jpg,exact_duplicate_dhash_d0
/home/z/my-project/Factory-AI/datasets/production/hardhats/train/images/p65621374_jpg.rf.c5ebfb4afe95ff2a16732c0dedd3b953.jpg,/home/z/my-project/Factory-AI/datasets/production/hardhats/test/images/p656213122_jpg.rf.6e23a1e6937de91f76ad8f4ec00565a0.jpg,exact_duplicate_dhash_d0
/home/z/my-project/Factory-AI/datasets/production/hardhats/train/images/p65621375_jpg.rf.051bbb6c341b91920515784e47fe02dd.jpg,/home/z/my-project/Factory-AI/datasets/production/hardhats/test/images/p656213103_jpg.rf.6f6e65039dbe5f6b945079e528dac378.jpg,exact_duplicate_dhash_d0
/home/z/my-project/Factory-AI/datasets/production/hardhats/train/images/p65621376_jpg.rf.771b058d577e8e6578cbfb3e167074ae.jpg,/home/z/my-project/Factory-AI/datasets/production/hardhats/test/images/p656213103_jpg.rf.6f6e65039dbe5f6b945079e528dac378.jpg,exact_duplicate_dhash_d0
/home/z/my-project/Factory-AI/datasets/production/hardhats/train/images/p65621378_jpg.rf.22d5e3a09567743daa912847e7c8ff3d.jpg,/home/z/my-project/Factory-AI/datasets/production/hardhats/test/images/p656213155_jpg.rf.44a4a936831f65d14344597e0cd056ad.jpg,exact_duplicate_dhash_d0
/home/z/my-project/Factory-AI/datasets/production/hardhats/train/images/p65621380_jpg.rf.65a1c81892a6d80cf233934bcee3675c.jpg,/home/z/my-project/Factory-AI/datasets/production/hardhats/test/images/p656213103_jpg.rf.6f6e65039dbe5f6b945079e528dac378.jpg,exact_duplicate_dhash_d0
/home/z/my-project/Factory-AI/datasets/production/hardhats/train/images/p65621381_jpg.rf.50c5d9619dced68e86fa92abce74cde7.jpg,/home/z/my-project/Factory-AI/datasets/production/hardhats/test/images/p656213103_jpg.rf.6f6e65039dbe5f6b945079e528dac378.jpg,exact_duplicate_dhash_d0
/home/z/my-project/Factory-AI/datasets/production/hardhats/train/images/p65621382_jpg.rf.bf68f0f0993a2a66fdc6eeed8bbe8499.jpg,/home/z/my-project/Factory-AI/datasets/production/hardhats/test/images/p656213103_jpg.rf.6f6e65039dbe5f6b945079e528dac378.jpg,exact_duplicate_dhash_d0
/home/z/my-project/Factory-AI/datasets/production/hardhats/train/images/p65621383_jpg.rf.25096147b21c7b502bb0f6c2a970f683.jpg,/home/z/my-project/Factory-AI/datasets/production/hardhats/test/images/p656213103_jpg.rf.6f6e65039dbe5f6b945079e528dac378.jpg,exact_duplicate_dhash_d0
/home/z/my-project/Factory-AI/datasets/production/hardhats/train/images/p65621384_jpg.rf.efb4915f27c7cf4e8031586294c762c3.jpg,/home/z/my-project/Factory-AI/datasets/production/hardhats/test/images/p656213103_jpg.rf.6f6e65039dbe5f6b945079e528dac378.jpg,exact_duplicate_dhash_d0
/home/z/my-project/Factory-AI/datasets/production/hardhats/train/images/p65621385_jpg.rf.72f99d962216d13ef3df0e6c589bc0d7.jpg,/home/z/my-project/Factory-AI/datasets/production/hardhats/test/images/p656213103_jpg.rf.6f6e65039dbe5f6b945079e528dac378.jpg,exact_duplicate_dhash_d0
/home/z/my-project/Factory-AI/datasets/production/hardhats/train/images/p65621386_jpg.rf.fd439dbf16c0b18fcc938419af687d14.jpg,/home/z/my-project/Factory-AI/datasets/production/hardhats/test/images/p656213103_jpg.rf.6f6e65039dbe5f6b945079e528dac378.jpg,exact_duplicate_dhash_d0
/home/z/my-project/Factory-AI/datasets/production/hardhats/train/images/p65621388_jpg.rf.d207e3e08198da9735c2dce9033a51d3.jpg,/home/z/my-project/Factory-AI/datasets/production/hardhats/test/images/p656213103_jpg.rf.6f6e65039dbe5f6b945079e528dac378.jpg,exact_duplicate_dhash_d0
/home/z/my-project/Factory-AI/datasets/production/hardhats/train/images/p65621389_jpg.rf.507ed5c9a808a07ca68fa4f0fd281aa3.jpg,/home/z/my-project/Factory-AI/datasets/production/hardhats/test/images/p656213103_jpg.rf.6f6e65039dbe5f6b945079e528dac378.jpg,exact_duplicate_dhash_d0
/home/z/my-project/Factory-AI/datasets/production/hardhats/train/images/phpM5suKS_jpg.rf.f103f249201e4306e40efca88390072e.jpg,/home/z/my-project/Factory-AI/datasets/production/hardhats/train/images/phpM5suKS_jpg.rf.dc80bed00feff3c117078b6422f54fc2.jpg,exact_duplicate_dhash_d0
/home/z/my-project/Factory-AI/datasets/production/hardhats/train/images/phppaNXxb_jpg.rf.2ccafd0ab6d8567f6f16db091c96113a.jpg,/home/z/my-project/Factory-AI/datasets/production/hardhats/train/images/phppaNXxb_jpg.rf.1bc1d12c13562a2104669bec11867de6.jpg,exact_duplicate_dhash_d0
/home/z/my-project/Factory-AI/datasets/production/hardhats/train/images/pic_list_out_2285_jpg.rf.dc359a778cb342a8763686d1b8641684.jpg,/home/z/my-project/Factory-AI/datasets/production/hardhats/train/images/pic_list_out_2285_jpg.rf.8400d3bf908f94217a020403f981bf75.jpg,exact_duplicate_dhash_d0
/home/z/my-project/Factory-AI/datasets/production/hardhats/train/images/pjecDNMmCUQmbDoJx1fdqolnfHtpsfFK8jTA2Ng0wNg_jpeg_jpg.rf.70838d37e258472eaf3d014559a25fab.jpg,/home/z/my-project/Factory-AI/datasets/production/hardhats/train/images/pjecDNMmCUQmbDoJx1fdqolnfHtpsfFK8jTA2Ng0wNg_jpeg_jpg.rf.0a0d363828f12dbd2c2894c579f717f2.jpg,exact_duplicate_dhash_d0
/home/z/my-project/Factory-AI/datasets/production/hardhats/train/images/pollution-mask-CE5HYF_jpg.rf.d250d5b801b43ceb066b59593100b414.jpg,/home/z/my-project/Factory-AI/datasets/production/hardhats/train/images/pollution-mask-CE5HYF_jpg.rf.574a8467eaf5e1d91c28fddcb15da35f.jpg,exact_duplicate_dhash_d0
/home/z/my-project/Factory-AI/datasets/production/hardhats/train/images/ppe_0072_jpg.rf.3c9a118e749bdc8ab2dc862aa7b96749.jpg,/home/z/my-project/Factory-AI/datasets/production/hardhats/train/images/02569_jpg.rf.d93809d2f5836ea5c8db33f9be282890.jpg,exact_duplicate_dhash_d0
/home/z/my-project/Factory-AI/datasets/production/hardhats/train/images/ppe_0075_jpg.rf.16c49f2a32c5d1575ab86be05c390f2e.jpg,/home/z/my-project/Factory-AI/datasets/production/hardhats/train/images/001295_jpg.rf.a6eb5e28cbc24caa3714ce1123e6d760.jpg,exact_duplicate_dhash_d0
/home/z/my-project/Factory-AI/datasets/production/hardhats/train/images/ppe_0135_jpg.rf.86937ebe406b5de925185bb6775bde64.jpg,/home/z/my-project/Factory-AI/datasets/production/hardhats/train/images/003995_jpg.rf.0b167b649994023ecd0114c3337b612b.jpg,exact_duplicate_dhash_d0
/home/z/my-project/Factory-AI/datasets/production/hardhats/train/images/ppe_0157_jpg.rf.9bc3ac7562f15d973af01f2bf3d7201b.jpg,/home/z/my-project/Factory-AI/datasets/production/hardhats/train/images/002504_jpg.rf.a2854a46ba4ce543170912a5d4e9f37b.jpg,exact_duplicate_dhash_d0
/home/z/my-project/Factory-AI/datasets/production/hardhats/train/images/ppe_0245_jpg.rf.7d29c5ce665cfccbf93b6accc8f06aff.jpg,/home/z/my-project/Factory-AI/datasets/production/hardhats/train/images/006835_jpg.rf.99d7fb17be9d2d38f4357da1a1ac0339.jpg,exact_duplicate_dhash_d0
/home/z/my-project/Factory-AI/datasets/production/hardhats/train/images/ppe_0395_jpg.rf.7e31c89d1a0d2503a8bae66cd49d7d8f.jpg,/home/z/my-project/Factory-AI/datasets/production/hardhats/train/images/004124_jpg.rf.4aed55f329dfd9738d57a3c35678b509.jpg,exact_duplicate_dhash_d0
/home/z/my-project/Factory-AI/datasets/production/hardhats/train/images/ppe_0418_jpg.rf.1a10853357205cc48bef0dd659b2f373.jpg,/home/z/my-project/Factory-AI/datasets/production/hardhats/train/images/006952_jpg.rf.0841753c9a78aa06328a63b74954740e.jpg,exact_duplicate_dhash_d0
/home/z/my-project/Factory-AI/datasets/production/hardhats/train/images/ppe_0458_jpg.rf.e1e43a4f592b7c7f306d51c869d4ac02.jpg,/home/z/my-project/Factory-AI/datasets/production/hardhats/train/images/004990_jpg.rf.faf9bb383cd3e186aa60e08d2a260993.jpg,exact_duplicate_dhash_d0
/home/z/my-project/Factory-AI/datasets/production/hardhats/train/images/ppe_0567_jpg.rf.3ca964d5032db63dcbbbc07ae7fa35c9.jpg,/home/z/my-project/Factory-AI/datasets/production/hardhats/train/images/ppe_0546_jpg.rf.6aa0311eaa6793635b846bf47fde704d.jpg,exact_duplicate_dhash_d0
/home/z/my-project/Factory-AI/datasets/production/hardhats/train/images/ppe_0570_jpg.rf.c4962c5011ed0897e9875453d727ff31.jpg,/home/z/my-project/Factory-AI/datasets/production/hardhats/train/images/006396_jpg.rf.86a716dadc024ec54bb0524d6d6a4f18.jpg,exact_duplicate_dhash_d0
/home/z/my-project/Factory-AI/datasets/production/hardhats/train/images/ppe_0572_jpg.rf.276579d6d7fc7d916f560cffbfbea948.jpg,/home/z/my-project/Factory-AI/datasets/production/hardhats/train/images/000577_jpg.rf.029b5d903c58cdc466d7a499532b9bdb.jpg,exact_duplicate_dhash_d0
/home/z/my-project/Factory-AI/datasets/production/hardhats/train/images/ppe_0578_jpg.rf.2d07a09a637605e1284163e813de9f96.jpg,/home/z/my-project/Factory-AI/datasets/production/hardhats/train/images/000968_jpg.rf.b1608372507a4de7ee5617efe24bad3c.jpg,exact_duplicate_dhash_d0
/home/z/my-project/Factory-AI/datasets/production/hardhats/train/images/ppe_0589_jpg.rf.ceb2f7e1c136c72ea26dade48f548599.jpg,/home/z/my-project/Factory-AI/datasets/production/hardhats/train/images/00534_jpg.rf.855f4adf45b5cc89f99021e1b67556c5.jpg,exact_duplicate_dhash_d0
/home/z/my-project/Factory-AI/datasets/production/hardhats/train/images/ppe_0590_jpg.rf.c5a0d317919e9e8d277e7bb2e417e28c.jpg,/home/z/my-project/Factory-AI/datasets/production/hardhats/train/images/00252_jpg.rf.7ef8d30447dfa1a8abc5fa3b604447c6.jpg,exact_duplicate_dhash_d0
/home/z/my-project/Factory-AI/datasets/production/hardhats/train/images/ppe_0607_jpg.rf.82e0a95af0888a967bb50e03bf342342.jpg,/home/z/my-project/Factory-AI/datasets/production/hardhats/train/images/006952_jpg.rf.0841753c9a78aa06328a63b74954740e.jpg,exact_duplicate_dhash_d0
/home/z/my-project/Factory-AI/datasets/production/hardhats/train/images/ppe_0608_jpg.rf.fc1fe4fe2999d91b19af1c38f5810dc7.jpg,/home/z/my-project/Factory-AI/datasets/production/hardhats/train/images/006812_jpg.rf.f592f828f63852fc291b09622e82b714.jpg,exact_duplicate_dhash_d0
/home/z/my-project/Factory-AI/datasets/production/hardhats/train/images/ppe_0612_jpg.rf.57ab06d060fc112afe3326d73a1bdf9f.jpg,/home/z/my-project/Factory-AI/datasets/production/hardhats/train/images/00254_jpg.rf.10f3270f7f31e051e5724aa292b93846.jpg,exact_duplicate_dhash_d0
/home/z/my-project/Factory-AI/datasets/production/hardhats/train/images/ppe_0613_jpg.rf.0d6297da866090743c8d714e118e4bb3.jpg,/home/z/my-project/Factory-AI/datasets/production/hardhats/train/images/006185_jpg.rf.c7d89f6987c34d179fda29caf1c35835.jpg,exact_duplicate_dhash_d0
/home/z/my-project/Factory-AI/datasets/production/hardhats/train/images/ppe_0620_jpg.rf.470f905a851da804f228f0a6bf856bf5.jpg,/home/z/my-project/Factory-AI/datasets/production/hardhats/train/images/00743_jpg.rf.f8d7b5a9cb7a357c12e4742bec952b4f.jpg,exact_duplicate_dhash_d0
/home/z/my-project/Factory-AI/datasets/production/hardhats/train/images/ppe_0623_jpg.rf.6de756fc3176aec3455a75aa94da50fe.jpg,/home/z/my-project/Factory-AI/datasets/production/hardhats/train/images/00971_jpg.rf.0553907f17d997f01297d2b1c27254ba.jpg,exact_duplicate_dhash_d0
/home/z/my-project/Factory-AI/datasets/production/hardhats/train/images/ppe_0626_jpg.rf.704bf5d5dd0f14616dda858b15f69557.jpg,/home/z/my-project/Factory-AI/datasets/production/hardhats/train/images/00554_jpg.rf.9e3f75f7c8f7c18485766b8c2da57c28.jpg,exact_duplicate_dhash_d0
/home/z/my-project/Factory-AI/datasets/production/hardhats/train/images/ppe_0629_jpg.rf.4100090bd4a9dbe41abdc7339661221c.jpg,/home/z/my-project/Factory-AI/datasets/production/hardhats/train/images/00622_jpg.rf.4a261f47d6c1ba42cbdcacde642aa8f9.jpg,exact_duplicate_dhash_d0
/home/z/my-project/Factory-AI/datasets/production/hardhats/train/images/ppe_0633_jpg.rf.d41f66be17e66655082cedb82bd88833.jpg,/home/z/my-project/Factory-AI/datasets/production/hardhats/train/images/00387_jpg.rf.2109e299bd48f13e9137c74983f58878.jpg,exact_duplicate_dhash_d0
/home/z/my-project/Factory-AI/datasets/production/hardhats/train/images/ppe_0640_jpg.rf.60c4db13608685ecfe7375610838d0f9.jpg,/home/z/my-project/Factory-AI/datasets/production/hardhats/train/images/002597_jpg.rf.ee30a930d9c8fd406bd95cfb2fc6cd77.jpg,exact_duplicate_dhash_d0
/home/z/my-project/Factory-AI/datasets/production/hardhats/train/images/ppe_0643_jpg.rf.648e88207bec6802d98a39caec57a002.jpg,/home/z/my-project/Factory-AI/datasets/production/hardhats/train/images/005574_jpg.rf.7e20eb404cde12c2dd923c4f44cae1da.jpg,exact_duplicate_dhash_d0
/home/z/my-project/Factory-AI/datasets/production/hardhats/train/images/ppe_0644_jpg.rf.b0d4e87583415a7df69ffcfaf2f63156.jpg,/home/z/my-project/Factory-AI/datasets/production/hardhats/train/images/00619_jpg.rf.1cce9427690075b6e73e15d68cddfdad.jpg,exact_duplicate_dhash_d0
/home/z/my-project/Factory-AI/datasets/production/hardhats/train/images/ppe_0646_jpg.rf.4bfa11518af2cbf225e24d33dcdf02ac.jpg,/home/z/my-project/Factory-AI/datasets/production/hardhats/train/images/00341_jpg.rf.d449c822e139eedc670e01db3cad6eb5.jpg,exact_duplicate_dhash_d0
/home/z/my-project/Factory-AI/datasets/production/hardhats/train/images/ppe_0655_jpg.rf.aa43eafe39e26d4593e39635e3493b29.jpg,/home/z/my-project/Factory-AI/datasets/production/hardhats/train/images/00744_jpg.rf.2291300fe793cb1958c8e174673c5d3a.jpg,exact_duplicate_dhash_d0
/home/z/my-project/Factory-AI/datasets/production/hardhats/train/images/ppe_0661_jpg.rf.18b0c30bebcb7f1873e6c257fb64f8a0.jpg,/home/z/my-project/Factory-AI/datasets/production/hardhats/train/images/00340_jpg.rf.ac5ce3fd77643ba4780225465b79c49d.jpg,exact_duplicate_dhash_d0
/home/z/my-project/Factory-AI/datasets/production/hardhats/train/images/ppe_0665_jpg.rf.aebe90707aa6321fdbf96ab7cad920f7.jpg,/home/z/my-project/Factory-AI/datasets/production/hardhats/train/images/00624_jpg.rf.e88b6d10e98bf6f1e69f916bb730d350.jpg,exact_duplicate_dhash_d0
/home/z/my-project/Factory-AI/datasets/production/hardhats/train/images/ppe_0666_jpg.rf.fa43448a49300b4d31772e26a1251559.jpg,/home/z/my-project/Factory-AI/datasets/production/hardhats/train/images/005308_jpg.rf.384b748277808358cdbf01083b416338.jpg,exact_duplicate_dhash_d0
/home/z/my-project/Factory-AI/datasets/production/hardhats/train/images/ppe_0676_jpg.rf.5e32eaaf0183607f6b4336af9f2ed24f.jpg,/home/z/my-project/Factory-AI/datasets/production/hardhats/train/images/00343_jpg.rf.7a4740745decfeabd6a31121578e53e7.jpg,exact_duplicate_dhash_d0
/home/z/my-project/Factory-AI/datasets/production/hardhats/train/images/ppe_0680_jpg.rf.4b7a71cf0777bfe425de48fb87358aec.jpg,/home/z/my-project/Factory-AI/datasets/production/hardhats/train/images/001526_jpg.rf.207a0e387b4bc8fc0bc41850f9335dc9.jpg,exact_duplicate_dhash_d0
/home/z/my-project/Factory-AI/datasets/production/hardhats/train/images/ppe_0684_jpg.rf.201092aabd7ea3e48d628ed28e000ad7.jpg,/home/z/my-project/Factory-AI/datasets/production/hardhats/train/images/004236_jpg.rf.c8a8b86cae6cb27922a4db6513c8eae9.jpg,exact_duplicate_dhash_d0
/home/z/my-project/Factory-AI/datasets/production/hardhats/train/images/ppe_0697_jpg.rf.966f2d47eb1bbdf068db18f925033ebb.jpg,/home/z/my-project/Factory-AI/datasets/production/hardhats/train/images/00600_jpg.rf.ee18c93e121ed2c36232940e68b11d36.jpg,exact_duplicate_dhash_d0
/home/z/my-project/Factory-AI/datasets/production/hardhats/train/images/ppe_0703_jpg.rf.c9fe4a41a6007ffe2117320c578cb0ce.jpg,/home/z/my-project/Factory-AI/datasets/production/hardhats/train/images/00599_jpg.rf.1abd8013255e1d29000e80e54814e2d7.jpg,exact_duplicate_dhash_d0
/home/z/my-project/Factory-AI/datasets/production/hardhats/train/images/ppe_0708_jpg.rf.7ecebf02f78a9d4a67a8951bcbd17dee.jpg,/home/z/my-project/Factory-AI/datasets/production/hardhats/train/images/00407_jpg.rf.329eba962dbc2eb2ff09756f9080b222.jpg,exact_duplicate_dhash_d0
/home/z/my-project/Factory-AI/datasets/production/hardhats/train/images/ppe_0722_jpg.rf.6365d6806b8c8c7a9d41573a206ca7cd.jpg,/home/z/my-project/Factory-AI/datasets/production/hardhats/test/images/00564_jpg.rf.0c55880167e740650291d7e519eeb6de.jpg,exact_duplicate_dhash_d0
/home/z/my-project/Factory-AI/datasets/production/hardhats/train/images/ppe_0723_jpg.rf.2865c89c0a88720b055e1e502cd616dd.jpg,/home/z/my-project/Factory-AI/datasets/production/hardhats/train/images/00362_jpg.rf.3597d469f39b9d8260b58431049dbc49.jpg,exact_duplicate_dhash_d0
/home/z/my-project/Factory-AI/datasets/production/hardhats/train/images/ppe_0725_jpg.rf.6d6571e94ef9bcb7c11130e814df7473.jpg,/home/z/my-project/Factory-AI/datasets/production/hardhats/train/images/00606_jpg.rf.3c800523d6d03fccf220a80599ca5180.jpg,exact_duplicate_dhash_d0
/home/z/my-project/Factory-AI/datasets/production/hardhats/train/images/ppe_0738_jpg.rf.be8e35594db000eb90d005f20bf7b20f.jpg,/home/z/my-project/Factory-AI/datasets/production/hardhats/train/images/00306_jpg.rf.c7be83d76d8cb6bd0a7d411f8bffb783.jpg,exact_duplicate_dhash_d0
/home/z/my-project/Factory-AI/datasets/production/hardhats/train/images/ppe_0740_jpg.rf.6454f365d64a518639d30a327cec424a.jpg,/home/z/my-project/Factory-AI/datasets/production/hardhats/train/images/00266_jpg.rf.f2aac2ab488d42537c0c1d5f2df1cb63.jpg,exact_duplicate_dhash_d0
/home/z/my-project/Factory-AI/datasets/production/hardhats/train/images/ppe_0748_jpg.rf.8afb88ff6477cb93ff79309e78aa5bcd.jpg,/home/z/my-project/Factory-AI/datasets/production/hardhats/train/images/00529_jpg.rf.4b400048e45118106a2f3f1a260fd867.jpg,exact_duplicate_dhash_d0
/home/z/my-project/Factory-AI/datasets/production/hardhats/train/images/ppe_0754_jpg.rf.23798d475a78f969b5cd22498f09cc2b.jpg,/home/z/my-project/Factory-AI/datasets/production/hardhats/train/images/004358_jpg.rf.19430a3104ebe9143cc2bb0d4d875cf2.jpg,exact_duplicate_dhash_d0
/home/z/my-project/Factory-AI/datasets/production/hardhats/train/images/ppe_0755_jpg.rf.cdb414295ffb3bea06beb07587e87928.jpg,/home/z/my-project/Factory-AI/datasets/production/hardhats/train/images/000391_jpg.rf.17bf2875acac9cb626c3162534f9dd3b.jpg,exact_duplicate_dhash_d0
/home/z/my-project/Factory-AI/datasets/production/hardhats/train/images/ppe_0767_jpg.rf.7d2944e4dfaa6c86af1a0893a40fffc8.jpg,/home/z/my-project/Factory-AI/datasets/production/hardhats/train/images/003584_jpg.rf.5be8c10584961b0c52104e2ff9c7b70b.jpg,exact_duplicate_dhash_d0
/home/z/my-project/Factory-AI/datasets/production/hardhats/train/images/ppe_0769_jpg.rf.509f60350c996102a50ae8672d46f6d7.jpg,/home/z/my-project/Factory-AI/datasets/production/hardhats/train/images/00503_jpg.rf.cfd60e1815eec6ca6a54948f54233463.jpg,exact_duplicate_dhash_d0
/home/z/my-project/Factory-AI/datasets/production/hardhats/train/images/ppe_0772_jpg.rf.9d4b8409399b68dba0fee4342722a437.jpg,/home/z/my-project/Factory-AI/datasets/production/hardhats/train/images/00274_jpg.rf.3fdb1fb0196b91bb57f66a8373eed436.jpg,exact_duplicate_dhash_d0
/home/z/my-project/Factory-AI/datasets/production/hardhats/train/images/ppe_0781_jpg.rf.4bfa67beada51fbbb6836ef102b04933.jpg,/home/z/my-project/Factory-AI/datasets/production/hardhats/train/images/004494_jpg.rf.f64a02adc7ae353e6c42bdeae58af74b.jpg,exact_duplicate_dhash_d0
/home/z/my-project/Factory-AI/datasets/production/hardhats/train/images/ppe_0806_jpg.rf.10a0ce7aaba753314842abd3d0a8a973.jpg,/home/z/my-project/Factory-AI/datasets/production/hardhats/train/images/01164_jpg.rf.518095640912afc327237ce2a9e5301e.jpg,exact_duplicate_dhash_d0
/home/z/my-project/Factory-AI/datasets/production/hardhats/train/images/ppe_0829_jpg.rf.bdedca0280a953732cca19f5df767ca1.jpg,/home/z/my-project/Factory-AI/datasets/production/hardhats/train/images/01016_jpg.rf.b3d6609615aee52c93dc4e3bc1824d3a.jpg,exact_duplicate_dhash_d0
/home/z/my-project/Factory-AI/datasets/production/hardhats/train/images/ppe_0835_jpg.rf.88077bf14552ebdb940a52f7c5e2227f.jpg,/home/z/my-project/Factory-AI/datasets/production/hardhats/train/images/01139_jpg.rf.504f1e5c42a3bd4b2be0a28b52abc3b8.jpg,exact_duplicate_dhash_d0
/home/z/my-project/Factory-AI/datasets/production/hardhats/train/images/ppe_0847_jpg.rf.ba6df340150de88e9b4eaaa574b9f99a.jpg,/home/z/my-project/Factory-AI/datasets/production/hardhats/train/images/01258_jpg.rf.30a9c3e0c3dcf93eb635bc31a6a901c2.jpg,exact_duplicate_dhash_d0
/home/z/my-project/Factory-AI/datasets/production/hardhats/train/images/ppe_0864_jpg.rf.86577c174f81ef25e9af982b5c75fe92.jpg,/home/z/my-project/Factory-AI/datasets/production/hardhats/train/images/01261_jpg.rf.84605ba21b4a748b5b78ce98b1b420fe.jpg,exact_duplicate_dhash_d0
/home/z/my-project/Factory-AI/datasets/production/hardhats/train/images/ppe_0884_jpg.rf.e376899634fed0975df77e314a5711c6.jpg,/home/z/my-project/Factory-AI/datasets/production/hardhats/train/images/01129_jpg.rf.e695cd7ad7d36426a7759502845fd33a.jpg,exact_duplicate_dhash_d0
/home/z/my-project/Factory-AI/datasets/production/hardhats/train/images/ppe_0887_jpg.rf.01ca978acad240fddda31c5afe3a9829.jpg,/home/z/my-project/Factory-AI/datasets/production/hardhats/train/images/004424_jpg.rf.c2fad8698642fccab89b22dbd5be6c25.jpg,exact_duplicate_dhash_d0
/home/z/my-project/Factory-AI/datasets/production/hardhats/train/images/ppe_0945_jpg.rf.9287b53e5f59360c523e7a2c0ad1db79.jpg,/home/z/my-project/Factory-AI/datasets/production/hardhats/train/images/01094_jpg.rf.6a83f8ffe51f2a818d4d0ce5a9d3476d.jpg,exact_duplicate_dhash_d0
/home/z/my-project/Factory-AI/datasets/production/hardhats/train/images/ppe_0950_jpg.rf.6e864eada3db9f2241f8a40434fd718c.jpg,/home/z/my-project/Factory-AI/datasets/production/hardhats/train/images/005480_jpg.rf.044ac2cace43a028147902798f305b81.jpg,exact_duplicate_dhash_d0
/home/z/my-project/Factory-AI/datasets/production/hardhats/train/images/ppe_0973_jpg.rf.8cd0cd7856c32b296b863f374faf260f.jpg,/home/z/my-project/Factory-AI/datasets/production/hardhats/test/images/005918_jpg.rf.df59b38fcd6a2358c36939c0a6680de8.jpg,exact_duplicate_dhash_d0
/home/z/my-project/Factory-AI/datasets/production/hardhats/train/images/ppe_0988_jpg.rf.d597ac22f0a58e403773bb062f3ff78a.jpg,/home/z/my-project/Factory-AI/datasets/production/hardhats/train/images/01232_jpg.rf.950b4bc17fc432f55fc1918e52e4f9aa.jpg,exact_duplicate_dhash_d0
/home/z/my-project/Factory-AI/datasets/production/hardhats/train/images/ppe_1003_jpg.rf.bbaa2b288e1d99d24fc46ed832e68097.jpg,/home/z/my-project/Factory-AI/datasets/production/hardhats/train/images/01031_jpg.rf.81710dfed50904c7796722a05d953fef.jpg,exact_duplicate_dhash_d0
/home/z/my-project/Factory-AI/datasets/production/hardhats/train/images/ppe_1042_jpg.rf.df6f7bc32b27a3e4b7a2849daeb639b7.jpg,/home/z/my-project/Factory-AI/datasets/production/hardhats/train/images/02081_jpg.rf.83b965aacc08f5b928dbc4d8e3cb10c1.jpg,exact_duplicate_dhash_d0
/home/z/my-project/Factory-AI/datasets/production/hardhats/train/images/ppe_1050_jpg.rf.0805f7e81ff8f7f1680ec65c45798c54.jpg,/home/z/my-project/Factory-AI/datasets/production/hardhats/test/images/005434_jpg.rf.76be9633572c892ebdef11bc6aa5a9de.jpg,exact_duplicate_dhash_d0
/home/z/my-project/Factory-AI/datasets/production/hardhats/train/images/ppe_1056_jpg.rf.849f1f99bf47c543a8c77f34a5cf250c.jpg,/home/z/my-project/Factory-AI/datasets/production/hardhats/train/images/ppe_0344_jpg.rf.c041bb2ecb1a9a7ee3e0d80f2574cd04.jpg,exact_duplicate_dhash_d0
/home/z/my-project/Factory-AI/datasets/production/hardhats/train/images/ppe_1057_jpg.rf.709d54c418cc1d0ed26bae87dfcbe975.jpg,/home/z/my-project/Factory-AI/datasets/production/hardhats/train/images/02045_jpg.rf.1b80acce326fc1cc31210fd72e35fbe5.jpg,exact_duplicate_dhash_d0
/home/z/my-project/Factory-AI/datasets/production/hardhats/train/images/ppe_1058_jpg.rf.53b3611707af98c99b57fbe9613a96f3.jpg,/home/z/my-project/Factory-AI/datasets/production/hardhats/test/images/02092_jpg.rf.934d13f377f95d9adae1f393f427ba32.jpg,exact_duplicate_dhash_d0
/home/z/my-project/Factory-AI/datasets/production/hardhats/train/images/ppe_1059_jpg.rf.fcd761f14a937496e88e86922b087914.jpg,/home/z/my-project/Factory-AI/datasets/production/hardhats/train/images/02535_jpg.rf.49c1fbf0e76201790c72674e6ec81427.jpg,exact_duplicate_dhash_d0
/home/z/my-project/Factory-AI/datasets/production/hardhats/train/images/ppe_1060_jpg.rf.d2120696e8f48e2f71dcc3789a776847.jpg,/home/z/my-project/Factory-AI/datasets/production/hardhats/train/images/006582_jpg.rf.f876b736f9785649671c5984c9abb077.jpg,exact_duplicate_dhash_d0
/home/z/my-project/Factory-AI/datasets/production/hardhats/train/images/ppe_1064_jpg.rf.8363e02a04d1f6e291256f766126a6f2.jpg,/home/z/my-project/Factory-AI/datasets/production/hardhats/train/images/001670_jpg.rf.325a6cb21d194df106123dfe7e27b6fe.jpg,exact_duplicate_dhash_d0
/home/z/my-project/Factory-AI/datasets/production/hardhats/train/images/ppe_1070_jpg.rf.4639b6be21d95a86274b8753faf4dcc6.jpg,/home/z/my-project/Factory-AI/datasets/production/hardhats/train/images/02087_jpg.rf.c386a9d42fc782de5fd85f322818616a.jpg,exact_duplicate_dhash_d0
/home/z/my-project/Factory-AI/datasets/production/hardhats/train/images/ppe_1077_jpg.rf.4b1ea4ef6b772b4f92f6523267a62741.jpg,/home/z/my-project/Factory-AI/datasets/production/hardhats/train/images/001504_jpg.rf.e9560818d8f8f84b2ae9a539caf6e71b.jpg,exact_duplicate_dhash_d0
/home/z/my-project/Factory-AI/datasets/production/hardhats/train/images/ppe_1086_jpg.rf.a82c8c905b752861c2dac0556559a6ab.jpg,/home/z/my-project/Factory-AI/datasets/production/hardhats/train/images/02544_jpg.rf.5b5587992fa3ace6031155e96ae7d78b.jpg,exact_duplicate_dhash_d0
/home/z/my-project/Factory-AI/datasets/production/hardhats/train/images/ppe_1089_jpg.rf.89866fe71c289eb61e36f67779738d7b.jpg,/home/z/my-project/Factory-AI/datasets/production/hardhats/train/images/02593_jpg.rf.676ef05a889e339193b6a39758304b7b.jpg,exact_duplicate_dhash_d0
/home/z/my-project/Factory-AI/datasets/production/hardhats/train/images/ppe_1106_jpg.rf.66bac6708caeaf11773a34424db3d51b.jpg,/home/z/my-project/Factory-AI/datasets/production/hardhats/train/images/02581_jpg.rf.5f553097035c5dafc7326dccd5e67b01.jpg,exact_duplicate_dhash_d0
/home/z/my-project/Factory-AI/datasets/production/hardhats/train/images/ppe_1121_jpg.rf.301fc44a50664373c1ede290883e2397.jpg,/home/z/my-project/Factory-AI/datasets/production/hardhats/train/images/000575_jpg.rf.0d1db8fe26251223f183a9ab03556c2a.jpg,exact_duplicate_dhash_d0
/home/z/my-project/Factory-AI/datasets/production/hardhats/train/images/ppe_1127_jpg.rf.a77726e8a53e7c75b751e33568b38eec.jpg,/home/z/my-project/Factory-AI/datasets/production/hardhats/train/images/02571_jpg.rf.be5c49d4cfd35df8c3382cee8200c8bd.jpg,exact_duplicate_dhash_d0
/home/z/my-project/Factory-AI/datasets/production/hardhats/train/images/ppe_1129_jpg.rf.5d138ebdfe216b4f39f681dd91addbd2.jpg,/home/z/my-project/Factory-AI/datasets/production/hardhats/train/images/02404_jpg.rf.4dbae42237c4d0edcd4119c31283bb2c.jpg,exact_duplicate_dhash_d0
/home/z/my-project/Factory-AI/datasets/production/hardhats/train/images/ppe_1131_jpg.rf.4c3271077c6b0b11ac66b6e326ba20ae.jpg,/home/z/my-project/Factory-AI/datasets/production/hardhats/train/images/02564_jpg.rf.2e6b440f4a2c003f81dadba6bc9e899b.jpg,exact_duplicate_dhash_d0
/home/z/my-project/Factory-AI/datasets/production/hardhats/train/images/ppe_1132_jpg.rf.7fae6257067321d886f5cfa1f8057154.jpg,/home/z/my-project/Factory-AI/datasets/production/hardhats/train/images/02572_jpg.rf.4ac8b6cafb84cd36b693c3af8e18201c.jpg,exact_duplicate_dhash_d0
/home/z/my-project/Factory-AI/datasets/production/hardhats/train/images/ppe_1133_jpg.rf.9d1eaabf9960cd33840330443eb17390.jpg,/home/z/my-project/Factory-AI/datasets/production/hardhats/train/images/000063_jpg.rf.5494100c75229fc7883b0146f8192a59.jpg,exact_duplicate_dhash_d0
/home/z/my-project/Factory-AI/datasets/production/hardhats/train/images/ppe_1134_jpg.rf.9abcda7f67cee22a19eeab3d9f1291a2.jpg,/home/z/my-project/Factory-AI/datasets/production/hardhats/train/images/001197_jpg.rf.5c6da00aa266f98730b2b2847b7acdf3.jpg,exact_duplicate_dhash_d0
/home/z/my-project/Factory-AI/datasets/production/hardhats/train/images/ppe_1137_jpg.rf.3c0c01a2c31ea102c3240e80be876298.jpg,/home/z/my-project/Factory-AI/datasets/production/hardhats/test/images/02567_jpg.rf.d1327d7fe3826f7ae0976fc5e90f94aa.jpg,exact_duplicate_dhash_d0
/home/z/my-project/Factory-AI/datasets/production/hardhats/train/images/ppe_1139_jpg.rf.46eb733b6499f43aa2a69be15d243297.jpg,/home/z/my-project/Factory-AI/datasets/production/hardhats/train/images/02013_jpg.rf.02023afae27379b1b6086d6abe49cb03.jpg,exact_duplicate_dhash_d0
/home/z/my-project/Factory-AI/datasets/production/hardhats/train/images/ppe_1144_jpg.rf.cd31868a1e7dff1e1f10f1d1085e772c.jpg,/home/z/my-project/Factory-AI/datasets/production/hardhats/train/images/02562_jpg.rf.75da6252d9c85279b97b5b92b4ae4285.jpg,exact_duplicate_dhash_d0
/home/z/my-project/Factory-AI/datasets/production/hardhats/train/images/ppe_1148_jpg.rf.8df94e11c57e794bdb960929db65a309.jpg,/home/z/my-project/Factory-AI/datasets/production/hardhats/train/images/02012_jpg.rf.f14ae637fcfa7f228bfdc3b3dad2a2b7.jpg,exact_duplicate_dhash_d0
/home/z/my-project/Factory-AI/datasets/production/hardhats/train/images/ppe_1156_jpg.rf.88722719156bdb946ca344e0c3265fd2.jpg,/home/z/my-project/Factory-AI/datasets/production/hardhats/train/images/02062_jpg.rf.f1fb8c1a9ba05785f9b62d38f60cef11.jpg,exact_duplicate_dhash_d0
/home/z/my-project/Factory-AI/datasets/production/hardhats/train/images/ppe_1164_jpg.rf.1ce909e162f0b54d444aa4fa54fe2556.jpg,/home/z/my-project/Factory-AI/datasets/production/hardhats/train/images/02473_jpg.rf.9375ed1ceef59743d5e0aca37b083f9d.jpg,exact_duplicate_dhash_d0
/home/z/my-project/Factory-AI/datasets/production/hardhats/train/images/ppe_1171_jpg.rf.efe789ebf5bf7f2a833897150f773d2f.jpg,/home/z/my-project/Factory-AI/datasets/production/hardhats/train/images/02316_jpg.rf.5e4d960c4f2ef6e1ea32d1b1f3bdc696.jpg,exact_duplicate_dhash_d0
/home/z/my-project/Factory-AI/datasets/production/hardhats/train/images/ppe_1173_jpg.rf.570c2a976cf40b05668e33c4c5ec66bf.jpg,/home/z/my-project/Factory-AI/datasets/production/hardhats/train/images/004945_jpg.rf.97ff927ab426329c13a06f37594adcab.jpg,exact_duplicate_dhash_d0
/home/z/my-project/Factory-AI/datasets/production/hardhats/train/images/ppe_1184_jpg.rf.93a3da0acb49e49882102d32b68318b4.jpg,/home/z/my-project/Factory-AI/datasets/production/hardhats/train/images/02298_jpg.rf.f3a46a0acb862eba1104498f11b50cbc.jpg,exact_duplicate_dhash_d0
/home/z/my-project/Factory-AI/datasets/production/hardhats/train/images/ppe_1185_jpg.rf.1154cdcfe67172f4c98c49466097763b.jpg,/home/z/my-project/Factory-AI/datasets/production/hardhats/train/images/02501_jpg.rf.0d5628017e2428dac615f4e61b45cc6f.jpg,exact_duplicate_dhash_d0
/home/z/my-project/Factory-AI/datasets/production/hardhats/train/images/ppe_1192_jpg.rf.dddafa34b4666fba949341bc8a668bd9.jpg,/home/z/my-project/Factory-AI/datasets/production/hardhats/train/images/000083_jpg.rf.8639b906d9ab72ae6a7fbfd4cb50de33.jpg,exact_duplicate_dhash_d0
/home/z/my-project/Factory-AI/datasets/production/hardhats/train/images/ppe_1206_jpg.rf.06e0e5aea2fc89c25c232fff06a7d8be.jpg,/home/z/my-project/Factory-AI/datasets/production/hardhats/train/images/02653_jpg.rf.9eebdd265b5142e2288454504803ad2c.jpg,exact_duplicate_dhash_d0
/home/z/my-project/Factory-AI/datasets/production/hardhats/train/images/ppe_1222_jpg.rf.f76a613a4f3ebb51b6313180fcae3cde.jpg,/home/z/my-project/Factory-AI/datasets/production/hardhats/test/images/02654_jpg.rf.1312fea78abab8771280b2684ce6d04f.jpg,exact_duplicate_dhash_d0
/home/z/my-project/Factory-AI/datasets/production/hardhats/train/images/ppe_1226_jpg.rf.4397b2ffd98dde6c5ffcee3b291c0720.jpg,/home/z/my-project/Factory-AI/datasets/production/hardhats/train/images/02669_jpg.rf.596e0057ec460a1e21fee248307cdb99.jpg,exact_duplicate_dhash_d0
/home/z/my-project/Factory-AI/datasets/production/hardhats/train/images/ppe_1234_jpg.rf.491f8cde59ce7687c77b59d1f7fb7019.jpg,/home/z/my-project/Factory-AI/datasets/production/hardhats/train/images/000497_jpg.rf.8954fdca174b6447c82c1ca8d5cbf13c.jpg,exact_duplicate_dhash_d0
/home/z/my-project/Factory-AI/datasets/production/hardhats/train/images/ppe_1251_jpg.rf.9cf0499c4b6cb13b4d92a999109a6d48.jpg,/home/z/my-project/Factory-AI/datasets/production/hardhats/train/images/003510_jpg.rf.16d348403794c85fbbd3e34df6edeb56.jpg,exact_duplicate_dhash_d0
/home/z/my-project/Factory-AI/datasets/production/hardhats/train/images/ppe_1255_jpg.rf.e39f54bd7abc5d0f648c1598df2efb8e.jpg,/home/z/my-project/Factory-AI/datasets/production/hardhats/train/images/001682_jpg.rf.7351c655f7e6b4ce5bc260f6b5a0306c.jpg,exact_duplicate_dhash_d0
/home/z/my-project/Factory-AI/datasets/production/hardhats/train/images/ppe_1270_jpg.rf.a1a73135af31c821de3fc9766a23cde3.jpg,/home/z/my-project/Factory-AI/datasets/production/hardhats/train/images/003996_jpg.rf.35a519555214d884d12eeb675077f701.jpg,exact_duplicate_dhash_d0
/home/z/my-project/Factory-AI/datasets/production/hardhats/train/images/ppe_1278_jpg.rf.6fc73efeb9f3b571298d78575332c33a.jpg,/home/z/my-project/Factory-AI/datasets/production/hardhats/train/images/02601_jpg.rf.b82b6dd4b575653cd0e7a930632d4316.jpg,exact_duplicate_dhash_d0
/home/z/my-project/Factory-AI/datasets/production/hardhats/train/images/ppe_1289_jpg.rf.b219a799c236253a6103ee062cecb0a2.jpg,/home/z/my-project/Factory-AI/datasets/production/hardhats/train/images/006662_jpg.rf.ca58db37474b4ff86e92c430b2b55cf2.jpg,exact_duplicate_dhash_d0
/home/z/my-project/Factory-AI/datasets/production/hardhats/train/images/ppe_1291_jpg.rf.a7a41d116f5993ed04f1975e3d45dc20.jpg,/home/z/my-project/Factory-AI/datasets/production/hardhats/train/images/02603_jpg.rf.a4d37f569630c86cf22f713a5a1f8966.jpg,exact_duplicate_dhash_d0
/home/z/my-project/Factory-AI/datasets/production/hardhats/train/images/ppe_1292_jpg.rf.91c7636beb1259fc1d2b1fa9f402eea8.jpg,/home/z/my-project/Factory-AI/datasets/production/hardhats/train/images/02617_jpg.rf.4a30335ee9f119788f2a87576405456c.jpg,exact_duplicate_dhash_d0
/home/z/my-project/Factory-AI/datasets/production/hardhats/train/images/ppe_1294_jpg.rf.8d461c9a4d77cebf158ee2603b88fd27.jpg,/home/z/my-project/Factory-AI/datasets/production/hardhats/train/images/ppe_1267_jpg.rf.fc488674a01a0bda0bbd7918a8ee74b5.jpg,exact_duplicate_dhash_d0
/home/z/my-project/Factory-AI/datasets/production/hardhats/train/images/ppe_1309_jpg.rf.0710c2aef4a96490bdc4a61b3d25c9a4.jpg,/home/z/my-project/Factory-AI/datasets/production/hardhats/train/images/02920_jpg.rf.cf68fa42a07963fcb6b57ada185a2127.jpg,exact_duplicate_dhash_d0
/home/z/my-project/Factory-AI/datasets/production/hardhats/train/images/ppe_1326_jpg.rf.73bebd0d6b15af7ecd2cc1037344fbc3.jpg,/home/z/my-project/Factory-AI/datasets/production/hardhats/train/images/02649_jpg.rf.176b8d35a5e73fed889dc68d5a792bde.jpg,exact_duplicate_dhash_d0
/home/z/my-project/Factory-AI/datasets/production/hardhats/train/images/ppe_1328_jpg.rf.6e15efc92ccb3f7deee9e903e033ee08.jpg,/home/z/my-project/Factory-AI/datasets/production/hardhats/train/images/02674_jpg.rf.f89fbeebc4a16574ffef29529956d72c.jpg,exact_duplicate_dhash_d0
/home/z/my-project/Factory-AI/datasets/production/hardhats/train/images/purchase-reauisition-5de4d0f99c77d_jpg.rf.ecad3530890b661462e60a80df4799f3.jpg,/home/z/my-project/Factory-AI/datasets/production/hardhats/train/images/purchase-reauisition-5de4d0f99c77d_jpg.rf.1874219e1bda74ca193530a2fd9539d1.jpg,exact_duplicate_dhash_d0
/home/z/my-project/Factory-AI/datasets/production/hardhats/train/images/r1000019q679o5611r7_jpg.rf.a74652528cf20fb40bf7763b1f4dcf81.jpg,/home/z/my-project/Factory-AI/datasets/production/hardhats/train/images/r1000019q679o5611r7_jpg.rf.9802b4c4649ed449b4b4bf69736c0d94.jpg,exact_duplicate_dhash_d0
/home/z/my-project/Factory-AI/datasets/production/hardhats/train/images/r1000019q689461s9r0_jpg.rf.f3076b2ea279fb58fd6c7f4e4d5da94a.jpg,/home/z/my-project/Factory-AI/datasets/production/hardhats/train/images/r1000019q689461s9r0_jpg.rf.9d74ae8d47f5df1857161c38a657fa72.jpg,exact_duplicate_dhash_d0
/home/z/my-project/Factory-AI/datasets/production/hardhats/train/images/r1400018548960op29s_jpg.rf.dd901bd1b09c7490bcadae02b8988be1.jpg,/home/z/my-project/Factory-AI/datasets/production/hardhats/train/images/r1400018548960op29s_jpg.rf.881371bffce16504e1a8f25f5e2f0ea5.jpg,exact_duplicate_dhash_d0
/home/z/my-project/Factory-AI/datasets/production/hardhats/train/images/r1p00017o80q34s9781_jpg.rf.93acf9ab29d133a14d25fa3a1c60c519.jpg,/home/z/my-project/Factory-AI/datasets/production/hardhats/train/images/r1p00017o80q34s9781_jpg.rf.62826452b39513a364fe3037dd397881.jpg,exact_duplicate_dhash_d0
/home/z/my-project/Factory-AI/datasets/production/hardhats/train/images/r1p00017o8171pnq407_jpg.rf.5a8ec1fecaed29f4a6615c80b0357501.jpg,/home/z/my-project/Factory-AI/datasets/production/hardhats/train/images/r1p00017o8171pnq407_jpg.rf.43667f758cd3573b851090a2704c18b4.jpg,exact_duplicate_dhash_d0
/home/z/my-project/Factory-AI/datasets/production/hardhats/train/images/r1p00017o82psp0o0or_jpg.rf.ddfe5ad30e4433ee2f1952d890973424.jpg,/home/z/my-project/Factory-AI/datasets/production/hardhats/train/images/r1p00017o82psp0o0or_jpg.rf.2f93b6b0d11e7a0cf8f2625dace61781.jpg,exact_duplicate_dhash_d0
/home/z/my-project/Factory-AI/datasets/production/hardhats/train/images/r1p00017o8357s6sno6_jpg.rf.e3b55bc6af081ade0d0e080a0737d457.jpg,/home/z/my-project/Factory-AI/datasets/production/hardhats/train/images/r1p00017o8357s6sno6_jpg.rf.39ac5421e0d9c5a44649dfa631ead744.jpg,exact_duplicate_dhash_d0
/home/z/my-project/Factory-AI/datasets/production/hardhats/train/images/rawImage_jpg.rf.6777ef4c0d45c582a70cbccf5c0ed278.jpg,/home/z/my-project/Factory-AI/datasets/production/hardhats/test/images/rawImage_jpg.rf.4baa49ede49622aed110efc876c06f3d.jpg,exact_duplicate_dhash_d0
/home/z/my-project/Factory-AI/datasets/production/hardhats/train/images/remote-1-_jpeg_jpg.rf.94af9940e87983127e4adeb21ce5c651.jpg,/home/z/my-project/Factory-AI/datasets/production/hardhats/train/images/remote-1-_jpeg_jpg.rf.11370b60d1e9aee7538391fca4bc0c07.jpg,exact_duplicate_dhash_d0
/home/z/my-project/Factory-AI/datasets/production/hardhats/train/images/sdfsdfsfff_jpg.rf.9af87025bb408e835a24e7a63b251b46.jpg,/home/z/my-project/Factory-AI/datasets/production/hardhats/train/images/sdfsdfsfff_jpg.rf.28f1270ec6f9e8ee46afff8afa24a03c.jpg,exact_duplicate_dhash_d0
/home/z/my-project/Factory-AI/datasets/production/hardhats/train/images/sdgdsgsg_jpg.rf.d738474d417540dcba6ef2be604d64d7.jpg,/home/z/my-project/Factory-AI/datasets/production/hardhats/train/images/sdgdsgsg_jpg.rf.7fc2c6d189b1484a60a79370752783b7.jpg,exact_duplicate_dhash_d0
/home/z/my-project/Factory-AI/datasets/production/hardhats/train/images/sdsdsff_jpg.rf.a371c274a8ddaa7fb7a5bb6a84952af8.jpg,/home/z/my-project/Factory-AI/datasets/production/hardhats/test/images/sdsdsff_jpg.rf.0d31ec1050e569baca3497930e5b767b.jpg,exact_duplicate_dhash_d0
/home/z/my-project/Factory-AI/datasets/production/hardhats/train/images/shutterstock_1145933543-e1579497052960_jpg.rf.c49144053fa8c77112fe097ac9f39d67.jpg,/home/z/my-project/Factory-AI/datasets/production/hardhats/train/images/shutterstock_1145933543-e1579497052960_jpg.rf.6b1349282c051c337703d2a6511045b5.jpg,exact_duplicate_dhash_d0
/home/z/my-project/Factory-AI/datasets/production/hardhats/train/images/shutterstock_1627199179_jpg.rf.1519f55c1d39cc56b27971ee12de81fa.jpg,/home/z/my-project/Factory-AI/datasets/production/hardhats/train/images/shutterstock_1627199179_jpg.rf.0156ea0989951e38b349fc788a397124.jpg,exact_duplicate_dhash_d0
/home/z/my-project/Factory-AI/datasets/production/hardhats/train/images/shutterstock_289132226_jpg.rf.e48c1b18aec89e6c1d39a07bb775be00.jpg,/home/z/my-project/Factory-AI/datasets/production/hardhats/train/images/shutterstock_289132226_jpg.rf.62da6324893b8ee525f13f9b6a5d821f.jpg,exact_duplicate_dhash_d0
/home/z/my-project/Factory-AI/datasets/production/hardhats/train/images/shutterstock_584407723_jpg.rf.a9f9030b22dabe061d07340a65bb9f71.jpg,/home/z/my-project/Factory-AI/datasets/production/hardhats/train/images/shutterstock_584407723_jpg.rf.33218b1e6d45e8ff7a01fed474b52967.jpg,exact_duplicate_dhash_d0
/home/z/my-project/Factory-AI/datasets/production/hardhats/train/images/shutterstock_editorial_10536831j_2e16d0ba_fill-1200x650_jpg.rf.3c534fcd282b2c38a40da9b0c05d229f.jpg,/home/z/my-project/Factory-AI/datasets/production/hardhats/train/images/shutterstock_editorial_10536831j_2e16d0ba_fill-1200x650_jpg.rf.2d9f98b799e7f66fd40ffd7dbfe81d0d.jpg,exact_duplicate_dhash_d0
/home/z/my-project/Factory-AI/datasets/production/hardhats/train/images/skynews-coronavirus-london-fashion-week_4920359_jpg.rf.a85d98f4d83d1cde72893f0e2dd8dd47.jpg,/home/z/my-project/Factory-AI/datasets/production/hardhats/train/images/skynews-coronavirus-london-fashion-week_4920359_jpg.rf.39741c78004e3a05196b5982851f2d88.jpg,exact_duplicate_dhash_d0
/home/z/my-project/Factory-AI/datasets/production/hardhats/train/images/soo-1-_jpg.rf.e9ced439f953f1e2324be880d349e0e8.jpg,/home/z/my-project/Factory-AI/datasets/production/hardhats/train/images/soo-1-_jpg.rf.97611bc448b8fdc8b2ff87903964c16e.jpg,exact_duplicate_dhash_d0
/home/z/my-project/Factory-AI/datasets/production/hardhats/train/images/soooo_jpg.rf.f3b2e2b7e7d5b3a2bf77ef0f25d68a83.jpg,/home/z/my-project/Factory-AI/datasets/production/hardhats/test/images/soooo_jpg.rf.cf143a289fb85dd538c3c484cd8a91ea.jpg,exact_duplicate_dhash_d0
/home/z/my-project/Factory-AI/datasets/production/hardhats/train/images/stsciRq_png_jpg.rf.7e5d11ba77338a28772e8cf170edc1e6.jpg,/home/z/my-project/Factory-AI/datasets/production/hardhats/train/images/stsciRq_png_jpg.rf.1d061a086ada46860f52c2e469ecbe1d.jpg,exact_duplicate_dhash_d0
/home/z/my-project/Factory-AI/datasets/production/hardhats/train/images/thai_cov-transmission030220_jpg.rf.f698d6b7adf44f801107eced392d495b.jpg,/home/z/my-project/Factory-AI/datasets/production/hardhats/train/images/thai_cov-transmission030220_jpg.rf.eab3b84739991134cca9b4846da8b7f3.jpg,exact_duplicate_dhash_d0
/home/z/my-project/Factory-AI/datasets/production/hardhats/train/images/thumbnail-ba5c72edb320b49a69e86b05775c49b2-scaled-1_jpeg_jpg.rf.3a5ca5b87a1e6addfa0a98e9cb6ef112.jpg,/home/z/my-project/Factory-AI/datasets/production/hardhats/test/images/thumbnail-ba5c72edb320b49a69e86b05775c49b2-scaled-1_jpeg_jpg.rf.f6ec8d5284de7d933757799e5cabd966.jpg,exact_duplicate_dhash_d0
/home/z/my-project/Factory-AI/datasets/production/hardhats/train/images/unnamed_jpg.rf.c0e0f1c75562b41484dff0dd677f96ff.jpg,/home/z/my-project/Factory-AI/datasets/production/hardhats/test/images/unnamed_jpg.rf.d86890f02a7c0197472715a65f5a9066.jpg,exact_duplicate_dhash_d0
/home/z/my-project/Factory-AI/datasets/production/hardhats/train/images/us-state-department-warns-against-visiting-china-citing-coronavirus_jpg.rf.7db4f42724e9c5734732dbde61af72b0.jpg,/home/z/my-project/Factory-AI/datasets/production/hardhats/train/images/us-state-department-warns-against-visiting-china-citing-coronavirus_jpg.rf.03d90cbf01f943e39e0be15955b78941.jpg,exact_duplicate_dhash_d0
/home/z/my-project/Factory-AI/datasets/production/hardhats/train/images/virus_jpg.rf.86a0ce06ffe0640350c7121e1ea919cd.jpg,/home/z/my-project/Factory-AI/datasets/production/hardhats/train/images/virus_jpg.rf.27bda6d1f3e68b2e5217515840e5948f.jpg,exact_duplicate_dhash_d0
/home/z/my-project/Factory-AI/datasets/production/hardhats/train/images/w1240-p16x9-0e48e0098f6e832f27d8b581b33bbc72b9967a63_jpg.rf.261115968c03236033cedc8043907a48.jpg,/home/z/my-project/Factory-AI/datasets/production/hardhats/train/images/w1240-p16x9-0e48e0098f6e832f27d8b581b33bbc72b9967a63_jpg.rf.10384de3a4014a3f323f29dbd584bd8c.jpg,exact_duplicate_dhash_d0
/home/z/my-project/Factory-AI/datasets/production/hardhats/train/images/w1240-p16x9-coronavirus_CHINA-HEALTH_jpg.rf.e1b9450f1590e0e6c37bc2512164e8e6.jpg,/home/z/my-project/Factory-AI/datasets/production/hardhats/train/images/w1240-p16x9-coronavirus_CHINA-HEALTH_jpg.rf.5372cac48275e113504a38647c2d62a3.jpg,exact_duplicate_dhash_d0
/home/z/my-project/Factory-AI/datasets/production/hardhats/valid/images/-1002-_png_jpg.rf.c44e427af7602af96ef4b4aacc54dcd7.jpg,/home/z/my-project/Factory-AI/datasets/production/hardhats/test/images/-3453-_png_jpg.rf.34bc98c9d1abaf9ca8747e1997b508a3.jpg,exact_duplicate_dhash_d0
/home/z/my-project/Factory-AI/datasets/production/hardhats/valid/images/-1279-_png_jpg.rf.4947fd027069015280a940f2534d92ca.jpg,/home/z/my-project/Factory-AI/datasets/production/hardhats/test/images/000149_jpg.rf.45583325d5a6d78feb6da179681f6c05.jpg,exact_duplicate_dhash_d0
/home/z/my-project/Factory-AI/datasets/production/hardhats/valid/images/-1528-_png_jpg.rf.62d26344087bdb8664c50635619529dc.jpg,/home/z/my-project/Factory-AI/datasets/production/hardhats/train/images/-4112-_png_jpg.rf.4ca5321f5d1099b326776d4d0a7de612.jpg,exact_duplicate_dhash_d0
/home/z/my-project/Factory-AI/datasets/production/hardhats/valid/images/-1580-_png_jpg.rf.fdb48df8079ae3367c695fe378e3c58e.jpg,/home/z/my-project/Factory-AI/datasets/production/hardhats/train/images/005125_jpg.rf.161ca59aae8beeedde760ec7ea209e97.jpg,exact_duplicate_dhash_d0
/home/z/my-project/Factory-AI/datasets/production/hardhats/valid/images/-1899-_png_jpg.rf.a738a3f2bb9242c1068ac4689cffbd3b.jpg,/home/z/my-project/Factory-AI/datasets/production/hardhats/train/images/005002_jpg.rf.8a1ffa42a5a96a43201015083f347845.jpg,exact_duplicate_dhash_d0
/home/z/my-project/Factory-AI/datasets/production/hardhats/valid/images/-1921-_png_jpg.rf.92a820e4c30dbfd8a74e7848c05fcfbf.jpg,/home/z/my-project/Factory-AI/datasets/production/hardhats/train/images/-1172-_png_jpg.rf.662b5129352c9827663c0d9e53da932a.jpg,exact_duplicate_dhash_d0
/home/z/my-project/Factory-AI/datasets/production/hardhats/valid/images/-1931-_png_jpg.rf.61cdca221047162b54629b03837ab6d9.jpg,/home/z/my-project/Factory-AI/datasets/production/hardhats/test/images/-4486-_png_jpg.rf.f5fcafab203639b41da8b1b1d11729e4.jpg,exact_duplicate_dhash_d0
/home/z/my-project/Factory-AI/datasets/production/hardhats/valid/images/-207-_png_jpg.rf.982461b7469deadd333eefdfca969a55.jpg,/home/z/my-project/Factory-AI/datasets/production/hardhats/train/images/000158_jpg.rf.3dc54f8edecea16e5bc0f048336feffa.jpg,exact_duplicate_dhash_d0
/home/z/my-project/Factory-AI/datasets/production/hardhats/valid/images/-210-_png_jpg.rf.4f8017e76aa5d3abbab50095b439a73e.jpg,/home/z/my-project/Factory-AI/datasets/production/hardhats/test/images/-1521-_png_jpg.rf.81ee15ef648faa7302074a5a0c147481.jpg,exact_duplicate_dhash_d0
/home/z/my-project/Factory-AI/datasets/production/hardhats/valid/images/-2113-_png_jpg.rf.006ec4c05bd618d6466b905e4522f8ee.jpg,/home/z/my-project/Factory-AI/datasets/production/hardhats/valid/images/-1540-_png_jpg.rf.c86abffda393373aadfaff7f7050fbdf.jpg,exact_duplicate_dhash_d0
/home/z/my-project/Factory-AI/datasets/production/hardhats/valid/images/-2276-_png_jpg.rf.12b73a348b10bb4c0d552e4b95af2ace.jpg,/home/z/my-project/Factory-AI/datasets/production/hardhats/train/images/-4595-_png_jpg.rf.a2fe1bb0c91a238ff469e2e52ee73ea5.jpg,exact_duplicate_dhash_d0
/home/z/my-project/Factory-AI/datasets/production/hardhats/valid/images/-2308-_png_jpg.rf.3c724a1f57e653db085a098c555c7847.jpg,/home/z/my-project/Factory-AI/datasets/production/hardhats/train/images/-2456-_png_jpg.rf.e67c37bba2a63015dcc63158d7b8a302.jpg,exact_duplicate_dhash_d0
/home/z/my-project/Factory-AI/datasets/production/hardhats/valid/images/-2443-_png_jpg.rf.cc66d944ef90d826084faac6e5c9a23b.jpg,/home/z/my-project/Factory-AI/datasets/production/hardhats/train/images/000139_jpg.rf.38b85e840dae3084b5169c370e7ce3f4.jpg,exact_duplicate_dhash_d0
/home/z/my-project/Factory-AI/datasets/production/hardhats/valid/images/-2660-_png_jpg.rf.f4951f540acd2fdc69126476733d6448.jpg,/home/z/my-project/Factory-AI/datasets/production/hardhats/train/images/000105_jpg.rf.21d716326832399a310e1736e830a254.jpg,exact_duplicate_dhash_d0
/home/z/my-project/Factory-AI/datasets/production/hardhats/valid/images/-2762-_png_jpg.rf.35dce7d8f152864804ccd6e290a280c7.jpg,/home/z/my-project/Factory-AI/datasets/production/hardhats/valid/images/-1924-_png_jpg.rf.c616e3090b784fb18354dff00730130b.jpg,exact_duplicate_dhash_d0
/home/z/my-project/Factory-AI/datasets/production/hardhats/valid/images/-281-_png_jpg.rf.e59c62967fae98e2b8ab81c260c33c09.jpg,/home/z/my-project/Factory-AI/datasets/production/hardhats/train/images/000238_jpg.rf.128d5f8b8aaff36953336aed042171e3.jpg,exact_duplicate_dhash_d0
/home/z/my-project/Factory-AI/datasets/production/hardhats/valid/images/-2899-_png_jpg.rf.b1137b77f93e9e61b0cdb2ffade1c6c6.jpg,/home/z/my-project/Factory-AI/datasets/production/hardhats/train/images/-3447-_png_jpg.rf.571d8b0004cf5dead45c0fb160b8fe70.jpg,exact_duplicate_dhash_d0
/home/z/my-project/Factory-AI/datasets/production/hardhats/valid/images/-3058-_png_jpg.rf.92685bb5718edc5241b31c5b28c65151.jpg,/home/z/my-project/Factory-AI/datasets/production/hardhats/train/images/000076_jpg.rf.808603f2a9c5ed970176c3a0930c964a.jpg,exact_duplicate_dhash_d0
/home/z/my-project/Factory-AI/datasets/production/hardhats/valid/images/-3143-_png_jpg.rf.ecc6bccf40793f3ed509c7dee86b75b4.jpg,/home/z/my-project/Factory-AI/datasets/production/hardhats/valid/images/-2624-_png_jpg.rf.f55ad30efe2c33ebc87259a2366a6c30.jpg,exact_duplicate_dhash_d0
/home/z/my-project/Factory-AI/datasets/production/hardhats/valid/images/-350-_png_jpg.rf.ec6ad019249676cc24a4517ef246abaa.jpg,/home/z/my-project/Factory-AI/datasets/production/hardhats/test/images/-3514-_png_jpg.rf.8b5996591a4c69ad403659910c70cf83.jpg,exact_duplicate_dhash_d0
/home/z/my-project/Factory-AI/datasets/production/hardhats/valid/images/-3527-_png_jpg.rf.6c176261be87b0c4f266da1cc1b46852.jpg,/home/z/my-project/Factory-AI/datasets/production/hardhats/train/images/000105_jpg.rf.21d716326832399a310e1736e830a254.jpg,exact_duplicate_dhash_d0
/home/z/my-project/Factory-AI/datasets/production/hardhats/valid/images/-3542-_png_jpg.rf.ee561ea727899ee660f1c98cee186ce0.jpg,/home/z/my-project/Factory-AI/datasets/production/hardhats/train/images/-3349-_png_jpg.rf.cad913a3c7fe14e512924b1699cfc887.jpg,exact_duplicate_dhash_d0
/home/z/my-project/Factory-AI/datasets/production/hardhats/valid/images/-3608-_png_jpg.rf.1cf56306c3e07334efe366d15932a326.jpg,/home/z/my-project/Factory-AI/datasets/production/hardhats/train/images/000007_jpg.rf.604e8a0e1e92826c6901e0166a0cd223.jpg,exact_duplicate_dhash_d0
/home/z/my-project/Factory-AI/datasets/production/hardhats/valid/images/-3661-_png_jpg.rf.4817eba9ee8168ec450cbb51ddb55286.jpg,/home/z/my-project/Factory-AI/datasets/production/hardhats/train/images/000066_jpg.rf.b718c333cb5ab52d902f3958fb35c622.jpg,exact_duplicate_dhash_d0
/home/z/my-project/Factory-AI/datasets/production/hardhats/valid/images/-3719-_png_jpg.rf.34df96b84e1860dab0e3d0baf1306881.jpg,/home/z/my-project/Factory-AI/datasets/production/hardhats/valid/images/-2763-_png_jpg.rf.39c2c6a97a2441b7f9a05766df246e41.jpg,exact_duplicate_dhash_d0
/home/z/my-project/Factory-AI/datasets/production/hardhats/valid/images/-3734-_png_jpg.rf.53f9ceb8d1ccc9739c1ef512ba781b05.jpg,/home/z/my-project/Factory-AI/datasets/production/hardhats/train/images/000247_jpg.rf.741aaf670289616ed255ec21bfb9f2ab.jpg,exact_duplicate_dhash_d0
/home/z/my-project/Factory-AI/datasets/production/hardhats/valid/images/-3959-_png_jpg.rf.17d88d48d3805fef706582e06301c354.jpg,/home/z/my-project/Factory-AI/datasets/production/hardhats/train/images/-4616-_png_jpg.rf.4293cc09bbdeb1a9398f1cc93ca9566c.jpg,exact_duplicate_dhash_d0
/home/z/my-project/Factory-AI/datasets/production/hardhats/valid/images/-399-_png_jpg.rf.c46c25f370d51769957ce40fd68f376b.jpg,/home/z/my-project/Factory-AI/datasets/production/hardhats/train/images/000240_jpg.rf.3ce6526f87312db339b3bba73a72d1be.jpg,exact_duplicate_dhash_d0
/home/z/my-project/Factory-AI/datasets/production/hardhats/valid/images/-4035-_png_jpg.rf.c082af2531b53df9111aca443fce80cd.jpg,/home/z/my-project/Factory-AI/datasets/production/hardhats/train/images/000020_jpg.rf.74a32e301d4bf582d24074ca7a64ad21.jpg,exact_duplicate_dhash_d0
/home/z/my-project/Factory-AI/datasets/production/hardhats/valid/images/-4539-_png_jpg.rf.a0d794f06515240ea95110021f5b7d52.jpg,/home/z/my-project/Factory-AI/datasets/production/hardhats/test/images/003691_jpg.rf.bb6b47d4ca2f863ec25663df8a38abf0.jpg,exact_duplicate_dhash_d0
/home/z/my-project/Factory-AI/datasets/production/hardhats/valid/images/-4657-_png_jpg.rf.39c9e1cb8306e65959400267f52031d9.jpg,/home/z/my-project/Factory-AI/datasets/production/hardhats/train/images/-492-_png_jpg.rf.e2eb7bfd9f49cd69f451faca852d3d7b.jpg,exact_duplicate_dhash_d0
/home/z/my-project/Factory-AI/datasets/production/hardhats/valid/images/-4737-_png_jpg.rf.d879cb5094d0cf842e1805f2f928a138.jpg,/home/z/my-project/Factory-AI/datasets/production/hardhats/train/images/000096_jpg.rf.6c32e193368ae55e0784c54ddb403ebe.jpg,exact_duplicate_dhash_d0
/home/z/my-project/Factory-AI/datasets/production/hardhats/valid/images/-4812-_png_jpg.rf.e3a1db521ef782c5967a65ad7ed0f5a4.jpg,/home/z/my-project/Factory-AI/datasets/production/hardhats/test/images/-1648-_png_jpg.rf.6ce1a53d670b4565daf65f5983df58de.jpg,exact_duplicate_dhash_d0
/home/z/my-project/Factory-AI/datasets/production/hardhats/valid/images/-4954-_png_jpg.rf.452e9945f652df816f69fe96e812b8e3.jpg,/home/z/my-project/Factory-AI/datasets/production/hardhats/test/images/-2496-_png_jpg.rf.889a51a4105403f4467daed71a036c1e.jpg,exact_duplicate_dhash_d0
/home/z/my-project/Factory-AI/datasets/production/hardhats/valid/images/-4993-_png_jpg.rf.74b5fa07155e74d862aa8a410943587c.jpg,/home/z/my-project/Factory-AI/datasets/production/hardhats/train/images/004782_jpg.rf.e8dc5301bad0b384fa6d331668271fad.jpg,exact_duplicate_dhash_d0
/home/z/my-project/Factory-AI/datasets/production/hardhats/valid/images/-4998-_png_jpg.rf.1adbd5bd74cd5a71ad89b29007395bd2.jpg,/home/z/my-project/Factory-AI/datasets/production/hardhats/test/images/-2670-_png_jpg.rf.0a30671c872d07115e0d28fbfa5265ce.jpg,exact_duplicate_dhash_d0
/home/z/my-project/Factory-AI/datasets/production/hardhats/valid/images/-648-_png_jpg.rf.196c68282f60c9360d534eea580c1da9.jpg,/home/z/my-project/Factory-AI/datasets/production/hardhats/train/images/001985_jpg.rf.bb9679e3e1787c84f4077e4f14632757.jpg,exact_duplicate_dhash_d0
/home/z/my-project/Factory-AI/datasets/production/hardhats/valid/images/-667-_png_jpg.rf.3af39ac2d9404780750f40971323e33f.jpg,/home/z/my-project/Factory-AI/datasets/production/hardhats/test/images/000125_jpg.rf.06cc359ab848ba051fa41dded7611265.jpg,exact_duplicate_dhash_d0
/home/z/my-project/Factory-AI/datasets/production/hardhats/valid/images/-772-_png_jpg.rf.e94c796cc40606ecfe896a8d90b2454c.jpg,/home/z/my-project/Factory-AI/datasets/production/hardhats/train/images/000223_jpg.rf.aa6b4b9640fb2b0db1a94f86cd62770b.jpg,exact_duplicate_dhash_d0
/home/z/my-project/Factory-AI/datasets/production/hardhats/valid/images/-798-_png_jpg.rf.12aa45cf93de32beffc80b248c0b77d4.jpg,/home/z/my-project/Factory-AI/datasets/production/hardhats/test/images/000058_jpg.rf.46373597ddcafddcf90d3c528dfd9996.jpg,exact_duplicate_dhash_d0
/home/z/my-project/Factory-AI/datasets/production/hardhats/valid/images/-869-_png_jpg.rf.cdb492cd068123a42aa25ed891b13b73.jpg,/home/z/my-project/Factory-AI/datasets/production/hardhats/test/images/-4327-_png_jpg.rf.45a9cae5c7059f27f0502a35d51d14a6.jpg,exact_duplicate_dhash_d0
/home/z/my-project/Factory-AI/datasets/production/hardhats/valid/images/-939-_png_jpg.rf.fdb8b7bdd11202b67a9a30baba090b61.jpg,/home/z/my-project/Factory-AI/datasets/production/hardhats/test/images/000045_jpg.rf.12ac92163dea9b73eb5e228f4371b2ce.jpg,exact_duplicate_dhash_d0
/home/z/my-project/Factory-AI/datasets/production/hardhats/valid/images/000001_jpg.rf.9cd61d00708430c45c2bacb8f637924c.jpg,/home/z/my-project/Factory-AI/datasets/production/hardhats/train/images/000001_jpg.rf.4d2c11c248c5ac5cc700d6bf1764bc8b.jpg,exact_duplicate_dhash_d0
/home/z/my-project/Factory-AI/datasets/production/hardhats/valid/images/000002_jpg.rf.4ab324d3ae4d776aa3d3f87913f37cbc.jpg,/home/z/my-project/Factory-AI/datasets/production/hardhats/train/images/000002_jpg.rf.b6394452810f906cbd0ad011ef69a490.jpg,exact_duplicate_dhash_d0
/home/z/my-project/Factory-AI/datasets/production/hardhats/valid/images/000003_jpg.rf.14510b30c28b693f6d8e5f8a578f49a1.jpg,/home/z/my-project/Factory-AI/datasets/production/hardhats/train/images/-1504-_png_jpg.rf.2439195efdc1590ac59eaf9621f1600f.jpg,exact_duplicate_dhash_d0
/home/z/my-project/Factory-AI/datasets/production/hardhats/valid/images/000010_jpg.rf.4b6493c6574b8630ce04ce85b8f1d5b9.jpg,/home/z/my-project/Factory-AI/datasets/production/hardhats/test/images/000010_jpg.rf.87c1576052e6ab53d8d0011353b0c298.jpg,exact_duplicate_dhash_d0
/home/z/my-project/Factory-AI/datasets/production/hardhats/valid/images/000013_jpg.rf.21d70c123789cc585b47fdcf020f7154.jpg,/home/z/my-project/Factory-AI/datasets/production/hardhats/train/images/000013_jpg.rf.3240e9bce78f1316966451ec02423d60.jpg,exact_duplicate_dhash_d0
/home/z/my-project/Factory-AI/datasets/production/hardhats/valid/images/000016_jpg.rf.77ad42a03e4e51853d4697cd7d3fd3dc.jpg,/home/z/my-project/Factory-AI/datasets/production/hardhats/train/images/000016_jpg.rf.0121dcaead43cdcdf984740f4b364bab.jpg,exact_duplicate_dhash_d0
/home/z/my-project/Factory-AI/datasets/production/hardhats/valid/images/000017_jpg.rf.5b7436b2b678848bf8409e556f13b761.jpg,/home/z/my-project/Factory-AI/datasets/production/hardhats/test/images/000017_jpg.rf.56a0fb968e8c2e4b04f89fb1e88b3507.jpg,exact_duplicate_dhash_d0
/home/z/my-project/Factory-AI/datasets/production/hardhats/valid/images/000021_jpg.rf.39e23d212a6cd8756f4177b5b1fed381.jpg,/home/z/my-project/Factory-AI/datasets/production/hardhats/train/images/000021_jpg.rf.8a68254c8aa41e699ee95e34c14011d7.jpg,exact_duplicate_dhash_d0
/home/z/my-project/Factory-AI/datasets/production/hardhats/valid/images/000022_jpg.rf.9c8c39f89451b63d6175f150bf8b2e0f.jpg,/home/z/my-project/Factory-AI/datasets/production/hardhats/test/images/000022_jpg.rf.5c17372a0194de47c452738c474ea36b.jpg,exact_duplicate_dhash_d0
/home/z/my-project/Factory-AI/datasets/production/hardhats/valid/images/000023_jpg.rf.e9f18556fa1fb7a6d27e0074f17130cc.jpg,/home/z/my-project/Factory-AI/datasets/production/hardhats/test/images/000023_jpg.rf.a7d21eca3e3079dc54e91e9d369429f7.jpg,exact_duplicate_dhash_d0
/home/z/my-project/Factory-AI/datasets/production/hardhats/valid/images/000024_jpg.rf.9b361bdc7c3e92543df9c9f801ab23fb.jpg,/home/z/my-project/Factory-AI/datasets/production/hardhats/train/images/000024_jpg.rf.af8c81b3432d75b485791e29be21b40f.jpg,exact_duplicate_dhash_d0
/home/z/my-project/Factory-AI/datasets/production/hardhats/valid/images/000026_jpg.rf.14491c4fa09b3642b1b030c252693d89.jpg,/home/z/my-project/Factory-AI/datasets/production/hardhats/test/images/000026_jpg.rf.fc8ec56d44fcb36de9659b13c2d40279.jpg,exact_duplicate_dhash_d0
/home/z/my-project/Factory-AI/datasets/production/hardhats/valid/images/000027_jpg.rf.e40ac8aec0f4664b5496b6e1b1ffe978.jpg,/home/z/my-project/Factory-AI/datasets/production/hardhats/train/images/000027_jpg.rf.a0832818632b208e022fb85247c0bc91.jpg,exact_duplicate_dhash_d0
/home/z/my-project/Factory-AI/datasets/production/hardhats/valid/images/000028_jpg.rf.33501829519f569c9040dd52c2914700.jpg,/home/z/my-project/Factory-AI/datasets/production/hardhats/valid/images/-1896-_png_jpg.rf.b29d088aab2290dbd574ea94cbdb160f.jpg,exact_duplicate_dhash_d0
/home/z/my-project/Factory-AI/datasets/production/hardhats/valid/images/000028_jpg.rf.3a796e19d287ad8eb03e6a4a8fe92788.jpg,/home/z/my-project/Factory-AI/datasets/production/hardhats/train/images/000028_jpg.rf.ec20249ec1117ae5dae9b0c1319bf407.jpg,exact_duplicate_dhash_d0
/home/z/my-project/Factory-AI/datasets/production/hardhats/valid/images/000031_jpg.rf.e1393a3104624385f1bf9cdefd17e0d7.jpg,/home/z/my-project/Factory-AI/datasets/production/hardhats/valid/images/000031_jpg.rf.ab822db1302d8a1a8b623aa1a2d3a215.jpg,exact_duplicate_dhash_d0
/home/z/my-project/Factory-AI/datasets/production/hardhats/valid/images/000032_jpg.rf.ca2292ef56c7f4715ab0f7a3bc645df9.jpg,/home/z/my-project/Factory-AI/datasets/production/hardhats/valid/images/-4558-_png_jpg.rf.4c74b2c1ca93ffa8f5108a4390fa4590.jpg,exact_duplicate_dhash_d0
/home/z/my-project/Factory-AI/datasets/production/hardhats/valid/images/000034_jpg.rf.1d41dec6f4b51bc50d7e4cdeb5e1dae4.jpg,/home/z/my-project/Factory-AI/datasets/production/hardhats/train/images/000034_jpg.rf.ef0e4a0565d9fec7d0de1f2e10f1ed23.jpg,exact_duplicate_dhash_d0
/home/z/my-project/Factory-AI/datasets/production/hardhats/valid/images/000034_jpg.rf.bbea1e6b7e681c179c1dd2fed068573f.jpg,/home/z/my-project/Factory-AI/datasets/production/hardhats/test/images/-1943-_png_jpg.rf.fe8693f39c8d2c4be6615a63edd3550d.jpg,exact_duplicate_dhash_d0
/home/z/my-project/Factory-AI/datasets/production/hardhats/valid/images/000035_jpg.rf.7e5b4670a28df236317e42ca62846a52.jpg,/home/z/my-project/Factory-AI/datasets/production/hardhats/train/images/000035_jpg.rf.14214b8e24e5c8259750d0c5d8662fa2.jpg,exact_duplicate_dhash_d0
/home/z/my-project/Factory-AI/datasets/production/hardhats/valid/images/000036_jpg.rf.19293703ad662f172d691a97336dd959.jpg,/home/z/my-project/Factory-AI/datasets/production/hardhats/train/images/000036_jpg.rf.f3bfe9a1a1d23f28716a73e0f3dc70c8.jpg,exact_duplicate_dhash_d0
/home/z/my-project/Factory-AI/datasets/production/hardhats/valid/images/000038_jpg.rf.e9067efbb5407ec6b2e55ad8553e7a62.jpg,/home/z/my-project/Factory-AI/datasets/production/hardhats/train/images/000038_jpg.rf.089e5626c4209ab95c4535e2236ee1c2.jpg,exact_duplicate_dhash_d0
/home/z/my-project/Factory-AI/datasets/production/hardhats/valid/images/000039_jpg.rf.5c72f9d93f7bd2533c504288a4ee6117.jpg,/home/z/my-project/Factory-AI/datasets/production/hardhats/test/images/000039_jpg.rf.d4b50eb23fe2c2c02594b89e4cd88541.jpg,exact_duplicate_dhash_d0
/home/z/my-project/Factory-AI/datasets/production/hardhats/valid/images/000041_jpg.rf.70d3a2e31c4a629cdb48368f841df431.jpg,/home/z/my-project/Factory-AI/datasets/production/hardhats/train/images/000041_jpg.rf.b23c50e899d7356104ffcb2d00c798ba.jpg,exact_duplicate_dhash_d0
/home/z/my-project/Factory-AI/datasets/production/hardhats/valid/images/000042_jpg.rf.2d2f089a02d2a322ddb90c015ccf061b.jpg,/home/z/my-project/Factory-AI/datasets/production/hardhats/valid/images/000042_jpg.rf.0c59580c4a36edf17be2b18118e6cf58.jpg,exact_duplicate_dhash_d0
/home/z/my-project/Factory-AI/datasets/production/hardhats/valid/images/000043_jpg.rf.2c50b3cc915182e784f63d84ea57e742.jpg,/home/z/my-project/Factory-AI/datasets/production/hardhats/test/images/000043_jpg.rf.0c9cceeb05e0408dfac8501c6f1d9d37.jpg,exact_duplicate_dhash_d0
/home/z/my-project/Factory-AI/datasets/production/hardhats/valid/images/000044_jpg.rf.f9784668cef3cc6fd99cb87ed40183af.jpg,/home/z/my-project/Factory-AI/datasets/production/hardhats/train/images/000044_jpg.rf.86be2da65441b532b6d5e1d494937dbb.jpg,exact_duplicate_dhash_d0
/home/z/my-project/Factory-AI/datasets/production/hardhats/valid/images/000046_jpg.rf.c7bc8ffdd7cec160aaa6da81d51a970b.jpg,/home/z/my-project/Factory-AI/datasets/production/hardhats/train/images/000046_jpg.rf.72d6937ee746ec8b308ae3d2e94d1c8f.jpg,exact_duplicate_dhash_d0
/home/z/my-project/Factory-AI/datasets/production/hardhats/valid/images/000047_jpg.rf.c731e398c608f9c66b28d8afefa1ea16.jpg,/home/z/my-project/Factory-AI/datasets/production/hardhats/valid/images/000047_jpg.rf.3a1e4ab3aa2a7121a851d8186eb9b243.jpg,exact_duplicate_dhash_d0
/home/z/my-project/Factory-AI/datasets/production/hardhats/valid/images/000048_jpg.rf.35933f2b5a34984332d6d2130df982e9.jpg,/home/z/my-project/Factory-AI/datasets/production/hardhats/train/images/000048_jpg.rf.332fe0b3983554c9f334e2dc6d2e8fee.jpg,exact_duplicate_dhash_d0
/home/z/my-project/Factory-AI/datasets/production/hardhats/valid/images/000049_jpg.rf.10ec308782be33a507439fd9d5db762a.jpg,/home/z/my-project/Factory-AI/datasets/production/hardhats/test/images/-3489-_png_jpg.rf.018be6c7f3395f6d106ef4b420066e17.jpg,exact_duplicate_dhash_d0
/home/z/my-project/Factory-AI/datasets/production/hardhats/valid/images/000051_jpg.rf.48e2cde4f7116af1a28b1ce83d16e7b7.jpg,/home/z/my-project/Factory-AI/datasets/production/hardhats/valid/images/000051_jpg.rf.333c6890b7d2036fe819519286a2968f.jpg,exact_duplicate_dhash_d0
/home/z/my-project/Factory-AI/datasets/production/hardhats/valid/images/000053_jpg.rf.8dfc309bdd2c42de7165d9dd42ffde3d.jpg,/home/z/my-project/Factory-AI/datasets/production/hardhats/valid/images/000053_jpg.rf.626f0b799f7675908d756ea0c9b4ddec.jpg,exact_duplicate_dhash_d0
/home/z/my-project/Factory-AI/datasets/production/hardhats/valid/images/000055_jpg.rf.0b103122fe4c841961cb2c4382406b7c.jpg,/home/z/my-project/Factory-AI/datasets/production/hardhats/test/images/000055_jpg.rf.8eaf4938d6c561599ea10cdaee25fc16.jpg,exact_duplicate_dhash_d0
/home/z/my-project/Factory-AI/datasets/production/hardhats/valid/images/000058_jpg.rf.a4a6834cf0969ec6525c0fa45dae2b8f.jpg,/home/z/my-project/Factory-AI/datasets/production/hardhats/test/images/000058_jpg.rf.c56ed4154eb421c7f98841003f8a2891.jpg,exact_duplicate_dhash_d0
/home/z/my-project/Factory-AI/datasets/production/hardhats/valid/images/000059_jpg.rf.ecb7b93c8c3556c598522757ac43d9c0.jpg,/home/z/my-project/Factory-AI/datasets/production/hardhats/valid/images/000059_jpg.rf.58eb43016aa9994f05f5d71d4d607c4d.jpg,exact_duplicate_dhash_d0
/home/z/my-project/Factory-AI/datasets/production/hardhats/valid/images/000060_jpg.rf.2c504038fa44abd56d94e5f89edb27b2.jpg,/home/z/my-project/Factory-AI/datasets/production/hardhats/valid/images/-750-_png_jpg.rf.bff04356ff4534c1ba3701cddc74e4ae.jpg,exact_duplicate_dhash_d0
/home/z/my-project/Factory-AI/datasets/production/hardhats/valid/images/000063_jpg.rf.2b24384953617df9685ca62f09f26480.jpg,/home/z/my-project/Factory-AI/datasets/production/hardhats/train/images/000063_jpg.rf.5494100c75229fc7883b0146f8192a59.jpg,exact_duplicate_dhash_d0
/home/z/my-project/Factory-AI/datasets/production/hardhats/valid/images/000065_jpg.rf.fd9c4cbfdddc5fd6d3aef3c79006ca63.jpg,/home/z/my-project/Factory-AI/datasets/production/hardhats/train/images/000065_jpg.rf.6daa13041899f5e514982fc51e9f1f52.jpg,exact_duplicate_dhash_d0
/home/z/my-project/Factory-AI/datasets/production/hardhats/valid/images/000066_jpg.rf.274d58ca46fddbf1fb42640ade4829ce.jpg,/home/z/my-project/Factory-AI/datasets/production/hardhats/train/images/000066_jpg.rf.626efec647c471b274d809a3c00c2991.jpg,exact_duplicate_dhash_d0
/home/z/my-project/Factory-AI/datasets/production/hardhats/valid/images/000067_jpg.rf.615ad1d9d97777d3ea16602685906396.jpg,/home/z/my-project/Factory-AI/datasets/production/hardhats/test/images/000067_jpg.rf.ffaa0cccaea53406f1d8c857f198f65d.jpg,exact_duplicate_dhash_d0
/home/z/my-project/Factory-AI/datasets/production/hardhats/valid/images/000069_jpg.rf.71a8c5916b57ed8eee4069643088a0b6.jpg,/home/z/my-project/Factory-AI/datasets/production/hardhats/train/images/000069_jpg.rf.ef6dbec9b3dee5eeff17ebffc711b657.jpg,exact_duplicate_dhash_d0
/home/z/my-project/Factory-AI/datasets/production/hardhats/valid/images/000074_jpg.rf.519ee5032268eba7ac70858d076de4a7.jpg,/home/z/my-project/Factory-AI/datasets/production/hardhats/train/images/000074_jpg.rf.b32f884ef8f0572838912e7416f56a29.jpg,exact_duplicate_dhash_d0
/home/z/my-project/Factory-AI/datasets/production/hardhats/valid/images/000074_jpg.rf.f9bf1078700c268d68f3a6e5e2161a03.jpg,/home/z/my-project/Factory-AI/datasets/production/hardhats/valid/images/-2387-_png_jpg.rf.c112dfddd37bfdd4e81013cc32a57874.jpg,exact_duplicate_dhash_d0
/home/z/my-project/Factory-AI/datasets/production/hardhats/valid/images/000075_jpg.rf.2904fe43cc03febf05c2efb772f938fb.jpg,/home/z/my-project/Factory-AI/datasets/production/hardhats/train/images/000075_jpg.rf.46bfb910771c67f0aa92337f48268430.jpg,exact_duplicate_dhash_d0
/home/z/my-project/Factory-AI/datasets/production/hardhats/valid/images/000075_jpg.rf.47b1d445ae01b777524c181102dd4e6e.jpg,/home/z/my-project/Factory-AI/datasets/production/hardhats/test/images/-2272-_png_jpg.rf.9c1df997e9d6cf9b627d964d921a8227.jpg,exact_duplicate_dhash_d0
/home/z/my-project/Factory-AI/datasets/production/hardhats/valid/images/000077_jpg.rf.bba894372e456557badb6d3126dfdc0d.jpg,/home/z/my-project/Factory-AI/datasets/production/hardhats/train/images/-2581-_png_jpg.rf.76423e2a838716f6738ade984c781f2d.jpg,exact_duplicate_dhash_d0
/home/z/my-project/Factory-AI/datasets/production/hardhats/valid/images/000078_jpg.rf.2443227124abb4b63f839f796fce5221.jpg,/home/z/my-project/Factory-AI/datasets/production/hardhats/train/images/000078_jpg.rf.166f639b1a6737df58232a7942196eef.jpg,exact_duplicate_dhash_d0
/home/z/my-project/Factory-AI/datasets/production/hardhats/valid/images/000080_jpg.rf.2aa68ef10f662e73e13627ef6ded92f7.jpg,/home/z/my-project/Factory-AI/datasets/production/hardhats/test/images/000080_jpg.rf.1deaa88e7b89364d0ba19d35b61918cf.jpg,exact_duplicate_dhash_d0
/home/z/my-project/Factory-AI/datasets/production/hardhats/valid/images/000082_jpg.rf.55437ab91c2f94a71157a48b0c006e2e.jpg,/home/z/my-project/Factory-AI/datasets/production/hardhats/test/images/000082_jpg.rf.a843bbc542a35ac95b58ec40684cbadf.jpg,exact_duplicate_dhash_d0
/home/z/my-project/Factory-AI/datasets/production/hardhats/valid/images/000083_jpg.rf.1d3a1e2869d18a8de8c9e77de3539bc9.jpg,/home/z/my-project/Factory-AI/datasets/production/hardhats/train/images/000083_jpg.rf.8639b906d9ab72ae6a7fbfd4cb50de33.jpg,exact_duplicate_dhash_d0
/home/z/my-project/Factory-AI/datasets/production/hardhats/valid/images/000086_jpg.rf.c75c14ab1bb2448138814d312b7c1c5e.jpg,/home/z/my-project/Factory-AI/datasets/production/hardhats/test/images/000086_jpg.rf.9a19402ffbb6cbdc650b103679a9cc2d.jpg,exact_duplicate_dhash_d0
/home/z/my-project/Factory-AI/datasets/production/hardhats/valid/images/000087_jpg.rf.0db725092f17357e7718a4e3977a3fb4.jpg,/home/z/my-project/Factory-AI/datasets/production/hardhats/train/images/000087_jpg.rf.3b112887758708f481d96c87a99f5b77.jpg,exact_duplicate_dhash_d0
/home/z/my-project/Factory-AI/datasets/production/hardhats/valid/images/000089_jpg.rf.baabb1ba8bca62dfcae7ed6dbf35bb52.jpg,/home/z/my-project/Factory-AI/datasets/production/hardhats/train/images/000089_jpg.rf.66889c0033c0239998e88d0e7c571ad8.jpg,exact_duplicate_dhash_d0
/home/z/my-project/Factory-AI/datasets/production/hardhats/valid/images/000092_jpg.rf.6494557d70736bac1e4e34dcf07a2505.jpg,/home/z/my-project/Factory-AI/datasets/production/hardhats/test/images/000092_jpg.rf.8da09351330b66bde279d9387a834528.jpg,exact_duplicate_dhash_d0
/home/z/my-project/Factory-AI/datasets/production/hardhats/valid/images/000094_jpg.rf.8f71c2e6de7afac0373f7b4cf46b15f3.jpg,/home/z/my-project/Factory-AI/datasets/production/hardhats/train/images/000094_jpg.rf.02a04f5aac620cfd937e3455b6df38ed.jpg,exact_duplicate_dhash_d0
/home/z/my-project/Factory-AI/datasets/production/hardhats/valid/images/000098_jpg.rf.aed443b6bd1c2eab3dc4e93d58d282b6.jpg,/home/z/my-project/Factory-AI/datasets/production/hardhats/train/images/000098_jpg.rf.06677aa455f1f6d886cdc5c301f509f1.jpg,exact_duplicate_dhash_d0
/home/z/my-project/Factory-AI/datasets/production/hardhats/valid/images/000099_jpg.rf.c5e951e0ab3b0d53aa4feff655994ec4.jpg,/home/z/my-project/Factory-AI/datasets/production/hardhats/train/images/000099_jpg.rf.4bd10bba5f49540b588884842681bc0e.jpg,exact_duplicate_dhash_d0
/home/z/my-project/Factory-AI/datasets/production/hardhats/valid/images/000100_jpg.rf.8962404c2e360073a22f99402427f3b7.jpg,/home/z/my-project/Factory-AI/datasets/production/hardhats/test/images/000100_jpg.rf.17ee22c6caec285c7cb440e4f9514839.jpg,exact_duplicate_dhash_d0
/home/z/my-project/Factory-AI/datasets/production/hardhats/valid/images/000102_jpg.rf.882fa71597888991b115c6a5e607f342.jpg,/home/z/my-project/Factory-AI/datasets/production/hardhats/train/images/000102_jpg.rf.dc569fb3666f62872a4960d647bc62e8.jpg,exact_duplicate_dhash_d0
/home/z/my-project/Factory-AI/datasets/production/hardhats/valid/images/000104_jpg.rf.8d092b7d1208a10571c98026019a04ca.jpg,/home/z/my-project/Factory-AI/datasets/production/hardhats/train/images/000104_jpg.rf.afa71dffbd7d2bbc126eb32f071df6f9.jpg,exact_duplicate_dhash_d0
/home/z/my-project/Factory-AI/datasets/production/hardhats/valid/images/000105_jpg.rf.d616708b26f7b15406aa7c84a6eeec83.jpg,/home/z/my-project/Factory-AI/datasets/production/hardhats/valid/images/000105_jpg.rf.912fefe5595575eab1385d68b7f5b788.jpg,exact_duplicate_dhash_d0
/home/z/my-project/Factory-AI/datasets/production/hardhats/valid/images/000106_jpg.rf.4cee3bc4b99648d11778dea864faa7bf.jpg,/home/z/my-project/Factory-AI/datasets/production/hardhats/train/images/000106_jpg.rf.cd3d3a55addbddf2e24ef3ea09d85855.jpg,exact_duplicate_dhash_d0
/home/z/my-project/Factory-AI/datasets/production/hardhats/valid/images/000108_jpg.rf.50dba549e9feca1870d97085e6a8e966.jpg,/home/z/my-project/Factory-AI/datasets/production/hardhats/valid/images/000108_jpg.rf.114ab49f025a0ef701c9652205bddd61.jpg,exact_duplicate_dhash_d0
/home/z/my-project/Factory-AI/datasets/production/hardhats/valid/images/000109_jpg.rf.04c55de6e25e76ca3cdac120160f12c9.jpg,/home/z/my-project/Factory-AI/datasets/production/hardhats/test/images/000109_jpg.rf.7e245152475024aa1e084d0510fccd3d.jpg,exact_duplicate_dhash_d0
/home/z/my-project/Factory-AI/datasets/production/hardhats/valid/images/000110_jpg.rf.b17e5cf705db5287d86bae33da02f39c.jpg,/home/z/my-project/Factory-AI/datasets/production/hardhats/train/images/000110_jpg.rf.44835a6083a6e332bc589fc23263e567.jpg,exact_duplicate_dhash_d0
/home/z/my-project/Factory-AI/datasets/production/hardhats/valid/images/000111_jpg.rf.ec0c11067e787de731ab3a9bebe0f14f.jpg,/home/z/my-project/Factory-AI/datasets/production/hardhats/test/images/000111_jpg.rf.ec450a06949587151c6fc55609029909.jpg,exact_duplicate_dhash_d0
/home/z/my-project/Factory-AI/datasets/production/hardhats/valid/images/000112_jpg.rf.ab6117f1dad9b51168f5033ad04c7055.jpg,/home/z/my-project/Factory-AI/datasets/production/hardhats/test/images/000112_jpg.rf.8bf78de3772781f35649b90fe724c256.jpg,exact_duplicate_dhash_d0
/home/z/my-project/Factory-AI/datasets/production/hardhats/valid/images/000113_jpg.rf.41b83dd7bcda5cb7e99fcc1902e4fe70.jpg,/home/z/my-project/Factory-AI/datasets/production/hardhats/test/images/000113_jpg.rf.48b38a43b4d4da340da356f0a7b88b62.jpg,exact_duplicate_dhash_d0
/home/z/my-project/Factory-AI/datasets/production/hardhats/valid/images/000114_jpg.rf.c5dd7682b021f83417793c242925146e.jpg,/home/z/my-project/Factory-AI/datasets/production/hardhats/train/images/000114_jpg.rf.c6309e5bf33ce832e7b45ac2cdffd7b3.jpg,exact_duplicate_dhash_d0
/home/z/my-project/Factory-AI/datasets/production/hardhats/valid/images/000115_jpg.rf.16f6f8ea82abee6fa58729c5b251d364.jpg,/home/z/my-project/Factory-AI/datasets/production/hardhats/test/images/000115_jpg.rf.e169b1d211d3f4850016b61dac5ff2d8.jpg,exact_duplicate_dhash_d0
/home/z/my-project/Factory-AI/datasets/production/hardhats/valid/images/000117_jpg.rf.052731270b209b1dc7782be825bb2578.jpg,/home/z/my-project/Factory-AI/datasets/production/hardhats/train/images/000117_jpg.rf.581e2dc864c92548d5bef3d9ded51144.jpg,exact_duplicate_dhash_d0
/home/z/my-project/Factory-AI/datasets/production/hardhats/valid/images/000118_jpg.rf.773db577028042633f096c5f95ded587.jpg,/home/z/my-project/Factory-AI/datasets/production/hardhats/valid/images/000118_jpg.rf.3182d3b07e459b9ff821de01ad7139dc.jpg,exact_duplicate_dhash_d0
/home/z/my-project/Factory-AI/datasets/production/hardhats/valid/images/000120_jpg.rf.1fd81804174d59d7507a383dddfae20d.jpg,/home/z/my-project/Factory-AI/datasets/production/hardhats/test/images/000120_jpg.rf.7a4b7436af78da8747dd82cd20298aa3.jpg,exact_duplicate_dhash_d0
/home/z/my-project/Factory-AI/datasets/production/hardhats/valid/images/000122_jpg.rf.460c4d31ec742663e238f0a9640006de.jpg,/home/z/my-project/Factory-AI/datasets/production/hardhats/train/images/000122_jpg.rf.ccf1fd836f7693c3415346c9ff6ab769.jpg,exact_duplicate_dhash_d0
/home/z/my-project/Factory-AI/datasets/production/hardhats/valid/images/000124_jpg.rf.d01cd6bbfa59309d63bbc85373c41b8c.jpg,/home/z/my-project/Factory-AI/datasets/production/hardhats/train/images/000124_jpg.rf.c2b7a9344769263ccfa4a3f4a23f80c1.jpg,exact_duplicate_dhash_d0
/home/z/my-project/Factory-AI/datasets/production/hardhats/valid/images/000125_jpg.rf.e6fcde98824977438155096091185fc5.jpg,/home/z/my-project/Factory-AI/datasets/production/hardhats/valid/images/000125_jpg.rf.371e129a3ba5273a212861da953ad3fe.jpg,exact_duplicate_dhash_d0
/home/z/my-project/Factory-AI/datasets/production/hardhats/valid/images/000128_jpg.rf.adea1b7b9a77f07dc069561c0292434d.jpg,/home/z/my-project/Factory-AI/datasets/production/hardhats/valid/images/000128_jpg.rf.19ab7b241b7bd94895ff3d7cdeb53db7.jpg,exact_duplicate_dhash_d0
/home/z/my-project/Factory-AI/datasets/production/hardhats/valid/images/000129_jpg.rf.d4cddd9c293ff7fc429d7a8afe5c781e.jpg,/home/z/my-project/Factory-AI/datasets/production/hardhats/train/images/000129_jpg.rf.4e12c553deadf489d3d9f2ef383b232b.jpg,exact_duplicate_dhash_d0
/home/z/my-project/Factory-AI/datasets/production/hardhats/valid/images/000131_jpg.rf.243de8ce5499730c213c0fdf0d44062b.jpg,/home/z/my-project/Factory-AI/datasets/production/hardhats/test/images/000131_jpg.rf.ad30a32ec346b2996994a77077a366de.jpg,exact_duplicate_dhash_d0
/home/z/my-project/Factory-AI/datasets/production/hardhats/valid/images/000133_jpg.rf.3dcab76a1ccbbce01966ad77a20fb8ae.jpg,/home/z/my-project/Factory-AI/datasets/production/hardhats/valid/images/-1429-_png_jpg.rf.124465fe9986e8db8db0bd5aeec22925.jpg,exact_duplicate_dhash_d0
/home/z/my-project/Factory-AI/datasets/production/hardhats/valid/images/000133_jpg.rf.bcf4877c9120186a57f2a2973cd8aa16.jpg,/home/z/my-project/Factory-AI/datasets/production/hardhats/train/images/000133_jpg.rf.ce2d845843240ba2a7046aa6852049fa.jpg,exact_duplicate_dhash_d0
/home/z/my-project/Factory-AI/datasets/production/hardhats/valid/images/000134_jpg.rf.a0d9b391704185ae34c7fa9182d11121.jpg,/home/z/my-project/Factory-AI/datasets/production/hardhats/valid/images/000134_jpg.rf.3679927a7e073734b4048e458802b11b.jpg,exact_duplicate_dhash_d0
/home/z/my-project/Factory-AI/datasets/production/hardhats/valid/images/000138_jpg.rf.cbc6ea560b01ea59dcaaf4987a5699e1.jpg,/home/z/my-project/Factory-AI/datasets/production/hardhats/train/images/-3737-_png_jpg.rf.c66236afde638acda81df4fc71180a9a.jpg,exact_duplicate_dhash_d0
/home/z/my-project/Factory-AI/datasets/production/hardhats/valid/images/000139_jpg.rf.0c9bc65539a254e96e1c524f5035f71e.jpg,/home/z/my-project/Factory-AI/datasets/production/hardhats/test/images/000139_jpg.rf.a7b88d034ce1a73300a8aca19926d40e.jpg,exact_duplicate_dhash_d0
/home/z/my-project/Factory-AI/datasets/production/hardhats/valid/images/000140_jpg.rf.e892901ca243faec7d157b65dbe6a3a5.jpg,/home/z/my-project/Factory-AI/datasets/production/hardhats/test/images/000140_jpg.rf.55150c7ce4aee4e8faf2d9a196268768.jpg,exact_duplicate_dhash_d0
/home/z/my-project/Factory-AI/datasets/production/hardhats/valid/images/000141_jpg.rf.8bee4f7bd0b6f50c4077aee659666e13.jpg,/home/z/my-project/Factory-AI/datasets/production/hardhats/train/images/000141_jpg.rf.35cba058887bf818dc6dea8b2632a475.jpg,exact_duplicate_dhash_d0
/home/z/my-project/Factory-AI/datasets/production/hardhats/valid/images/000142_jpg.rf.d68c0e8fd1b47f54c14ef6753237b40b.jpg,/home/z/my-project/Factory-AI/datasets/production/hardhats/train/images/000142_jpg.rf.f96534c0ceea0869d6bd4b075c3efaaa.jpg,exact_duplicate_dhash_d0
/home/z/my-project/Factory-AI/datasets/production/hardhats/valid/images/000144_jpg.rf.5a15f415ae4c3242228e0ae77ecb6b8b.jpg,/home/z/my-project/Factory-AI/datasets/production/hardhats/train/images/000144_jpg.rf.a39f4fa0411efbec73a3d2af25d9f0fa.jpg,exact_duplicate_dhash_d0
/home/z/my-project/Factory-AI/datasets/production/hardhats/valid/images/000145_jpg.rf.d67068e12813b7b5406a5712dbe005d3.jpg,/home/z/my-project/Factory-AI/datasets/production/hardhats/valid/images/000145_jpg.rf.4f2826af238d7e3ec143af9a5a5ecbb1.jpg,exact_duplicate_dhash_d0
/home/z/my-project/Factory-AI/datasets/production/hardhats/valid/images/000146_jpg.rf.0a440cc9b83ac9edc1302b7e3ce082f4.jpg,/home/z/my-project/Factory-AI/datasets/production/hardhats/train/images/-4244-_png_jpg.rf.ebe30672b796ad3baa4d0e0bcdec278c.jpg,exact_duplicate_dhash_d0
/home/z/my-project/Factory-AI/datasets/production/hardhats/valid/images/000146_jpg.rf.0b004ab3d78b8fa4b9bc01de48fb310b.jpg,/home/z/my-project/Factory-AI/datasets/production/hardhats/train/images/000146_jpg.rf.ba1092811d5a24525b27ab2bfcb3dc41.jpg,exact_duplicate_dhash_d0
/home/z/my-project/Factory-AI/datasets/production/hardhats/valid/images/000147_jpg.rf.be676fef859942e523614c45b4bc94eb.jpg,/home/z/my-project/Factory-AI/datasets/production/hardhats/valid/images/000147_jpg.rf.2caf20c2d7bcfe8af39c22cdf6eef0a5.jpg,exact_duplicate_dhash_d0
/home/z/my-project/Factory-AI/datasets/production/hardhats/valid/images/000149_jpg.rf.0fe9e3a31fc7e4e5eb9850db5519f14a.jpg,/home/z/my-project/Factory-AI/datasets/production/hardhats/test/images/000149_jpg.rf.13aebba402ed3872c142443586f67c86.jpg,exact_duplicate_dhash_d0
/home/z/my-project/Factory-AI/datasets/production/hardhats/valid/images/000152_jpg.rf.ac1241797eac4cb6d2aba9ee1496b4d0.jpg,/home/z/my-project/Factory-AI/datasets/production/hardhats/train/images/000152_jpg.rf.cecb6df1248799cbd84e68569f5fb523.jpg,exact_duplicate_dhash_d0
/home/z/my-project/Factory-AI/datasets/production/hardhats/valid/images/000153_jpg.rf.0e1e9616949050bd583ae1a04b82eae2.jpg,/home/z/my-project/Factory-AI/datasets/production/hardhats/valid/images/-2645-_png_jpg.rf.f4000d9fd57b76696c5d56872c81970c.jpg,exact_duplicate_dhash_d0
/home/z/my-project/Factory-AI/datasets/production/hardhats/valid/images/000153_jpg.rf.559931be229bb5ed8f09028140f7d3c1.jpg,/home/z/my-project/Factory-AI/datasets/production/hardhats/train/images/000153_jpg.rf.4d57feba64c0cfa2d4c03bedd4a0f4fa.jpg,exact_duplicate_dhash_d0
/home/z/my-project/Factory-AI/datasets/production/hardhats/valid/images/000156_jpg.rf.a52bd9b211d1ed36f0b774119cad31c8.jpg,/home/z/my-project/Factory-AI/datasets/production/hardhats/train/images/000156_jpg.rf.3b5fd0af55b9be68a0464bb04de9a672.jpg,exact_duplicate_dhash_d0
/home/z/my-project/Factory-AI/datasets/production/hardhats/valid/images/000156_jpg.rf.f004191612e59324b96e6aaf1c0e2521.jpg,/home/z/my-project/Factory-AI/datasets/production/hardhats/valid/images/-2116-_png_jpg.rf.29c2ec9458f1bd61754748f41a9b6fef.jpg,exact_duplicate_dhash_d0
/home/z/my-project/Factory-AI/datasets/production/hardhats/valid/images/000158_jpg.rf.2d125a079965a6de5737fb7d16dd2f19.jpg,/home/z/my-project/Factory-AI/datasets/production/hardhats/valid/images/000158_jpg.rf.1b9300bafa4654a67a134079d7bc8bea.jpg,exact_duplicate_dhash_d0
/home/z/my-project/Factory-AI/datasets/production/hardhats/valid/images/000161_jpg.rf.0df3a9037ffc9bf9f8dd971bfb87bec9.jpg,/home/z/my-project/Factory-AI/datasets/production/hardhats/train/images/000161_jpg.rf.401815c4308dc77c98ff8ec8af505252.jpg,exact_duplicate_dhash_d0
/home/z/my-project/Factory-AI/datasets/production/hardhats/valid/images/000162_jpg.rf.6e6acfc4f32a4dead3c68bd54a35f3ec.jpg,/home/z/my-project/Factory-AI/datasets/production/hardhats/train/images/000162_jpg.rf.0eae9fc202103cc4d53c4f54cf06be26.jpg,exact_duplicate_dhash_d0
/home/z/my-project/Factory-AI/datasets/production/hardhats/valid/images/000165_jpg.rf.5363995a4418b0376aa86336439937b5.jpg,/home/z/my-project/Factory-AI/datasets/production/hardhats/valid/images/000165_jpg.rf.2331c54bc7f6fa3d7c0e78f478b30b6f.jpg,exact_duplicate_dhash_d0
/home/z/my-project/Factory-AI/datasets/production/hardhats/valid/images/000166_jpg.rf.d1d741950693c373b600b46d9fc32a73.jpg,/home/z/my-project/Factory-AI/datasets/production/hardhats/train/images/000166_jpg.rf.3790833f5d5bce7da6e1bd7438e7d2ee.jpg,exact_duplicate_dhash_d0
/home/z/my-project/Factory-AI/datasets/production/hardhats/valid/images/000168_jpg.rf.69152d15df600beb9f506c54e83f5c72.jpg,/home/z/my-project/Factory-AI/datasets/production/hardhats/test/images/000168_jpg.rf.7b32001d35e8da5f438beb73b22f15f2.jpg,exact_duplicate_dhash_d0
/home/z/my-project/Factory-AI/datasets/production/hardhats/valid/images/000169_jpg.rf.9b2d2f9f2e3cba8ef42a01651f2ec6fa.jpg,/home/z/my-project/Factory-AI/datasets/production/hardhats/train/images/000169_jpg.rf.b62e7bdc9ef83be8cc12a190ce6c2880.jpg,exact_duplicate_dhash_d0
/home/z/my-project/Factory-AI/datasets/production/hardhats/valid/images/000171_jpg.rf.df494751fbea0cb4a3b6fb37b85864eb.jpg,/home/z/my-project/Factory-AI/datasets/production/hardhats/valid/images/-4752-_png_jpg.rf.18ef6d31482601bfba1be78062dc2ece.jpg,exact_duplicate_dhash_d0
/home/z/my-project/Factory-AI/datasets/production/hardhats/valid/images/000176_jpg.rf.5c8cfdc488a408ed1eb20e7ad4ccc6c1.jpg,/home/z/my-project/Factory-AI/datasets/production/hardhats/train/images/000176_jpg.rf.c551cdef06a3ca2796144ea0c422e0f9.jpg,exact_duplicate_dhash_d0
/home/z/my-project/Factory-AI/datasets/production/hardhats/valid/images/000180_jpg.rf.ab217e96f19b305f7b20ef9587d36f53.jpg,/home/z/my-project/Factory-AI/datasets/production/hardhats/train/images/000180_jpg.rf.673be38ac1e5d955806c1ba28484d704.jpg,exact_duplicate_dhash_d0
/home/z/my-project/Factory-AI/datasets/production/hardhats/valid/images/000185_jpg.rf.30426bd7ac5b2fd5d7bd9c93e024ab8e.jpg,/home/z/my-project/Factory-AI/datasets/production/hardhats/valid/images/-1283-_png_jpg.rf.1dbf105d5ec742caa5c9ff002377d97e.jpg,exact_duplicate_dhash_d0
/home/z/my-project/Factory-AI/datasets/production/hardhats/valid/images/000186_jpg.rf.b1f097fc46752ff78ea15152e618d61d.jpg,/home/z/my-project/Factory-AI/datasets/production/hardhats/train/images/000186_jpg.rf.4d7c58ad959821da4b642b00677b56c9.jpg,exact_duplicate_dhash_d0
/home/z/my-project/Factory-AI/datasets/production/hardhats/valid/images/000191_jpg.rf.881f634b3c4ec1feb816fd781ad64fe2.jpg,/home/z/my-project/Factory-AI/datasets/production/hardhats/train/images/000191_jpg.rf.4e3298ca1758d835d20af4f65d3a7e66.jpg,exact_duplicate_dhash_d0
/home/z/my-project/Factory-AI/datasets/production/hardhats/valid/images/000192_jpg.rf.11fbe53ca836c0bb99635f151e53e39c.jpg,/home/z/my-project/Factory-AI/datasets/production/hardhats/train/images/-2264-_png_jpg.rf.c347ba6ab7d023728a417ba81b8d0b6d.jpg,exact_duplicate_dhash_d0
/home/z/my-project/Factory-AI/datasets/production/hardhats/valid/images/000192_jpg.rf.8d095dbe27d5eece7bf7694314145cd8.jpg,/home/z/my-project/Factory-AI/datasets/production/hardhats/train/images/000192_jpg.rf.4d3908b388aabe2f8a340753600f1ea4.jpg,exact_duplicate_dhash_d0
/home/z/my-project/Factory-AI/datasets/production/hardhats/valid/images/000194_jpg.rf.7878e74f7b923508d0f044977c55af8d.jpg,/home/z/my-project/Factory-AI/datasets/production/hardhats/train/images/000194_jpg.rf.d8bbe0e649ca62771e697215d22deb52.jpg,exact_duplicate_dhash_d0
/home/z/my-project/Factory-AI/datasets/production/hardhats/valid/images/000198_jpg.rf.cf64be8c50babcb285f1c3f93ca52615.jpg,/home/z/my-project/Factory-AI/datasets/production/hardhats/valid/images/000198_jpg.rf.56b04cdc190080e2c150bf3a962a6ead.jpg,exact_duplicate_dhash_d0
/home/z/my-project/Factory-AI/datasets/production/hardhats/valid/images/000199_jpg.rf.91aed6b2ece90329214c2b6107be6c0a.jpg,/home/z/my-project/Factory-AI/datasets/production/hardhats/valid/images/000199_jpg.rf.28ca0da9c65dcf57b4c67edee21a3497.jpg,exact_duplicate_dhash_d0
/home/z/my-project/Factory-AI/datasets/production/hardhats/valid/images/000199_jpg.rf.ae85436a6794992a33d00e4eaf49c0c5.jpg,/home/z/my-project/Factory-AI/datasets/production/hardhats/test/images/-3988-_png_jpg.rf.d20b90ec74bad1f1fef443abaa4e4a61.jpg,exact_duplicate_dhash_d0
/home/z/my-project/Factory-AI/datasets/production/hardhats/valid/images/000204_jpg.rf.0c75c90525913a96f0124b889934b616.jpg,/home/z/my-project/Factory-AI/datasets/production/hardhats/valid/images/000204_jpg.rf.051bba0893ef676c3bda9d8072b8e7a9.jpg,exact_duplicate_dhash_d0
/home/z/my-project/Factory-AI/datasets/production/hardhats/valid/images/000206_jpg.rf.2b9ddc1b3f3e88abbc0c99d0dc668724.jpg,/home/z/my-project/Factory-AI/datasets/production/hardhats/train/images/000206_jpg.rf.e9909fe62d064d9477cc34f99fb7061a.jpg,exact_duplicate_dhash_d0
/home/z/my-project/Factory-AI/datasets/production/hardhats/valid/images/000208_jpg.rf.6dc81eee8d09bcea3194d7e1fcc61e16.jpg,/home/z/my-project/Factory-AI/datasets/production/hardhats/train/images/000208_jpg.rf.25e608b2f668439f94df76694b22c381.jpg,exact_duplicate_dhash_d0
/home/z/my-project/Factory-AI/datasets/production/hardhats/valid/images/000209_jpg.rf.f8c1470bd463806ebf87c37e21b4dbc9.jpg,/home/z/my-project/Factory-AI/datasets/production/hardhats/train/images/000209_jpg.rf.38b2205600f6cdd28e07846cef8bfe32.jpg,exact_duplicate_dhash_d0
/home/z/my-project/Factory-AI/datasets/production/hardhats/valid/images/000210_jpg.rf.5937a5ccf8d154ec0cadd304fecc7a55.jpg,/home/z/my-project/Factory-AI/datasets/production/hardhats/train/images/000210_jpg.rf.f6baabcddd1612bcb5326f38264cf671.jpg,exact_duplicate_dhash_d0
/home/z/my-project/Factory-AI/datasets/production/hardhats/valid/images/000211_jpg.rf.e7da886d69be67d5d708b79959fae1dd.jpg,/home/z/my-project/Factory-AI/datasets/production/hardhats/train/images/000211_jpg.rf.3779831fac59e4e83e1f465b29c8814d.jpg,exact_duplicate_dhash_d0
/home/z/my-project/Factory-AI/datasets/production/hardhats/valid/images/000212_jpg.rf.420cf09a74b839792de8dae73528e1ad.jpg,/home/z/my-project/Factory-AI/datasets/production/hardhats/valid/images/000212_jpg.rf.25d3c89d5559a672737af031d695bda1.jpg,exact_duplicate_dhash_d0
/home/z/my-project/Factory-AI/datasets/production/hardhats/valid/images/000213_jpg.rf.6f204ce61af190eb7a51b86b1b1b9ab8.jpg,/home/z/my-project/Factory-AI/datasets/production/hardhats/train/images/000213_jpg.rf.856d11519458547db49894d25f84c124.jpg,exact_duplicate_dhash_d0
/home/z/my-project/Factory-AI/datasets/production/hardhats/valid/images/000214_jpg.rf.453bddb6f22d0c49f47108be30bb451c.jpg,/home/z/my-project/Factory-AI/datasets/production/hardhats/train/images/000214_jpg.rf.44ae7397a84b81e84526238bd0bf66f5.jpg,exact_duplicate_dhash_d0
/home/z/my-project/Factory-AI/datasets/production/hardhats/valid/images/000215_jpg.rf.9ea675d42db04f2ad5fd3790abc65045.jpg,/home/z/my-project/Factory-AI/datasets/production/hardhats/train/images/000215_jpg.rf.48d4cbdea7f536a688948823215deb9b.jpg,exact_duplicate_dhash_d0
/home/z/my-project/Factory-AI/datasets/production/hardhats/valid/images/000216_jpg.rf.9846f4fec735e8315618efe0a5290b63.jpg,/home/z/my-project/Factory-AI/datasets/production/hardhats/valid/images/-529-_png_jpg.rf.de5be8b94fd424e2a8bdf5be6c3bcead.jpg,exact_duplicate_dhash_d0
/home/z/my-project/Factory-AI/datasets/production/hardhats/valid/images/000217_jpg.rf.6445cebdbff1f50eccf0cae5a582aa1b.jpg,/home/z/my-project/Factory-AI/datasets/production/hardhats/train/images/000217_jpg.rf.94f645e69fb5e28309b893527e57628c.jpg,exact_duplicate_dhash_d0
/home/z/my-project/Factory-AI/datasets/production/hardhats/valid/images/000222_jpg.rf.d6ccc000acb15aad89af6428e18bc55c.jpg,/home/z/my-project/Factory-AI/datasets/production/hardhats/train/images/000222_jpg.rf.2bd8d5a777ba5e36a17b619b2bbddf84.jpg,exact_duplicate_dhash_d0
/home/z/my-project/Factory-AI/datasets/production/hardhats/valid/images/000223_jpg.rf.a9936116bfdd1f13e9082294588515c5.jpg,/home/z/my-project/Factory-AI/datasets/production/hardhats/train/images/000223_jpg.rf.1fdb473eae8256e379bd0386cc0a4406.jpg,exact_duplicate_dhash_d0
/home/z/my-project/Factory-AI/datasets/production/hardhats/valid/images/000224_jpg.rf.cf5568acd66e4fac20b1a424549f5728.jpg,/home/z/my-project/Factory-AI/datasets/production/hardhats/train/images/000224_jpg.rf.d6d5f15495f1dcbf08e8b2969abf0348.jpg,exact_duplicate_dhash_d0
/home/z/my-project/Factory-AI/datasets/production/hardhats/valid/images/000226_jpg.rf.ed6ccb3f1c200910cc6cebf9ad6182fe.jpg,/home/z/my-project/Factory-AI/datasets/production/hardhats/valid/images/000226_jpg.rf.ca15578cea67f5dabb98cd148e69046d.jpg,exact_duplicate_dhash_d0
/home/z/my-project/Factory-AI/datasets/production/hardhats/valid/images/000227_jpg.rf.f7b48e3621fab7616398fa555b600b44.jpg,/home/z/my-project/Factory-AI/datasets/production/hardhats/train/images/000227_jpg.rf.815767d3a08ee468872dbb9a827f5a9c.jpg,exact_duplicate_dhash_d0
/home/z/my-project/Factory-AI/datasets/production/hardhats/valid/images/000228_jpg.rf.740466f7e8e42f5a1a0c6dc3b6093299.jpg,/home/z/my-project/Factory-AI/datasets/production/hardhats/test/images/-4162-_png_jpg.rf.ef682a5c0c859d51453db5c89d022305.jpg,exact_duplicate_dhash_d0
/home/z/my-project/Factory-AI/datasets/production/hardhats/valid/images/000230_jpg.rf.30636f4f778ff6b8c53c532cf28e2a81.jpg,/home/z/my-project/Factory-AI/datasets/production/hardhats/train/images/000230_jpg.rf.1b1953cb14f4acd7430aafa5a221a761.jpg,exact_duplicate_dhash_d0
/home/z/my-project/Factory-AI/datasets/production/hardhats/valid/images/000231_jpg.rf.e053ad04d7925e86f51bd02cc2f7b60c.jpg,/home/z/my-project/Factory-AI/datasets/production/hardhats/valid/images/-2022-_png_jpg.rf.29e95f162ca01c7b4f09f7bed911c1ea.jpg,exact_duplicate_dhash_d0
/home/z/my-project/Factory-AI/datasets/production/hardhats/valid/images/000231_jpg.rf.e692ef235ab245a2139349091cd13ef0.jpg,/home/z/my-project/Factory-AI/datasets/production/hardhats/train/images/000231_jpg.rf.1e83d5a2ecf68fb379651153d24b5a9a.jpg,exact_duplicate_dhash_d0
/home/z/my-project/Factory-AI/datasets/production/hardhats/valid/images/000233_jpg.rf.802b784dbbe58fb297894b02fa4d3ffe.jpg,/home/z/my-project/Factory-AI/datasets/production/hardhats/valid/images/000233_jpg.rf.56a6034a964a934e1f491f292d850a15.jpg,exact_duplicate_dhash_d0
/home/z/my-project/Factory-AI/datasets/production/hardhats/valid/images/000235_jpg.rf.4822032e20225da6fe6e939c68c6222f.jpg,/home/z/my-project/Factory-AI/datasets/production/hardhats/train/images/000235_jpg.rf.72bf1e479982b9e23eae48891ace1443.jpg,exact_duplicate_dhash_d0
/home/z/my-project/Factory-AI/datasets/production/hardhats/valid/images/000236_jpg.rf.2cba5f8509a0f1aeea91a7ef50334c83.jpg,/home/z/my-project/Factory-AI/datasets/production/hardhats/test/images/000236_jpg.rf.f1398087ed23325dfb7b791c5da24ea7.jpg,exact_duplicate_dhash_d0
/home/z/my-project/Factory-AI/datasets/production/hardhats/valid/images/000237_jpg.rf.7529562b316cf9110acf6127825b52f6.jpg,/home/z/my-project/Factory-AI/datasets/production/hardhats/valid/images/-3115-_png_jpg.rf.0b67471c080344addaa6276f40a2e685.jpg,exact_duplicate_dhash_d0
/home/z/my-project/Factory-AI/datasets/production/hardhats/valid/images/000241_jpg.rf.9efe655b2065440eac2f3b55631fb122.jpg,/home/z/my-project/Factory-AI/datasets/production/hardhats/train/images/000241_jpg.rf.8d0a1251a1b588049fdb9d9d54790d07.jpg,exact_duplicate_dhash_d0
/home/z/my-project/Factory-AI/datasets/production/hardhats/valid/images/000243_jpg.rf.bfe1577d39b688a7325f7d88f9bd8c88.jpg,/home/z/my-project/Factory-AI/datasets/production/hardhats/valid/images/000243_jpg.rf.5230ee9aa2cb0515c9158c8449284b53.jpg,exact_duplicate_dhash_d0
/home/z/my-project/Factory-AI/datasets/production/hardhats/valid/images/000246_jpg.rf.7c17c8bbf23a02a499935b6aac46835c.jpg,/home/z/my-project/Factory-AI/datasets/production/hardhats/train/images/000246_jpg.rf.2aa7042ca2e75c50da8d58234f7a2aef.jpg,exact_duplicate_dhash_d0
/home/z/my-project/Factory-AI/datasets/production/hardhats/valid/images/000249_jpg.rf.7d9493cdb36655eea49c1d6766a035c2.jpg,/home/z/my-project/Factory-AI/datasets/production/hardhats/train/images/000249_jpg.rf.02bc8d4315cfdac5893b0fbae371840c.jpg,exact_duplicate_dhash_d0
/home/z/my-project/Factory-AI/datasets/production/hardhats/valid/images/000251_jpg.rf.8cf49d59b82955dc0b83ffa921af9290.jpg,/home/z/my-project/Factory-AI/datasets/production/hardhats/train/images/000251_jpg.rf.a6de9d6a815b99eb9a32eedb25508b60.jpg,exact_duplicate_dhash_d0
/home/z/my-project/Factory-AI/datasets/production/hardhats/valid/images/0002526673_jpg.rf.8fe7cf17e10c86b05e08bc47d856ab96.jpg,/home/z/my-project/Factory-AI/datasets/production/hardhats/train/images/0002526673_jpg.rf.79f75f58fa583c3109b5b9d99277bc96.jpg,exact_duplicate_dhash_d0
/home/z/my-project/Factory-AI/datasets/production/hardhats/valid/images/000252_jpg.rf.e4f6891a7470f886ae0703eb9cc71992.jpg,/home/z/my-project/Factory-AI/datasets/production/hardhats/train/images/000252_jpg.rf.68b94ffc46bf289bd9be4b6b0f8f1559.jpg,exact_duplicate_dhash_d0
/home/z/my-project/Factory-AI/datasets/production/hardhats/valid/images/000255_jpg.rf.b987c9559f75df01afb37ba867481d49.jpg,/home/z/my-project/Factory-AI/datasets/production/hardhats/train/images/000255_jpg.rf.86c8405328ccd824e225f6c57aeda042.jpg,exact_duplicate_dhash_d0
/home/z/my-project/Factory-AI/datasets/production/hardhats/valid/images/000257_jpg.rf.0f90ce4b88db4b806beadf450ea14de1.jpg,/home/z/my-project/Factory-AI/datasets/production/hardhats/train/images/000257_jpg.rf.b11e36b2b8544c2ccad81187ad496f7a.jpg,exact_duplicate_dhash_d0
/home/z/my-project/Factory-AI/datasets/production/hardhats/valid/images/000259_jpg.rf.9c841ebd1af08b5743b4a9a503b5acaa.jpg,/home/z/my-project/Factory-AI/datasets/production/hardhats/train/images/000259_jpg.rf.3823cbe53ee753465829b5994375efef.jpg,exact_duplicate_dhash_d0
/home/z/my-project/Factory-AI/datasets/production/hardhats/valid/images/000260_jpg.rf.d814ce7fc43fd3b5148997326746e8dc.jpg,/home/z/my-project/Factory-AI/datasets/production/hardhats/train/images/000260_jpg.rf.d45df40f18c82ebb557548a1a310e372.jpg,exact_duplicate_dhash_d0
/home/z/my-project/Factory-AI/datasets/production/hardhats/valid/images/000261_jpg.rf.e7802f3b8c8480192344d84180962aef.jpg,/home/z/my-project/Factory-AI/datasets/production/hardhats/valid/images/000261_jpg.rf.48ac3bfb3dc3bed4855e901165b48311.jpg,exact_duplicate_dhash_d0
/home/z/my-project/Factory-AI/datasets/production/hardhats/valid/images/000263_jpg.rf.33858cdba6dbf2a8c038aa270f8c231b.jpg,/home/z/my-project/Factory-AI/datasets/production/hardhats/valid/images/000263_jpg.rf.3335275c9c71f452e8df8cc6513e8a02.jpg,exact_duplicate_dhash_d0
/home/z/my-project/Factory-AI/datasets/production/hardhats/valid/images/000269_jpg.rf.bbb759e98cf231d5fe8497837be5e337.jpg,/home/z/my-project/Factory-AI/datasets/production/hardhats/train/images/000269_jpg.rf.7cac6e39f1bd57b1f9684a627652a159.jpg,exact_duplicate_dhash_d0
/home/z/my-project/Factory-AI/datasets/production/hardhats/valid/images/000303_jpg.rf.b33ccf2203c727a4957c9c0a39104615.jpg,/home/z/my-project/Factory-AI/datasets/production/hardhats/train/images/000303_jpg.rf.0c74a9d2f7d5b7c20522a9943341a1dd.jpg,exact_duplicate_dhash_d0
/home/z/my-project/Factory-AI/datasets/production/hardhats/valid/images/000310_jpg.rf.df6cb6b40f80f2510824ae7737a6414a.jpg,/home/z/my-project/Factory-AI/datasets/production/hardhats/valid/images/-1154-_png_jpg.rf.a02e669a67c6e7971c7fd6272175e6ea.jpg,exact_duplicate_dhash_d0
/home/z/my-project/Factory-AI/datasets/production/hardhats/valid/images/000315_jpg.rf.3aa4cdf6f36f48e6d0deea2434064dfa.jpg,/home/z/my-project/Factory-AI/datasets/production/hardhats/train/images/000315_jpg.rf.4354079c8f1efff5a0a54e2958dbfc16.jpg,exact_duplicate_dhash_d0
/home/z/my-project/Factory-AI/datasets/production/hardhats/valid/images/000338_jpg.rf.14813c9a163df2c084dc9d30873cf119.jpg,/home/z/my-project/Factory-AI/datasets/production/hardhats/train/images/000338_jpg.rf.1ab92ef7eb984ef1852c563690a76a8e.jpg,exact_duplicate_dhash_d0
/home/z/my-project/Factory-AI/datasets/production/hardhats/valid/images/000441_jpg.rf.b7c131b2d108a2a782e6926600637af9.jpg,/home/z/my-project/Factory-AI/datasets/production/hardhats/train/images/000441_jpg.rf.dff89a0062c1aa202f9744378369b4f0.jpg,exact_duplicate_dhash_d0
/home/z/my-project/Factory-AI/datasets/production/hardhats/valid/images/000452_jpg.rf.311c7a143895bd66705bfbe691d38044.jpg,/home/z/my-project/Factory-AI/datasets/production/hardhats/test/images/01185_jpg.rf.aef986e0abec473115e380ab90403fa8.jpg,exact_duplicate_dhash_d0
/home/z/my-project/Factory-AI/datasets/production/hardhats/valid/images/000555_jpg.rf.179453e6b846cc3664e33bb7c6da6671.jpg,/home/z/my-project/Factory-AI/datasets/production/hardhats/train/images/000555_jpg.rf.7791d71224d9c2929b1804c48a1bdf34.jpg,exact_duplicate_dhash_d0
/home/z/my-project/Factory-AI/datasets/production/hardhats/valid/images/000559_jpg.rf.8ea8f13afda6d39a2a8e383a5536aed3.jpg,/home/z/my-project/Factory-AI/datasets/production/hardhats/train/images/000559_jpg.rf.9d46d3ce1c37f9b33bb965544ebfad26.jpg,exact_duplicate_dhash_d0
/home/z/my-project/Factory-AI/datasets/production/hardhats/valid/images/000590_jpg.rf.8935ecfb11abfb658c82879acb355b93.jpg,/home/z/my-project/Factory-AI/datasets/production/hardhats/train/images/000590_jpg.rf.c472932fd5291a85aed782eb56097882.jpg,exact_duplicate_dhash_d0
/home/z/my-project/Factory-AI/datasets/production/hardhats/valid/images/000616_jpg.rf.bf775b616ace44de64d2ced00fe42e9a.jpg,/home/z/my-project/Factory-AI/datasets/production/hardhats/train/images/000616_jpg.rf.44b805e1d9ace8d6feb1e733c6a392d3.jpg,exact_duplicate_dhash_d0
/home/z/my-project/Factory-AI/datasets/production/hardhats/valid/images/000636_jpg.rf.25fa43751099e43a5fd5eba651c0683e.jpg,/home/z/my-project/Factory-AI/datasets/production/hardhats/train/images/-1784-_png_jpg.rf.faad9a8c2aa06a0384a8ed9cba36dbe4.jpg,exact_duplicate_dhash_d0
/home/z/my-project/Factory-AI/datasets/production/hardhats/valid/images/000669_jpg.rf.22bb0a81d67826078099af0a87fff8d8.jpg,/home/z/my-project/Factory-AI/datasets/production/hardhats/test/images/02654_jpg.rf.1312fea78abab8771280b2684ce6d04f.jpg,exact_duplicate_dhash_d0
/home/z/my-project/Factory-AI/datasets/production/hardhats/valid/images/000733_jpg.rf.9c890b962854151be5c4d1faeeace9ab.jpg,/home/z/my-project/Factory-AI/datasets/production/hardhats/train/images/000733_jpg.rf.b9aacfcd296f218339b6b8b124e305de.jpg,exact_duplicate_dhash_d0
/home/z/my-project/Factory-AI/datasets/production/hardhats/valid/images/000813_jpg.rf.38d5579f30b7d28d20e41f843c0c7302.jpg,/home/z/my-project/Factory-AI/datasets/production/hardhats/train/images/000924_jpg.rf.c5ad687d858d731d28b9bf6c4b1d989a.jpg,exact_duplicate_dhash_d0
/home/z/my-project/Factory-AI/datasets/production/hardhats/valid/images/000b7b75-1600_jpg.rf.e4b1493d1f1bdc320f689524c9f0eee1.jpg,/home/z/my-project/Factory-AI/datasets/production/hardhats/train/images/000b7b75-1600_jpg.rf.323d251c3d6aa69147df35dda206d4d8.jpg,exact_duplicate_dhash_d0
/home/z/my-project/Factory-AI/datasets/production/hardhats/valid/images/001066_jpg.rf.fc9768f88a2251c96bf346c0de44d541.jpg,/home/z/my-project/Factory-AI/datasets/production/hardhats/valid/images/-986-_png_jpg.rf.c5b783e55a587a90bab925f6666b905d.jpg,exact_duplicate_dhash_d0
/home/z/my-project/Factory-AI/datasets/production/hardhats/valid/images/001731_jpg.rf.a90e95c4b526adf3afdf654b31079e71.jpg,/home/z/my-project/Factory-AI/datasets/production/hardhats/train/images/004210_jpg.rf.622f480d165f4870e621dad2cd4bdeba.jpg,exact_duplicate_dhash_d0
/home/z/my-project/Factory-AI/datasets/production/hardhats/valid/images/001895_jpg.rf.3acbe4b87b64ee02cb4efa593459bfe9.jpg,/home/z/my-project/Factory-AI/datasets/production/hardhats/train/images/005704_jpg.rf.414621930c4ea8702e479c20c2597112.jpg,exact_duplicate_dhash_d0
/home/z/my-project/Factory-AI/datasets/production/hardhats/valid/images/001_1024_jpeg_jpg.rf.68cb2172dfc9fe8f20ea3c91af06752e.jpg,/home/z/my-project/Factory-AI/datasets/production/hardhats/test/images/001_1024_jpeg_jpg.rf.3cc8335bdf2afb8b483ec3f6f736e95e.jpg,exact_duplicate_dhash_d0
/home/z/my-project/Factory-AI/datasets/production/hardhats/valid/images/002096_jpg.rf.316588eb823ea4f4725756f7dbdae764.jpg,/home/z/my-project/Factory-AI/datasets/production/hardhats/train/images/004758_jpg.rf.cb678460324e18a5db169502b31cc3bf.jpg,exact_duplicate_dhash_d0
/home/z/my-project/Factory-AI/datasets/production/hardhats/valid/images/002312_jpg.rf.ffb3ddc093190ee4f3b2cd354a145e39.jpg,/home/z/my-project/Factory-AI/datasets/production/hardhats/train/images/ppe_0953_jpg.rf.2d0505f73b0bf8cb1d368a72c70e29e9.jpg,exact_duplicate_dhash_d0
/home/z/my-project/Factory-AI/datasets/production/hardhats/valid/images/002380_jpg.rf.38a9d98df2ecb310bddc46ed9c958817.jpg,/home/z/my-project/Factory-AI/datasets/production/hardhats/train/images/006365_jpg.rf.9bc262fd56ddd8996e97129bdfd01254.jpg,exact_duplicate_dhash_d0
/home/z/my-project/Factory-AI/datasets/production/hardhats/valid/images/002606_jpg.rf.0ce173d178437ad4f65d0ac673c0d9da.jpg,/home/z/my-project/Factory-AI/datasets/production/hardhats/train/images/00438_jpg.rf.8271df8073828ce0c3b10997ce21ba08.jpg,exact_duplicate_dhash_d0
/home/z/my-project/Factory-AI/datasets/production/hardhats/valid/images/002740_jpg.rf.6cf37cc46299c3799598930810cc8686.jpg,/home/z/my-project/Factory-AI/datasets/production/hardhats/train/images/002620_jpg.rf.04ea6cfc3c45301492528a97a08f0343.jpg,exact_duplicate_dhash_d0
/home/z/my-project/Factory-AI/datasets/production/hardhats/valid/images/00291_jpg.rf.188ff94410b78d6eed2f6572376b3ec9.jpg,/home/z/my-project/Factory-AI/datasets/production/hardhats/train/images/ppe_0588_jpg.rf.84cf44048c64b75ca950407d0efeced6.jpg,exact_duplicate_dhash_d0
/home/z/my-project/Factory-AI/datasets/production/hardhats/valid/images/003167_jpg.rf.641a61429dd52778ccf81fc1a7edaa49.jpg,/home/z/my-project/Factory-AI/datasets/production/hardhats/train/images/004723_jpg.rf.62206b674e9204e73ac37551d04890b6.jpg,exact_duplicate_dhash_d0
/home/z/my-project/Factory-AI/datasets/production/hardhats/valid/images/003179_jpg.rf.2fa93c46390e25dadea08736c8f4ea03.jpg,/home/z/my-project/Factory-AI/datasets/production/hardhats/train/images/001172_jpg.rf.8b53f5c93f79b1160f9d7ebaf34e3740.jpg,exact_duplicate_dhash_d0
/home/z/my-project/Factory-AI/datasets/production/hardhats/valid/images/00379_jpg.rf.b30f8799833dbb4b9ba581c9652c6303.jpg,/home/z/my-project/Factory-AI/datasets/production/hardhats/train/images/002597_jpg.rf.ee30a930d9c8fd406bd95cfb2fc6cd77.jpg,exact_duplicate_dhash_d0
/home/z/my-project/Factory-AI/datasets/production/hardhats/valid/images/003846_jpg.rf.859f05e1dcd8cc27f4850c1b1d0a581e.jpg,/home/z/my-project/Factory-AI/datasets/production/hardhats/train/images/006034_jpg.rf.46969bf580892137ca4085c09e6bfe63.jpg,exact_duplicate_dhash_d0
/home/z/my-project/Factory-AI/datasets/production/hardhats/valid/images/00392_jpg.rf.d2c7ec4d37b44be14ce2d3ec948e93dc.jpg,/home/z/my-project/Factory-AI/datasets/production/hardhats/train/images/ppe_0639_jpg.rf.9b7a0f7d704ef3bb329b3e1ee7348e82.jpg,exact_duplicate_dhash_d0
/home/z/my-project/Factory-AI/datasets/production/hardhats/valid/images/00398_jpg.rf.1472abd43faef972bc4e54de6e6cb986.jpg,/home/z/my-project/Factory-AI/datasets/production/hardhats/train/images/ppe_0685_jpg.rf.b7c7aadd08e60577c8f383571fde1a7c.jpg,exact_duplicate_dhash_d0
/home/z/my-project/Factory-AI/datasets/production/hardhats/valid/images/003994_jpg.rf.b965c9db957de7de8086610638a18671.jpg,/home/z/my-project/Factory-AI/datasets/production/hardhats/train/images/004315_jpg.rf.c8a01ba25ebbe679969332f32a9f85cc.jpg,exact_duplicate_dhash_d0
/home/z/my-project/Factory-AI/datasets/production/hardhats/valid/images/003_1024_jpeg_jpg.rf.d2425ed691af57dd7526f41f96f4548d.jpg,/home/z/my-project/Factory-AI/datasets/production/hardhats/train/images/003_1024_jpeg_jpg.rf.c5191880f93cabe7bcdebd2091143cb0.jpg,exact_duplicate_dhash_d0
/home/z/my-project/Factory-AI/datasets/production/hardhats/valid/images/004478_jpg.rf.51a6c4920819ba2e1207445b4d811d10.jpg,/home/z/my-project/Factory-AI/datasets/production/hardhats/train/images/005524_jpg.rf.06b950ce41590ba06ef27e3cfa715f70.jpg,exact_duplicate_dhash_d0
/home/z/my-project/Factory-AI/datasets/production/hardhats/valid/images/004800_jpg.rf.f70cb218942c035b79ade7de00cacf34.jpg,/home/z/my-project/Factory-AI/datasets/production/hardhats/train/images/002216_jpg.rf.3a3f4bb09443661aedb75e4c55179280.jpg,exact_duplicate_dhash_d0
/home/z/my-project/Factory-AI/datasets/production/hardhats/valid/images/004933_jpg.rf.b7590fffae9f7063045d172ba3918805.jpg,/home/z/my-project/Factory-AI/datasets/production/hardhats/train/images/02593_jpg.rf.676ef05a889e339193b6a39758304b7b.jpg,exact_duplicate_dhash_d0
/home/z/my-project/Factory-AI/datasets/production/hardhats/valid/images/00527_jpg.rf.31f7528bbb370dd568e48530b2c639e0.jpg,/home/z/my-project/Factory-AI/datasets/production/hardhats/train/images/006812_jpg.rf.f592f828f63852fc291b09622e82b714.jpg,exact_duplicate_dhash_d0
/home/z/my-project/Factory-AI/datasets/production/hardhats/valid/images/005318_jpg.rf.686e34dbd72ccf6f1cf985432587c1f0.jpg,/home/z/my-project/Factory-AI/datasets/production/hardhats/train/images/005318_jpg.rf.a9fe6e8c8139e6752259a5bd00ef6947.jpg,exact_duplicate_dhash_d0
/home/z/my-project/Factory-AI/datasets/production/hardhats/valid/images/005320_jpg.rf.8e53b71248f08b99509c8646ae5ddbe0.jpg,/home/z/my-project/Factory-AI/datasets/production/hardhats/train/images/005320_jpg.rf.f55b79ad6b6b243ae451a15d73aa075e.jpg,exact_duplicate_dhash_d0
/home/z/my-project/Factory-AI/datasets/production/hardhats/valid/images/005321_jpg.rf.2946b4e10947df316ea19ee14fb86265.jpg,/home/z/my-project/Factory-AI/datasets/production/hardhats/train/images/005321_jpg.rf.925db50dc0ed945eeb769b28a1391273.jpg,exact_duplicate_dhash_d0
/home/z/my-project/Factory-AI/datasets/production/hardhats/valid/images/005326_jpg.rf.5eddfeda8591c6ad3d12af8fc3c362e4.jpg,/home/z/my-project/Factory-AI/datasets/production/hardhats/train/images/005326_jpg.rf.4f0771ee4dc1151976ea9dd02f9210c0.jpg,exact_duplicate_dhash_d0
/home/z/my-project/Factory-AI/datasets/production/hardhats/valid/images/005328_jpg.rf.2e070fec494c61453281a770939d4f44.jpg,/home/z/my-project/Factory-AI/datasets/production/hardhats/train/images/005328_jpg.rf.562302529073d47e9ac7c477be6d4ce6.jpg,exact_duplicate_dhash_d0
/home/z/my-project/Factory-AI/datasets/production/hardhats/valid/images/005329_jpg.rf.e7c9b33b7c36e4bd8d72f345b15fb788.jpg,/home/z/my-project/Factory-AI/datasets/production/hardhats/train/images/005329_jpg.rf.276fddc96e90c8d42f40ab61a50dfb06.jpg,exact_duplicate_dhash_d0
/home/z/my-project/Factory-AI/datasets/production/hardhats/valid/images/005332_jpg.rf.bb7b7af687fff26566905ea95c560096.jpg,/home/z/my-project/Factory-AI/datasets/production/hardhats/train/images/005332_jpg.rf.5808f3974693dc9b0b33c0e9670f6528.jpg,exact_duplicate_dhash_d0
/home/z/my-project/Factory-AI/datasets/production/hardhats/valid/images/005335_jpg.rf.caeb74056065d4ea5ce9ff97ff1c0228.jpg,/home/z/my-project/Factory-AI/datasets/production/hardhats/train/images/005335_jpg.rf.b76a40b83e0c0233b55cd9ede6f2f947.jpg,exact_duplicate_dhash_d0
/home/z/my-project/Factory-AI/datasets/production/hardhats/valid/images/005346_jpg.rf.54ee50a64f369be49c37ec0461152a82.jpg,/home/z/my-project/Factory-AI/datasets/production/hardhats/train/images/005346_jpg.rf.5b53f6696138b89bd7a8a2c05f16619e.jpg,exact_duplicate_dhash_d0
/home/z/my-project/Factory-AI/datasets/production/hardhats/valid/images/005349_jpg.rf.f307233f8271ddc1e0df65f268754c81.jpg,/home/z/my-project/Factory-AI/datasets/production/hardhats/train/images/005349_jpg.rf.32c2905f2414f0aa99ec9a1cb422f008.jpg,exact_duplicate_dhash_d0
/home/z/my-project/Factory-AI/datasets/production/hardhats/valid/images/005356_jpg.rf.915e5fd361d1017fae31c4014c9e5249.jpg,/home/z/my-project/Factory-AI/datasets/production/hardhats/train/images/005356_jpg.rf.001082881f4be2840476a4bbd33ca61d.jpg,exact_duplicate_dhash_d0
/home/z/my-project/Factory-AI/datasets/production/hardhats/valid/images/005357_jpg.rf.7e4c02f29b05e11468cac36e530dad28.jpg,/home/z/my-project/Factory-AI/datasets/production/hardhats/train/images/005357_jpg.rf.23fe75a3cd98853d3bd2ea6cd96decc2.jpg,exact_duplicate_dhash_d0
/home/z/my-project/Factory-AI/datasets/production/hardhats/valid/images/005359_jpg.rf.1317523edb49dee69c79bb1a27f3a304.jpg,/home/z/my-project/Factory-AI/datasets/production/hardhats/test/images/005359_jpg.rf.4b4ac344ee1674bd35ed4a87de2cc010.jpg,exact_duplicate_dhash_d0
/home/z/my-project/Factory-AI/datasets/production/hardhats/valid/images/005367_jpg.rf.5baf6f11429d818d7f4ce2ca7cc9dbee.jpg,/home/z/my-project/Factory-AI/datasets/production/hardhats/train/images/005367_jpg.rf.d7ff88c76d53c1af655acdc6f6440dcf.jpg,exact_duplicate_dhash_d0
/home/z/my-project/Factory-AI/datasets/production/hardhats/valid/images/005368_jpg.rf.e42b371c071c2fd59c81e104d6b2a465.jpg,/home/z/my-project/Factory-AI/datasets/production/hardhats/train/images/005368_jpg.rf.631737545fdf88c51677bdf0ecd2ad98.jpg,exact_duplicate_dhash_d0
/home/z/my-project/Factory-AI/datasets/production/hardhats/valid/images/005382_jpg.rf.b31b0679b5785a8a425bb38b381e05e7.jpg,/home/z/my-project/Factory-AI/datasets/production/hardhats/train/images/005382_jpg.rf.b62784dd24fa9bd6aeb1ee3213f91115.jpg,exact_duplicate_dhash_d0
/home/z/my-project/Factory-AI/datasets/production/hardhats/valid/images/005386_jpg.rf.3e12e7a367879d0f8d67609fca2b6b39.jpg,/home/z/my-project/Factory-AI/datasets/production/hardhats/train/images/005386_jpg.rf.4690d16cfc294ec991a6c3174457f260.jpg,exact_duplicate_dhash_d0
/home/z/my-project/Factory-AI/datasets/production/hardhats/valid/images/005402_jpg.rf.ca1beae8bbac5ea8d67015442c886cc0.jpg,/home/z/my-project/Factory-AI/datasets/production/hardhats/train/images/005402_jpg.rf.3817e09d1e508d2e3a5553e7f124bdae.jpg,exact_duplicate_dhash_d0
/home/z/my-project/Factory-AI/datasets/production/hardhats/valid/images/005409_jpg.rf.a8431b00aac6fdd0cb9b61be96d82ee1.jpg,/home/z/my-project/Factory-AI/datasets/production/hardhats/train/images/005409_jpg.rf.2efbd4de39c87270605d8f2566c35f2f.jpg,exact_duplicate_dhash_d0
/home/z/my-project/Factory-AI/datasets/production/hardhats/valid/images/005410_jpg.rf.8eef5ed18f1d56b68b82e2f29e84bbe1.jpg,/home/z/my-project/Factory-AI/datasets/production/hardhats/train/images/005410_jpg.rf.9979f9c63bb69323130ff0c19004e50a.jpg,exact_duplicate_dhash_d0
/home/z/my-project/Factory-AI/datasets/production/hardhats/valid/images/005411_jpg.rf.cdc3306d00c99a937b9d92cf2480721a.jpg,/home/z/my-project/Factory-AI/datasets/production/hardhats/train/images/005411_jpg.rf.e087d5fd6f5b8ab334af5a138881ca60.jpg,exact_duplicate_dhash_d0
/home/z/my-project/Factory-AI/datasets/production/hardhats/valid/images/005414_jpg.rf.84d63b9848d237c9254475ea963b0af0.jpg,/home/z/my-project/Factory-AI/datasets/production/hardhats/train/images/005414_jpg.rf.1b19e684591fa60ab136cc1ff6d7e8f8.jpg,exact_duplicate_dhash_d0
/home/z/my-project/Factory-AI/datasets/production/hardhats/valid/images/005421_jpg.rf.ba49b820cd2aa335ec96472fbeaf716d.jpg,/home/z/my-project/Factory-AI/datasets/production/hardhats/train/images/005421_jpg.rf.94e6df6c6427bc49ac645a0e5e9e3a0e.jpg,exact_duplicate_dhash_d0
/home/z/my-project/Factory-AI/datasets/production/hardhats/valid/images/005422_jpg.rf.0ede2ce229a8fe837a309ada1417c0a8.jpg,/home/z/my-project/Factory-AI/datasets/production/hardhats/train/images/005422_jpg.rf.d039c1218fa6e6e9d37dc8984fd12e7a.jpg,exact_duplicate_dhash_d0
/home/z/my-project/Factory-AI/datasets/production/hardhats/valid/images/00542_jpg.rf.12e129689b6dc33d0b9c481f2da44579.jpg,/home/z/my-project/Factory-AI/datasets/production/hardhats/train/images/ppe_0635_jpg.rf.ecc379ba67dc83622db7c03cef1ac530.jpg,exact_duplicate_dhash_d0
/home/z/my-project/Factory-AI/datasets/production/hardhats/valid/images/005448_jpg.rf.401e8fcb517df4910178c937634859b7.jpg,/home/z/my-project/Factory-AI/datasets/production/hardhats/train/images/005448_jpg.rf.4dd7446145d441a0cc921876294d1f92.jpg,exact_duplicate_dhash_d0
/home/z/my-project/Factory-AI/datasets/production/hardhats/valid/images/005453_jpg.rf.27a51234b2cf6975d952f41ebf8515e0.jpg,/home/z/my-project/Factory-AI/datasets/production/hardhats/train/images/005453_jpg.rf.f28c528b813828b7b75487b771de1a77.jpg,exact_duplicate_dhash_d0
/home/z/my-project/Factory-AI/datasets/production/hardhats/valid/images/005456_jpg.rf.93e1153cb8a8cfc6dfbdb70248e557f6.jpg,/home/z/my-project/Factory-AI/datasets/production/hardhats/train/images/005456_jpg.rf.9ebc744bc0c38056e18fb99f422e7dce.jpg,exact_duplicate_dhash_d0
/home/z/my-project/Factory-AI/datasets/production/hardhats/valid/images/005464_jpg.rf.5ccb822b34371ab327ec2519b4bab956.jpg,/home/z/my-project/Factory-AI/datasets/production/hardhats/train/images/005464_jpg.rf.1da7304a6f32769908802c67c9edeab1.jpg,exact_duplicate_dhash_d0
/home/z/my-project/Factory-AI/datasets/production/hardhats/valid/images/005465_jpg.rf.ef8fb31d36eb9b27042f18abb58d966c.jpg,/home/z/my-project/Factory-AI/datasets/production/hardhats/train/images/005465_jpg.rf.8213a289c110c41e41ebd15b890adc18.jpg,exact_duplicate_dhash_d0
/home/z/my-project/Factory-AI/datasets/production/hardhats/valid/images/005466_jpg.rf.4c018111e7d7d23e37cc3f70c6670a54.jpg,/home/z/my-project/Factory-AI/datasets/production/hardhats/train/images/005466_jpg.rf.120fad9edc75140746265d2dd28010a6.jpg,exact_duplicate_dhash_d0
/home/z/my-project/Factory-AI/datasets/production/hardhats/valid/images/005472_jpg.rf.33938e897d84dc45fe35b3ce27a746a7.jpg,/home/z/my-project/Factory-AI/datasets/production/hardhats/train/images/005472_jpg.rf.9e937711650ab9e831b4bfabe41f74d5.jpg,exact_duplicate_dhash_d0
/home/z/my-project/Factory-AI/datasets/production/hardhats/valid/images/005474_jpg.rf.48a15ff22d1e10438e6737fc7977e28f.jpg,/home/z/my-project/Factory-AI/datasets/production/hardhats/train/images/005474_jpg.rf.14acbf1be57eb63efb5cda22565a12b0.jpg,exact_duplicate_dhash_d0
/home/z/my-project/Factory-AI/datasets/production/hardhats/valid/images/005481_jpg.rf.7c80eb65b37995252c9c2344b3b62a4d.jpg,/home/z/my-project/Factory-AI/datasets/production/hardhats/train/images/005481_jpg.rf.6e5eb03ef8fd9b3772742b3817b0c45d.jpg,exact_duplicate_dhash_d0
/home/z/my-project/Factory-AI/datasets/production/hardhats/valid/images/005486_jpg.rf.f7cc96dc45f701b677a1f0d9dd98f963.jpg,/home/z/my-project/Factory-AI/datasets/production/hardhats/train/images/005486_jpg.rf.65429a0ac76fa2e8ee01597ac3f8ef66.jpg,exact_duplicate_dhash_d0
/home/z/my-project/Factory-AI/datasets/production/hardhats/valid/images/005490_jpg.rf.18f209043b74b5be3d25e74dbae7649c.jpg,/home/z/my-project/Factory-AI/datasets/production/hardhats/train/images/005490_jpg.rf.831b873d4841f0f348c8b7c2ccc5f606.jpg,exact_duplicate_dhash_d0
/home/z/my-project/Factory-AI/datasets/production/hardhats/valid/images/005496_jpg.rf.b9dfbc666f17a450c8519ee07f6fbfe2.jpg,/home/z/my-project/Factory-AI/datasets/production/hardhats/train/images/005496_jpg.rf.fe4d087f3fae7d65e6d15afbcf285cb4.jpg,exact_duplicate_dhash_d0
/home/z/my-project/Factory-AI/datasets/production/hardhats/valid/images/005499_jpg.rf.4c5746592a8ed55ef654aedd105a1ed8.jpg,/home/z/my-project/Factory-AI/datasets/production/hardhats/train/images/005499_jpg.rf.0cf541bc229356ee0f2438582bd1635b.jpg,exact_duplicate_dhash_d0
/home/z/my-project/Factory-AI/datasets/production/hardhats/valid/images/005502_jpg.rf.86ad051602d335ee474bbdc544aa2681.jpg,/home/z/my-project/Factory-AI/datasets/production/hardhats/test/images/005502_jpg.rf.af4631d33c28ffb0337717f0ea59122e.jpg,exact_duplicate_dhash_d0
/home/z/my-project/Factory-AI/datasets/production/hardhats/valid/images/005510_jpg.rf.a42c311cdc2b53e971ef0139ed968ebf.jpg,/home/z/my-project/Factory-AI/datasets/production/hardhats/train/images/005510_jpg.rf.9078f46f8a3dad29ad63353c85ad2cae.jpg,exact_duplicate_dhash_d0
/home/z/my-project/Factory-AI/datasets/production/hardhats/valid/images/005517_jpg.rf.e7a5aefec4dd74be331654b33841fe53.jpg,/home/z/my-project/Factory-AI/datasets/production/hardhats/test/images/005517_jpg.rf.22c56af3f5075bef6621e2eacad65fd8.jpg,exact_duplicate_dhash_d0
/home/z/my-project/Factory-AI/datasets/production/hardhats/valid/images/005523_jpg.rf.f7e506a2fc93ab2b5864ee06ce840a35.jpg,/home/z/my-project/Factory-AI/datasets/production/hardhats/test/images/005523_jpg.rf.df565ede44aa5b743302c6e0bbbe21aa.jpg,exact_duplicate_dhash_d0
/home/z/my-project/Factory-AI/datasets/production/hardhats/valid/images/005526_jpg.rf.3714599191da4640166ccf8886349203.jpg,/home/z/my-project/Factory-AI/datasets/production/hardhats/train/images/005526_jpg.rf.746876fb124482fbc333e7db134facab.jpg,exact_duplicate_dhash_d0
/home/z/my-project/Factory-AI/datasets/production/hardhats/valid/images/005528_jpg.rf.f61d59e773fafa0e243999748ec1c11a.jpg,/home/z/my-project/Factory-AI/datasets/production/hardhats/train/images/005528_jpg.rf.030e31000866921db14cd72596281f21.jpg,exact_duplicate_dhash_d0
/home/z/my-project/Factory-AI/datasets/production/hardhats/valid/images/005530_jpg.rf.0b6e0cf085b3097cf2a92033804dbeec.jpg,/home/z/my-project/Factory-AI/datasets/production/hardhats/train/images/005530_jpg.rf.925bb1e2a739fd42b048635d74595634.jpg,exact_duplicate_dhash_d0
/home/z/my-project/Factory-AI/datasets/production/hardhats/valid/images/005531_jpg.rf.48b5112f5837a3825093e30e790a7959.jpg,/home/z/my-project/Factory-AI/datasets/production/hardhats/train/images/005531_jpg.rf.9b2ef4aa013bf1865dee8fd7775bb576.jpg,exact_duplicate_dhash_d0
/home/z/my-project/Factory-AI/datasets/production/hardhats/valid/images/005536_jpg.rf.7e72291aea9ddd2e7756ec6b5b6dbf0f.jpg,/home/z/my-project/Factory-AI/datasets/production/hardhats/train/images/005536_jpg.rf.834783b6756a0843a53e1329d7ca292c.jpg,exact_duplicate_dhash_d0
/home/z/my-project/Factory-AI/datasets/production/hardhats/valid/images/005539_jpg.rf.11e26182a64e7fc395a9f09486885c7b.jpg,/home/z/my-project/Factory-AI/datasets/production/hardhats/train/images/005539_jpg.rf.c35eaaa05b11b73011baad5441e9aa6b.jpg,exact_duplicate_dhash_d0
/home/z/my-project/Factory-AI/datasets/production/hardhats/valid/images/005541_jpg.rf.67f71ee63fd9550f54c8fbf281809c01.jpg,/home/z/my-project/Factory-AI/datasets/production/hardhats/valid/images/005541_jpg.rf.097312f0b20e4d8438dab47378d01cde.jpg,exact_duplicate_dhash_d0
/home/z/my-project/Factory-AI/datasets/production/hardhats/valid/images/005757_jpg.rf.33aaff67642f8eb706e8565db7672a6a.jpg,/home/z/my-project/Factory-AI/datasets/production/hardhats/train/images/002113_jpg.rf.d5bbd8f8c1f2b744f425ccbba2771a43.jpg,exact_duplicate_dhash_d0
/home/z/my-project/Factory-AI/datasets/production/hardhats/valid/images/005774_jpg.rf.eff8c10ab27d4c0d15a31e96a1fd72d9.jpg,/home/z/my-project/Factory-AI/datasets/production/hardhats/train/images/000307_jpg.rf.9bcb5652ae97777c39e1ed6987f7e126.jpg,exact_duplicate_dhash_d0
/home/z/my-project/Factory-AI/datasets/production/hardhats/valid/images/005842_jpg.rf.f11cc3e0631a2dacd92ef1f1f25e97ea.jpg,/home/z/my-project/Factory-AI/datasets/production/hardhats/train/images/004856_jpg.rf.f2efd300bba7e481a23183e2414c1857.jpg,exact_duplicate_dhash_d0
/home/z/my-project/Factory-AI/datasets/production/hardhats/valid/images/006253_jpg.rf.80800e4adc316e254174c89a1170dc29.jpg,/home/z/my-project/Factory-AI/datasets/production/hardhats/train/images/002125_jpg.rf.eb6a08f3f1580c4b0cc9758b46185a04.jpg,exact_duplicate_dhash_d0
/home/z/my-project/Factory-AI/datasets/production/hardhats/valid/images/006742_jpg.rf.243fd0090db139c63a070c250e7ea59b.jpg,/home/z/my-project/Factory-AI/datasets/production/hardhats/train/images/00589_jpg.rf.5404b015e3c39bad10e7baf8330c5be1.jpg,exact_duplicate_dhash_d0
/home/z/my-project/Factory-AI/datasets/production/hardhats/valid/images/006880_jpg.rf.1004176eee8cf6e147dc81a2a0c253a0.jpg,/home/z/my-project/Factory-AI/datasets/production/hardhats/train/images/005454_jpg.rf.a80fa4bf05f2f94fe280ab255f24d1c3.jpg,exact_duplicate_dhash_d0
/home/z/my-project/Factory-AI/datasets/production/hardhats/valid/images/006885_jpg.rf.baa0155a2ea4e264cfa042925049296f.jpg,/home/z/my-project/Factory-AI/datasets/production/hardhats/train/images/006961_jpg.rf.3c19c4dc8935f95fe1ee679153449551.jpg,exact_duplicate_dhash_d0
/home/z/my-project/Factory-AI/datasets/production/hardhats/valid/images/01047_jpg.rf.a9660b5e6bbcbd6b9842ee08b417e112.jpg,/home/z/my-project/Factory-AI/datasets/production/hardhats/train/images/ppe_0914_jpg.rf.848567e53d171bf7c6c4763d794d37ad.jpg,exact_duplicate_dhash_d0
/home/z/my-project/Factory-AI/datasets/production/hardhats/valid/images/01101_jpg.rf.1d75b79719a18eeed8b847a5fef5d973.jpg,/home/z/my-project/Factory-AI/datasets/production/hardhats/train/images/004424_jpg.rf.c2fad8698642fccab89b22dbd5be6c25.jpg,exact_duplicate_dhash_d0
/home/z/my-project/Factory-AI/datasets/production/hardhats/valid/images/0200b38c89b16c37c5de8e247bb00c2f_jpg.rf.c2ae67ce8225d2f9a1d2a09f260ef73f.jpg,/home/z/my-project/Factory-AI/datasets/production/hardhats/valid/images/0200b38c89b16c37c5de8e247bb00c2f_jpg.rf.66a61135f9681c9b08c984b08e0cb062.jpg,exact_duplicate_dhash_d0
/home/z/my-project/Factory-AI/datasets/production/hardhats/valid/images/02054_jpg.rf.74576ac28bf65979b80b76c2949efd8b.jpg,/home/z/my-project/Factory-AI/datasets/production/hardhats/train/images/ppe_1044_jpg.rf.aeb5a89f662eba673d74c72e0e55273c.jpg,exact_duplicate_dhash_d0
/home/z/my-project/Factory-AI/datasets/production/hardhats/valid/images/0209-00176-076b1_jpg.rf.6b920543b3cf827bf85eee5b9969468e.jpg,/home/z/my-project/Factory-AI/datasets/production/hardhats/train/images/0209-00176-076b1_jpg.rf.2d23ddad9f973b98b951fcace25fbcf5.jpg,exact_duplicate_dhash_d0
/home/z/my-project/Factory-AI/datasets/production/hardhats/valid/images/02533_jpg.rf.e2f6f894343c98fe889424b30d836595.jpg,/home/z/my-project/Factory-AI/datasets/production/hardhats/train/images/005478_jpg.rf.0d748ecef533ea1216de6c79e6b98cd8.jpg,exact_duplicate_dhash_d0
/home/z/my-project/Factory-AI/datasets/production/hardhats/valid/images/02578_jpg.rf.b886ca0b970c34102bbf747420d05dcb.jpg,/home/z/my-project/Factory-AI/datasets/production/hardhats/train/images/ppe_1088_jpg.rf.d6d0d298b4b95ded08ea7bb9403f1184.jpg,exact_duplicate_dhash_d0
/home/z/my-project/Factory-AI/datasets/production/hardhats/valid/images/02583_jpg.rf.2bea215aca844ef7ca3be9a25c94bdd8.jpg,/home/z/my-project/Factory-AI/datasets/production/hardhats/train/images/ppe_1122_jpg.rf.fc94e01f279d34a67515fc82080b5e67.jpg,exact_duplicate_dhash_d0
/home/z/my-project/Factory-AI/datasets/production/hardhats/valid/images/02590_jpg.rf.d2811a13968569c77bdd754ed0bd4562.jpg,/home/z/my-project/Factory-AI/datasets/production/hardhats/train/images/ppe_0597_jpg.rf.7ebda3076ab12f6d0e6bd8e489fd551b.jpg,exact_duplicate_dhash_d0
/home/z/my-project/Factory-AI/datasets/production/hardhats/valid/images/02611_jpg.rf.971ff34cc9b4300418971e7677d3bd81.jpg,/home/z/my-project/Factory-AI/datasets/production/hardhats/train/images/ppe_1274_jpg.rf.ca1290996fd68740a920873b9244c189.jpg,exact_duplicate_dhash_d0
/home/z/my-project/Factory-AI/datasets/production/hardhats/valid/images/02629_jpg.rf.eddf60d9d3f9c4a061aacf89b13cf1b5.jpg,/home/z/my-project/Factory-AI/datasets/production/hardhats/train/images/ppe_1277_jpg.rf.f975efb840f86470f1c6c3ce0021f86c.jpg,exact_duplicate_dhash_d0
/home/z/my-project/Factory-AI/datasets/production/hardhats/valid/images/02630_jpg.rf.fadcdcebb9fa184cf432d967284df946.jpg,/home/z/my-project/Factory-AI/datasets/production/hardhats/train/images/ppe_1241_jpg.rf.fba0b07d96e9d5c424e4d9ddd4e64816.jpg,exact_duplicate_dhash_d0
/home/z/my-project/Factory-AI/datasets/production/hardhats/valid/images/02646_jpg.rf.fbce2daf84a928804b99c3bcd564fdcc.jpg,/home/z/my-project/Factory-AI/datasets/production/hardhats/train/images/ppe_1204_jpg.rf.9852ee8603e8a874dbb693dc3bc0fcca.jpg,exact_duplicate_dhash_d0
/home/z/my-project/Factory-AI/datasets/production/hardhats/valid/images/02666_jpg.rf.1e4a39e863feae5c6dd4932c118f3369.jpg,/home/z/my-project/Factory-AI/datasets/production/hardhats/train/images/ppe_1313_jpg.rf.a04db2e79383cbaf3f858bb48796fabd.jpg,exact_duplicate_dhash_d0
/home/z/my-project/Factory-AI/datasets/production/hardhats/valid/images/02667_jpg.rf.de8521dbb037202557271a7b48084454.jpg,/home/z/my-project/Factory-AI/datasets/production/hardhats/train/images/ppe_0071_jpg.rf.946073e2a082d845cc51e51ba0172fc1.jpg,exact_duplicate_dhash_d0
/home/z/my-project/Factory-AI/datasets/production/hardhats/valid/images/02680_jpg.rf.072fa32e080928fb7b54945064fe16e5.jpg,/home/z/my-project/Factory-AI/datasets/production/hardhats/train/images/001725_jpg.rf.4a2cf7cd7cb6c0ef5ca8050bb37f8da5.jpg,exact_duplicate_dhash_d0
/home/z/my-project/Factory-AI/datasets/production/hardhats/valid/images/02783_jpg.rf.875edd619edd95c72ada05908679a285.jpg,/home/z/my-project/Factory-AI/datasets/production/hardhats/train/images/004832_jpg.rf.9eabaddc40671e974864ca52ff1260b7.jpg,exact_duplicate_dhash_d0
/home/z/my-project/Factory-AI/datasets/production/hardhats/valid/images/03118_jpg.rf.ccf33c56c44edd0368b2dc61ab735b77.jpg,/home/z/my-project/Factory-AI/datasets/production/hardhats/train/images/ppe_1286_jpg.rf.6cdd76147e1ac140dade50e3ddbedb5b.jpg,exact_duplicate_dhash_d0
/home/z/my-project/Factory-AI/datasets/production/hardhats/valid/images/08_11_2019-airpollution_234_19737819_192539446_jpg.rf.0d4182f9ebb09da8a8fc75d035e1fbdd.jpg,/home/z/my-project/Factory-AI/datasets/production/hardhats/train/images/08_11_2019-airpollution_234_19737819_192539446_jpg.rf.8e8f2225a9ca417e71a0a66f8936d555.jpg,exact_duplicate_dhash_d0
/home/z/my-project/Factory-AI/datasets/production/hardhats/valid/images/0_8w7mkX-PHcfMM5s6_jpeg_jpg.rf.23fbbfba73db72b0fa172e72e2981aec.jpg,/home/z/my-project/Factory-AI/datasets/production/hardhats/train/images/0_8w7mkX-PHcfMM5s6_jpeg_jpg.rf.895fd82642045a58a713c202ce192186.jpg,exact_duplicate_dhash_d0
/home/z/my-project/Factory-AI/datasets/production/hardhats/valid/images/0_Concern-In-China-As-Mystery-Virus-Spreads_jpg.rf.661f09cc66fc8ec19a2b42e3aa3d3b16.jpg,/home/z/my-project/Factory-AI/datasets/production/hardhats/train/images/0_Concern-In-China-As-Mystery-Virus-Spreads_jpg.rf.efa6f637482f2b577b16d67447358365.jpg,exact_duplicate_dhash_d0
/home/z/my-project/Factory-AI/datasets/production/hardhats/valid/images/1000x-1_jpg.rf.f981876eeefbe346a5337f07486652ed.jpg,/home/z/my-project/Factory-AI/datasets/production/hardhats/test/images/1000x-1_jpg.rf.470d0b99e0c4d0a3602e817c98b3ca46.jpg,exact_duplicate_dhash_d0
/home/z/my-project/Factory-AI/datasets/production/hardhats/valid/images/1024x737_09186876046_jpg.rf.5cd73542d0cc2b7288235b98a326388c.jpg,/home/z/my-project/Factory-AI/datasets/production/hardhats/train/images/1024x737_09186876046_jpg.rf.22271e09ff3a426f9e8bb75a2c9c3718.jpg,exact_duplicate_dhash_d0
/home/z/my-project/Factory-AI/datasets/production/hardhats/valid/images/1030611863_jpg.rf.5a4227b2c26bbebfc14777cbb2fc5672.jpg,/home/z/my-project/Factory-AI/datasets/production/hardhats/train/images/1030611863_jpg.rf.7d3a72eb0c9fa8251b240a850b5d8ae0.jpg,exact_duplicate_dhash_d0
/home/z/my-project/Factory-AI/datasets/production/hardhats/valid/images/1042977068_jpg.rf.91dcb4e7ff7e2512fc0247689e262b2e.jpg,/home/z/my-project/Factory-AI/datasets/production/hardhats/test/images/1042977068_jpg.rf.870b79e97b0a85ae656a95eed870f2ec.jpg,exact_duplicate_dhash_d0
/home/z/my-project/Factory-AI/datasets/production/hardhats/valid/images/10fea_8011463765e2aa28b386cf_jpg.rf.9fad221e506172a63119f2e304cae469.jpg,/home/z/my-project/Factory-AI/datasets/production/hardhats/train/images/10fea_8011463765e2aa28b386cf_jpg.rf.e6a2e59bc9bc973541999981600c1d65.jpg,exact_duplicate_dhash_d0
/home/z/my-project/Factory-AI/datasets/production/hardhats/valid/images/1125506397_15801322206581n_jpg.rf.05841b1dd0fa0878c6e3bbd4f11cf632.jpg,/home/z/my-project/Factory-AI/datasets/production/hardhats/train/images/1125506397_15801322206581n_jpg.rf.6a2ea048c0c6c0a95d1228ccebc6fa34.jpg,exact_duplicate_dhash_d0
/home/z/my-project/Factory-AI/datasets/production/hardhats/valid/images/1155x768_20200129000089_jpg.rf.5e0dc71c9a975baaa9b7cb07f3ba090a.jpg,/home/z/my-project/Factory-AI/datasets/production/hardhats/train/images/1155x768_20200129000089_jpg.rf.479e69c7b6c5db5f30027eb19768601c.jpg,exact_duplicate_dhash_d0
/home/z/my-project/Factory-AI/datasets/production/hardhats/valid/images/1196686205_jpg_14_jpg.rf.f555dde46f1c674abf4e696e55c95922.jpg,/home/z/my-project/Factory-AI/datasets/production/hardhats/train/images/1196686205_jpg_14_jpg.rf.28b90835331be1fceacc176a781757cd.jpg,exact_duplicate_dhash_d0
/home/z/my-project/Factory-AI/datasets/production/hardhats/valid/images/1197315184_jpg_0_jpg.rf.d3dd9cc21717214c1391764adda06b9f.jpg,/home/z/my-project/Factory-AI/datasets/production/hardhats/train/images/1197315184_jpg_0_jpg.rf.eace410ca2b881ce5438be2ce4a571f1.jpg,exact_duplicate_dhash_d0
/home/z/my-project/Factory-AI/datasets/production/hardhats/valid/images/1224331650_g_400-w_g_jpg.rf.ee58274c592631e6572ca1cb07b85d3c.jpg,/home/z/my-project/Factory-AI/datasets/production/hardhats/valid/images/1224331650_g_400-w_g_jpg.rf.a35582d6a9388e4f45796feee25df79f.jpg,exact_duplicate_dhash_d0
/home/z/my-project/Factory-AI/datasets/production/hardhats/valid/images/125895-untitled-design-30_jpg.rf.9cabfecfc98023486f3d83b4b5259853.jpg,/home/z/my-project/Factory-AI/datasets/production/hardhats/train/images/125895-untitled-design-30_jpg.rf.43bb2c4600f0e9ca98e191f59137a069.jpg,exact_duplicate_dhash_d0
/home/z/my-project/Factory-AI/datasets/production/hardhats/valid/images/1422808187-3291816118_jpg.rf.a61da27e795121587b4ec895fd4275ea.jpg,/home/z/my-project/Factory-AI/datasets/production/hardhats/valid/images/1422808187-3291816118_jpg.rf.8ff468c870959a6018a3d76485038e5b.jpg,exact_duplicate_dhash_d0
/home/z/my-project/Factory-AI/datasets/production/hardhats/valid/images/1477443223-1445746883_jpg.rf.7e5b2ee274576e41c86f3f18ed0996eb.jpg,/home/z/my-project/Factory-AI/datasets/production/hardhats/train/images/1477443223-1445746883_jpg.rf.0064f23c12aa3bd5412d12db5dede861.jpg,exact_duplicate_dhash_d0
/home/z/my-project/Factory-AI/datasets/production/hardhats/valid/images/1482202839575_jpg.rf.d5e88a84dc4b0b007ff000b15cd37da5.jpg,/home/z/my-project/Factory-AI/datasets/production/hardhats/train/images/1482202839575_jpg.rf.11b0a8f7e6026ad8abe08ad2dcefd12b.jpg,exact_duplicate_dhash_d0
/home/z/my-project/Factory-AI/datasets/production/hardhats/valid/images/15-08608-001_jpg.rf.81359bad5cff1e4a10b29288f936862f.jpg,/home/z/my-project/Factory-AI/datasets/production/hardhats/train/images/15-08608-001_jpg.rf.56ec3d9c40b3aaf5d002bc705e393072.jpg,exact_duplicate_dhash_d0
/home/z/my-project/Factory-AI/datasets/production/hardhats/valid/images/15391513324714o1n0r10n6_jpg.rf.3458366fd0af7c5666fb2a1664de5235.jpg,/home/z/my-project/Factory-AI/datasets/production/hardhats/train/images/15391513324714o1n0r10n6_jpg.rf.c7e0e0966cbccd5e0ee582f931a07ff1.jpg,exact_duplicate_dhash_d0
/home/z/my-project/Factory-AI/datasets/production/hardhats/valid/images/1579683152-0e3ba5698b090c0fda95caa5d2aa7b31_jpg.rf.3a9c42f3973405ef0af2b5ec64d6ea02.jpg,/home/z/my-project/Factory-AI/datasets/production/hardhats/test/images/1579683152-0e3ba5698b090c0fda95caa5d2aa7b31_jpg.rf.31e5a821161e567f36e954c969b405f8.jpg,exact_duplicate_dhash_d0
/home/z/my-project/Factory-AI/datasets/production/hardhats/valid/images/1580166133-5b61094cac11561b0cbe09826e32a924_jpg.rf.6ea0e6eaf9d3bdf5270d03a78c403f1b.jpg,/home/z/my-project/Factory-AI/datasets/production/hardhats/train/images/1580166133-5b61094cac11561b0cbe09826e32a924_jpg.rf.c1170214f1a1920191345ff194df45cd.jpg,exact_duplicate_dhash_d0
/home/z/my-project/Factory-AI/datasets/production/hardhats/valid/images/15h_img_273_jpg.rf.3374759c67778e66dce0bde3fe002d7c.jpg,/home/z/my-project/Factory-AI/datasets/production/hardhats/train/images/15h_img_274_jpg.rf.81882cac3fdedd32b216c7ab848f6382.jpg,exact_duplicate_dhash_d0
/home/z/my-project/Factory-AI/datasets/production/hardhats/valid/images/15h_img_277_jpg.rf.576d9719ac35044c242200526c2363ac.jpg,/home/z/my-project/Factory-AI/datasets/production/hardhats/train/images/15h_img_278_jpg.rf.1cda34c65f0cb8851babc4e1a0966a67.jpg,exact_duplicate_dhash_d0
/home/z/my-project/Factory-AI/datasets/production/hardhats/valid/images/1_R_kFK9pNLfKAuopY_lAaPQ_jpeg_jpg.rf.42de7e58cd7530abd154c2a317e649ea.jpg,/home/z/my-project/Factory-AI/datasets/production/hardhats/valid/images/1_R_kFK9pNLfKAuopY_lAaPQ_jpeg_jpg.rf.3c453e6fa2de49c79d8ec98a4d5176b9.jpg,exact_duplicate_dhash_d0
/home/z/my-project/Factory-AI/datasets/production/hardhats/valid/images/20220226_143500-1-_jpg.rf.ed9f09d2cbd389da11140c9b4f6ae029.jpg,/home/z/my-project/Factory-AI/datasets/production/hardhats/train/images/20220226_143501-0-_jpg.rf.c3007b92ef0dedc289ea6779ae76a7eb.jpg,exact_duplicate_dhash_d0
/home/z/my-project/Factory-AI/datasets/production/hardhats/valid/images/20220226_143519-0-_jpg.rf.b08989b6935f1d07e53ebd5a66d5f75a.jpg,/home/z/my-project/Factory-AI/datasets/production/hardhats/train/images/20220226_143515-2-_jpg.rf.92dbd6cfa3c78c467ebd1fc58294eed0.jpg,exact_duplicate_dhash_d0
/home/z/my-project/Factory-AI/datasets/production/hardhats/valid/images/20220226_143525_jpg.rf.9f0a2cf4c1cacc8d366a3a16a7a3ce59.jpg,/home/z/my-project/Factory-AI/datasets/production/hardhats/train/images/20220226_143515-2-_jpg.rf.92dbd6cfa3c78c467ebd1fc58294eed0.jpg,exact_duplicate_dhash_d0
/home/z/my-project/Factory-AI/datasets/production/hardhats/valid/images/Frame0_jpg.rf.1e2460aa3970f5946ba5b597c5bb723f.jpg,/home/z/my-project/Factory-AI/datasets/production/hardhats/train/images/Frame1_jpg.rf.db218a97b1e472ee1b6facc96c599b45.jpg,exact_duplicate_dhash_d0
/home/z/my-project/Factory-AI/datasets/production/hardhats/valid/images/IMG_4921-2_mp4-36_jpg.rf.3cdbbb819433b8620f9c1dfb38db90e9.jpg,/home/z/my-project/Factory-AI/datasets/production/hardhats/train/images/IMG_4921-2_mp4-35_jpg.rf.e7fe87e444feaefd75a9d26884e93d48.jpg,exact_duplicate_dhash_d0
/home/z/my-project/Factory-AI/datasets/production/hardhats/valid/images/IMG_4921-2_mp4-63_jpg.rf.d3f14a8baa5962cc9fadb5a5e60bec50.jpg,/home/z/my-project/Factory-AI/datasets/production/hardhats/valid/images/IMG_4921-2_mp4-61_jpg.rf.63d76b83f5ea61179d8aa6fa9cdef6a1.jpg,exact_duplicate_dhash_d0
/home/z/my-project/Factory-AI/datasets/production/hardhats/valid/images/MX_img_112_jpg.rf.cf705e22b44d9e09629f16c74a567410.jpg,/home/z/my-project/Factory-AI/datasets/production/hardhats/test/images/MX_img_107_jpg.rf.6dca56ab417587cbd5fc693664364449.jpg,exact_duplicate_dhash_d0
/home/z/my-project/Factory-AI/datasets/production/hardhats/valid/images/MX_img_126_jpg.rf.d2ba943705db5595b00102f7e59b02ca.jpg,/home/z/my-project/Factory-AI/datasets/production/hardhats/train/images/MX_img_121_jpg.rf.34c94d4b8ac953659ad4450c536c190f.jpg,exact_duplicate_dhash_d0
/home/z/my-project/Factory-AI/datasets/production/hardhats/valid/images/MX_img_153_jpg.rf.c43fc11d77f7ef22decb3863dd063fcb.jpg,/home/z/my-project/Factory-AI/datasets/production/hardhats/test/images/MX_img_118_jpg.rf.a581d7cce365e25747170a644c2100a9.jpg,exact_duplicate_dhash_d0
/home/z/my-project/Factory-AI/datasets/production/hardhats/valid/images/MX_img_156_jpg.rf.ddc2652216888da85534c00acc9285e5.jpg,/home/z/my-project/Factory-AI/datasets/production/hardhats/test/images/MX_img_118_jpg.rf.a581d7cce365e25747170a644c2100a9.jpg,exact_duplicate_dhash_d0
/home/z/my-project/Factory-AI/datasets/production/hardhats/valid/images/MX_img_157_jpg.rf.2d9f74973666029af8aaf3240e80e13e.jpg,/home/z/my-project/Factory-AI/datasets/production/hardhats/test/images/MX_img_118_jpg.rf.a581d7cce365e25747170a644c2100a9.jpg,exact_duplicate_dhash_d0
/home/z/my-project/Factory-AI/datasets/production/hardhats/valid/images/MX_img_161_jpg.rf.4f0622c68037e74b792b6388b146edea.jpg,/home/z/my-project/Factory-AI/datasets/production/hardhats/test/images/MX_img_118_jpg.rf.a581d7cce365e25747170a644c2100a9.jpg,exact_duplicate_dhash_d0
/home/z/my-project/Factory-AI/datasets/production/hardhats/valid/images/MX_img_163_jpg.rf.14d30fe9d7bcd0a40ae107ccaf13cb69.jpg,/home/z/my-project/Factory-AI/datasets/production/hardhats/test/images/MX_img_118_jpg.rf.a581d7cce365e25747170a644c2100a9.jpg,exact_duplicate_dhash_d0
/home/z/my-project/Factory-AI/datasets/production/hardhats/valid/images/MX_img_168_jpg.rf.ab93a3b8adad633680fb28c5af7b5a1d.jpg,/home/z/my-project/Factory-AI/datasets/production/hardhats/train/images/MX_img_143_jpg.rf.6bf896d421ae9006eb9cf2a92b91592b.jpg,exact_duplicate_dhash_d0
/home/z/my-project/Factory-AI/datasets/production/hardhats/valid/images/MX_img_170_jpg.rf.af64752233e3bdb68c6ef05d46a717e7.jpg,/home/z/my-project/Factory-AI/datasets/production/hardhats/test/images/MX_img_169_jpg.rf.016c13b309af14a1f3b53d3814e5136a.jpg,exact_duplicate_dhash_d0
/home/z/my-project/Factory-AI/datasets/production/hardhats/valid/images/MX_img_171_jpg.rf.1ebe0b33119c10bb74992eae3ede6f80.jpg,/home/z/my-project/Factory-AI/datasets/production/hardhats/test/images/MX_img_169_jpg.rf.016c13b309af14a1f3b53d3814e5136a.jpg,exact_duplicate_dhash_d0
/home/z/my-project/Factory-AI/datasets/production/hardhats/valid/images/MX_img_21_jpg.rf.c58211ed7fa8ff3f26edd12ee1a26918.jpg,/home/z/my-project/Factory-AI/datasets/production/hardhats/test/images/MX_img_17_jpg.rf.2e160f0013f0b82aa46a8499f10b5366.jpg,exact_duplicate_dhash_d0
/home/z/my-project/Factory-AI/datasets/production/hardhats/valid/images/MX_img_33_jpg.rf.b9f488d8693dcb0b1fd5fa86c3217fad.jpg,/home/z/my-project/Factory-AI/datasets/production/hardhats/train/images/MX_img_34_jpg.rf.2c71ca3d06a4a88295626ceb0ba3c78a.jpg,exact_duplicate_dhash_d0
/home/z/my-project/Factory-AI/datasets/production/hardhats/valid/images/MX_img_42_jpg.rf.5e605cf18419a6ec61ddd6b588db6287.jpg,/home/z/my-project/Factory-AI/datasets/production/hardhats/test/images/MX_img_118_jpg.rf.a581d7cce365e25747170a644c2100a9.jpg,exact_duplicate_dhash_d0
/home/z/my-project/Factory-AI/datasets/production/hardhats/valid/images/MX_img_48_jpg.rf.bed4706db9e403af04da7a4a7fa6a7bc.jpg,/home/z/my-project/Factory-AI/datasets/production/hardhats/train/images/MX_img_197_jpg.rf.674485d097f69bc7527ff2afe50ff08e.jpg,exact_duplicate_dhash_d0
/home/z/my-project/Factory-AI/datasets/production/hardhats/valid/images/MX_img_49_jpg.rf.9d4a81b294625ac4176c7f9d9b974534.jpg,/home/z/my-project/Factory-AI/datasets/production/hardhats/test/images/MX_img_135_jpg.rf.4d1f07bd150b7228a776a030a4957d8f.jpg,exact_duplicate_dhash_d0
/home/z/my-project/Factory-AI/datasets/production/hardhats/valid/images/MX_img_54_jpg.rf.f88a183b9565199d1b0a3db72774457c.jpg,/home/z/my-project/Factory-AI/datasets/production/hardhats/test/images/MX_img_55_jpg.rf.6ab43711488a3063cba9b889f78f20af.jpg,exact_duplicate_dhash_d0
/home/z/my-project/Factory-AI/datasets/production/hardhats/valid/images/MX_img_66_jpg.rf.827045093071e4d96247d3c0236f3280.jpg,/home/z/my-project/Factory-AI/datasets/production/hardhats/test/images/MX_img_39_jpg.rf.31a394b3198781248b7796f08b9fdc16.jpg,exact_duplicate_dhash_d0
/home/z/my-project/Factory-AI/datasets/production/hardhats/valid/images/MX_img_69_jpg.rf.2a09cc39bb34eb31345290878ea63b68.jpg,/home/z/my-project/Factory-AI/datasets/production/hardhats/train/images/MX_img_70_jpg.rf.a07f709c2d3afded2728f7e303ad0589.jpg,exact_duplicate_dhash_d0
/home/z/my-project/Factory-AI/datasets/production/hardhats/valid/images/MX_img_73_jpg.rf.63d104cc54c8ede42dbe96171b1cd7d5.jpg,/home/z/my-project/Factory-AI/datasets/production/hardhats/train/images/MX_img_72_jpg.rf.b2ce7123ba28cc8188c1e0b7c14cf0e3.jpg,exact_duplicate_dhash_d0
/home/z/my-project/Factory-AI/datasets/production/hardhats/valid/images/MX_img_76_jpg.rf.796851a9b92323434aa0fe38293b6211.jpg,/home/z/my-project/Factory-AI/datasets/production/hardhats/test/images/MX_img_107_jpg.rf.6dca56ab417587cbd5fc693664364449.jpg,exact_duplicate_dhash_d0
/home/z/my-project/Factory-AI/datasets/production/hardhats/valid/images/MX_img_79_jpg.rf.a265482de7a4f11d0a4778ae3c9cea4e.jpg,/home/z/my-project/Factory-AI/datasets/production/hardhats/test/images/MX_img_118_jpg.rf.a581d7cce365e25747170a644c2100a9.jpg,exact_duplicate_dhash_d0
/home/z/my-project/Factory-AI/datasets/production/hardhats/valid/images/MX_img_85_jpg.rf.9ffe33247ce47a42575fff5ab383139a.jpg,/home/z/my-project/Factory-AI/datasets/production/hardhats/test/images/MX_img_118_jpg.rf.a581d7cce365e25747170a644c2100a9.jpg,exact_duplicate_dhash_d0
/home/z/my-project/Factory-AI/datasets/production/hardhats/valid/images/MX_img_8_jpg.rf.761b74738dd796241665c8661043ad3b.jpg,/home/z/my-project/Factory-AI/datasets/production/hardhats/test/images/MX_img_107_jpg.rf.6dca56ab417587cbd5fc693664364449.jpg,exact_duplicate_dhash_d0
/home/z/my-project/Factory-AI/datasets/production/hardhats/valid/images/MX_img_97_jpg.rf.0044d0612b3e3aba7ca7777d2c51f557.jpg,/home/z/my-project/Factory-AI/datasets/production/hardhats/test/images/MX_img_99_jpg.rf.47a6b9246238483028738a34a5936817.jpg,exact_duplicate_dhash_d0
/home/z/my-project/Factory-AI/datasets/production/hardhats/valid/images/N5h_img_100_jpg.rf.358186367bda9b215b5244a47cea37ef.jpg,/home/z/my-project/Factory-AI/datasets/production/hardhats/train/images/N5h_img_66_jpg.rf.a611a4c3ce3ab91ff92bdf0167b59e39.jpg,exact_duplicate_dhash_d0
/home/z/my-project/Factory-AI/datasets/production/hardhats/valid/images/N5h_img_101_jpg.rf.d9530115c2416147ef5c1ae2d4c2bec4.jpg,/home/z/my-project/Factory-AI/datasets/production/hardhats/train/images/N5h_img_119_jpg.rf.ed98280eb4822a248b75197bd61864e6.jpg,exact_duplicate_dhash_d0
/home/z/my-project/Factory-AI/datasets/production/hardhats/valid/images/N5h_img_130_jpg.rf.166328e840b06e97e707ea5f4ec79b71.jpg,/home/z/my-project/Factory-AI/datasets/production/hardhats/test/images/N5h_img_134_jpg.rf.696dee3a506c55b39b322113dd9d630a.jpg,exact_duplicate_dhash_d0
/home/z/my-project/Factory-AI/datasets/production/hardhats/valid/images/N5h_img_145_jpg.rf.a2797eb1be1ac7fa7a8e642c5e0d351d.jpg,/home/z/my-project/Factory-AI/datasets/production/hardhats/test/images/N5h_img_168_jpg.rf.3e9039dd7bbd7cedcffdef6cb500537e.jpg,exact_duplicate_dhash_d0
/home/z/my-project/Factory-AI/datasets/production/hardhats/valid/images/N5h_img_179_jpg.rf.4bfe92e6bd70f7080add885d638d0584.jpg,/home/z/my-project/Factory-AI/datasets/production/hardhats/train/images/N5h_img_144_jpg.rf.f0051e607a8a09b532d32d0c87f80d66.jpg,exact_duplicate_dhash_d0
/home/z/my-project/Factory-AI/datasets/production/hardhats/valid/images/N5h_img_187_jpg.rf.f75636ac56fb75d5bd96212da282b2a7.jpg,/home/z/my-project/Factory-AI/datasets/production/hardhats/train/images/N5h_img_188_jpg.rf.22e1e4dc7478fd921cc82382b886620f.jpg,exact_duplicate_dhash_d0
/home/z/my-project/Factory-AI/datasets/production/hardhats/valid/images/N5h_img_189_jpg.rf.d71301d99584046f2f29a8d74d639687.jpg,/home/z/my-project/Factory-AI/datasets/production/hardhats/test/images/N5h_img_168_jpg.rf.3e9039dd7bbd7cedcffdef6cb500537e.jpg,exact_duplicate_dhash_d0
/home/z/my-project/Factory-AI/datasets/production/hardhats/valid/images/N5h_img_196_jpg.rf.73ce32828037b53bba1620c138189adc.jpg,/home/z/my-project/Factory-AI/datasets/production/hardhats/train/images/N5h_img_102_jpg.rf.b6b031e45dc0f16ef9cd757782abfc68.jpg,exact_duplicate_dhash_d0
/home/z/my-project/Factory-AI/datasets/production/hardhats/valid/images/N5h_img_235_jpg.rf.59614d144b4c68708949a5c15fe85b55.jpg,/home/z/my-project/Factory-AI/datasets/production/hardhats/train/images/N5h_img_237_jpg.rf.fdf92f5361f3f8bda34814fc37284116.jpg,exact_duplicate_dhash_d0
/home/z/my-project/Factory-AI/datasets/production/hardhats/valid/images/N5h_img_238_jpg.rf.da8e76126ab3adc157f91f5c345877dd.jpg,/home/z/my-project/Factory-AI/datasets/production/hardhats/train/images/N5h_img_221_jpg.rf.17aed2bbb7a39b37eae1f23a45dc159a.jpg,exact_duplicate_dhash_d0
/home/z/my-project/Factory-AI/datasets/production/hardhats/valid/images/N5h_img_246_jpg.rf.843a17ad81e278e7c28a830ad9dfa22e.jpg,/home/z/my-project/Factory-AI/datasets/production/hardhats/train/images/N5h_img_247_jpg.rf.34fb5f2c2ddf36ed60a82d645ae81a75.jpg,exact_duplicate_dhash_d0
/home/z/my-project/Factory-AI/datasets/production/hardhats/valid/images/N5h_img_41_jpg.rf.f02e208d0823067457d622c2ef0bef26.jpg,/home/z/my-project/Factory-AI/datasets/production/hardhats/train/images/N5h_img_40_jpg.rf.2cac6b5f9ef815829c8e4337dd88fe19.jpg,exact_duplicate_dhash_d0
/home/z/my-project/Factory-AI/datasets/production/hardhats/valid/images/N5h_img_43_jpg.rf.e23dad9c9e05631698522dd84e0ab358.jpg,/home/z/my-project/Factory-AI/datasets/production/hardhats/train/images/N5h_img_45_jpg.rf.3739bed682dfff8d4617eea919800c4c.jpg,exact_duplicate_dhash_d0
/home/z/my-project/Factory-AI/datasets/production/hardhats/valid/images/N5h_img_44_jpg.rf.2d8d4d25dda19b5df91e9758f237a7f5.jpg,/home/z/my-project/Factory-AI/datasets/production/hardhats/train/images/N5h_img_45_jpg.rf.3739bed682dfff8d4617eea919800c4c.jpg,exact_duplicate_dhash_d0
/home/z/my-project/Factory-AI/datasets/production/hardhats/valid/images/N5h_img_57_jpg.rf.c36910bcb8b4fd68e42d31140e3a6a83.jpg,/home/z/my-project/Factory-AI/datasets/production/hardhats/train/images/N5h_img_247_jpg.rf.34fb5f2c2ddf36ed60a82d645ae81a75.jpg,exact_duplicate_dhash_d0
/home/z/my-project/Factory-AI/datasets/production/hardhats/valid/images/N5h_img_92_jpg.rf.2adffe8af1b154197ad3287a5a5c8267.jpg,/home/z/my-project/Factory-AI/datasets/production/hardhats/test/images/N5h_img_91_jpg.rf.138cea0a0e479b3d1488b81a6e9f1b4c.jpg,exact_duplicate_dhash_d0
/home/z/my-project/Factory-AI/datasets/production/hardhats/valid/images/N5h_img_96_jpg.rf.a2c358c00801b70c189029a7c8e30dc6.jpg,/home/z/my-project/Factory-AI/datasets/production/hardhats/train/images/N5h_img_97_jpg.rf.5bf16239c539eea3b8f9b95e1fd491f0.jpg,exact_duplicate_dhash_d0
/home/z/my-project/Factory-AI/datasets/production/hardhats/valid/images/NX_img_14_jpg.rf.eba71ab4792a4c0b5b8ab873a3074a3f.jpg,/home/z/my-project/Factory-AI/datasets/production/hardhats/test/images/NX_img_16_jpg.rf.152337b25493f5b9e28eeaf1871d174d.jpg,exact_duplicate_dhash_d0
/home/z/my-project/Factory-AI/datasets/production/hardhats/valid/images/NX_img_19_jpg.rf.337ea1a6a906993187aa488397163a07.jpg,/home/z/my-project/Factory-AI/datasets/production/hardhats/test/images/NX_img_4_jpg.rf.fcd8984d8e56041341c0ab1f765f936c.jpg,exact_duplicate_dhash_d0
/home/z/my-project/Factory-AI/datasets/production/hardhats/valid/images/NX_img_21_jpg.rf.3cdc9892e6b744308361f5602743a875.jpg,/home/z/my-project/Factory-AI/datasets/production/hardhats/test/images/NX_img_4_jpg.rf.fcd8984d8e56041341c0ab1f765f936c.jpg,exact_duplicate_dhash_d0
/home/z/my-project/Factory-AI/datasets/production/hardhats/valid/images/NX_img_5_jpg.rf.c1d09c6b50567d2d90138b6fa8cfb8cd.jpg,/home/z/my-project/Factory-AI/datasets/production/hardhats/test/images/NX_img_4_jpg.rf.fcd8984d8e56041341c0ab1f765f936c.jpg,exact_duplicate_dhash_d0
/home/z/my-project/Factory-AI/datasets/production/hardhats/valid/images/Nhh_img_139_jpg.rf.0feb1371b38cbfac743136535fe86609.jpg,/home/z/my-project/Factory-AI/datasets/production/hardhats/test/images/Nhh_img_138_jpg.rf.6183c350b691e8703d8baef6ed64b27f.jpg,exact_duplicate_dhash_d0
/home/z/my-project/Factory-AI/datasets/production/hardhats/valid/images/Nhh_img_144_jpg.rf.5d36270d7ced365e60c2ef400212ba95.jpg,/home/z/my-project/Factory-AI/datasets/production/hardhats/test/images/Nhh_img_138_jpg.rf.6183c350b691e8703d8baef6ed64b27f.jpg,exact_duplicate_dhash_d0
/home/z/my-project/Factory-AI/datasets/production/hardhats/valid/images/Nhh_img_196_jpg.rf.0e0fb7aa939423fc238c777584b97ad4.jpg,/home/z/my-project/Factory-AI/datasets/production/hardhats/train/images/Nhh_img_199_jpg.rf.a49ad3a1ebf3a3a7e1709a902e407508.jpg,exact_duplicate_dhash_d0
/home/z/my-project/Factory-AI/datasets/production/hardhats/valid/images/REVZGCBIJNQPMIIXOKDCQA3GJI_jpg.rf.1917c1fe6d5116bf18cf7e3da653856e.jpg,/home/z/my-project/Factory-AI/datasets/production/hardhats/train/images/REVZGCBIJNQPMIIXOKDCQA3GJI_jpg.rf.f1ba75af1cba4f4cab1b069f46ae963b.jpg,exact_duplicate_dhash_d0
/home/z/my-project/Factory-AI/datasets/production/hardhats/valid/images/RPReplay_Final1667001201_MP4-0_jpg.rf.f3dcd9196a5cced925a9642d30cbd11e.jpg,/home/z/my-project/Factory-AI/datasets/production/hardhats/test/images/RPReplay_Final1667001201_MP4-1_jpg.rf.e27f4243d476905f0c69a9dbcde09578.jpg,exact_duplicate_dhash_d0
/home/z/my-project/Factory-AI/datasets/production/hardhats/valid/images/RPReplay_Final1667001201_MP4-9_jpg.rf.4f15661619b0127dd1ce5821071c228c.jpg,/home/z/my-project/Factory-AI/datasets/production/hardhats/test/images/RPReplay_Final1667001201_MP4-1_jpg.rf.e27f4243d476905f0c69a9dbcde09578.jpg,exact_duplicate_dhash_d0
/home/z/my-project/Factory-AI/datasets/production/hardhats/valid/images/RZXE24HFK5GSVKVSN57VCVPQ4M_jpg.rf.65b1410f523b280209c65b1c56875fa0.jpg,/home/z/my-project/Factory-AI/datasets/production/hardhats/train/images/RZXE24HFK5GSVKVSN57VCVPQ4M_jpg.rf.d6164a08eb0fdc5b508c7bc00b1ae5c6.jpg,exact_duplicate_dhash_d0
/home/z/my-project/Factory-AI/datasets/production/hardhats/valid/images/ST_20170401_EASAND_3046471_jpg.rf.723f8b162a830d678980feb02abaa261.jpg,/home/z/my-project/Factory-AI/datasets/production/hardhats/train/images/ST_20170401_EASAND_3046471_jpg.rf.bdd92982f229faae10f3867cbd7f31b2.jpg,exact_duplicate_dhash_d0
/home/z/my-project/Factory-AI/datasets/production/hardhats/valid/images/Smog-Mask-PM2-5-Carbon-Filter-Face-Masks-Fog-Dust-Air-Cleaner-anti-pollution-Face-Protector_jpg.rf.d78748939ec22c80915e0d64ab47eb2d.jpg,/home/z/my-project/Factory-AI/datasets/production/hardhats/train/images/Smog-Mask-PM2-5-Carbon-Filter-Face-Masks-Fog-Dust-Air-Cleaner-anti-pollution-Face-Protector_jpg.rf.cf1d0d5a64e23075b59a9a5d9316a898.jpg,exact_duplicate_dhash_d0
/home/z/my-project/Factory-AI/datasets/production/hardhats/valid/images/TASS38012699_jpg.rf.e3dfe34c93af1f666c5d2e7d4028440b.jpg,/home/z/my-project/Factory-AI/datasets/production/hardhats/train/images/TASS38012699_jpg.rf.ccf0e251a118a8eefcdbc542c02c50a5.jpg,exact_duplicate_dhash_d0
/home/z/my-project/Factory-AI/datasets/production/hardhats/valid/images/W37H3GWNO5EV5HTJQNP4KLIRGI_jpg.rf.11e1c9100d8ff27631942969cace90fa.jpg,/home/z/my-project/Factory-AI/datasets/production/hardhats/train/images/W37H3GWNO5EV5HTJQNP4KLIRGI_jpg.rf.17aa3fad6f7a2000bfaaa1a054135d79.jpg,exact_duplicate_dhash_d0
/home/z/my-project/Factory-AI/datasets/production/hardhats/valid/images/YouTube-FreeStockFootage-PersonThinkingDeeply-h-HC-hj-Zo-720p_mp4-27_jpg.rf.b7fce5094f5c81e854363be26ef12d57.jpg,/home/z/my-project/Factory-AI/datasets/production/hardhats/train/images/YouTube-FreeStockFootage-PersonThinkingDeeply-h-HC-hj-Zo-720p_mp4-28_jpg.rf.0944dd8b259fdaf5e5b28d01ff1c5f4d.jpg,exact_duplicate_dhash_d0
/home/z/my-project/Factory-AI/datasets/production/hardhats/valid/images/YouTube_FreeStockFootage_People-wearing-face-mask_Empty-Street_Covid19-D_DbgrvhlGs-720p_mp4-60_jpg.rf.3b3df85b69911f2f38e34331eecde6ef.jpg,/home/z/my-project/Factory-AI/datasets/production/hardhats/train/images/YouTube_FreeStockFootage_People-wearing-face-mask_Empty-Street_Covid19-D_DbgrvhlGs-720p_mp4-59_jpg.rf.ae69015161ba5113115cab81ae1d8e65.jpg,exact_duplicate_dhash_d0
/home/z/my-project/Factory-AI/datasets/production/hardhats/valid/images/YouTube_FreeStockFootage_People-wearing-face-mask_Empty-Street_Covid19-D_DbgrvhlGs-720p_mp4-64_jpg.rf.6dd5d7fa11962dd9999f5367c7fb7163.jpg,/home/z/my-project/Factory-AI/datasets/production/hardhats/train/images/YouTube_FreeStockFootage_People-wearing-face-mask_Empty-Street_Covid19-D_DbgrvhlGs-720p_mp4-65_jpg.rf.189c7e6d660f25fffeb6a28af1b6b8b5.jpg,exact_duplicate_dhash_d0
/home/z/my-project/Factory-AI/datasets/production/hardhats/valid/images/front_crawling_00072_jpg.rf.efae215943d9e7da220724160447f782.jpg,/home/z/my-project/Factory-AI/datasets/production/hardhats/train/images/front_crawling_00848_jpg.rf.9f41b76592f553d31069024c4d459bc8.jpg,exact_duplicate_dhash_d0
/home/z/my-project/Factory-AI/datasets/production/hardhats/valid/images/front_crawling_00089_jpg.rf.cbc208ef9437d6b43ce2472195b38be0.jpg,/home/z/my-project/Factory-AI/datasets/production/hardhats/train/images/front_crawling_00148_jpg.rf.6c9e752288851294fd02153c1dd8b3ed.jpg,exact_duplicate_dhash_d0
/home/z/my-project/Factory-AI/datasets/production/hardhats/valid/images/front_crawling_00126_jpg.rf.37f9d60ebab3685f55192581af332def.jpg,/home/z/my-project/Factory-AI/datasets/production/hardhats/train/images/front_crawling_00408_jpg.rf.b358a0d185abd494d21bb21ab3314e82.jpg,exact_duplicate_dhash_d0
/home/z/my-project/Factory-AI/datasets/production/hardhats/valid/images/front_crawling_00295_jpg.rf.4c621d5260e34cc3ea1865d1784c6bbe.jpg,/home/z/my-project/Factory-AI/datasets/production/hardhats/train/images/front_crawling_00580_jpg.rf.320d6b620edde3e8b8d06a7d898cb636.jpg,exact_duplicate_dhash_d0
/home/z/my-project/Factory-AI/datasets/production/hardhats/valid/images/front_crawling_00529_jpg.rf.a37599630841858101c6e6186cbc0256.jpg,/home/z/my-project/Factory-AI/datasets/production/hardhats/train/images/front_crawling_00703_jpg.rf.c125c107d784ade13a03228e8a4cefdf.jpg,exact_duplicate_dhash_d0
/home/z/my-project/Factory-AI/datasets/production/hardhats/valid/images/front_crawling_00642_jpg.rf.f556e7f283df9084e5be7b770e80f334.jpg,/home/z/my-project/Factory-AI/datasets/production/hardhats/train/images/front_crawling_00070_jpg.rf.9ea95bb6dbe6c3febb34d0955b7500e4.jpg,exact_duplicate_dhash_d0
/home/z/my-project/Factory-AI/datasets/production/hardhats/valid/images/helmet9991001_jpg.rf.05f2f0e3a87022ca676c03805535dbda.jpg,/home/z/my-project/Factory-AI/datasets/production/hardhats/train/images/helmet9991002_jpg.rf.5369ad334d14e09eab42a7508a1e48cc.jpg,exact_duplicate_dhash_d0
/home/z/my-project/Factory-AI/datasets/production/hardhats/valid/images/helmet9991006_jpg.rf.8870d6df59c675a4c005146ac4228c5d.jpg,/home/z/my-project/Factory-AI/datasets/production/hardhats/test/images/helmet9991201_jpg.rf.d09e989059a6d551989c5d0ecf962f6a.jpg,exact_duplicate_dhash_d0
/home/z/my-project/Factory-AI/datasets/production/hardhats/valid/images/helmet9991015_jpg.rf.a611668332b542163d8e3a613671aaa5.jpg,/home/z/my-project/Factory-AI/datasets/production/hardhats/train/images/helmet9991002_jpg.rf.5369ad334d14e09eab42a7508a1e48cc.jpg,exact_duplicate_dhash_d0
/home/z/my-project/Factory-AI/datasets/production/hardhats/valid/images/helmet9991019_jpg.rf.4395489865735e17a967ed2bac43e3dd.jpg,/home/z/my-project/Factory-AI/datasets/production/hardhats/train/images/helmet9991002_jpg.rf.5369ad334d14e09eab42a7508a1e48cc.jpg,exact_duplicate_dhash_d0
/home/z/my-project/Factory-AI/datasets/production/hardhats/valid/images/helmet9991021_jpg.rf.fe34064b2a086eb6bf1d26a3144e3021.jpg,/home/z/my-project/Factory-AI/datasets/production/hardhats/train/images/helmet9991002_jpg.rf.5369ad334d14e09eab42a7508a1e48cc.jpg,exact_duplicate_dhash_d0
/home/z/my-project/Factory-AI/datasets/production/hardhats/valid/images/helmet9991024_jpg.rf.b051cdcfa214a1cf8da1a7665bb8794f.jpg,/home/z/my-project/Factory-AI/datasets/production/hardhats/test/images/helmet9991201_jpg.rf.d09e989059a6d551989c5d0ecf962f6a.jpg,exact_duplicate_dhash_d0
/home/z/my-project/Factory-AI/datasets/production/hardhats/valid/images/helmet9991035_jpg.rf.76227326c5f1d64fb6dc34c7089b0f22.jpg,/home/z/my-project/Factory-AI/datasets/production/hardhats/test/images/helmet9991047_jpg.rf.e572804fe48ad7022ec4cf4f2127eb8b.jpg,exact_duplicate_dhash_d0
/home/z/my-project/Factory-AI/datasets/production/hardhats/valid/images/helmet9991036_jpg.rf.9f6fc44c33b41765ea58163c2ab8e146.jpg,/home/z/my-project/Factory-AI/datasets/production/hardhats/test/images/helmet9991032_jpg.rf.91cb3f40e865a0035a359203f8576cac.jpg,exact_duplicate_dhash_d0
/home/z/my-project/Factory-AI/datasets/production/hardhats/valid/images/helmet9991048_jpg.rf.fc9d2fa39aaa5e92912ca1ed1d2a0355.jpg,/home/z/my-project/Factory-AI/datasets/production/hardhats/test/images/helmet9991050_jpg.rf.eb04b1666923ce8ad38f905f0f4f1b7b.jpg,exact_duplicate_dhash_d0
/home/z/my-project/Factory-AI/datasets/production/hardhats/valid/images/helmet9991053_jpg.rf.31ec6bb655d952a5f5aef4d5df315a0f.jpg,/home/z/my-project/Factory-AI/datasets/production/hardhats/test/images/helmet9991047_jpg.rf.e572804fe48ad7022ec4cf4f2127eb8b.jpg,exact_duplicate_dhash_d0
/home/z/my-project/Factory-AI/datasets/production/hardhats/valid/images/helmet9991055_jpg.rf.1ed726c579ea3817396febc25f0d600b.jpg,/home/z/my-project/Factory-AI/datasets/production/hardhats/test/images/helmet9991047_jpg.rf.e572804fe48ad7022ec4cf4f2127eb8b.jpg,exact_duplicate_dhash_d0
/home/z/my-project/Factory-AI/datasets/production/hardhats/valid/images/helmet9991071_jpg.rf.8ee7e4fb26d11af9ca9e04fbd2c543c3.jpg,/home/z/my-project/Factory-AI/datasets/production/hardhats/train/images/helmet9991069_jpg.rf.e0d828fdfc2651963dd8101ce0e75ef3.jpg,exact_duplicate_dhash_d0
/home/z/my-project/Factory-AI/datasets/production/hardhats/valid/images/helmet9991075_jpg.rf.5dffed566e6fde7e5e1e26d60e2e5f30.jpg,/home/z/my-project/Factory-AI/datasets/production/hardhats/test/images/helmet9991072_jpg.rf.7049a3f2d19e8ff9d4d720536188bab5.jpg,exact_duplicate_dhash_d0
/home/z/my-project/Factory-AI/datasets/production/hardhats/valid/images/helmet9991084_jpg.rf.42d5d9e759182a0a4b59498f9ee1138b.jpg,/home/z/my-project/Factory-AI/datasets/production/hardhats/test/images/helmet9991072_jpg.rf.7049a3f2d19e8ff9d4d720536188bab5.jpg,exact_duplicate_dhash_d0
/home/z/my-project/Factory-AI/datasets/production/hardhats/valid/images/helmet9991085_jpg.rf.8d7d139dfc831d1e6c80ef9275f50ebd.jpg,/home/z/my-project/Factory-AI/datasets/production/hardhats/test/images/helmet9991072_jpg.rf.7049a3f2d19e8ff9d4d720536188bab5.jpg,exact_duplicate_dhash_d0
/home/z/my-project/Factory-AI/datasets/production/hardhats/valid/images/helmet9991087_jpg.rf.f14b233090f3c18e694b71a8934d4bab.jpg,/home/z/my-project/Factory-AI/datasets/production/hardhats/test/images/helmet9991072_jpg.rf.7049a3f2d19e8ff9d4d720536188bab5.jpg,exact_duplicate_dhash_d0
/home/z/my-project/Factory-AI/datasets/production/hardhats/valid/images/helmet9991089_jpg.rf.22e39520ffbc1da83e8d4681f95c8ae5.jpg,/home/z/my-project/Factory-AI/datasets/production/hardhats/train/images/helmet9991081_jpg.rf.bdfa182a4ad5001f64e65aa6b11fa10f.jpg,exact_duplicate_dhash_d0
/home/z/my-project/Factory-AI/datasets/production/hardhats/valid/images/helmet9991092_jpg.rf.dfe250d0224e0a4cfccb8e33989ea497.jpg,/home/z/my-project/Factory-AI/datasets/production/hardhats/test/images/helmet9991113_jpg.rf.2e42afe72df70745e1dfbc0c6e5af180.jpg,exact_duplicate_dhash_d0
/home/z/my-project/Factory-AI/datasets/production/hardhats/valid/images/helmet9991093_jpg.rf.d4747c7b1814ed6de5f2882ad981eaeb.jpg,/home/z/my-project/Factory-AI/datasets/production/hardhats/test/images/helmet9991123_jpg.rf.b2f88448522c155ac91f0ab719addf38.jpg,exact_duplicate_dhash_d0
/home/z/my-project/Factory-AI/datasets/production/hardhats/valid/images/helmet9991097_jpg.rf.ed57dcaf93a61a8ebcb0eca799ec6371.jpg,/home/z/my-project/Factory-AI/datasets/production/hardhats/test/images/helmet9991113_jpg.rf.2e42afe72df70745e1dfbc0c6e5af180.jpg,exact_duplicate_dhash_d0
/home/z/my-project/Factory-AI/datasets/production/hardhats/valid/images/helmet9991108_jpg.rf.57a8f6965f849068bd8cd89a248f2bc5.jpg,/home/z/my-project/Factory-AI/datasets/production/hardhats/train/images/helmet9991081_jpg.rf.bdfa182a4ad5001f64e65aa6b11fa10f.jpg,exact_duplicate_dhash_d0
/home/z/my-project/Factory-AI/datasets/production/hardhats/valid/images/helmet9991111_jpg.rf.3995c55339d646c36373980fb7bffdc1.jpg,/home/z/my-project/Factory-AI/datasets/production/hardhats/train/images/helmet9991081_jpg.rf.bdfa182a4ad5001f64e65aa6b11fa10f.jpg,exact_duplicate_dhash_d0
/home/z/my-project/Factory-AI/datasets/production/hardhats/valid/images/helmet9991125_jpg.rf.0bb0a934bc127ab7d9aac331c04ac0fb.jpg,/home/z/my-project/Factory-AI/datasets/production/hardhats/train/images/helmet9991126_jpg.rf.63c79fc0927eb74f37beeb2806bcfe0c.jpg,exact_duplicate_dhash_d0
/home/z/my-project/Factory-AI/datasets/production/hardhats/valid/images/helmet9991128_jpg.rf.8403133aacb1f7780f1c9161afc43e36.jpg,/home/z/my-project/Factory-AI/datasets/production/hardhats/train/images/helmet9991127_jpg.rf.48838df9e63227979ce733b3a39e968e.jpg,exact_duplicate_dhash_d0
/home/z/my-project/Factory-AI/datasets/production/hardhats/valid/images/helmet9991154_jpg.rf.75ea6ede8d733068385862494e095b43.jpg,/home/z/my-project/Factory-AI/datasets/production/hardhats/test/images/helmet9991152_jpg.rf.a550d2e0ff2845272c86b8e5bcfcee71.jpg,exact_duplicate_dhash_d0
/home/z/my-project/Factory-AI/datasets/production/hardhats/valid/images/helmet9991159_jpg.rf.573b95bad23bd44910b8de5f238561c1.jpg,/home/z/my-project/Factory-AI/datasets/production/hardhats/test/images/helmet9991032_jpg.rf.91cb3f40e865a0035a359203f8576cac.jpg,exact_duplicate_dhash_d0
/home/z/my-project/Factory-AI/datasets/production/hardhats/valid/images/helmet9991164_jpg.rf.920fc2bb52d850b84f29592c3b80e052.jpg,/home/z/my-project/Factory-AI/datasets/production/hardhats/train/images/helmet9991163_jpg.rf.3f94bf4c7bb5299682a5ccce07e27ff4.jpg,exact_duplicate_dhash_d0
/home/z/my-project/Factory-AI/datasets/production/hardhats/valid/images/helmet9991166_jpg.rf.35fca439cd45e54ce393fce33791b012.jpg,/home/z/my-project/Factory-AI/datasets/production/hardhats/train/images/helmet9991163_jpg.rf.3f94bf4c7bb5299682a5ccce07e27ff4.jpg,exact_duplicate_dhash_d0
/home/z/my-project/Factory-AI/datasets/production/hardhats/valid/images/helmet9991168_jpg.rf.98c4133cc97c752a7d09ee03cf7dd3d6.jpg,/home/z/my-project/Factory-AI/datasets/production/hardhats/train/images/helmet9991060_jpg.rf.45cb0a21c98af852e45e636cc866cae9.jpg,exact_duplicate_dhash_d0
/home/z/my-project/Factory-AI/datasets/production/hardhats/valid/images/helmet9991172_jpg.rf.97a1e899963e84acf219d562f2659663.jpg,/home/z/my-project/Factory-AI/datasets/production/hardhats/test/images/helmet9991047_jpg.rf.e572804fe48ad7022ec4cf4f2127eb8b.jpg,exact_duplicate_dhash_d0
/home/z/my-project/Factory-AI/datasets/production/hardhats/valid/images/helmet9991185_jpg.rf.4ff9d94229e7fb1c9888eb75b180c866.jpg,/home/z/my-project/Factory-AI/datasets/production/hardhats/train/images/helmet9991186_jpg.rf.19050b87746f1c2300ba00e1670a667d.jpg,exact_duplicate_dhash_d0
/home/z/my-project/Factory-AI/datasets/production/hardhats/valid/images/helmet9991189_jpg.rf.7e981faf418a39f28bfb3cfc96ff8c10.jpg,/home/z/my-project/Factory-AI/datasets/production/hardhats/test/images/helmet9991201_jpg.rf.d09e989059a6d551989c5d0ecf962f6a.jpg,exact_duplicate_dhash_d0
/home/z/my-project/Factory-AI/datasets/production/hardhats/valid/images/helmet9991195_jpg.rf.25f127a54a157da236d3304010d52de5.jpg,/home/z/my-project/Factory-AI/datasets/production/hardhats/test/images/helmet9991201_jpg.rf.d09e989059a6d551989c5d0ecf962f6a.jpg,exact_duplicate_dhash_d0
/home/z/my-project/Factory-AI/datasets/production/hardhats/valid/images/helmet9991199_jpg.rf.674b43a6271f41e470dcb82e0f47f544.jpg,/home/z/my-project/Factory-AI/datasets/production/hardhats/test/images/helmet9991201_jpg.rf.d09e989059a6d551989c5d0ecf962f6a.jpg,exact_duplicate_dhash_d0
/home/z/my-project/Factory-AI/datasets/production/hardhats/valid/images/helmet9991207_jpg.rf.63188cfabf62f19590960cdcfe41201d.jpg,/home/z/my-project/Factory-AI/datasets/production/hardhats/train/images/helmet9991002_jpg.rf.5369ad334d14e09eab42a7508a1e48cc.jpg,exact_duplicate_dhash_d0
/home/z/my-project/Factory-AI/datasets/production/hardhats/valid/images/helmet9991213_jpg.rf.9d83744a6c608d275a782af15fdd896a.jpg,/home/z/my-project/Factory-AI/datasets/production/hardhats/test/images/helmet9991201_jpg.rf.d09e989059a6d551989c5d0ecf962f6a.jpg,exact_duplicate_dhash_d0
/home/z/my-project/Factory-AI/datasets/production/hardhats/valid/images/helmet999502_jpg.rf.d5b2e56a89d31e6aa2389892233affe5.jpg,/home/z/my-project/Factory-AI/datasets/production/hardhats/train/images/helmet999501_jpg.rf.e2834f7b0fa3032784dc0f0ebc29467c.jpg,exact_duplicate_dhash_d0
/home/z/my-project/Factory-AI/datasets/production/hardhats/valid/images/helmet999509_jpg.rf.3e238bf28761e83acd1b1f1128977998.jpg,/home/z/my-project/Factory-AI/datasets/production/hardhats/train/images/helmet999510_jpg.rf.4720afb0cd632f4b53086f76fcf92529.jpg,exact_duplicate_dhash_d0
/home/z/my-project/Factory-AI/datasets/production/hardhats/valid/images/helmet999511_jpg.rf.ac9c856938b21639b5f65f6bf6ba2c2a.jpg,/home/z/my-project/Factory-AI/datasets/production/hardhats/train/images/helmet999510_jpg.rf.4720afb0cd632f4b53086f76fcf92529.jpg,exact_duplicate_dhash_d0
/home/z/my-project/Factory-AI/datasets/production/hardhats/valid/images/helmet999513_jpg.rf.b0d458b0b25141ba0cf67eaff7cfb823.jpg,/home/z/my-project/Factory-AI/datasets/production/hardhats/train/images/helmet999510_jpg.rf.4720afb0cd632f4b53086f76fcf92529.jpg,exact_duplicate_dhash_d0
/home/z/my-project/Factory-AI/datasets/production/hardhats/valid/images/helmet999518_jpg.rf.39bfb0d0fd0379bdbe0484acbca0d0ff.jpg,/home/z/my-project/Factory-AI/datasets/production/hardhats/test/images/helmet999515_jpg.rf.e646bfb97ea5f50f94b5392f64cce243.jpg,exact_duplicate_dhash_d0
/home/z/my-project/Factory-AI/datasets/production/hardhats/valid/images/helmet999532_jpg.rf.cdcc022223bbad84a8ddd37cf7ba2491.jpg,/home/z/my-project/Factory-AI/datasets/production/hardhats/test/images/helmet999533_jpg.rf.80082b789fb285e1d8a75bfc4a229d13.jpg,exact_duplicate_dhash_d0
/home/z/my-project/Factory-AI/datasets/production/hardhats/valid/images/helmet999592_jpg.rf.2f633bf4c8963df75d37fb41daf9a8df.jpg,/home/z/my-project/Factory-AI/datasets/production/hardhats/test/images/helmet999569_jpg.rf.0427abe5c4c97b80c1748757cacdb630.jpg,exact_duplicate_dhash_d0
/home/z/my-project/Factory-AI/datasets/production/hardhats/valid/images/helmet999594_jpg.rf.8a329c2d22c418e537c69475f42df4c3.jpg,/home/z/my-project/Factory-AI/datasets/production/hardhats/test/images/helmet999569_jpg.rf.0427abe5c4c97b80c1748757cacdb630.jpg,exact_duplicate_dhash_d0
/home/z/my-project/Factory-AI/datasets/production/hardhats/valid/images/helmet999596_jpg.rf.e148fa9557a9c5cee5fc29a8a5b2674d.jpg,/home/z/my-project/Factory-AI/datasets/production/hardhats/train/images/helmet999582_jpg.rf.45c52036660bf07e076e9e504e27a429.jpg,exact_duplicate_dhash_d0
/home/z/my-project/Factory-AI/datasets/production/hardhats/valid/images/helmet999646_jpg.rf.86bcafbd7e3d0d395557544b573ab57f.jpg,/home/z/my-project/Factory-AI/datasets/production/hardhats/train/images/helmet999826_jpg.rf.2154dabc6622c7bbbd54ded7f2d912dc.jpg,exact_duplicate_dhash_d0
/home/z/my-project/Factory-AI/datasets/production/hardhats/valid/images/helmet999661_jpg.rf.4e45b54d2de398ce94526ca52e74526d.jpg,/home/z/my-project/Factory-AI/datasets/production/hardhats/train/images/helmet999655_jpg.rf.83ddfb07dbceb9a756d3e908b54f188a.jpg,exact_duplicate_dhash_d0
/home/z/my-project/Factory-AI/datasets/production/hardhats/valid/images/helmet999693_jpg.rf.424755d3d2f0d90728b5501abb5c77d3.jpg,/home/z/my-project/Factory-AI/datasets/production/hardhats/test/images/helmet999690_jpg.rf.e406d5c6ca9bfd578ddb552d701b22df.jpg,exact_duplicate_dhash_d0
/home/z/my-project/Factory-AI/datasets/production/hardhats/valid/images/helmet999694_jpg.rf.d809c252590f3fd9e4784efd574a9dde.jpg,/home/z/my-project/Factory-AI/datasets/production/hardhats/test/images/helmet999690_jpg.rf.e406d5c6ca9bfd578ddb552d701b22df.jpg,exact_duplicate_dhash_d0
/home/z/my-project/Factory-AI/datasets/production/hardhats/valid/images/helmet999696_jpg.rf.33263428e30a00df10244c496799dce1.jpg,/home/z/my-project/Factory-AI/datasets/production/hardhats/test/images/helmet999690_jpg.rf.e406d5c6ca9bfd578ddb552d701b22df.jpg,exact_duplicate_dhash_d0
/home/z/my-project/Factory-AI/datasets/production/hardhats/valid/images/helmet999698_jpg.rf.a575d5e013b634c6e6307ee207b33879.jpg,/home/z/my-project/Factory-AI/datasets/production/hardhats/train/images/helmet999697_jpg.rf.48985d63383913ca748de9b6b7d7c426.jpg,exact_duplicate_dhash_d0
/home/z/my-project/Factory-AI/datasets/production/hardhats/valid/images/helmet999700_jpg.rf.bdc1405f9a6ed130ba30b099128ec3b5.jpg,/home/z/my-project/Factory-AI/datasets/production/hardhats/test/images/helmet999690_jpg.rf.e406d5c6ca9bfd578ddb552d701b22df.jpg,exact_duplicate_dhash_d0
/home/z/my-project/Factory-AI/datasets/production/hardhats/valid/images/helmet999701_jpg.rf.54606d88965c2bd002fdf9431ebc665d.jpg,/home/z/my-project/Factory-AI/datasets/production/hardhats/test/images/helmet999690_jpg.rf.e406d5c6ca9bfd578ddb552d701b22df.jpg,exact_duplicate_dhash_d0
/home/z/my-project/Factory-AI/datasets/production/hardhats/valid/images/helmet999704_jpg.rf.1fc5fa43d662c7946c25e0ec92f57389.jpg,/home/z/my-project/Factory-AI/datasets/production/hardhats/test/images/helmet999690_jpg.rf.e406d5c6ca9bfd578ddb552d701b22df.jpg,exact_duplicate_dhash_d0
/home/z/my-project/Factory-AI/datasets/production/hardhats/valid/images/helmet999709_jpg.rf.a35a055444e47c5069feb2bd36e30339.jpg,/home/z/my-project/Factory-AI/datasets/production/hardhats/test/images/helmet999690_jpg.rf.e406d5c6ca9bfd578ddb552d701b22df.jpg,exact_duplicate_dhash_d0
/home/z/my-project/Factory-AI/datasets/production/hardhats/valid/images/helmet999742_jpg.rf.7f482c8eb307545ac652e4f3ae5989ea.jpg,/home/z/my-project/Factory-AI/datasets/production/hardhats/train/images/helmet999743_jpg.rf.513d63123334340b8356d67d6d48ea45.jpg,exact_duplicate_dhash_d0
/home/z/my-project/Factory-AI/datasets/production/hardhats/valid/images/helmet999756_jpg.rf.48f1fff8348c7617e849539af7627b05.jpg,/home/z/my-project/Factory-AI/datasets/production/hardhats/train/images/helmet999622_jpg.rf.195195cfcff91e255ede64ffb0d9ae5f.jpg,exact_duplicate_dhash_d0
/home/z/my-project/Factory-AI/datasets/production/hardhats/valid/images/helmet999761_jpg.rf.bd17b376e287d97f479861331c0e9a10.jpg,/home/z/my-project/Factory-AI/datasets/production/hardhats/train/images/helmet999762_jpg.rf.b644f33e1802c92593dfc3ac8af9aa3c.jpg,exact_duplicate_dhash_d0
/home/z/my-project/Factory-AI/datasets/production/hardhats/valid/images/helmet999775_jpg.rf.810a8586ddff7a99d65832555efe3770.jpg,/home/z/my-project/Factory-AI/datasets/production/hardhats/test/images/helmet9991201_jpg.rf.d09e989059a6d551989c5d0ecf962f6a.jpg,exact_duplicate_dhash_d0
/home/z/my-project/Factory-AI/datasets/production/hardhats/valid/images/helmet999777_jpg.rf.6fdef313e85486e9b91691bec9a00c81.jpg,/home/z/my-project/Factory-AI/datasets/production/hardhats/train/images/helmet9991002_jpg.rf.5369ad334d14e09eab42a7508a1e48cc.jpg,exact_duplicate_dhash_d0
/home/z/my-project/Factory-AI/datasets/production/hardhats/valid/images/helmet999791_jpg.rf.65aa84da1cb5060f2e1cf07caa174f82.jpg,/home/z/my-project/Factory-AI/datasets/production/hardhats/train/images/helmet999788_jpg.rf.0e71074d863b5e7d0850274377442156.jpg,exact_duplicate_dhash_d0
/home/z/my-project/Factory-AI/datasets/production/hardhats/valid/images/helmet999795_jpg.rf.5828ef1b783b9a0390ea0c31ceef3741.jpg,/home/z/my-project/Factory-AI/datasets/production/hardhats/test/images/helmet999792_jpg.rf.b945b165c39480c9e94c5d1dcd729f23.jpg,exact_duplicate_dhash_d0
/home/z/my-project/Factory-AI/datasets/production/hardhats/valid/images/helmet999797_jpg.rf.6a1eea3b34919173af663dbabaae5016.jpg,/home/z/my-project/Factory-AI/datasets/production/hardhats/test/images/helmet999792_jpg.rf.b945b165c39480c9e94c5d1dcd729f23.jpg,exact_duplicate_dhash_d0
/home/z/my-project/Factory-AI/datasets/production/hardhats/valid/images/helmet999804_jpg.rf.0ccb40e6f4e4d3620f11ca76edc8cb62.jpg,/home/z/my-project/Factory-AI/datasets/production/hardhats/test/images/helmet999792_jpg.rf.b945b165c39480c9e94c5d1dcd729f23.jpg,exact_duplicate_dhash_d0
/home/z/my-project/Factory-AI/datasets/production/hardhats/valid/images/helmet999815_jpg.rf.1c6b5bba1a470aa6c035fcfc50dc485c.jpg,/home/z/my-project/Factory-AI/datasets/production/hardhats/train/images/helmet999637_jpg.rf.316135ee51c0a78912cd8828d0e0922e.jpg,exact_duplicate_dhash_d0
/home/z/my-project/Factory-AI/datasets/production/hardhats/valid/images/helmet999824_jpg.rf.3982d535fc985aefb92dfa57ef3a17d5.jpg,/home/z/my-project/Factory-AI/datasets/production/hardhats/train/images/helmet999826_jpg.rf.2154dabc6622c7bbbd54ded7f2d912dc.jpg,exact_duplicate_dhash_d0
/home/z/my-project/Factory-AI/datasets/production/hardhats/valid/images/helmet999892_jpg.rf.6d3c9fd051da3933763d9af46a37a34e.jpg,/home/z/my-project/Factory-AI/datasets/production/hardhats/train/images/helmet9991069_jpg.rf.e0d828fdfc2651963dd8101ce0e75ef3.jpg,exact_duplicate_dhash_d0
/home/z/my-project/Factory-AI/datasets/production/hardhats/valid/images/helmet999895_jpg.rf.672f35fbb3f68e9bdd84345195c53ae5.jpg,/home/z/my-project/Factory-AI/datasets/production/hardhats/train/images/helmet999893_jpg.rf.aac417a5dd7417f0f7613b2702682966.jpg,exact_duplicate_dhash_d0
/home/z/my-project/Factory-AI/datasets/production/hardhats/valid/images/helmet999932_jpg.rf.790c4638b4d0a90ff85b862b0f89d56c.jpg,/home/z/my-project/Factory-AI/datasets/production/hardhats/test/images/helmet999934_jpg.rf.7ac9be3c69da7e2d4edf14bf94abc29c.jpg,exact_duplicate_dhash_d0
/home/z/my-project/Factory-AI/datasets/production/hardhats/valid/images/helmet999935_jpg.rf.8032c6daea05dc149ebdda1c714aa49f.jpg,/home/z/my-project/Factory-AI/datasets/production/hardhats/test/images/helmet999934_jpg.rf.7ac9be3c69da7e2d4edf14bf94abc29c.jpg,exact_duplicate_dhash_d0
/home/z/my-project/Factory-AI/datasets/production/hardhats/valid/images/helmet999939_jpg.rf.a832a44616b2278b2bf935973f6c10d9.jpg,/home/z/my-project/Factory-AI/datasets/production/hardhats/test/images/helmet999934_jpg.rf.7ac9be3c69da7e2d4edf14bf94abc29c.jpg,exact_duplicate_dhash_d0
/home/z/my-project/Factory-AI/datasets/production/hardhats/valid/images/helmet999951_jpg.rf.0b9d37c53bffa2c79636b58cc0bff17e.jpg,/home/z/my-project/Factory-AI/datasets/production/hardhats/train/images/helmet999905_jpg.rf.25292447a6eca88b88f592cb535396b4.jpg,exact_duplicate_dhash_d0
/home/z/my-project/Factory-AI/datasets/production/hardhats/valid/images/helmet999985_jpg.rf.f017373aa7be4311f0c5994ce88d4d20.jpg,/home/z/my-project/Factory-AI/datasets/production/hardhats/test/images/helmet999958_jpg.rf.c20b516a6a36203afcd0cd426a11b71c.jpg,exact_duplicate_dhash_d0
/home/z/my-project/Factory-AI/datasets/production/hardhats/valid/images/helmet999998_jpg.rf.8a966d25d604cc316826e3f00e691b32.jpg,/home/z/my-project/Factory-AI/datasets/production/hardhats/test/images/helmet9991201_jpg.rf.d09e989059a6d551989c5d0ecf962f6a.jpg,exact_duplicate_dhash_d0
/home/z/my-project/Factory-AI/datasets/production/hardhats/valid/images/image_101_jpg.rf.b00b8bc4cdcc6236402720af7a9f824f.jpg,/home/z/my-project/Factory-AI/datasets/production/hardhats/train/images/image_100_jpg.rf.c254133d453b011a7883a45c40968011.jpg,exact_duplicate_dhash_d0
/home/z/my-project/Factory-AI/datasets/production/hardhats/valid/images/image_106_jpg.rf.d7a266b354d468637868b0cb573712e0.jpg,/home/z/my-project/Factory-AI/datasets/production/hardhats/train/images/image_105_jpg.rf.75b1babb369cf08a56e22218ba735e1c.jpg,exact_duplicate_dhash_d0
/home/z/my-project/Factory-AI/datasets/production/hardhats/valid/images/image_107_jpg.rf.28c37e073fab07889f54ba0a964a871c.jpg,/home/z/my-project/Factory-AI/datasets/production/hardhats/train/images/image_103_jpg.rf.66523187515bfa1ae90c5c00480b8e15.jpg,exact_duplicate_dhash_d0
/home/z/my-project/Factory-AI/datasets/production/hardhats/valid/images/image_111_jpg.rf.e5406486d321426954455df78000129c.jpg,/home/z/my-project/Factory-AI/datasets/production/hardhats/test/images/image_108_jpg.rf.a2a7f9dd16e7a136d02fb42a810d1644.jpg,exact_duplicate_dhash_d0
/home/z/my-project/Factory-AI/datasets/production/hardhats/valid/images/image_112_jpg.rf.4f421c5475cf11a2a5eb8efd879e077d.jpg,/home/z/my-project/Factory-AI/datasets/production/hardhats/train/images/image_109_jpg.rf.de7be395f1ce6cfdbbddb202cf7ea06a.jpg,exact_duplicate_dhash_d0
/home/z/my-project/Factory-AI/datasets/production/hardhats/valid/images/image_125_jpg.rf.cdc9df579b440e0b972f0901b501afba.jpg,/home/z/my-project/Factory-AI/datasets/production/hardhats/train/images/image_105_jpg.rf.75b1babb369cf08a56e22218ba735e1c.jpg,exact_duplicate_dhash_d0
/home/z/my-project/Factory-AI/datasets/production/hardhats/valid/images/image_136_jpg.rf.90f68d01d25b740433a747a4ada99b64.jpg,/home/z/my-project/Factory-AI/datasets/production/hardhats/train/images/image_134_jpg.rf.951f3fe96dec721bce2d8ebba1e5abf3.jpg,exact_duplicate_dhash_d0
/home/z/my-project/Factory-AI/datasets/production/hardhats/valid/images/image_139_jpg.rf.36bcc6b80e4ac4e0a82b28a898ef18ae.jpg,/home/z/my-project/Factory-AI/datasets/production/hardhats/train/images/image_138_jpg.rf.5a4c2a44da64bcc5b2fb9900270dc79d.jpg,exact_duplicate_dhash_d0
/home/z/my-project/Factory-AI/datasets/production/hardhats/valid/images/image_140_jpg.rf.67744f6bc51a302d884c410a04fac884.jpg,/home/z/my-project/Factory-AI/datasets/production/hardhats/train/images/image_139_jpg.rf.7a28cdf436ab8372ab2561152df66e50.jpg,exact_duplicate_dhash_d0
/home/z/my-project/Factory-AI/datasets/production/hardhats/valid/images/image_143_jpg.rf.a32c6034e3d8a3e47bb881fe2b088f05.jpg,/home/z/my-project/Factory-AI/datasets/production/hardhats/train/images/image_141_jpg.rf.9ef6c5234812318ccc4731aa110deb1c.jpg,exact_duplicate_dhash_d0
/home/z/my-project/Factory-AI/datasets/production/hardhats/valid/images/image_145_jpg.rf.27f9657a5e8987cb98cd3c113d8d37f6.jpg,/home/z/my-project/Factory-AI/datasets/production/hardhats/train/images/image_133_jpg.rf.164b15d82c7a83ebec5c0b283890be87.jpg,exact_duplicate_dhash_d0
/home/z/my-project/Factory-AI/datasets/production/hardhats/valid/images/image_148_jpg.rf.dfc5f0a4d8910fcf91cfefc570579b40.jpg,/home/z/my-project/Factory-AI/datasets/production/hardhats/train/images/image_147_jpg.rf.7b278dfc434635ec7c4053b27c188dee.jpg,exact_duplicate_dhash_d0
/home/z/my-project/Factory-AI/datasets/production/hardhats/valid/images/image_156_jpg.rf.02ebb9bd7b063d2fcdd25549a657162f.jpg,/home/z/my-project/Factory-AI/datasets/production/hardhats/train/images/image_165_jpg.rf.8c77abc89cc43653afa6c8cc4bb2cb74.jpg,exact_duplicate_dhash_d0
/home/z/my-project/Factory-AI/datasets/production/hardhats/valid/images/image_159_jpg.rf.d07d5633bde6b15c815a970e46b16088.jpg,/home/z/my-project/Factory-AI/datasets/production/hardhats/test/images/image_160_jpg.rf.ac9affc3880fad457cd8e895ddd1c673.jpg,exact_duplicate_dhash_d0
/home/z/my-project/Factory-AI/datasets/production/hardhats/valid/images/image_176_jpg.rf.ac1d31d78d378b402b5a32a994220218.jpg,/home/z/my-project/Factory-AI/datasets/production/hardhats/test/images/image_183_jpg.rf.19c7e593e7a7315b5ce43fd683ccfd6b.jpg,exact_duplicate_dhash_d0
/home/z/my-project/Factory-AI/datasets/production/hardhats/valid/images/image_185_jpg.rf.9feded9d5d5dd21bac9035feb8fe11e4.jpg,/home/z/my-project/Factory-AI/datasets/production/hardhats/train/images/image_181_jpg.rf.cb659d434a5ca0503f16aef33c72cea7.jpg,exact_duplicate_dhash_d0
/home/z/my-project/Factory-AI/datasets/production/hardhats/valid/images/image_187_jpg.rf.36d90b66d9c580c623b8d3d2265af803.jpg,/home/z/my-project/Factory-AI/datasets/production/hardhats/train/images/image_185_jpg.rf.3778214d66976615d6d0b86a9250280c.jpg,exact_duplicate_dhash_d0
/home/z/my-project/Factory-AI/datasets/production/hardhats/valid/images/image_192_jpg.rf.558d80ef95316f831844bd9edd3adaa9.jpg,/home/z/my-project/Factory-AI/datasets/production/hardhats/train/images/image_165_jpg.rf.8c77abc89cc43653afa6c8cc4bb2cb74.jpg,exact_duplicate_dhash_d0
/home/z/my-project/Factory-AI/datasets/production/hardhats/valid/images/image_194_jpg.rf.504f3c8052263ea890d5abdacf6a03cd.jpg,/home/z/my-project/Factory-AI/datasets/production/hardhats/train/images/image_192_jpg.rf.a5fba3ddbb59443ff1b8eb2c417466cf.jpg,exact_duplicate_dhash_d0
/home/z/my-project/Factory-AI/datasets/production/hardhats/valid/images/image_214_jpg.rf.0c95518231f6190a6ac565c17c1e2334.jpg,/home/z/my-project/Factory-AI/datasets/production/hardhats/train/images/image_212_jpg.rf.ad6a78f549043a06136544bf1229beee.jpg,exact_duplicate_dhash_d0
/home/z/my-project/Factory-AI/datasets/production/hardhats/valid/images/image_215_jpg.rf.ee33f46cddcd279faa51d98a0212fc0b.jpg,/home/z/my-project/Factory-AI/datasets/production/hardhats/train/images/image_216_jpg.rf.a35c4d24c0d0015f86016e1fb43975ae.jpg,exact_duplicate_dhash_d0
/home/z/my-project/Factory-AI/datasets/production/hardhats/valid/images/image_219_jpg.rf.181dd02fc095c1bad253652950b1e7b8.jpg,/home/z/my-project/Factory-AI/datasets/production/hardhats/train/images/image_215_jpg.rf.5492ba3ea825f3aeb668898fc73e3172.jpg,exact_duplicate_dhash_d0
/home/z/my-project/Factory-AI/datasets/production/hardhats/valid/images/image_224_jpg.rf.851d2ad294c0059a06fdf31fd8ea77b0.jpg,/home/z/my-project/Factory-AI/datasets/production/hardhats/train/images/image_216_jpg.rf.a35c4d24c0d0015f86016e1fb43975ae.jpg,exact_duplicate_dhash_d0
/home/z/my-project/Factory-AI/datasets/production/hardhats/valid/images/image_229_jpg.rf.4a39920cfee3b5e346b103f1afc020e6.jpg,/home/z/my-project/Factory-AI/datasets/production/hardhats/train/images/image_165_jpg.rf.8c77abc89cc43653afa6c8cc4bb2cb74.jpg,exact_duplicate_dhash_d0
/home/z/my-project/Factory-AI/datasets/production/hardhats/valid/images/image_45_jpg.rf.493cdb5e89375a23c3b7812fde155074.jpg,/home/z/my-project/Factory-AI/datasets/production/hardhats/train/images/image_114_jpg.rf.b8cc3d6db7f8f8da18151b76b2df833f.jpg,exact_duplicate_dhash_d0
/home/z/my-project/Factory-AI/datasets/production/hardhats/valid/images/image_54_jpg.rf.c06ef8fc84147a1ca71d26efa9a17451.jpg,/home/z/my-project/Factory-AI/datasets/production/hardhats/train/images/image_53_jpg.rf.633ceeec973dff051a587732521fe7af.jpg,exact_duplicate_dhash_d0
/home/z/my-project/Factory-AI/datasets/production/hardhats/valid/images/image_57_jpg.rf.ea9eddcf99c429ea17c705ef22526071.jpg,/home/z/my-project/Factory-AI/datasets/production/hardhats/train/images/image_109_jpg.rf.97e0d8b8a9d988891794955326462baa.jpg,exact_duplicate_dhash_d0
/home/z/my-project/Factory-AI/datasets/production/hardhats/valid/images/image_67_jpg.rf.53d5379f5260bd61119811fcfb8bd5a6.jpg,/home/z/my-project/Factory-AI/datasets/production/hardhats/valid/images/image_162_jpg.rf.d76e02173c95733acd008fb01cf21a17.jpg,exact_duplicate_dhash_d0
/home/z/my-project/Factory-AI/datasets/production/hardhats/valid/images/image_69_jpg.rf.6e60671a67551b02961c89bd107a85e6.jpg,/home/z/my-project/Factory-AI/datasets/production/hardhats/train/images/image_194_jpg.rf.81ecafd829d2ccae0fcdee4d434ea74e.jpg,exact_duplicate_dhash_d0
/home/z/my-project/Factory-AI/datasets/production/hardhats/valid/images/image_72_jpg.rf.11c5bbd79a8383235a9b2e4e6680c471.jpg,/home/z/my-project/Factory-AI/datasets/production/hardhats/test/images/image_78_jpg.rf.1119427e4db7a217bcd2b7923ca066fc.jpg,exact_duplicate_dhash_d0
/home/z/my-project/Factory-AI/datasets/production/hardhats/valid/images/image_74_jpg.rf.b5ae9f9432d73247676690dd56f1fce4.jpg,/home/z/my-project/Factory-AI/datasets/production/hardhats/test/images/image_66_jpg.rf.a350fd979c102a29afefbad62c4c7e3b.jpg,exact_duplicate_dhash_d0
/home/z/my-project/Factory-AI/datasets/production/hardhats/valid/images/image_75_jpg.rf.6d1928410a980dd53c68972404f01ff4.jpg,/home/z/my-project/Factory-AI/datasets/production/hardhats/train/images/image_193_jpg.rf.211f8e1d7a60144c7350134a1b73aefd.jpg,exact_duplicate_dhash_d0
/home/z/my-project/Factory-AI/datasets/production/hardhats/valid/images/image_79_jpg.rf.ac408b838ebd4e4c74fe6ab663780f90.jpg,/home/z/my-project/Factory-AI/datasets/production/hardhats/test/images/image_78_jpg.rf.1119427e4db7a217bcd2b7923ca066fc.jpg,exact_duplicate_dhash_d0
/home/z/my-project/Factory-AI/datasets/production/hardhats/valid/images/image_86_jpg.rf.584341c0286f12a343a810b971f0ed9d.jpg,/home/z/my-project/Factory-AI/datasets/production/hardhats/test/images/image_78_jpg.rf.1119427e4db7a217bcd2b7923ca066fc.jpg,exact_duplicate_dhash_d0
/home/z/my-project/Factory-AI/datasets/production/hardhats/valid/images/mask-wearing-1632932099944_png_jpg.rf.77cd657020a6fab1a4a6970d481aa368.jpg,/home/z/my-project/Factory-AI/datasets/production/hardhats/train/images/mask-wearing-1632932097427_png_jpg.rf.9ffa4d976c02de03bf0981b5f3155788.jpg,exact_duplicate_dhash_d0
/home/z/my-project/Factory-AI/datasets/production/hardhats/valid/images/mask-wearing-1632937899736_png_jpg.rf.1c64f080728d9b50d4b70f9cd93611dd.jpg,/home/z/my-project/Factory-AI/datasets/production/hardhats/train/images/mask-wearing-1632937906821_png_jpg.rf.24cb9954fd3f8405a004ffac7b23530c.jpg,exact_duplicate_dhash_d0
/home/z/my-project/Factory-AI/datasets/production/hardhats/valid/images/mask-wearing-tests_mohamed_mp4-1_jpg.rf.51af81029db668ebfd720815b887452d.jpg,/home/z/my-project/Factory-AI/datasets/production/hardhats/train/images/mask-wearing-tests_mohamed_mp4-0_jpg.rf.42896b7be6a0c1401ae554e8dcb83c93.jpg,exact_duplicate_dhash_d0
/home/z/my-project/Factory-AI/datasets/production/hardhats/valid/images/mask-wearing-tests_mohamed_mp4-35_jpg.rf.085bd55dcd43fa135b7096f7147abee7.jpg,/home/z/my-project/Factory-AI/datasets/production/hardhats/train/images/mask-wearing-tests_mohamed_mp4-37_jpg.rf.63f2c32f4f374c86170ae9536a379404.jpg,exact_duplicate_dhash_d0
/home/z/my-project/Factory-AI/datasets/production/hardhats/valid/images/mask-wearing-tests_mohamed_mp4-41_jpg.rf.b5b0368de1fcc5560e1e0d92e3303073.jpg,/home/z/my-project/Factory-AI/datasets/production/hardhats/train/images/mask-wearing-tests_mohamed_mp4-40_jpg.rf.831e1c74e2fc19fb513a9a9b0121d6c0.jpg,exact_duplicate_dhash_d0
/home/z/my-project/Factory-AI/datasets/production/hardhats/valid/images/p113105_jpg.rf.8b3277f96c3bd42e239cff0745301c6f.jpg,/home/z/my-project/Factory-AI/datasets/production/hardhats/test/images/p113175_jpg.rf.78ac3e5aef45a9d2db3beab8d659ba75.jpg,exact_duplicate_dhash_d0
/home/z/my-project/Factory-AI/datasets/production/hardhats/valid/images/p113108_jpg.rf.a1c9f1d91bf92d243e08bd9d44a4c328.jpg,/home/z/my-project/Factory-AI/datasets/production/hardhats/test/images/p113175_jpg.rf.78ac3e5aef45a9d2db3beab8d659ba75.jpg,exact_duplicate_dhash_d0
/home/z/my-project/Factory-AI/datasets/production/hardhats/valid/images/p113112_jpg.rf.e95883e9be1672a815f6e772aaf965da.jpg,/home/z/my-project/Factory-AI/datasets/production/hardhats/train/images/p113114_jpg.rf.fba7672049883798b2df5ba9579d75b3.jpg,exact_duplicate_dhash_d0
/home/z/my-project/Factory-AI/datasets/production/hardhats/valid/images/p113118_jpg.rf.7e041f96af6b6198630a6c68aff28f63.jpg,/home/z/my-project/Factory-AI/datasets/production/hardhats/train/images/p113119_jpg.rf.cee074b3465f6f1e0a27d1283fc2ee88.jpg,exact_duplicate_dhash_d0
/home/z/my-project/Factory-AI/datasets/production/hardhats/valid/images/p113131_jpg.rf.72b5b8847cb9ae8b4449ad7907e9f952.jpg,/home/z/my-project/Factory-AI/datasets/production/hardhats/train/images/p113119_jpg.rf.cee074b3465f6f1e0a27d1283fc2ee88.jpg,exact_duplicate_dhash_d0
/home/z/my-project/Factory-AI/datasets/production/hardhats/valid/images/p113135_jpg.rf.be2f52342e7ffc6edf7ab644f892857c.jpg,/home/z/my-project/Factory-AI/datasets/production/hardhats/train/images/p113134_jpg.rf.9e7290b73b577fcd38b1561d6781b579.jpg,exact_duplicate_dhash_d0
/home/z/my-project/Factory-AI/datasets/production/hardhats/valid/images/p113139_jpg.rf.05a9ac226603320245de57a664e63a18.jpg,/home/z/my-project/Factory-AI/datasets/production/hardhats/train/images/p113133_jpg.rf.cb5f7e8fdc47403250c599e0ab9894bd.jpg,exact_duplicate_dhash_d0
/home/z/my-project/Factory-AI/datasets/production/hardhats/valid/images/p113149_jpg.rf.d7a59c8145a11625c2121d68a95234e3.jpg,/home/z/my-project/Factory-AI/datasets/production/hardhats/test/images/p113169_jpg.rf.c2f171fec8ea19c5f0ab4a8cae33a733.jpg,exact_duplicate_dhash_d0
/home/z/my-project/Factory-AI/datasets/production/hardhats/valid/images/p113152_jpg.rf.131980991a995f9d1d2bfa2ef35be4b6.jpg,/home/z/my-project/Factory-AI/datasets/production/hardhats/train/images/p113166_jpg.rf.efcf2e18db8a1aa29495e3d567b42b58.jpg,exact_duplicate_dhash_d0
/home/z/my-project/Factory-AI/datasets/production/hardhats/valid/images/p113170_jpg.rf.e17a9be8a25bdbd66c58b71a25229d0a.jpg,/home/z/my-project/Factory-AI/datasets/production/hardhats/test/images/p113169_jpg.rf.c2f171fec8ea19c5f0ab4a8cae33a733.jpg,exact_duplicate_dhash_d0
/home/z/my-project/Factory-AI/datasets/production/hardhats/valid/images/p113177_jpg.rf.456014da3c1b0c12e916e035db855999.jpg,/home/z/my-project/Factory-AI/datasets/production/hardhats/test/images/p113191_jpg.rf.460f1e05b7a6f7c239729ea77942d6ce.jpg,exact_duplicate_dhash_d0
/home/z/my-project/Factory-AI/datasets/production/hardhats/valid/images/p113178_jpg.rf.e31a6a9c8c45d8468b62cc3721414eab.jpg,/home/z/my-project/Factory-AI/datasets/production/hardhats/test/images/p113175_jpg.rf.78ac3e5aef45a9d2db3beab8d659ba75.jpg,exact_duplicate_dhash_d0
/home/z/my-project/Factory-AI/datasets/production/hardhats/valid/images/p113189_jpg.rf.98fd77e371e2a3e5127513631fea5fdd.jpg,/home/z/my-project/Factory-AI/datasets/production/hardhats/train/images/p113148_jpg.rf.63fdc38fce0b55c870afd9b1a6c6e94c.jpg,exact_duplicate_dhash_d0
/home/z/my-project/Factory-AI/datasets/production/hardhats/valid/images/p113192_jpg.rf.0ec3e14923ab9e33cb94ae38e2fe0f65.jpg,/home/z/my-project/Factory-AI/datasets/production/hardhats/test/images/p113191_jpg.rf.460f1e05b7a6f7c239729ea77942d6ce.jpg,exact_duplicate_dhash_d0
/home/z/my-project/Factory-AI/datasets/production/hardhats/valid/images/p11345_jpg.rf.d97c6e22efb35cb01aaa45812cd12be0.jpg,/home/z/my-project/Factory-AI/datasets/production/hardhats/train/images/p11349_jpg.rf.bd391d32473ddd1d967f3043d9569f15.jpg,exact_duplicate_dhash_d0
/home/z/my-project/Factory-AI/datasets/production/hardhats/valid/images/p11351_jpg.rf.01e827fa82f052884f9fca157d942b1b.jpg,/home/z/my-project/Factory-AI/datasets/production/hardhats/train/images/p11349_jpg.rf.bd391d32473ddd1d967f3043d9569f15.jpg,exact_duplicate_dhash_d0
/home/z/my-project/Factory-AI/datasets/production/hardhats/valid/images/p11367_jpg.rf.dd87d0a55c8765ad87ccbcfd10b2ab6b.jpg,/home/z/my-project/Factory-AI/datasets/production/hardhats/train/images/p11368_jpg.rf.2e6a654319df7a380001756febf781d3.jpg,exact_duplicate_dhash_d0
/home/z/my-project/Factory-AI/datasets/production/hardhats/valid/images/p11376_jpg.rf.f70fe9082f7369f98620155162fe2b03.jpg,/home/z/my-project/Factory-AI/datasets/production/hardhats/test/images/p11374_jpg.rf.3a24995e7ff9293b6d35419b8f970e62.jpg,exact_duplicate_dhash_d0
/home/z/my-project/Factory-AI/datasets/production/hardhats/valid/images/p1137_jpg.rf.7575d2a2eb9a121ecd560ef57dff78fd.jpg,/home/z/my-project/Factory-AI/datasets/production/hardhats/train/images/p11311_jpg.rf.135ff8a169bac72fda738bac6ccb143b.jpg,exact_duplicate_dhash_d0
/home/z/my-project/Factory-AI/datasets/production/hardhats/valid/images/p11390_jpg.rf.b06a67860b2c6b4a74a170c7cf0a39c5.jpg,/home/z/my-project/Factory-AI/datasets/production/hardhats/train/images/p11365_jpg.rf.a2e9e20790e2846b0e18ae377c102cd5.jpg,exact_duplicate_dhash_d0
/home/z/my-project/Factory-AI/datasets/production/hardhats/valid/images/p11397_jpg.rf.b90ddba858295feb02a2961bff9e1c37.jpg,/home/z/my-project/Factory-AI/datasets/production/hardhats/test/images/p113175_jpg.rf.78ac3e5aef45a9d2db3beab8d659ba75.jpg,exact_duplicate_dhash_d0
/home/z/my-project/Factory-AI/datasets/production/hardhats/valid/images/p11398_jpg.rf.04cf65eb60217e74df9f52a6de8b14d6.jpg,/home/z/my-project/Factory-AI/datasets/production/hardhats/test/images/p113175_jpg.rf.78ac3e5aef45a9d2db3beab8d659ba75.jpg,exact_duplicate_dhash_d0
/home/z/my-project/Factory-AI/datasets/production/hardhats/valid/images/p1139_jpg.rf.c60a1b19592c98558e9550a9955d361a.jpg,/home/z/my-project/Factory-AI/datasets/production/hardhats/valid/images/p11312_jpg.rf.71d17cef58c56df59fdbfd9a4df537bb.jpg,exact_duplicate_dhash_d0
/home/z/my-project/Factory-AI/datasets/production/hardhats/valid/images/p651312_jpg.rf.3c4c9ce88ba70839ed2ae3dc1e695dd8.jpg,/home/z/my-project/Factory-AI/datasets/production/hardhats/train/images/p651310_jpg.rf.1cd784617d97565c7d51ae835609f1d9.jpg,exact_duplicate_dhash_d0
/home/z/my-project/Factory-AI/datasets/production/hardhats/valid/images/p651313_jpg.rf.6c2e0b27d02ebf011bacf170c64cff4a.jpg,/home/z/my-project/Factory-AI/datasets/production/hardhats/test/images/p651319_jpg.rf.51a7cba9a3178302a2830f0bf02bf55f.jpg,exact_duplicate_dhash_d0
/home/z/my-project/Factory-AI/datasets/production/hardhats/valid/images/p651322_jpg.rf.9015452d4606e1199f5c23e8dad68f07.jpg,/home/z/my-project/Factory-AI/datasets/production/hardhats/test/images/p651319_jpg.rf.51a7cba9a3178302a2830f0bf02bf55f.jpg,exact_duplicate_dhash_d0
/home/z/my-project/Factory-AI/datasets/production/hardhats/valid/images/p651325_jpg.rf.549a4ad3baf1f87e29b85bb07b810946.jpg,/home/z/my-project/Factory-AI/datasets/production/hardhats/train/images/p651310_jpg.rf.1cd784617d97565c7d51ae835609f1d9.jpg,exact_duplicate_dhash_d0
/home/z/my-project/Factory-AI/datasets/production/hardhats/valid/images/p651331_jpg.rf.091f15110e33f274362614e290b8d198.jpg,/home/z/my-project/Factory-AI/datasets/production/hardhats/test/images/p651330_jpg.rf.b0befd0824e9bfddc9169aa9f2397fa7.jpg,exact_duplicate_dhash_d0
/home/z/my-project/Factory-AI/datasets/production/hardhats/valid/images/p651342_jpg.rf.23432ca7a9c6f05290cd8bed6d89dc5b.jpg,/home/z/my-project/Factory-AI/datasets/production/hardhats/train/images/p651340_jpg.rf.6e8bfebe9041c4dcc01d9bf07c62ee05.jpg,exact_duplicate_dhash_d0
/home/z/my-project/Factory-AI/datasets/production/hardhats/valid/images/p651357_jpg.rf.0a47d8bb2045f78c1decf886bee7a4e9.jpg,/home/z/my-project/Factory-AI/datasets/production/hardhats/test/images/p651359_jpg.rf.dee5dc82e195051ff952a08423c55cc7.jpg,exact_duplicate_dhash_d0
/home/z/my-project/Factory-AI/datasets/production/hardhats/valid/images/p65137_jpg.rf.48b6e36a295b0e84c92d2eb6256b5bc0.jpg,/home/z/my-project/Factory-AI/datasets/production/hardhats/train/images/p651310_jpg.rf.1cd784617d97565c7d51ae835609f1d9.jpg,exact_duplicate_dhash_d0
/home/z/my-project/Factory-AI/datasets/production/hardhats/valid/images/p65213141_jpg.rf.62f4b110300c0204ef88df3a59ced4f4.jpg,/home/z/my-project/Factory-AI/datasets/production/hardhats/test/images/p65213140_jpg.rf.9e4d6b5163f36ca1f77b3bace264308f.jpg,exact_duplicate_dhash_d0
/home/z/my-project/Factory-AI/datasets/production/hardhats/valid/images/p65213143_jpg.rf.2dfeb5d662499e46253eac8796ae7b01.jpg,/home/z/my-project/Factory-AI/datasets/production/hardhats/test/images/p651359_jpg.rf.dee5dc82e195051ff952a08423c55cc7.jpg,exact_duplicate_dhash_d0
/home/z/my-project/Factory-AI/datasets/production/hardhats/valid/images/p65213150_jpg.rf.622b409e1ab9ec2c66dca25a8fff3b32.jpg,/home/z/my-project/Factory-AI/datasets/production/hardhats/valid/images/p65213142_jpg.rf.04e20203b3fa523ff7bdae28f68a74d9.jpg,exact_duplicate_dhash_d0
/home/z/my-project/Factory-AI/datasets/production/hardhats/valid/images/p65213152_jpg.rf.fcb74f1b24805e62a69fbaf696edafc5.jpg,/home/z/my-project/Factory-AI/datasets/production/hardhats/test/images/p651359_jpg.rf.dee5dc82e195051ff952a08423c55cc7.jpg,exact_duplicate_dhash_d0
/home/z/my-project/Factory-AI/datasets/production/hardhats/valid/images/p65213153_jpg.rf.be05d976ebe830826a1ee95564d345b9.jpg,/home/z/my-project/Factory-AI/datasets/production/hardhats/test/images/p651359_jpg.rf.dee5dc82e195051ff952a08423c55cc7.jpg,exact_duplicate_dhash_d0
/home/z/my-project/Factory-AI/datasets/production/hardhats/valid/images/p65213154_jpg.rf.8bfe031d7a49f8ff0d8a1b83f7d1f33f.jpg,/home/z/my-project/Factory-AI/datasets/production/hardhats/test/images/p651359_jpg.rf.dee5dc82e195051ff952a08423c55cc7.jpg,exact_duplicate_dhash_d0
/home/z/my-project/Factory-AI/datasets/production/hardhats/valid/images/p65213157_jpg.rf.04f3a928e324db665e8456dacb7795cb.jpg,/home/z/my-project/Factory-AI/datasets/production/hardhats/test/images/p651359_jpg.rf.dee5dc82e195051ff952a08423c55cc7.jpg,exact_duplicate_dhash_d0
/home/z/my-project/Factory-AI/datasets/production/hardhats/valid/images/p65213161_jpg.rf.7634faa494285f2649aac7b7149a1b77.jpg,/home/z/my-project/Factory-AI/datasets/production/hardhats/test/images/p651359_jpg.rf.dee5dc82e195051ff952a08423c55cc7.jpg,exact_duplicate_dhash_d0
/home/z/my-project/Factory-AI/datasets/production/hardhats/valid/images/p65213171_jpg.rf.61fa96214f8b89b4dad67b0243c15ab6.jpg,/home/z/my-project/Factory-AI/datasets/production/hardhats/test/images/p65213185_jpg.rf.2f2123e379ef598db811f5c355410dd8.jpg,exact_duplicate_dhash_d0
/home/z/my-project/Factory-AI/datasets/production/hardhats/valid/images/p65213172_jpg.rf.8c65055072c91e8818badf99599c42b4.jpg,/home/z/my-project/Factory-AI/datasets/production/hardhats/test/images/p65213185_jpg.rf.2f2123e379ef598db811f5c355410dd8.jpg,exact_duplicate_dhash_d0
/home/z/my-project/Factory-AI/datasets/production/hardhats/valid/images/p656213108_jpg.rf.b079462aaed50451dcb5f5b46c8056ae.jpg,/home/z/my-project/Factory-AI/datasets/production/hardhats/test/images/p656213103_jpg.rf.6f6e65039dbe5f6b945079e528dac378.jpg,exact_duplicate_dhash_d0
/home/z/my-project/Factory-AI/datasets/production/hardhats/valid/images/p656213119_jpg.rf.e36f9e53a79fb53a7bf493ea32682350.jpg,/home/z/my-project/Factory-AI/datasets/production/hardhats/train/images/helmet9991060_jpg.rf.45cb0a21c98af852e45e636cc866cae9.jpg,exact_duplicate_dhash_d0
/home/z/my-project/Factory-AI/datasets/production/hardhats/valid/images/p656213127_jpg.rf.9fa615b62686ec4cf0bd18036ce576f5.jpg,/home/z/my-project/Factory-AI/datasets/production/hardhats/test/images/p656213103_jpg.rf.6f6e65039dbe5f6b945079e528dac378.jpg,exact_duplicate_dhash_d0
/home/z/my-project/Factory-AI/datasets/production/hardhats/valid/images/p656213157_jpg.rf.ff3e5b3826391b1cfcf2e7a423d3a893.jpg,/home/z/my-project/Factory-AI/datasets/production/hardhats/test/images/p656213155_jpg.rf.44a4a936831f65d14344597e0cd056ad.jpg,exact_duplicate_dhash_d0
/home/z/my-project/Factory-AI/datasets/production/hardhats/valid/images/p656213165_jpg.rf.ab0de7602a5db7242d31216d32bf4a54.jpg,/home/z/my-project/Factory-AI/datasets/production/hardhats/test/images/p656213103_jpg.rf.6f6e65039dbe5f6b945079e528dac378.jpg,exact_duplicate_dhash_d0
/home/z/my-project/Factory-AI/datasets/production/hardhats/valid/images/p656213166_jpg.rf.b6e174ae471954329422fa01059c7a02.jpg,/home/z/my-project/Factory-AI/datasets/production/hardhats/train/images/p65621341_jpg.rf.75039632081a0a88f9786b82583c197f.jpg,exact_duplicate_dhash_d0
/home/z/my-project/Factory-AI/datasets/production/hardhats/valid/images/p656213190_jpg.rf.f5aa0d494a34da544ec5187be482cf6b.jpg,/home/z/my-project/Factory-AI/datasets/production/hardhats/test/images/p656213103_jpg.rf.6f6e65039dbe5f6b945079e528dac378.jpg,exact_duplicate_dhash_d0
/home/z/my-project/Factory-AI/datasets/production/hardhats/valid/images/p65621336_jpg.rf.6cb516e9b3f4c914905802c446fda48f.jpg,/home/z/my-project/Factory-AI/datasets/production/hardhats/test/images/p656213103_jpg.rf.6f6e65039dbe5f6b945079e528dac378.jpg,exact_duplicate_dhash_d0
/home/z/my-project/Factory-AI/datasets/production/hardhats/valid/images/p65621351_jpg.rf.167f4831e41d4a8b3f016836026b1ee0.jpg,/home/z/my-project/Factory-AI/datasets/production/hardhats/train/images/p656213191_jpg.rf.6bcbd4e0192ef81e76e94e3a747e36be.jpg,exact_duplicate_dhash_d0
/home/z/my-project/Factory-AI/datasets/production/hardhats/valid/images/p65621353_jpg.rf.1e6781c8bd221f69b0a57c2bda432601.jpg,/home/z/my-project/Factory-AI/datasets/production/hardhats/train/images/p656213105_jpg.rf.aeb3af78ef31c319022925eb8bfc337c.jpg,exact_duplicate_dhash_d0
/home/z/my-project/Factory-AI/datasets/production/hardhats/valid/images/p65621377_jpg.rf.5a75ad7f688c5f6ded9b52740673fca9.jpg,/home/z/my-project/Factory-AI/datasets/production/hardhats/train/images/p656213115_jpg.rf.b8626ab112e5814f470e1fd579b5670d.jpg,exact_duplicate_dhash_d0
/home/z/my-project/Factory-AI/datasets/production/hardhats/valid/images/p65621379_jpg.rf.1df9eda7d688eb2cb6b298e2297c13f0.jpg,/home/z/my-project/Factory-AI/datasets/production/hardhats/test/images/p656213155_jpg.rf.44a4a936831f65d14344597e0cd056ad.jpg,exact_duplicate_dhash_d0
/home/z/my-project/Factory-AI/datasets/production/hardhats/valid/images/p65621387_jpg.rf.cb6e55a2d125d0ad47189f9fdade6f16.jpg,/home/z/my-project/Factory-AI/datasets/production/hardhats/test/images/p656213103_jpg.rf.6f6e65039dbe5f6b945079e528dac378.jpg,exact_duplicate_dhash_d0
/home/z/my-project/Factory-AI/datasets/production/hardhats/valid/images/p65621390_jpg.rf.527399c538046ff6dc2b4afb6ba19592.jpg,/home/z/my-project/Factory-AI/datasets/production/hardhats/test/images/p656213103_jpg.rf.6f6e65039dbe5f6b945079e528dac378.jpg,exact_duplicate_dhash_d0
/home/z/my-project/Factory-AI/datasets/production/hardhats/valid/images/phplpE73q_jpg.rf.b69337317aee5ceb813fd8f458e1bc5a.jpg,/home/z/my-project/Factory-AI/datasets/production/hardhats/train/images/phplpE73q_jpg.rf.854d78c6de4c02eae898d2cfee727d96.jpg,exact_duplicate_dhash_d0
/home/z/my-project/Factory-AI/datasets/production/hardhats/valid/images/ppe_0573_jpg.rf.b6074d59eb5ac04596769a2ded9743f5.jpg,/home/z/my-project/Factory-AI/datasets/production/hardhats/test/images/00536_jpg.rf.62de78de6e48251d2a61ccef64988406.jpg,exact_duplicate_dhash_d0
/home/z/my-project/Factory-AI/datasets/production/hardhats/valid/images/ppe_0614_jpg.rf.7b37369ff3fc5d2eef3ea5c7690ce29c.jpg,/home/z/my-project/Factory-AI/datasets/production/hardhats/test/images/00446_jpg.rf.3664536a327228d519eaaf5b0c99c6b1.jpg,exact_duplicate_dhash_d0
/home/z/my-project/Factory-AI/datasets/production/hardhats/valid/images/ppe_0628_jpg.rf.b04cfce69ba3dbe0e1e8c38aab97756f.jpg,/home/z/my-project/Factory-AI/datasets/production/hardhats/train/images/004911_jpg.rf.3643fa808583a6a34a4d440d48e649cb.jpg,exact_duplicate_dhash_d0
/home/z/my-project/Factory-AI/datasets/production/hardhats/valid/images/ppe_0648_jpg.rf.5769c1086c00a5d9b0a1e379d664900b.jpg,/home/z/my-project/Factory-AI/datasets/production/hardhats/train/images/00433_jpg.rf.808484574dead73e4f9a3d26236bc5e2.jpg,exact_duplicate_dhash_d0
/home/z/my-project/Factory-AI/datasets/production/hardhats/valid/images/ppe_0650_jpg.rf.a18eeb0ee6d676d3f656554325341237.jpg,/home/z/my-project/Factory-AI/datasets/production/hardhats/valid/images/003844_jpg.rf.126ad6ff98655be97d76537275d0fadd.jpg,exact_duplicate_dhash_d0
/home/z/my-project/Factory-AI/datasets/production/hardhats/valid/images/ppe_0673_jpg.rf.c614378275db98ae28a05fda760e9df9.jpg,/home/z/my-project/Factory-AI/datasets/production/hardhats/train/images/001496_jpg.rf.07ed0230a1857e30a6eb992cfa704021.jpg,exact_duplicate_dhash_d0
/home/z/my-project/Factory-AI/datasets/production/hardhats/valid/images/ppe_0713_jpg.rf.c11d4a68e497cdee5d8b1fa9d241dd12.jpg,/home/z/my-project/Factory-AI/datasets/production/hardhats/test/images/00411_jpg.rf.22026fef2179cfa2b5f61a607fff79b3.jpg,exact_duplicate_dhash_d0
/home/z/my-project/Factory-AI/datasets/production/hardhats/valid/images/ppe_0716_jpg.rf.1d408465bc011c2bf7c56bf0f0285183.jpg,/home/z/my-project/Factory-AI/datasets/production/hardhats/train/images/00571_jpg.rf.daab7709c657f04dbfd1e9fd633cb400.jpg,exact_duplicate_dhash_d0
/home/z/my-project/Factory-AI/datasets/production/hardhats/valid/images/ppe_0764_jpg.rf.998d2b92ea41377c06205931b45b55af.jpg,/home/z/my-project/Factory-AI/datasets/production/hardhats/train/images/000591_jpg.rf.d7dec01e9ab55a7bd607e3d6f8f54d6e.jpg,exact_duplicate_dhash_d0
/home/z/my-project/Factory-AI/datasets/production/hardhats/valid/images/ppe_0841_jpg.rf.2c586c8535ab87721eb3f7ea3a30dec3.jpg,/home/z/my-project/Factory-AI/datasets/production/hardhats/train/images/01110_jpg.rf.7d188d25a00dbc289145b49eef7fdeed.jpg,exact_duplicate_dhash_d0
/home/z/my-project/Factory-AI/datasets/production/hardhats/valid/images/ppe_0846_jpg.rf.431101e5dc6054474fc94167fe4ad26f.jpg,/home/z/my-project/Factory-AI/datasets/production/hardhats/train/images/01266_jpg.rf.22264b4356a61697d5013647764ec1bf.jpg,exact_duplicate_dhash_d0
/home/z/my-project/Factory-AI/datasets/production/hardhats/valid/images/ppe_0890_jpg.rf.5f1e0e8bca9f7defe37333f59fde5bfb.jpg,/home/z/my-project/Factory-AI/datasets/production/hardhats/train/images/01277_jpg.rf.c7c6656388e98176249ea0d56aaa92df.jpg,exact_duplicate_dhash_d0
/home/z/my-project/Factory-AI/datasets/production/hardhats/valid/images/ppe_0975_jpg.rf.01436f813473fc5ee59614a575b8019d.jpg,/home/z/my-project/Factory-AI/datasets/production/hardhats/test/images/01185_jpg.rf.aef986e0abec473115e380ab90403fa8.jpg,exact_duplicate_dhash_d0
/home/z/my-project/Factory-AI/datasets/production/hardhats/valid/images/ppe_1053_jpg.rf.4dcdaf48fef1adaf932afd703f833b6d.jpg,/home/z/my-project/Factory-AI/datasets/production/hardhats/train/images/02519_jpg.rf.7b6a1d29e2db392539c9a5c4bdb8ecf2.jpg,exact_duplicate_dhash_d0
/home/z/my-project/Factory-AI/datasets/production/hardhats/valid/images/ppe_1093_jpg.rf.1eba1ea45e0ab32d1ceca3ab9df16744.jpg,/home/z/my-project/Factory-AI/datasets/production/hardhats/train/images/001660_jpg.rf.b3dd9dcdef24348df72c6c3dae99998a.jpg,exact_duplicate_dhash_d0
/home/z/my-project/Factory-AI/datasets/production/hardhats/valid/images/ppe_1160_jpg.rf.d061d2ce3308581fd62ce7fce71e850d.jpg,/home/z/my-project/Factory-AI/datasets/production/hardhats/train/images/02102_jpg.rf.d03d51dae2e3ee83a03acbb30fb4d247.jpg,exact_duplicate_dhash_d0
/home/z/my-project/Factory-AI/datasets/production/hardhats/valid/images/ppe_1175_jpg.rf.071fe2c38fda7d4fb2edaa4d98562a56.jpg,/home/z/my-project/Factory-AI/datasets/production/hardhats/train/images/02060_jpg.rf.8412217203dd83a3e2fc9a7f0ffdc02c.jpg,exact_duplicate_dhash_d0
/home/z/my-project/Factory-AI/datasets/production/hardhats/valid/images/ppe_1176_jpg.rf.f81adb5c9964717c410719f17d4d2395.jpg,/home/z/my-project/Factory-AI/datasets/production/hardhats/train/images/02514_jpg.rf.080d29632c5a001d2109e8691915cf08.jpg,exact_duplicate_dhash_d0
/home/z/my-project/Factory-AI/datasets/production/hardhats/valid/images/ppe_1196_jpg.rf.ed5f9090e347a22854a873ac6c27112f.jpg,/home/z/my-project/Factory-AI/datasets/production/hardhats/train/images/005533_jpg.rf.60baa5bc46fddab7071c8b873a81df9d.jpg,exact_duplicate_dhash_d0
/home/z/my-project/Factory-AI/datasets/production/hardhats/valid/images/ppe_1200_jpg.rf.73490f8b6617f2cd7036e053bfb35bc5.jpg,/home/z/my-project/Factory-AI/datasets/production/hardhats/valid/images/006532_jpg.rf.97ce08d1e26d4bcc8a99d15124b26f1b.jpg,exact_duplicate_dhash_d0
/home/z/my-project/Factory-AI/datasets/production/hardhats/valid/images/ppe_1266_jpg.rf.70cff7a377179f8f79a37f6c6a09b4f9.jpg,/home/z/my-project/Factory-AI/datasets/production/hardhats/train/images/03108_jpg.rf.b046ef33c711721f91d329c59bda113b.jpg,exact_duplicate_dhash_d0
/home/z/my-project/Factory-AI/datasets/production/hardhats/valid/images/ppe_1329_jpg.rf.69153a8a5c760e4fc81eb1c8c9301960.jpg,/home/z/my-project/Factory-AI/datasets/production/hardhats/train/images/02927_jpg.rf.1d4e0f5b3b9c1c93b39190a2361ea871.jpg,exact_duplicate_dhash_d0
/home/z/my-project/Factory-AI/datasets/production/hardhats/valid/images/r1000019q669394n9qp_jpg.rf.cb8018fe6028f98360b285f9b3b14aef.jpg,/home/z/my-project/Factory-AI/datasets/production/hardhats/test/images/r1000019q669394n9qp_jpg.rf.8969a60d506189a84c8f06594f452b62.jpg,exact_duplicate_dhash_d0
/home/z/my-project/Factory-AI/datasets/production/hardhats/valid/images/rally-against-an-anti-mask-law-meant-to-deter-anti-government-protesters-in-hong-kong-china-shutterstock-editorial-10435716z_jpg.rf.04fd8925ffd245bcc4614f1e8390d76f.jpg,/home/z/my-project/Factory-AI/datasets/production/hardhats/train/images/rally-against-an-anti-mask-law-meant-to-deter-anti-government-protesters-in-hong-kong-china-shutterstock-editorial-10435716z_jpg.rf.4f97183a81cb290d1aa36583eaca072d.jpg,exact_duplicate_dhash_d0
/home/z/my-project/Factory-AI/datasets/production/hardhats/valid/images/sars-gettyimages-157005245_jpg.rf.f1bddce350cc26550897c6e057c5f695.jpg,/home/z/my-project/Factory-AI/datasets/production/hardhats/train/images/sars-gettyimages-157005245_jpg.rf.82f73cf58d4b62d162bd8f24b5ec83e6.jpg,exact_duplicate_dhash_d0
/home/z/my-project/Factory-AI/datasets/production/hardhats/valid/images/sgssgg_jpeg_jpg.rf.9f99d6555d3d8773738a532542d3e4f0.jpg,/home/z/my-project/Factory-AI/datasets/production/hardhats/train/images/sgssgg_jpeg_jpg.rf.639ca5757e6f2b68a29f24b8df496518.jpg,exact_duplicate_dhash_d0
/home/z/my-project/Factory-AI/datasets/production/hardhats/valid/images/skypost16012020a01s_jpg.rf.62860dea7353947ab4e1bc9f498d81a3.jpg,/home/z/my-project/Factory-AI/datasets/production/hardhats/train/images/skypost16012020a01s_jpg.rf.791be26d838365426f8896960aeeaa85.jpg,exact_duplicate_dhash_d0
/home/z/my-project/Factory-AI/datasets/production/hardhats/valid/images/smartmi-3pcs-filter-mask-pm25-haze-dustproof-mask-with-vent_jpg.rf.d49d287540bbb6d76005a3579ab4a69a.jpg,/home/z/my-project/Factory-AI/datasets/production/hardhats/train/images/smartmi-3pcs-filter-mask-pm25-haze-dustproof-mask-with-vent_jpg.rf.0cb7fc880849ff8aa9564969d953f480.jpg,exact_duplicate_dhash_d0
/home/z/my-project/Factory-AI/datasets/production/hardhats/valid/images/so-19-_jpg.rf.a0f559525be378034a50d8b9b82ba178.jpg,/home/z/my-project/Factory-AI/datasets/production/hardhats/test/images/so-19-_jpg.rf.c27b123b565f6861ca894237703c5cb0.jpg,exact_duplicate_dhash_d0
/home/z/my-project/Factory-AI/datasets/production/hardhats/valid/images/so-24-1-_jpg.rf.fb35e23ac1e145aa69d1c070381579e2.jpg,/home/z/my-project/Factory-AI/datasets/production/hardhats/train/images/so-24-1-_jpg.rf.f61bbc09717ccbeead217032e0d6c46a.jpg,exact_duplicate_dhash_d0
/home/z/my-project/Factory-AI/datasets/production/hardhats/valid/images/stock-photo-mother-and-her-daughter-walking-go-to-school-with-wearing-a-protection-mask-against-pm-air-1346870465_jpg.rf.5ca2de4f1878b850369690dfffea7d7d.jpg,/home/z/my-project/Factory-AI/datasets/production/hardhats/train/images/stock-photo-mother-and-her-daughter-walking-go-to-school-with-wearing-a-protection-mask-against-pm-air-1346870465_jpg.rf.43443749b54e74c16a5d66d70c45b2ee.jpg,exact_duplicate_dhash_d0
/home/z/my-project/Factory-AI/datasets/production/hardhats/valid/images/the-first-day-of-wuhan-s-closure-some-people-fled-some-panicked_jpg.rf.83b0af27aa1afd7ea5ee0e72fb6fa079.jpg,/home/z/my-project/Factory-AI/datasets/production/hardhats/train/images/the-first-day-of-wuhan-s-closure-some-people-fled-some-panicked_jpg.rf.2fa19f522e998ff5619d453418877e9c.jpg,exact_duplicate_dhash_d0
/home/z/my-project/Factory-AI/datasets/production/hardhats/valid/images/upload-productImg-1527496119162_320_234_jpeg_jpg.rf.f61e16de4c12242c8505a84a6eaac5e9.jpg,/home/z/my-project/Factory-AI/datasets/production/hardhats/train/images/upload-productImg-1527496119162_320_234_jpeg_jpg.rf.6c64f668b4ad46b0370036f32ecf69a3.jpg,exact_duplicate_dhash_d0
/home/z/my-project/Factory-AI/datasets/production/hardhats/valid/images/virus_protection123_jpg.rf.76abfe635f89dd6de9e79060ae84b0f7.jpg,/home/z/my-project/Factory-AI/datasets/production/hardhats/train/images/virus_protection123_jpg.rf.91e7b534cf7bf50ccf6eeff2d45e376b.jpg,exact_duplicate_dhash_d0
/home/z/my-project/Factory-AI/datasets/production/hardhats/valid/images/w1240-p16x9-2019-10-04t075956z_1862636027_rc15d4d49d00_rtrmadp_3_hongkong-protests_jpg.rf.b3ae1b982650dff99d12291bc2e84e54.jpg,/home/z/my-project/Factory-AI/datasets/production/hardhats/valid/images/w1240-p16x9-2019-10-04t075956z_1862636027_rc15d4d49d00_rtrmadp_3_hongkong-protests_jpg.rf.8a17037de1adb0a44b369d7a3711c8ed.jpg,exact_duplicate_dhash_d0
/home/z/my-project/Factory-AI/datasets/production/hardhats/valid/images/w1240-p16x9-5f8aa310737f8e0e6c43d95a68a82b03b6f60106_jpg.rf.8f38864a4e5574fdd03bfc98d2409b1b.jpg,/home/z/my-project/Factory-AI/datasets/production/hardhats/train/images/w1240-p16x9-5f8aa310737f8e0e6c43d95a68a82b03b6f60106_jpg.rf.33243a97826fe5566c39a75db6d9e261.jpg,exact_duplicate_dhash_d0
/home/z/my-project/Factory-AI/datasets/production/hardhats/valid/images/w1240-p16x9-6f1db5e0460631cfa98d2d6d8032942f81700bb0_jpg.rf.ed762e151c12cb5753bad7a9fe43b8b5.jpg,/home/z/my-project/Factory-AI/datasets/production/hardhats/train/images/w1240-p16x9-6f1db5e0460631cfa98d2d6d8032942f81700bb0_jpg.rf.a5458a220047203c52edb25d80839ea9.jpg,exact_duplicate_dhash_d0
/home/z/my-project/Factory-AI/datasets/production/hardhats/valid/images/w1240-p16x9-CORONAVIRUS-CHINA-HEALTH-APPLE-STORE_jpg.rf.32a80399bdc562f161df6ff524c20934.jpg,/home/z/my-project/Factory-AI/datasets/production/hardhats/train/images/w1240-p16x9-CORONAVIRUS-CHINA-HEALTH-APPLE-STORE_jpg.rf.9471b0fb9aaf46799ccf4c79168c870e.jpg,exact_duplicate_dhash_d0
/home/z/my-project/Factory-AI/datasets/production/hardhats/valid/images/w1240-p16x9-fa978043deff83fed485af12d16e39c61398fc30_jpg.rf.ac285bb952077507bf44869855bff84f.jpg,/home/z/my-project/Factory-AI/datasets/production/hardhats/train/images/w1240-p16x9-fa978043deff83fed485af12d16e39c61398fc30_jpg.rf.70c6bd700f4ff131cf8f75dd2ae3b7f7.jpg,exact_duplicate_dhash_d0
